day,S_s,V_s,E_s,I_s,Q_s,R_s,S_t,V_t,E_t,I_t,Q_t,R_t,S_l,V_l,E_l,I_l,Q_l,R_l,N_s,N_t,N_l,S,V,E,I,Q,R,N
0.0,23916.0,2080.0,2.0,2.0,0.0,0.0,1445.0,255.0,0.0,0.0,0.0,0.0,704.0,96.0,0.0,0.0,0.0,0.0,26000.0,1700.0,800.0,26065.0,2431.0,2.0,2.0,0.0,0.0,28500.0
1.0,23886.118825191068,2078.570259255275,22.209197711159117,9.069443792996724,0.7474285162648637,3.284845533240962,1444.386024485892,254.94040256065412,0.4692907765617297,0.15807857664827216,0.008628453403420517,0.037575146840736685,703.8318034211475,95.98738457838628,0.12581348504638515,0.042530502940057016,0.002328321670179513,0.010139690809622678,26000.000000000004,1700.0000000000002,800.0,26034.336653098107,2429.498046394315,22.804301972767234,9.270052872585053,0.7583852913384638,3.332560370891321,28500.000000000004
2.0,23683.109133439782,2068.835354544754,155.45180862872468,62.39146558839145,5.562392183786695,24.649845614570488,1439.9170693368615,254.5062656044835,3.577010982206753,1.396398676657268,0.11158886103912383,0.4916665387517877,702.6167420841647,95.89620974828118,0.9530702695663298,0.3725680445289207,0.02985529076416471,0.13155456269470972,26000.00000000001,1700.0,800.0000000000001,25825.642944860807,2419.2378298975186,159.98188988049776,64.16043230957764,5.703836335589983,25.273066716016984,28500.00000000001
3.0,22310.385381712604,2001.9974749439305,1047.7251055532406,428.42396358738176,38.87489845211693,172.59317575073658,1408.6879120726758,251.45541819357436,24.9918058169512,10.064599528820388,0.8840886295475086,3.916175758431075,694.0916577669457,95.25450491028487,6.686365174632943,2.6867721400336073,0.2358667425130834,1.0448332655898098,26000.000000000007,1700.0000000000002,799.9999999999998,24413.164951552226,2348.70739804779,1079.4032765448248,441.17533525623577,39.99485382417752,177.55418477475746,28500.000000000007
4.0,15263.978732328273,1624.8074544275855,5281.748343059338,2476.154467425313,248.34339242670137,1104.9676103328015,1223.851415842624,232.73604380945898,146.49326025141036,63.940466074595115,6.059958436503224,26.918855585408522,641.8235499043446,91.23991613739992,40.6205362601913,17.433365633248556,1.6324863283705457,7.25014573644511,26000.00000000001,1700.0000000000002,800.0,17129.65369807524,1948.7834143744444,5468.86213957094,2557.528299133157,256.0358371915751,1139.136611654655,28500.00000000001
5.0,3187.6419252063115,686.5822960060377,9063.282296934656,7148.6887412247725,1076.8115758046536,4836.99316482358,671.1997257905476,167.25585715049343,430.61225754653714,257.69675775200545,31.671799383354504,141.56360237706235,459.20730390694473,75.89463956903076,138.72314485253386,77.14213673484335,8.973358019988302,40.05941691665914,26000.000000000015,1700.0000000000005,800.0000000000002,4318.048954903804,929.7327927255619,9632.617699333729,7483.527635711621,1117.4567332079964,5018.616184117301,28500.000000000015
6.0,191.83839595982448,146.3518191255957,4518.6717658571615,7697.919180471815,2399.56098001631,11045.657858569306,209.83369798937997,88.23568078229655,430.60030881488075,447.82120165413033,94.41363911732626,429.0954716419866,238.44933742067582,52.92661713728533,182.96974429167122,161.0988306338079,29.770751722372147,134.78471879418768,26000.000000000015,1700.0000000000005,800.0000000000001,640.1214313698803,287.5141170451776,5132.241818963714,8306.839212759753,2523.7453708560083,11609.538049005481,28500.000000000015
7.0,14.9565126361618,35.96994143339284,1551.005316034893,4908.9080422004845,3368.8180249214606,16120.34216277362,66.47317730422132,46.88872307489744,231.56826718342148,409.0241463659843,166.5835504301294,779.4621356413464,122.32916754044128,36.664670134383435,129.58635771043174,178.94848235310215,58.93214784069471,273.5391744209467,26000.000000000015,1700.0000000000005,800.0,203.75885748082442,119.52333464267372,1912.1599409287462,5496.880670919571,3594.3337231922847,17173.343472835917,28500.000000000015
8.0,2.8562350671833716,14.470033561655063,502.6203279884748,2537.8498977990553,3805.578718972913,19136.624786610733,30.055165930807,30.301797693433375,100.55361841939931,269.4275453770065,216.27225933503667,1053.3896132443174,75.67488008204637,28.15332737433561,70.5462667561843,139.47827226124878,83.72616137008971,402.42109215609514,26000.000000000015,1700.0000000000002,799.9999999999999,108.58628108003674,72.92515862942405,673.7202131640585,2946.7557154373108,4105.577139678039,20592.435492011147,28500.000000000015
9.0,1.1425192931195904,8.741938540102979,161.3146848651318,1187.421576445793,3895.2671474395333,20746.112133416333,19.01963869794334,23.559936784826334,41.052585937972346,150.69080631865265,239.6211123880598,1226.055919872546,56.68092151523352,24.01577302700182,34.722806371571984,89.93411832056705,98.75991654320363,495.8864642224219,26000.000000000015,1700.0000000000005,800.0,76.84307950629645,56.31764835193113,237.0900771746761,1428.0465010850128,4233.648176370797,22468.0545175113,28500.000000000015
10.0,0.7170035315719433,6.765804622915024,51.81032511314507,525.3070223786922,3810.1949049221175,21605.204939431573,14.972890646803789,20.65527487978291,16.636932769299406,77.13847352056084,244.8974952353792,1325.6989329481742,48.42092536361495,22.022898099711995,16.498963005991264,52.118657586396296,105.1667860036014,555.7717699406841,26000.000000000015,1700.0000000000005,800.0,64.11081954199068,49.44397760240993,84.94622088843573,654.5641534856493,4160.259186161098,23486.67564232043,28500.000000000015
11.0,0.5721161112275512,5.975840976341261,16.733802091035898,224.43218821134133,3650.000395250855,22102.28565735921,13.302629150858248,19.354345303682756,6.835083673962877,37.52094076088955,240.23611023380016,1382.7508908768066,44.652452684856456,21.063047042560154,7.767748769346806,28.345128306996894,105.86887369353312,592.3027495027064,26000.00000000001,1700.0000000000002,799.9999999999999,58.52719794694225,46.393233322584166,31.33663453434558,290.2982572792278,3996.1053791781883,24077.339297738723,28500.00000000001
12.0,0.5144015979150017,5.636363635454758,5.457614035905805,93.69854812298001,3463.5169876511163,22431.176084956645,12.570790211206022,18.761272316927812,2.8668815165273687,17.702099564274555,230.8468109618687,1417.2521454291957,42.89031761166378,20.601738322588282,3.656919173148185,14.815967465077222,103.34471440417846,614.690343023344,26000.00000000002,1700.0000000000002,799.9999999999999,55.9755094207848,44.999374274970855,11.98141472558136,126.2166151523318,3797.7085130171636,24463.118573409185,28500.00000000002
13.0,0.48966078063616936,5.485612934334685,1.8052915780370138,38.502573868267646,3272.6244391457963,22681.09242169295,12.241415585804596,18.489291607112477,1.227804786209725,8.199098563712607,219.55475307989047,1440.2876363772702,42.05814120116376,20.380921367043232,1.7252113054079021,7.546124286292558,99.20590633128054,629.0836955088118,26000.000000000022,1700.0,799.9999999999998,54.789217567604524,44.355825908490395,4.758307669654641,54.24779671827282,3591.385098556967,24750.46375357903,28500.000000000022
14.0,0.47869390410677176,5.41769531678603,0.6086172071014404,15.646579427368877,3086.4597641331975,22891.38865001146,12.091525413480015,18.364430712078054,0.5353262264751648,3.7558495231640596,207.7600333459796,1457.4928347788232,41.664088983092725,20.275674559220587,0.815280124096515,3.7760240864607377,94.3778228808784,639.0911093662509,26000.000000000022,1700.0,799.9999999999998,54.234308300679515,44.057800588084675,1.9592235576731203,23.178453036993673,3388.5976203600553,24987.972594156534,28500.000000000022
15.0,0.47375649534737646,5.386889678484985,0.21020836843830282,6.308986123026209,2908.507336548108,23079.112822786614,12.023011084103464,18.307125339923996,0.23672053966914314,1.7094925232600053,196.11364300809518,1471.6100075049483,41.477548999350006,20.225695707479087,0.38556867229937447,1.865821629084016,89.35384138277216,646.6915236090152,26000.00000000002,1700.0,799.9999999999999,53.974316578800845,43.919710725888066,0.8324975804068204,9.88430027537023,3193.9748209389754,25197.414353900574,28500.00000000002
16.0,0.471516076682384,5.372863553864746,0.07475707511767155,2.530242184329052,2739.8486194300913,23251.702001679936,11.991630341436197,18.280829435863474,0.1057995655078415,0.7754054902694638,184.8985298732899,1483.9478052936329,41.389349268839396,20.20202952091297,0.1823421680778483,0.913359592229982,84.38255912259022,652.9303603273494,26000.000000000022,1699.9999999999998,799.9999999999998,53.85249568695798,43.855722510641186,0.36289880870336133,4.2190072668284975,3009.1297084259713,25388.58016730092,28500.000000000022
17.0,0.47049465023367076,5.366458969561516,0.027487722869430912,1.0111870865199617,2580.580364528885,23412.544007041954,11.977238205995178,18.268759000860165,0.0476631704568756,0.35117328891705635,174.22408606795966,1495.131080265811,41.34770120169428,20.190846418348215,0.08618934822441401,0.44390395855500403,79.58182698977987,658.349532083398,26000.000000000022,1700.0,799.9999999999998,53.795434057923124,43.82606438876989,0.16134024155072052,1.8062643339920221,2834.3862775866246,25566.024619391163,28500.000000000022
18.0,0.4700273620731269,5.36352687699554,0.0104746377709753,0.403282037525774,2430.41408865931,23563.338600426345,11.97062907893074,18.263213853621878,0.021601029523077308,0.15899445458813236,164.12026917676033,1505.4652924065758,41.32805729910645,20.18556998994212,0.040709934339985966,0.21451799488938975,75.00227467751516,663.2288701042066,26000.000000000022,1700.0,799.9999999999998,53.768713740110314,43.81231072055954,0.07278560163403858,0.7767944870032961,2669.5366325135856,25732.032762937124,28500.000000000022
19.0,0.4698129608543802,5.362181134889943,0.004137084271341986,0.16070484873498864,2288.9236445501847,23705.079519421084,11.967589854906059,18.26066344102108,0.009834673612205132,0.0720212903162272,154.58175991301715,1515.108130827127,41.31880054853092,20.183083199632662,0.019213135585994478,0.10319021177473461,70.66097218252854,667.7147407219468,26000.00000000002,1699.9999999999998,799.9999999999997,53.756203364291366,43.80592777554369,0.03318489346954159,0.33591635082595045,2514.1663766457305,25887.902390970157,28500.00000000002
20.0,0.46971433113649885,5.361561968343988,0.0016898734824095942,0.06405542567391156,2155.6453813628764,23838.457597038505,11.966190202407041,18.259488802612097,0.004493949830407175,0.03265780184687794,145.58827960986304,1524.1488896334404,41.31444172873205,20.181912132700205,0.009060606370866869,0.04945032429122153,66.55871787614859,671.8864173317568,26000.00000000002,1699.9999999999998,799.9999999999998,53.75034626227559,43.802962903656294,0.015244429683683638,0.14616355181201104,2367.792378848888,26034.492904003702,28500.00000000002
21.0,0.4696688503045018,5.361276434184893,0.0007110718593909308,0.025562769452770962,2030.1176537584977,23964.025127115718,11.965544649360538,18.2589470105855,0.0020596569697434717,0.014828871086719235,137.11380763258603,1532.6448121794112,41.3123904614815,20.181361007575592,0.004269783922640551,0.023622839488519034,62.68872688774188,675.7896290197896,26000.00000000002,1699.9999999999998,799.9999999999997,53.74760396114654,43.80158445234599,0.0070405127517749536,0.06401448002800923,2229.9201882788257,26172.45956831492,28500.00000000002
22.0,0.4696478321667649,5.361144475572742,0.00030674539521715217,0.010222919911893358,1911.895715620187,24082.262962406785,11.965246461940799,18.258696746979307,0.0009463649097317771,0.0067440057604168146,129.13070652469756,1540.637659895712,41.311425599137394,20.18110176850543,0.0020108461942017616,0.011255055344441935,59.040923929258355,679.45328280156,26000.00000000002,1699.9999999999998,799.9999999999999,53.74631989324496,43.80094299105748,0.003263956499150691,0.028221981016752107,2100.067346074143,26302.353905104057,28500.00000000002
23.0,0.4696381000154003,5.361083373103879,0.00013499333837415823,0.004100446533985175,1800.5567421591397,24193.608300927892,11.965108529608594,18.258580981780383,0.0004357843112739745,0.003072366016017752,121.6115322017099,1548.1612701365736,41.310971937117614,20.18097987772017,0.0009464791469201586,0.005350505597717702,55.60403051822099,682.8977206821965,26000.000000000022,1699.9999999999998,799.9999999999999,53.74571856674161,43.800644232604434,0.0015172567965682914,0.01252331814772063,1977.7723048790706,26424.667291746664,28500.000000000022
24.0,0.46963358583581516,5.361055031025156,6.0335759623319274e-05,0.0016509517891739028,1695.700948596008,24298.466651499606,11.965044640421382,18.258527360033998,0.0002010562385510851,0.0014021696410306415,114.52979838808814,1555.2450263855767,41.31075870571651,20.180922586088524,0.0004452794016282977,0.002538746723946133,52.36656044187607,686.1387742401932,26000.000000000025,1699.9999999999998,799.9999999999999,53.74543693197371,43.80050497714768,0.0007066713998027021,0.005591868154150677,1862.5973074259723,26539.850452125374,28500.000000000025
25.0,0.469631488792575,5.361041864789358,2.7286274711457537e-05,0.0006677945315964902,1596.9512017957472,24397.217429769888,11.96501501084384,18.258502492093807,9.291923526436525e-05,0.0006410804583744724,107.86027137706832,1561.9154771203005,41.310658512773706,20.18089566591194,0.00020939800431406133,0.0012026649800231885,49.317280676993725,689.1897530813362,26000.000000000022,1700.0,799.9999999999999,53.74530501241012,43.8004400227951,0.00032960351428988415,0.002511539969994151,1754.1287538498093,26648.322659971524,28500.000000000022
26.0,0.4696305133222324,5.361035740313142,1.24487879651394e-05,0.00027157614636288415,1503.9520802620755,24490.21696945938,11.96500125393894,18.258490945990356,4.300849230451347e-05,0.00029363017104819256,101.57905559323369,1568.1971155681738,41.31061144635675,20.180883019938715,9.843545613439205e-05,0.000568944773512441,46.44541321544832,692.0624249380264,26000.000000000025,1700.0,799.9999999999999,53.745243213617925,43.80040970624221,0.00015389273640404493,0.0011341510909235178,1651.9765490707575,26750.47650996558,28500.000000000025
27.0,0.46963005905702504,5.361032888213756,5.716698273307681e-06,0.00011112795266650538,1416.3687606061444,24577.800459601956,11.96499486016801,18.258485579727445,1.993428172625082e-05,0.0001347272559821037,95.6635874032732,1574.1127774952936,41.31058934209492,20.180877080884358,4.625877514798271e-05,0.00026883494346639227,43.74071259731182,694.7675058859901,26000.000000000022,1700.0,799.9999999999998,53.74521426131996,43.80039554882556,7.190975514754121e-05,0.0005146901521150013,1555.7730606067294,26846.68074298324,28500.000000000022
28.0,0.4696298472976583,5.361031558684347,2.637832400098987e-06,4.5783368771256253e-05,1333.8858780029677,24660.283412169872,11.964991885691523,18.258483083262394,9.250633072422902e-06,6.192121496347217e-05,90.09259006738777,1579.6838637918104,41.310578962976635,20.180874292184196,2.1732329474145884e-05,0.00012689771856085817,41.19348470892065,697.3149134058702,26000.000000000022,1700.0,799.9999999999998,53.74520069596582,43.800388934130936,3.362079494666777e-05,0.0002346023022955866,1465.1719527792761,26937.282189367554,28500.000000000022
29.0,0.46962974851272127,5.3610309384638555,1.2216437550037357e-06,1.900798973564716e-05,1256.206417091767,24737.962901991647,11.964990500918198,18.258481921028128,4.297909640177939e-06,2.850837043053564e-05,84.84601356227051,1584.9304812095031,41.310574090867796,20.180872983127735,1.0208020373130532e-05,5.985121379000827e-05,38.79457844294987,699.7139044238202,26000.000000000022,1700.0,799.9999999999998,53.74519434029872,43.80038584261972,1.5727573768312207e-05,0.00010736757395619108,1379.8470090969872,27022.60728762497,28500.000000000022
30.0,0.4696297023920861,5.361030648895771,5.673050587959143e-07,7.955816875496583e-06,1183.0506527024431,24811.11867842317,11.964989855679413,18.25848137948199,1.9988891436584984e-06,1.314615459947418e-05,79.9049698431245,1589.8715437766705,41.310571803988324,20.180872368680365,4.793968290337289e-06,2.8208476821947305e-05,36.53536539442986,701.9731574304561,26000.000000000022,1700.0000000000002,799.9999999999998,53.74519136205983,43.800384397058124,7.3601624927917015e-06,4.931044829691807e-05,1299.4909879399975,27102.963379630295,28500.000000000022
31.0,0.46962968084636986,5.361030513621139,2.6399164556663106e-07,3.3586089923204723e-06,1114.155147084606,24880.01418909835,11.964989554828033,18.25848112697871,9.305404459015938e-07,6.0715185147238196e-06,75.25166824914666,1594.524854066988,41.31057073073727,20.180872080315233,2.251080055877576e-06,1.3287133841512087e-05,34.407714799443944,704.1008268512894,26000.000000000025,1700.0000000000002,799.9999999999998,53.74518996641167,43.80038372091508,3.4456121473458006e-06,2.271726134855638e-05,1223.8145301331965,27178.63987001663,28500.000000000025
32.0,0.46962967077235435,5.3610304503715005,1.229964748911872e-07,1.4291577877713718e-06,1049.2718026294233,24944.897535697302,11.964989414417728,18.258481009132943,4.334116332500641e-07,2.8071212695404085e-06,70.86935297316272,1598.9071733627538,41.31057022695029,20.18087194495585,1.056568345051142e-06,6.253616467321163e-06,32.40396709830474,706.1045834196041,26000.000000000025,1700.0000000000002,799.9999999999998,53.74518931214037,43.80038340446029,1.6129764531923932e-06,1.0489895524632943e-05,1152.5451227008907,27249.90929247966,28500.000000000025
33.0,0.46962966605811896,5.361030420773205,5.730756825139245e-08,6.120210658895769e-07,988.1669687376476,25006.002370506216,11.96498934882476,18.258480954081048,2.017839670338346e-07,1.2979829258550822e-06,66.74224340571139,1603.034284791616,41.31056999040355,20.180871881399582,4.953184496613418e-07,2.9388869755685266e-06,30.516907687630262,707.991647006361,26000.000000000022,1700.0000000000002,799.9999999999998,53.74518900528643,43.80038325625384,7.544099849465688e-07,4.848890967313186e-06,1085.4261198309891,27317.028302304192,28500.000000000022
34.0,0.46962966386270577,5.361030406989318,2.6828093526613893e-08,2.6676381752262395e-07,930.6206044498807,25063.548735185697,11.964989318329833,18.258480928486783,9.435920329900946e-08,6.033439326070632e-07,62.85547788592187,1606.9210511695587,41.31056987990748,20.180871851711082,2.3297414995034912e-07,1.3851560695982747e-06,28.739741692012146,709.7688149582389,26000.000000000022,1700.0000000000005,799.9999999999998,53.74518886210002,43.80038318718718,3.5416144677597244e-07,2.2552638197279617e-06,1022.2158240278147,27380.238601313496,28500.000000000022
35.0,0.46962966283206264,5.361030400518432,1.2553173131058168e-08,1.1687877197331258e-07,876.4254800379764,25117.74385976926,11.964989304034788,18.258480916489013,4.409883850171695e-08,2.804101299785234e-07,59.195059922267674,1610.5814695326999,41.31056982791248,20.180871837740867,1.0945476355144607e-07,6.519761693806447e-07,27.06606961476949,711.442487958146,26000.00000000002,1700.0000000000002,799.9999999999998,53.74518879477933,43.80038315474831,1.661067751842212e-07,1.0492650713324806e-06,962.6866095750136,27439.767817260104,28500.00000000002
36.0,0.4696296623464892,5.361030397469762,5.839491673127179e-09,5.1052946148961004e-08,825.3864270682068,25168.782912815106,11.96498929730888,18.25848091084399,2.048789410025598e-08,1.295948148708191e-07,55.74780760184527,1614.0287220399193,41.310569803366114,20.18087183114566,5.1104316752740194e-08,3.0497593860207886e-07,25.489864309846727,713.018693699561,26000.000000000022,1700.0000000000002,799.9999999999998,53.74518876302149,43.80038313945941,7.743170252612335e-08,4.856236996218589e-07,906.6240989798988,27495.830328554584,28500.000000000022
37.0,0.4696296621244611,5.36103039607576,2.7774786583561953e-09,2.3448303081356204e-08,777.3196684174609,25216.849671498134,11.964989294238253,18.258480908266822,9.732950285434485e-09,6.133622559044796e-08,52.50130837072104,1617.2752213557048,41.310569792116304,20.180871828123017,2.4353789602181937e-08,1.4547555289084966e-07,24.005450360791478,714.5031078491396,26000.000000000022,1700.0000000000002,799.9999999999998,53.745188748479016,43.8003831324656,3.686421854597262e-08,2.3026008156265384e-07,853.8264271489734,27548.628000702978,28500.000000000022
38.0,0.46962966201776163,5.361030395405849,1.3049055117574158e-09,1.0612877336680573e-08,732.0520833799741,25262.117256550704,11.964989292763903,18.25848090702941,4.568287844302716e-09,2.870734122323307e-08,49.44386941453254,1620.3326603523988,41.31056978670459,20.18087182666898,1.1467535883722647e-08,6.863504936048597e-08,22.607481422092885,715.9010768844307,26000.00000000002,1700.0000000000002,799.9999999999998,53.74518874148625,43.80038312910423,1.7340729239782778e-08,1.0795526792039961e-07,804.1034342165995,27598.350993787535,28500.00000000002
39.0,0.46962966196422445,5.361030395069716,5.653216269282765e-10,4.078066379949597e-09,689.4206803831756,25304.748659555167,11.964989292024264,18.258480906408632,1.9764804254348814e-09,1.2338756220682454e-08,46.56448204864456,1623.2120477386075,41.3105697839896,20.180871825939505,5.000412811054185e-09,3.006875689970887e-08,21.29092394399271,717.2176344110088,26000.000000000022,1700.0000000000002,799.9999999999998,53.74518873797809,43.80038312741785,7.542214863417341e-09,4.6485579500340924e-08,757.2760863758128,27645.178341704785,28500.000000000022
40.0,0.46962966195002137,5.361030394980542,3.7773107647452144e-10,3.5552433689419464e-09,649.2719696941731,25344.897370244984,11.964989291830024,18.25848090624561,1.3199952169333472e-09,8.293950531269353e-09,43.852779352796105,1625.9237504395144,41.31056978325738,20.18087182574277,3.2863981813266524e-09,1.9452140868735572e-08,20.05103780700108,718.45752056126,26000.000000000022,1700.0,799.9999999999998,53.745188737037424,43.800383126968924,4.984124474734521e-09,3.130133476894687e-08,713.1757868539703,27689.278641245757,28500.000000000022
41.0,0.46962966193207356,5.361030394867857,1.0710012759636367e-10,5.527848266910712e-10,611.4612422831196,25382.70809765944,11.964989291581258,18.258480906036823,3.822364433474748e-10,2.712998027980162e-09,41.29898747066148,1628.4775423286255,41.31056978235429,20.180871825500123,9.839200050474624e-10,6.855909806626201e-09,18.88335406540275,719.6252043189028,26000.000000000022,1700.0000000000002,799.9999999999998,53.74518873586762,43.8003831264048,1.4732565759913008e-09,1.0121692661297434e-08,671.6435838191838,27730.81084430697,28500.000000000022
42.0,0.4696296619245743,5.361030394820773,2.7166216234037372e-12,-4.730105553454309e-10,575.8524906101356,25418.31684933361,11.964989291477577,18.258480905949803,1.728953141129464e-11,4.013223451512111e-10,38.893920252711695,1630.8826095494426,41.310569781974856,20.180871825398178,7.793786815059255e-11,1.4693309926726135e-09,17.783672485633378,720.7248859054461,26000.00000000002,1700.0000000000002,799.9999999999998,53.745188735377006,43.800383126168754,9.794402118529093e-11,1.3976427824783937e-09,632.5300833484807,27769.9243447885,28500.00000000002
43.0,0.46962966192921024,5.36103039484988,1.1170421316707995e-10,1.3940966672873474e-09,542.3175294125539,25451.85181052918,11.964989291543056,18.258480906004756,3.7992151849435346e-10,1.951640782289903e-09,36.62891987849566,1633.1476099216252,41.31056978219827,20.180871825458205,9.209389987447063e-10,4.177675085078853e-09,16.748034406538704,721.760523980706,26000.00000000002,1700.0000000000002,799.9999999999998,53.74518873567054,43.80038312631284,1.4125647304061396e-09,7.523412534656103e-09,595.6944836975883,27806.75994443151,28500.00000000002
44.0,0.46962966192937367,5.361030394850906,-3.6739910777361806e-11,8.755256969969772e-10,510.73539769337015,25483.43394224903,11.964989291544843,18.258480906006255,-1.0032098926223067e-10,2.391053751416373e-09,34.495816466550814,1635.2807133336075,41.31056978221204,20.180871825461903,-2.7901834662003727e-10,5.6885614853135965e-09,15.772704272357112,722.7358541145591,26000.00000000002,1700.0000000000002,799.9999999999997,53.745188735686256,43.80038312631906,-4.1607924665962977e-10,8.955140933726946e-09,561.003918432278,27841.450509697195,28500.00000000002
45.0,0.4696296619313586,5.361030394863368,-7.718517452268354e-10,-2.0072037026472458e-09,480.99227562481343,25513.17706432119,11.964989291569195,18.258480906026694,-2.4755899648033393e-09,4.8524751521158315e-09,32.486922458630985,1637.2896073413963,41.310569782344395,20.180871825497466,-6.187737224933226e-09,1.4264070938507377e-08,14.854167059255252,723.6543913248263,26000.00000000002,1700.0,799.9999999999998,53.74518873584495,43.80038312638753,-9.4351789349634e-09,1.7109342387975965e-08,528.3333651426997,27874.121062987415,28500.00000000002
46.0,0.46962966192736233,5.361030394838278,-5.729803641638618e-10,-2.0085116687301995e-09,452.9814536548865,25541.18788629095,11.964989291514552,18.258480905980836,-1.837368232770687e-09,2.907381350340516e-09,30.595030535758106,1639.1814992656766,41.310569782135715,20.180871825441397,-4.573397386725696e-09,9.082140278866553e-09,13.989127328319444,724.5194310595945,26000.000000000022,1700.0000000000002,799.9999999999998,53.74518873557763,43.80038312626051,-6.983745983660245e-09,9.981009960476869e-09,497.56561151896403,27904.88881661622,28500.000000000022
47.0,0.4696296619167176,5.361030394771445,6.447063490557654e-10,1.2751185689698504e-09,426.6020404396322,25567.567299501778,11.964989291372081,18.25848090586126,2.082424205114432e-09,-3.865046356531496e-09,28.81332634889641,1640.963203455653,41.3105697815476,20.18087182528338,5.226369744928773e-09,-1.1220967331364567e-08,13.174469318896506,725.3340890802668,26000.00000000002,1700.0000000000002,799.9999999999998,53.7451887348364,43.800383125916085,7.95350029909897e-09,-1.3810895118926213e-08,468.5898361074251,27933.8645920377,28500.00000000002
48.0,0.46962966191556665,5.361030394764219,1.030705045875563e-09,3.2126173180444665e-09,401.7587836696541,25592.410556269442,11.964989291357988,18.258480905849428,3.316369265959478e-09,-5.130472883381203e-09,27.13537641663013,1642.6411533879766,41.31056978146933,20.18087182526235,8.275621097025175e-09,-1.58567479187127e-08,12.407251413441452,726.1013069874077,26000.00000000002,1700.0,799.9999999999998,53.74518873474289,43.800383125875996,1.2622695408860215e-08,-1.7774603484049436e-08,441.3014114997257,27961.153016644825,28500.00000000002
49.0,0.4696296619306457,5.361030394858893,-1.3327943054819133e-10,2.5972542637198877e-09,378.36216731317637,25615.80717262759,11.964989291562704,18.258480906021248,-4.862147761938656e-10,3.36384486698126e-09,25.555134694702392,1644.2213951048361,41.31056978226645,20.180871825476522,-1.3392486218771995e-09,7.55977591195718e-09,11.684709146056349,726.8238492399798,26000.00000000002,1700.0,799.9999999999997,53.7451887357598,43.800383126356664,-1.9587428286192567e-09,1.3520875042658327e-08,415.6020111539351,27986.852416972404,28500.00000000002
50.0,0.46962966191597444,5.361030394766779,5.121524644064156e-10,-2.452113122964801e-10,356.328076119931,25637.84126382314,11.96498929136118,18.25848090585211,1.7023179182953175e-09,-3.9278826808360156e-09,24.066919919083592,1645.7096098859288,41.3105697815214,20.18087182527634,4.329630228598067e-09,-1.0626282921531175e-08,11.004244849798873,727.5043135496998,26000.00000000002,1700.0,799.9999999999998,53.74518873479855,43.80038312589523,6.5441006112997996e-09,-1.479937691466367e-08,391.39924088881344,28011.055187258768,28500.00000000002
51.0,0.46962966192487104,5.361030394822635,-3.315368890933024e-11,6.006815120741148e-10,335.5771398508016,25658.592200091905,11.964989291482542,18.258480905953967,-1.300712551183181e-10,8.322405879916331e-10,22.665371303876977,1647.1111584979844,41.31056978198165,20.1808718254,-3.5857595149620157e-10,1.9206831528588324e-09,10.363407376029215,728.1451510150267,26000.000000000022,1700.0,799.9999999999997,53.745188735389064,43.8003831261766,-5.218008955238499e-10,3.3536052529245803e-09,368.60591853070775,28033.848509604915,28500.000000000022
52.0,0.4696296619203436,5.36103039479421,1.691643541529555e-10,-2.539796127760984e-10,316.034652260553,25678.13468768284,11.96498929142047,18.25848090590187,5.706929440084077e-10,-1.431637420624774e-09,21.345443082529254,1648.4310867210095,41.31056978175133,20.18087182533812,1.4606390961875305e-09,-3.788170129795476e-09,9.759889627896731,728.7486687673411,26000.000000000022,1700.0000000000002,799.9999999999998,53.74518873509214,43.8003831260342,2.2004963943488936e-09,-5.473787163196349e-09,347.13998497097896,28055.314443171188,28500.000000000022
53.0,0.4696296619259757,5.361030394829571,-1.4077002226205464e-10,5.130871031319737e-10,297.6302209482968,25696.539118994595,11.964989291497412,18.258480905966444,-4.894511925070158e-10,1.5204556208951776e-09,20.102380847569105,1649.6741489539359,41.31056978204073,20.180871825415878,-1.2696875673937269e-09,3.881215756717522e-09,9.191517718965187,729.3170406709664,26000.00000000002,1699.9999999999998,799.9999999999998,53.74518873546412,43.80038312621189,-1.8999087821627976e-09,5.9147584807446725e-09,326.92411951483115,28075.530308619494,28500.00000000002
54.0,0.46962966193193445,5.361030394866983,-4.6142031208860745e-10,1.3585040155790066e-09,280.2975786882356,25713.87176125409,11.964989291578867,18.25848090603481,-1.5845227165691315e-09,4.6256022883141e-09,18.931708814248392,1650.8448209850967,41.31056978234654,20.180871825498045,-4.090573317662902e-09,1.1913513247269958e-08,8.656245164044414,729.8523132202879,26000.000000000022,1699.9999999999998,799.9999999999998,53.74518873585734,43.800383126399836,-6.136516346320641e-09,1.7897619551163065e-08,307.88553266652843,28094.568895459473,28500.000000000022
55.0,0.46962966190933264,5.361030394725078,7.153861593845229e-10,-2.0245538897356932e-09,263.9743329710883,25730.19500697361,11.9649892912698,18.25848090577541,2.454396799620454e-09,-7.07129293759426e-09,17.829212903192982,1651.9473169043786,41.310569781188185,20.18087182518681,6.332651932188446e-09,-1.8249774442714616e-08,8.15214514179583,730.356413263746,26000.000000000022,1699.9999999999998,799.9999999999998,53.74518873436732,43.8003831256873,9.502434891193423e-09,-2.734562127004457e-08,289.9556910160771,28112.498737141734,28500.000000000022
56.0,0.46962966192771427,5.361030394840487,-2.4259625376349964e-10,7.280349901363389e-10,248.60166077801054,25745.567679164757,11.964989291521109,18.258480905986335,-8.411943676708437e-10,2.455173638861475e-09,16.790920116674027,1652.9856096842045,41.31056978213037,20.18087182543996,-2.17764743067068e-09,6.3437345686366945e-09,7.677401046841545,730.8311573414218,26000.000000000022,1700.0,799.9999999999998,53.74518873557919,43.80038312626678,-3.2614380521050233e-09,9.526943197634508e-09,273.0699819415261,28129.384446190383,28500.000000000022
57.0,0.46962966192341415,5.361030394813489,-2.148036514801527e-11,7.244208130678362e-11,234.12422854493565,25760.045111398296,11.964989291462334,18.258480905937006,-7.547585517008165e-11,2.2686153691265509e-10,15.813093149274247,1653.963436653175,41.31056978191001,20.180871825380752,-1.9615739780794022e-10,5.848993174404027e-10,7.230304061055344,731.2782543312649,26000.00000000002,1700.0,799.9999999999998,53.745188735295756,43.80038312613125,-2.9311361812603714e-10,8.842029356598414e-10,257.16762575526525,28145.286802382736,28500.00000000002
58.0,0.4696296619125939,5.361030394745554,5.404849441472343e-10,-1.5602679454044552e-09,220.4898985594808,25773.679441384902,11.964989291314408,18.258480905812853,1.861070084574842e-09,-5.385426862221679e-09,14.892210542426385,1654.8843192639708,41.310569781355476,20.180871825231755,4.807247114505491e-09,-1.3904666274601863e-08,6.8092440468653805,731.6993143556444,26000.000000000022,1700.0000000000002,799.9999999999997,53.74518873458248,43.80038312579016,7.208802143227567e-09,-2.0850361082227997e-08,242.19135314877258,28160.263075004517,28500.000000000022
59.0,0.4696296619337312,5.361030394878264,-5.585213554761812e-10,1.6229849461157216e-09,207.6495612267117,25786.519778715436,11.964989291603352,18.25848090605536,-1.9284917150614902e-09,5.5942986926805646e-09,14.024955359462481,1655.751574439213,41.3105697824389,20.180871825522853,-4.986876824397504e-09,1.4461226439295575e-08,6.412704377890403,732.0958540046731,26000.000000000025,1700.0,799.9999999999997,53.74518873597598,43.80038312645648,-7.473889894935176e-09,2.167851007809186e-08,228.0872209640646,28174.36720715932,28500.000000000025
60.0,0.4696296619072997,5.361030394712315,8.148833867177229e-10,-2.362380064716221e-09,195.5569978113749,25798.612342133576,11.964989291242064,18.258480905752133,2.8115229154060548e-09,-8.14958108040103e-09,13.208205924989207,1656.5683238833547,41.31056978108407,20.18087182515883,7.268239531853581e-09,-2.1060996642489027e-08,6.039257726260305,732.4693006812893,26000.000000000022,1700.0,799.9999999999998,53.74518873423344,43.800383125623284,1.0894645833977359e-08,-3.157295778760628e-08,214.80446146262443,28187.64996669822,28500.000000000022
61.0,0.46962966193065736,5.3610303948589655,-3.9984244240741627e-10,1.1621942866210925e-09,184.16864092256927,25810.0006990199,11.964989291561325,18.25848090602009,-1.381431534602491e-09,4.013573725158492e-09,12.439019626719602,1657.3375101730667,41.31056978228138,20.18087182548053,-3.5740000353272836e-09,1.0382959833338044e-08,5.687558610803897,732.8209997746249,26000.000000000022,1699.9999999999998,799.9999999999997,53.74518873577336,43.800383126359584,-5.355274012337191e-09,1.555872784511763e-08,202.29521916009278,28200.15920896759,28500.000000000022
62.0,0.4696296619235725,5.361030394814483,-3.1158660545878666e-11,9.093929250777798e-11,173.44349552111325,25820.72584442211,11.964989291464496,18.25848090593882,-1.078333168330095e-10,3.1412727574859927e-10,11.714627605404303,1658.061902196986,41.31056978191818,20.180871825382948,-2.7918778898797184e-10,8.133409922287919e-10,5.356341023787073,733.1522173683773,26000.000000000022,1700.0,799.9999999999995,53.74518873530625,43.80038312613625,-4.1817976636686e-10,1.2184075604851692e-09,190.51446415030463,28211.939963987475,28500.000000000022
63.0,0.4696296619087415,5.361030394721366,7.411332395700431e-10,-2.1512382075392074e-09,163.34293573774252,25830.82640420706,11.964989291261785,18.25848090576869,2.5586301761274355e-09,-7.424640975683705e-09,11.032421011668175,1658.7441087961672,41.31056978115794,20.18087182517868,6.6167262659459645e-09,-1.9196167715854274e-08,5.044412103725864,733.4641463025166,26000.000000000022,1699.9999999999998,799.9999999999997,53.745188734328465,43.80038312566873,9.916489681643443e-09,-2.8772046899077185e-08,179.41976885313656,28223.034659305744,28500.000000000022
64.0,0.4696296619367944,5.361030394897496,-7.208635937559e-10,2.0957158264580955e-09,153.83057980065212,25840.33876014116,11.964989291645203,18.258480906090487,-2.4896027024259654e-09,7.237268332360151e-09,10.389942563764354,1659.3865872337522,41.310569782595984,20.18087182556506,-6.440393069856916e-09,1.872059857585024e-08,4.750648286863077,733.7579100926954,26000.000000000022,1699.9999999999998,799.9999999999998,53.74518873617798,43.800383126553044,-9.650859366038781e-09,2.8053582734668488e-08,168.97117065127955,28233.483257467607,28500.000000000022
65.0,0.4696296619028984,5.361030394684681,1.0471799786510144e-09,-3.043169475407545e-09,144.87218833897245,25849.297151606457,11.964989291181936,18.25848090570167,3.616170453878255e-09,-1.0507499547367895e-08,9.784879691957588,1659.99165011805,41.31056978085837,20.18087182509819,9.353884248926797e-09,-2.7176274618660254e-08,4.47399220101259,734.0345662108529,26000.000000000022,1700.0,799.9999999999997,53.74518873394321,43.800383125484544,1.4017234681456066e-08,-4.0726943641435694e-08,159.13106023194263,28243.323367935358,28500.000000000022
66.0,0.4696296619280677,5.361030394842706,-2.6662671686719633e-10,7.774300075501736e-10,136.4354867026861,25857.733853240054,11.96498929152593,18.258480905990385,-9.209573514915068e-10,2.685625139532119e-09,9.215052510467572,1660.5614772902513,41.31056978214863,20.180871825444864,-2.383099850485446e-09,6.9496471485669015e-09,4.213447106666355,734.2951112811733,26000.000000000022,1700.0,799.9999999999997,53.74518873560263,43.80038312627795,-3.570683918844149e-09,1.0412702295649193e-08,149.86398631982001,28252.590441811477,28500.000000000022
67.0,0.4696296619196998,5.361030394790168,1.7113744643959958e-10,-4.974969855854914e-10,128.4901036868573,25865.67923625678,11.964989291411568,18.2584809058944,5.909828001990643e-10,-1.7178020494886566e-09,8.67840971029318,1661.0981200935275,41.31056978171966,20.180871825329604,1.5287319243510017e-09,-4.4430688963942925e-09,3.9680750874080766,734.5404833084567,26000.000000000022,1699.9999999999998,799.9999999999998,53.745188735050924,43.800383126014175,2.2908521709896655e-09,-6.658367931468441e-09,141.13658848455856,28261.317839658765,28500.000000000022
68.0,0.46962966191430433,5.361030394756293,4.533509813016874e-10,-1.3182767059935937e-09,121.00742341905887,25873.161916525158,11.964989291337828,18.258480905832513,1.565632048290599e-09,-4.552306245557388e-09,8.1730185308936,1661.6035112749225,41.31056978144307,20.18087182525529,4.050115546791827e-09,-1.1775279455544804e-08,3.7369924112327038,734.7715659897938,26000.000000000022,1699.9999999999998,799.9999999999997,53.745188734695205,43.80038312584409,6.069098576384113e-09,-1.7645862407095787e-08,132.91743436118517,28269.536993789876,28500.000000000022
69.0,0.4696296619297842,5.361030394853483,-3.5703922569133274e-10,1.0410722506030965e-09,113.96049811739701,25880.20884182516,11.96498929154939,18.258480906010075,-1.2330901860523973e-09,3.5955322510608676e-09,7.69705887834026,1662.0794709217378,41.31056978223663,20.180871825468508,-3.190354741385434e-09,9.302463153572197e-09,3.5193668641863702,734.9891915219961,26000.000000000022,1700.0,799.9999999999997,53.7451887357158,43.800383126332065,-4.780484153129164e-09,1.3939067655236162e-08,125.17692385992363,28277.27750426889,28500.000000000022
70.0,0.4696296619070985,5.361030394711051,8.32276304254257e-10,-2.4247666681901933e-09,107.32395776814425,25886.845382176853,11.96498929123935,18.25848090574986,2.8743393887243094e-09,-8.374002445483176e-09,7.248817229023323,1662.527712579487,41.31056978107366,20.180871825156036,7.436384927104076e-09,-2.1664011734282176e-08,3.3144149720731937,735.1941434359244,26000.000000000022,1699.9999999999998,799.9999999999997,53.74518873422011,43.800383125616946,1.1143000620082643e-08,-3.2462780847955545e-08,117.88718996924077,28284.567238192263,28500.000000000022
71.0,0.46962966193176603,5.361030394865926,-4.6236343741543516e-10,1.3502939530281431e-09,101.07389441186096,25893.095445530475,11.964989291576474,18.258480906032805,-1.5968242887962696e-09,4.663420936257269e-09,6.8266787981810575,1662.9498510011429,41.31056978233823,20.180871825495803,-4.131525344872249e-09,1.206570307263394e-08,3.1213983849061555,735.3871599993253,26000.000000000022,1699.9999999999998,799.9999999999997,53.74518873584647,43.800383126394536,-6.190713071083954e-09,1.807941796191935e-08,111.02197159494818,28291.432456530943,28500.000000000022
72.0,0.4696296619144897,5.3610303947574565,4.45855732318912e-10,-1.300724881590625e-09,95.18781103225345,25898.98152891195,11.964989291340364,18.25848090583464,1.5398059042147626e-09,-4.492155265847179e-09,6.429124110863823,1663.3474056949135,41.31056978145256,20.18087182525784,3.98387641129258e-09,-1.1622073118976122e-08,2.939622359179113,735.5689360417483,26000.000000000022,1700.0,799.9999999999997,53.74518873470741,43.80038312584993,5.969538047826254e-09,-1.7414953266413927e-08,104.55655750229639,28297.897870648612,28500.000000000022
73.0,0.46962966192304395,5.361030394811165,-4.471464698433521e-12,1.513831376516126e-11,89.64450384306045,25904.524836100216,11.964989291457274,18.258480905932764,-1.543938921085571e-11,5.2294806436923394e-11,6.054721027387322,1663.7218087751858,41.31056978189109,20.180871825375664,-4.004862009545513e-11,1.3572832358725346e-10,2.768432059418958,735.7401263332182,26000.000000000022,1700.0,799.9999999999995,53.745188735271405,43.8003831261196,-5.995947400474436e-11,2.0316144378933812e-10,98.46765692986672,28303.98677120862,28500.000000000022
74.0,0.46962966193044625,5.361030394857639,-3.9417772401600215e-10,1.1526568241453436e-09,84.42401353864871,25909.745326403827,11.964989291558437,18.25848090601767,-1.361328863282307e-09,3.980816677197303e-09,5.702121468991368,1664.074408330813,41.31056978227056,20.180871825477624,-3.522235309340669e-09,1.0299666144952598e-08,2.6072111007205896,735.9013472847533,26000.000000000022,1700.0,799.9999999999995,53.74518873575944,43.80038312635293,-5.277741896638978e-09,1.5433139646295246e-08,92.73334610836066,28309.721082019394,28500.000000000022
75.0,0.46962966190411115,5.361030394692295,9.947941374440538e-10,-2.907508103485346e-09,79.50754406842813,25914.66179587691,11.964989291198528,18.258480905715597,3.43561327336602e-09,-1.0041354012137343e-08,5.370055925277972,1664.4064738844136,41.3105697809205,20.180871825114885,8.889062196876572e-09,-2.5979933961643146e-08,2.455379023304438,736.0531793877506,26000.000000000022,1700.0,799.9999999999995,53.745188734023145,43.80038312552278,1.3319469607686646e-08,-3.8928796077265834e-08,87.33297901701053,28315.121449149072,28500.000000000022
76.0,0.46962966193659156,5.361030394896224,-7.206411208388093e-10,2.1113508480702422e-09,74.87738289661286,25919.291957045185,11.964989291642423,18.258480906088156,-2.488788960360508e-09,7.291726727504562e-09,5.057328058889501,1664.7192017385769,41.3105697825856,20.18087182556227,-6.4394458759412654e-09,1.8866385285820467e-08,2.3123888048387076,736.196169574586,26000.000000000022,1700.0,799.9999999999994,53.74518873616462,43.80038312654665,-9.648875957140582e-09,2.8269462861395273e-08,82.24709976034106,28320.207328358345,28500.000000000022
77.0,0.46962966191264205,5.361030394745857,5.464162436296024e-10,-1.5995273621579928e-09,70.51686520492512,25923.65247473949,11.964989291315115,18.25848090581345,1.8870929920219105e-09,-5.524105639595457e-09,4.762812312036669,1665.0137174944718,41.310569781357835,20.18087182523239,4.882591162781452e-09,-1.429273934816007e-08,2.1777258189171853,736.3308325839023,26000.000000000022,1700.0,799.9999999999995,53.74518873458559,43.8003831257917,7.316100398432965e-09,-2.141637234991352e-08,77.45740333587898,28324.997024817865,28500.000000000022
78.0,0.4696296619185566,5.361030394782991,2.332190866861746e-10,-6.806633724790395e-10,66.41028270314185,25927.759057240626,11.964989291395948,18.25848090588129,8.054454081887594e-10,-2.3507432003407503e-09,4.485447717472581,1665.2910820867955,41.31056978166105,20.180871825313858,2.0839465012548613e-09,-6.0820384917546125e-09,2.050904940135058,736.4576534568877,26000.000000000022,1700.0,799.9999999999995,53.74518873497556,43.800383125978136,3.1226109961297954e-09,-9.113445064574402e-09,72.94663536074948,28329.50779278431,28500.000000000022
79.0,0.46962966193031835,5.361030394856837,-3.8990147231551035e-10,1.1445420648659743e-09,62.54284835150504,25931.626491590974,11.96498929155669,18.2584809060162,-1.3465509651968484e-09,3.9527587064871605e-09,4.224235538648647,1665.5522942611722,41.31056978226401,20.18087182547586,-3.484059027877165e-09,1.0227321284016585e-08,1.9314695147415128,736.5770888707749,26000.000000000022,1700.0,799.9999999999995,53.74518873575102,43.8003831263489,-5.220511465389524e-09,1.5324622055369722e-08,68.6985534048952,28333.75587472292,28500.000000000022
80.0,0.4696296619030748,5.3610303946857885,1.0565253711174653e-09,-3.098552462970898e-09,58.90063778934691,25935.26870215613,11.964989291184366,18.25848090570371,3.6487866191342914e-09,-1.0701089598524794e-08,3.9782353071651695,1665.7982945029992,41.310569780867375,20.18087182510061,9.440808892263481e-09,-2.768769358165028e-08,1.818989534585279,736.6895688776932,26000.000000000022,1700.0,799.9999999999995,53.74518873395482,43.80038312549011,1.4146120882515238e-08,-4.148733564314597e-08,64.69786263109737,28337.75656553682,28500.000000000022
81.0,0.46962966193164835,5.361030394865188,-4.6211168263186827e-10,1.3594209761390283e-09,55.47053043989998,25938.698809502424,11.964989291574868,18.25848090603146,-1.5959307607956129e-09,4.69484652457308e-09,3.7465608330587243,1666.029968966236,41.310569782332195,20.18087182549418,-4.129317369664536e-09,1.2147451133476528e-08,1.7130597871420323,736.795498597013,26000.00000000002,1700.0,799.9999999999995,53.74518873583871,43.80038312639083,-6.1873598130920175e-09,1.8201718634188638e-08,60.930151060100734,28341.524277065673,28500.00000000002
82.0,0.46962966191013006,5.3610303947300855,6.839467011064646e-10,-2.0091058175405897e-09,52.24017933053963,25941.929160614163,11.964989291280787,18.258480905784637,2.3620552042597156e-09,-6.938587164482583e-09,3.528378191558039,1666.248151615953,41.31056978122906,20.180871825197787,6.1115667169989136e-09,-1.7952807489919592e-08,1.613298989609875,736.895259415804,26000.00000000002,1700.0,799.9999999999995,53.74518873441998,43.800383125712514,9.157568622365094e-09,-2.6900500471942763e-08,57.38185651170755,28345.07257164592,28500.00000000002
83.0,0.4696296619252681,5.361030394825129,-1.231850090845598e-10,3.648157651316413e-10,49.19794744171877,25944.97139250131,11.964989291487672,18.258480905958272,-4.2542517344240894e-10,1.2599077118272266e-09,3.322901394891816,1666.4536284068279,41.31056978200511,20.1808718254063,-1.1007557448669672e-09,3.2599246199176157e-09,1.5193477466704262,736.9892106437585,26000.000000000022,1700.0,799.9999999999995,53.745188735418054,43.8003831261897,-1.649365927393936e-09,4.884648096876484e-09,54.04019658328101,28348.414231551895,28500.000000000022
84.0,0.4696296619227898,5.361030394809569,9.689501044738358e-12,-2.786907649682834e-11,46.33288225606824,25947.836457687237,11.964989291453803,18.258480905929847,3.3463747558335674e-11,-9.624931638008334e-11,3.129390698039086,1666.6471391046402,41.310569781878065,20.180871825372165,8.658149966012057e-11,-2.4902411653029185e-10,1.4308678295722008,737.0776905633395,26000.00000000002,1700.0000000000002,799.9999999999995,53.74518873525466,43.80038312611158,1.297347482631946e-10,-3.7314250940720353e-10,50.89314078367953,28351.561287355216,28500.00000000002
85.0,0.46962966191452804,5.361030394757698,4.514170711507864e-10,-1.3280300894794046e-09,43.63466577245211,25950.534674171773,11.964989291340892,18.258480905835082,1.55899712073923e-09,-4.586438640370111e-09,2.9471492072152987,1666.8293805986364,41.31056978145452,20.180871825258365,4.033748450910696e-09,-1.1866928488115445e-08,1.3475405919737373,737.161017809146,26000.000000000022,1700.0000000000002,799.9999999999994,53.74518873470994,43.80038312585114,6.044162642800712e-09,-1.778139721796496e-08,47.929355571641146,28354.525072579556,28500.000000000022
86.0,0.4696296619332132,5.361030394875012,-5.494958990625374e-10,1.6217596266206944e-09,41.09357960551775,25953.075760336622,11.964989291596252,18.258480906049407,-1.8977160088680324e-09,5.600843100604523e-09,2.7755205259990725,1667.0010092726523,41.31056978241241,20.180871825515734,-4.910162090017875e-09,1.449164655894048e-08,1.2690659009572638,737.2394924815326,26000.000000000022,1700.0,799.9999999999994,53.74518873594187,43.80038312644015,-7.357373997948444e-09,2.1714249286165696e-08,45.13816603247409,28357.316262090804,28500.000000000022
87.0,0.4696296619078862,5.361030394715997,8.0931168680352e-10,-2.386955303069756e-09,38.70047701839715,25955.468862926577,11.964989291250122,18.258480905758898,2.7950057111740054e-09,-8.243494795039345e-09,2.613886875711972,1667.1626429327277,41.310569781114026,20.18087182516688,7.2318109408162595e-09,-2.1329238342433965e-08,1.1951612978753965,737.3133971099405,26000.00000000002,1700.0000000000002,799.9999999999994,53.745188734272034,43.80038312564177,1.0836128338793784e-08,-3.195968844054306e-08,42.509525191984515,28359.944902969244,28500.00000000002
88.0,0.469629661930819,5.361030394859981,-4.2316558142538807e-10,1.252969975832224e-09,36.44673586138202,25957.722604081016,11.964989291563533,18.25848090602194,-1.4614259417781985e-09,4.327202197667059e-09,2.461665896804512,1667.3148639027443,41.310569782289676,20.18087182548276,-3.781306917210017e-09,1.1196241151490791e-08,1.1255604923284068,737.3829978924837,26000.00000000002,1700.0,799.9999999999994,53.745188735784026,43.80038312636468,-5.6658984404136045e-09,1.6776413324990074e-08,40.03396225051493,28362.420465876246,28500.00000000002
89.0,0.4696296619242769,5.361030394818906,-7.042592115070383e-11,2.0869375843492902e-10,34.32424344442014,25959.84509649872,11.964989291474126,18.258480905946904,-2.432198153321887e-10,7.207354978367924e-10,2.318309652171112,1667.4582201499304,41.31056978195429,20.18087182539265,-6.293093577056072e-10,1.8648381057601054e-09,1.0600129608669084,737.44854543055,26000.000000000022,1700.0,799.9999999999993,53.7451887353527,43.80038312615846,-9.429550941884998e-10,2.794267362031827e-09,37.70256605745816,28364.7518620792,28500.000000000022
90.0,0.46962966190772193,5.361030394714966,8.219330457088802e-10,-2.429037597898148e-09,32.32535582163807,25961.843984123367,11.964989291247878,18.258480905757015,2.8385930543493996e-09,-8.388823490997755e-09,2.1833018570482996,1667.5932279514973,41.310569781105606,20.18087182516462,7.344595018247425e-09,-2.1705287482157376e-08,0.9982826366921799,737.5102757713977,26000.000000000022,1700.0000000000002,799.9999999999994,53.745188734261205,43.8003831256366,1.1005121118305704e-08,-3.252314857105328e-08,35.50694031537855,28366.94748784626,28500.000000000022
91.0,0.4696296619367054,5.361030394896939,-7.42802688707189e-10,2.2019042883866064e-09,30.4428728303201,25963.726467111406,11.96498929164398,18.25848090608946,-2.5653106674315293e-09,7.604400642085773e-09,2.0561561976948415,1667.7203735995329,41.31056978259144,20.18087182556384,-6.637507472714776e-09,1.967568943883194e-08,0.9401471508569489,737.568411227949,26000.00000000002,1700.0000000000002,799.9999999999994,53.745188736172125,43.800383126550244,-9.945620828853494e-09,2.948199436930432e-08,33.43917617887189,28369.015251938887,28500.00000000002
92.0,0.4696296619042729,5.36103039469331,1.0113686426639957e-09,-2.9955440016556336e-09,28.670018746787,25965.499321198622,11.964989291200741,18.25848090571745,3.492818669144109e-09,-1.0345281952730757e-08,1.9364150399396118,1667.840114769995,41.31056978092879,20.180871825117112,9.03734784210945e-09,-2.6767459978661955e-08,0.8853972745276091,737.623161137156,26000.000000000022,1700.0000000000002,799.9999999999994,53.7451887340338,43.80038312552787,1.3541535153917555e-08,-4.010828593304834e-08,31.49183106125422,28370.962597105772,28500.000000000022
93.0,0.4696296619261227,5.361030394830496,-1.7170571875445912e-10,5.128552554943238e-10,27.00040645995419,25967.168933482968,11.964989291499352,18.258480905968078,-5.929949434869965e-10,1.771173027280804e-09,1.8236469801380804,1667.9528828212165,41.310569782048915,20.180871825418077,-1.534321944635297e-09,4.58275456447247e-09,0.8338357355943878,737.6747226538896,26000.00000000002,1700.0000000000002,799.9999999999994,53.745188735474386,43.80038312621665,-2.2990226068767526e-09,6.8667828472475985e-09,29.657889175686655,28372.796538958075,28500.00000000002
94.0,0.4696296619209708,5.361030394798149,1.0867573978049907e-10,-3.2166095931985285e-10,25.42802537871764,25968.741314564795,11.964989291428942,18.258480905908982,3.753178189516459e-10,-1.1108745385205179e-09,1.7174460603729753,1668.059083743025,41.31056978178481,20.18087182534711,9.711003300364961e-10,-2.874284712421655e-09,0.7852769292576302,737.7232814655131,26000.00000000002,1700.0000000000002,799.9999999999994,53.74518873513472,43.80038312605424,1.455093888768641e-09,-4.306820210262026e-09,27.930748368348244,28374.523679773334,28500.00000000002
95.0,0.4696296619137959,5.361030394753102,4.985684406520222e-10,-1.4787479144714363e-09,23.947212670378097,25970.222127273955,11.964989291330888,18.258480905826683,1.7218340215287604e-09,-5.106939314693921e-09,1.617429802720628,1668.159100003507,41.31056978141699,20.180871825248285,4.455088507455754e-09,-1.3213737065441253e-08,0.7395459689610691,737.7690124331318,26000.000000000022,1700.0000000000002,799.9999999999995,53.74518873466167,43.80038312582807,6.675490969636536e-09,-1.979942429460661e-08,26.304188442059793,28376.150239710594,28500.000000000022
96.0,0.46962966192932337,5.361030394850591,-3.463112624381794e-10,1.031549843655807e-09,22.552635227708578,25971.616704714845,11.964989291543093,18.258480906004788,-1.196005077342489e-09,3.562514495777747e-09,1.523237999413693,1668.253291800672,41.310569782213,20.18087182546216,-3.0945551555885995e-09,9.217684129294178e-09,0.6964781508826376,737.8120802353185,26000.00000000002,1700.0000000000002,799.9999999999994,53.74518873568542,43.80038312631754,-4.636871495369268e-09,1.3811748468727731e-08,24.77235137800491,28377.682076750836,28500.00000000002
97.0,0.4696296619086732,5.361030394720939,7.798459349354534e-10,-2.3195375499124753e-09,21.239272482385417,25972.930067462545,11.964989291260878,18.258480905767925,2.6932412142951084e-09,-8.010652150246146e-09,1.4345315584519478,1668.341998249837,41.31056978115437,20.180871825177725,6.968517650596662e-09,-2.0726834587677677e-08,0.6559184400486118,737.8526399673771,26000.000000000022,1700.0000000000002,799.9999999999994,53.74518873432392,43.800383125666585,1.0441604799827223e-08,-3.10570242878363e-08,23.329722480885977,28379.12470567976,28500.000000000022
98.0,0.469629661930752,5.361030394859561,-4.262909625984259e-10,1.272758111527306e-09,20.002393008758496,25974.166946933623,11.964989291562617,18.258480906021177,-1.4722193411451444e-09,4.395540392773662e-09,1.3509909063248133,1668.4255388931683,41.31056978228624,20.18087182548184,-3.809234821857956e-09,1.1373064155761457e-08,0.6177207029322788,737.8908376817353,26000.00000000002,1700.0000000000002,799.9999999999995,53.74518873577961,43.800383126362576,-5.707745125601526e-09,1.7041362660062425e-08,21.971104618015588,28380.483323508524,28500.00000000002
99.0,0.4696296619165882,5.3610303947706335,3.494736141279558e-10,-1.0415423736818757e-09,18.837544701423067,25975.3317952426,11.964989291369047,18.258480905858715,1.2069264548712147e-09,-3.5970243360175343e-09,1.2723153474343847,1668.504214457728,41.31056978156013,20.180871825286747,3.1228131362715965e-09,-9.306974811869098e-09,0.5817474641923598,737.9268109351444,26000.00000000002,1700.0,799.9999999999995,53.74518873484577,43.8003831259161,4.679213205270767e-09,-1.3945541521568509e-08,20.691607513049814,28381.76282063547,28500.00000000002
100.0,0.4696296619214555,5.361030394801192,8.222187901259559e-11,-2.425132645057664e-10,17.740531446721217,25976.428808496734,11.964989291435565,18.258480905914542,2.839578564609643e-10,-8.37533215063829e-10,1.1982214658244794,1668.5783083373792,41.310569781809654,20.18087182535379,7.347150878064799e-10,-2.1670404912536604e-09,0.5478691267197145,737.9606892675487,26000.00000000002,1700.0000000000002,799.9999999999995,53.74518873516668,43.800383126069526,1.1008948232800398e-09,-3.247086970823256e-09,19.48662203926541,28382.96780610166,28500.00000000002
101.0,0.469629661932137,5.361030394868256,-5.044047674741863e-10,1.5084605264515996e-09,16.707403054847482,25977.461936887365,11.964989291581544,18.25848090603706,-1.741989664819489e-09,5.2095516574551425e-09,1.1284424609229304,1668.6480873379912,41.31056978235724,20.18087182550092,-4.507241241976759e-09,1.3479244977302124e-08,0.5159637021187276,737.9925946810506,26000.00000000002,1700.0000000000002,799.9999999999995,53.745188735870926,43.80038312640623,-6.753635674270435e-09,2.0197257161208867e-08,18.35180921788914,28384.102618906407,28500.00000000002
102.0,0.46962966190427796,5.361030394693343,1.0287267645469606e-09,-3.0746161763669684e-09,15.73444017614904,25978.434899769316,11.964989291200808,18.258480905717512,3.5527646174136523e-09,-1.06183567642346e-08,1.0627271258813629,1668.713802684266,41.31056978092905,20.180871825117187,9.192458060211182e-09,-2.7474039619795803e-08,0.4859163372999453,738.022642074935,26000.00000000002,1700.0000000000002,799.9999999999995,53.74518873403414,43.80038312552804,1.3773949442171795e-08,-4.116701256039737e-08,17.283083639330346,28385.171344528517,28500.00000000002
103.0,0.4696296619347768,5.36103039488483,-6.529651083184616e-10,1.9588321919709e-09,14.818137283414579,25979.35120265848,11.96498929161762,18.25848090606734,-2.2550509350245823e-09,6.764934820895572e-09,1.0008386846558277,1668.7756911131494,41.310569782492564,20.18087182553728,-5.834741255897809e-09,1.750365955762964e-08,0.4576187533817008,738.0509396269191,26000.00000000002,1700.0,799.9999999999995,53.74518873604496,43.80038312648945,-8.742757299240853e-09,2.6227426570496113e-08,16.276594721452106,28386.17783339855,28500.00000000002
104.0,0.46962966191778266,5.361030394778132,2.86730651267304e-10,-8.585670436585569e-10,13.955196395445128,25980.214143548452,11.96498929138537,18.258480905872414,9.902401015925197e-10,-2.9651086315109354e-09,0.9425543950977786,1668.8339754096194,41.31056978162137,20.1808718253032,2.5621570295748713e-09,-7.671951210517686e-09,0.43096912289341077,738.0775892752914,26000.000000000022,1700.0,799.9999999999995,53.74518873492452,43.80038312595374,3.8391277824346955e-09,-1.1495626885687179e-08,15.328719913436316,28387.12570823336,28500.000000000022
105.0,0.4696296619130581,5.36103039474847,5.482498261418002e-10,-1.6408717789852219e-09,13.142509160883337,25981.026830783565,11.964989291320803,18.25848090581822,1.8934109842394076e-09,-5.66684119266048e-09,0.887664309889832,1668.8888654967448,41.310569781379165,20.180871825238125,4.899030286060357e-09,-1.4662440522323145e-08,0.40587144026819605,738.1026869628776,26000.00000000002,1700.0000000000002,799.9999999999997,53.74518873461302,43.800383125804814,7.340691096441564e-09,-2.1970153493968846e-08,14.436044911041366,28388.018383243187,28500.00000000002
106.0,0.4696296619324391,5.361030394870153,-5.257741992103302e-10,1.5808308285859285e-09,12.377148806123143,25981.79219113604,11.964989291585672,18.258480906040525,-1.8157901203186582e-09,5.459486255548261e-09,0.835970749519122,1668.9405590492113,41.310569782372724,20.18087182550508,-4.698193489882692e-09,1.4125929152759557e-08,0.38223531741916256,738.1263230652748,26000.00000000002,1700.0000000000002,799.9999999999995,53.745188735890835,43.80038312641575,-7.03975780941168e-09,2.1166246236893746e-08,13.595354873061428,28388.859073250525,28500.00000000002
107.0,0.4696296619030588,5.361030394685689,1.1063149858174627e-09,-3.322380003797439e-09,11.656360072418963,25982.512979873227,11.964989291184148,18.258480905703525,3.820719689672747e-09,-1.1474022277368419e-08,0.7872876255647326,1668.9892421852012,41.31056978086655,20.180871825100393,9.885768170862676e-09,-2.9687999143590975e-08,0.3599756807314891,738.1485827331034,26000.00000000002,1700.0000000000002,799.9999999999995,53.74518873395375,43.8003831254896,1.4812802846352885e-08,-4.4484401424756836e-08,12.803623378715185,28389.65080479153,28500.00000000002
108.0,0.46962966192921124,5.361030394849887,-3.4834226078623124e-10,1.0513637125578862e-09,10.977546279592655,25983.191793662943,11.96498929154156,18.2584809060035,-1.203019148783027e-09,3.6309423859914658e-09,0.7414395461382158,1669.0350902538892,41.310569782207246,20.180871825460617,-3.1127038051542577e-09,9.394736717407125e-09,0.33901231679617944,738.1695460692536,26000.00000000002,1700.0000000000005,799.9999999999997,53.74518873567801,43.800383126314,-4.664065214723516e-09,1.4077042815956477e-08,12.05799814252705,28390.396429986085,28500.00000000002
109.0,0.4696296619144896,5.361030394757457,4.732827574714487e-10,-1.4240670236292096e-09,10.338263932277142,25983.831076012022,11.964989291340368,18.258480905834638,1.6345080400866078e-09,-4.918093834154792e-09,0.6982614816863268,1669.0782683244224,41.31056978145254,20.180871825257842,4.229142419347497e-09,-1.2725124981893976e-08,0.3192697850112475,738.189288616774,26000.000000000022,1700.0000000000002,799.9999999999997,53.7451887347074,43.80038312584993,6.336933216905554e-09,-1.9067285839677978e-08,11.355795198974716,28391.098632953217,28500.000000000022
110.0,0.4696296619221078,5.361030394805288,4.7531023871399793e-11,-1.401809940720264e-10,9.736210234890034,25984.433129708494,11.96498929144448,18.25848090592202,1.6415101215944582e-10,-4.841228044680482e-10,0.6575978929560398,1669.1189319099979,41.310569781843085,20.180871825362775,4.247259419738814e-10,-1.252624057794756e-09,0.3006769563315293,738.2078814372901,26000.00000000002,1700.0000000000005,799.9999999999995,53.74518873520967,43.80038312609008,6.36407978004727e-10,-1.8769278563348306e-09,10.694485084177604,28391.759943055782,28500.00000000002
111.0,0.4696296619256088,5.361030394827269,-1.4789846429716693e-10,4.47345627684017e-10,9.169217464265987,25985.0001224787,11.964989291492326,18.258480905962177,-5.107754779848159e-10,1.5449327221856607e-09,0.6193023708810607,1669.1572274306307,41.31056978202257,20.180871825411,-1.3215855903623603e-09,3.99737440121309e-09,0.28316689199406164,738.2253914978962,26000.00000000002,1700.0000000000005,799.9999999999997,53.74518873544051,43.800383126200444,-1.980259532644343e-09,5.989652751082767e-09,10.07168672714111,28392.38274140723,28500.00000000002
112.0,0.4696296619123956,5.36103039474431,5.932964218272747e-10,-1.7901322864158402e-09,8.635243980679038,25985.534095963878,11.964989291311749,18.25848090581062,2.048981821599162e-09,-6.1823203183210355e-09,0.5832370211423861,1669.1932927858688,41.310569781345194,20.180871825229,5.301556062361976e-09,-1.599619736693006e-08,0.26667654406101576,738.241881860059,26000.00000000002,1700.0000000000002,799.9999999999997,53.74518873456934,43.80038312578394,7.943834305788413e-09,-2.3968649971666935e-08,9.485157545882439,28392.969270609807,28500.00000000002
113.0,0.46962966193318034,5.361030394874807,-5.754088728097741e-10,1.7425498511225001e-09,8.132366253217715,25986.036973688824,11.964989291595803,18.258480906049027,-1.987206179463817e-09,6.017991727238669e-09,0.5492719215366462,1669.227257876788,41.310569782410724,20.18087182551529,-5.141717179335165e-09,1.5571012063042073e-08,0.2511464985886802,738.2574118830556,26000.00000000002,1700.0000000000002,799.9999999999997,53.745188735939706,43.80038312643912,-7.704332231608756e-09,2.3331553641403242e-08,8.932784673343042,28393.52164344867,28500.00000000002
114.0,0.4696296619125474,5.3610303947452635,5.872578381815625e-10,-1.7766780754973865e-09,7.658774339969439,25986.51056560458,11.964989291313824,18.258480905812362,2.028127235135034e-09,-6.135855436197838e-09,0.5172848320703414,1669.2592449749113,41.310569781352974,20.180871825231094,5.2475967197506905e-09,-1.5875973765648146e-08,0.23652087646444825,738.2720375275794,26000.00000000002,1700.0000000000002,799.9999999999995,53.745188734579344,43.80038312578872,7.862981793067287e-09,-2.378850727734337e-08,8.412580048504228,28394.04184810707,28500.00000000002
115.0,0.46962966192528516,5.361030394825237,-1.321734179679844e-10,4.044978149460425e-10,7.212761961474753,25986.95657798152,11.964989291487905,18.258480905958468,-4.5646816316860203e-10,1.3969554331364433e-09,0.4871605020289681,1669.2893692995845,41.310569782005985,20.18087182540654,-1.1810703106734241e-09,3.6144965281168943e-09,0.2227469677384127,738.2858114224152,26000.00000000002,1700.0000000000002,799.9999999999995,53.74518873541918,43.80038312619025,-1.7697118918100106e-09,5.41594977619938e-09,7.9226694312421335,28394.53175870352,28500.00000000002
116.0,0.46962966193096134,5.361030394860875,-4.5274601009342604e-10,1.374546665752984e-09,6.792723345137559,25987.376616597165,11.964989291565479,18.258480906023575,-1.5635832371433508e-09,4.747072484452357e-09,0.4587904784890281,1669.3177393207386,41.310569782296966,20.180871825484726,-4.045630940432587e-09,1.2282622914246732e-08,0.20977519109600035,738.2987831928849,26000.000000000015,1700.0000000000002,799.9999999999995,53.745188735793405,43.80038312636918,-6.061960187669364e-09,1.8404242064452075e-08,7.461289014722587,28394.993139110786,28500.000000000015
117.0,0.4696296619022918,5.361030394680873,1.1719205446562215e-09,-3.5555856508676467e-09,6.397146147349898,25987.772193798468,11.964989291173666,18.25848090569473,4.047292033387754e-09,-1.2279410543742818e-08,0.4320726177937997,1669.3444571935702,41.31056978082723,20.18087182508983,1.0472003967662814e-08,-3.177186985426968e-08,0.1975588477305816,738.3109995676518,26000.00000000002,1700.0000000000002,799.9999999999997,53.74518873390319,43.80038312546543,1.569121654570679e-08,-4.760686604888015e-08,7.026777612874279,28395.42765055969,28500.00000000002
118.0,0.46962966193500555,5.361030394886266,-6.854591962900658e-10,2.087970753233376e-09,6.0246051857247265,25988.144734756068,11.964989291620748,18.258480906069963,-2.367271017425625e-09,7.210921784737508e-09,0.40691065314926217,1669.3696191443166,41.310569782504295,20.180871825540432,-6.1251007687533145e-09,1.8657611325323613e-08,0.18605390392720694,738.3225044754952,26000.00000000002,1700.0000000000002,799.9999999999997,53.74518873606005,43.80038312649666,-9.177830982469006e-09,2.7956503863294498e-08,6.617569742801196,28395.83685837588,28500.00000000002
119.0,0.46962966191298516,5.361030394748012,5.685869206402828e-10,-1.7290167157996943e-09,5.673759617306476,25988.49558032721,11.964989291319808,18.258480905817382,1.9636461898547398e-09,-5.9712542883058e-09,0.38321403165663986,1669.393315775214,41.31056978137543,20.180871825237123,5.080757836995804e-09,-1.5450083192715605e-08,0.17521897655789004,738.3333394271986,26000.00000000002,1700.0000000000002,799.9999999999997,53.74518873460822,43.80038312580251,7.612990947490827e-09,-2.31503541968211e-08,6.232192625521005,28396.22223552962,28500.00000000002
120.0,0.4696296619178072,5.361030394778286,2.9385525499819366e-10,-8.908913166392852e-10,5.343345581723409,25988.825994362196,11.964989291385708,18.25848090587269,1.0148452792595672e-09,-3.076742145963633e-09,0.36089738357144674,1669.4156324212322,41.310569781622625,20.180871825303544,2.6258208463087394e-09,-7.9607934522115e-09,0.16501501686621825,738.3435433815422,26000.00000000002,1700.0000000000002,799.9999999999997,53.74518873492614,43.800383125954525,3.9345213805665e-09,-1.1928426914814417e-08,5.869257982161074,28396.58517016497,28500.00000000002
121.0,0.46962966192707856,5.361030394836496,-2.349343595567864e-10,7.181258051497124e-10,5.032173327537924,25989.137166615234,11.964989291512415,18.258480905979035,-8.11358725801521e-10,2.480086946108901e-09,0.33988035320249843,1669.4366494476374,41.310569782097915,20.180871825431247,-2.0993177048115275e-09,6.417001837540766e-09,0.15540528744228885,738.3531531007104,26000.00000000002,1700.0,799.9999999999995,53.74518873553741,43.80038312624678,-3.145610790169835e-09,9.61521458879938e-09,5.527458968182711,28396.92696916358,28500.00000000002
122.0,0.46962966190887956,5.361030394722234,8.070737405993509e-10,-2.460850746595999e-09,4.73912245961943,25989.43021748542,11.964989291263699,18.258480905770288,2.7872735322269955e-09,-8.498683342137418e-09,0.3200872700871378,1669.4564425385904,41.31056978116495,20.180871825180578,7.211819486265182e-09,-2.1989578487082777e-08,0.1463551948704837,738.3622032135613,26000.00000000002,1700.0000000000002,799.9999999999995,53.74518873433753,43.8003831256731,1.080616675909153e-08,-3.2949112575816196e-08,5.205564924577051,28397.24886323757,28500.00000000002
123.0,0.4696296619293853,5.36103039485098,-3.6890964218357377e-10,1.129984218133355e-09,4.463137351431503,25989.706202591045,11.96498929154394,18.258480906005495,-1.2740497293992431e-09,3.90246261652659e-09,0.3014468301205201,1669.4750829697018,41.31056978221618,20.180871825463022,-3.296489048286434e-09,1.0097270913281675e-08,0.13783212435508752,738.3707262611645,26000.00000000002,1700.0000000000002,799.9999999999995,53.7451887356895,43.800383126319495,-4.939448419869251e-09,1.512971774794162e-08,4.902416305907111,28397.55201182191,28500.00000000002
124.0,0.4696296619124458,5.361030394744625,6.053905789651216e-10,-1.8503858666841827e-09,4.203224561896052,25989.96611538271,11.964989291312436,18.258480905811194,2.090749645302176e-09,-6.390409315317214e-09,0.2838919412386147,1669.4926378659375,41.31056978134777,20.180871825229698,5.4096265995799744e-09,-1.6534609144109997e-08,0.12980541294418813,738.3787529916029,26000.00000000002,1700.0,799.9999999999997,53.74518873457266,43.800383125785515,8.105766823847271e-09,-2.4775404326111395e-08,4.616921916078855,28397.837506240252,28500.00000000002
125.0,0.4696296619266807,5.361030394833999,-2.1500186155944307e-10,6.616518726762282e-10,3.958447739689164,25990.210892203122,11.964989291506976,18.258480905974473,-7.425207480396869e-10,2.285051114844029e-09,0.2673593551119919,1669.5091704458641,41.31056978207752,20.180871825425772,-1.92120563153007e-09,5.912364175347639e-09,0.12224612869002346,738.3863122598151,26000.00000000002,1700.0,799.9999999999995,53.74518873551118,43.800383126234244,-2.8787282411292e-09,8.859067162867897e-09,4.3480532234911795,28398.106374908803,28500.00000000002
126.0,0.46962966192341254,5.36103039481348,-2.563909576979571e-11,7.931449210398533e-11,3.7279257133064645,25990.44141422992,11.964989291462313,18.258480905936985,-8.854602663412636e-11,2.7391695848167723e-10,0.25178956025031196,1669.524740242165,41.31056978190998,20.180871825380756,-2.2910487763839748e-10,7.087354864374441e-10,0.11512706979777654,738.3934313224314,26000.00000000002,1700.0,799.9999999999995,53.74518873529571,43.80038312613122,-3.4329000004231955e-10,1.0619669370231067e-09,4.094842343354553,28398.35958579452,28500.00000000002
127.0,0.4696296619143107,5.361030394756335,5.009842952581567e-10,-1.5350637494972583e-09,3.510828283728443,25990.658511660655,11.964989291337922,18.258480905832585,1.7301768045403805e-09,-5.301427047444186e-09,0.23712648280549423,1669.5394033235953,41.31056978144338,20.180871825255384,4.476676816653449e-09,-1.3716965509717553e-08,0.1084225951729529,738.4001358073682,26000.00000000002,1700.0,799.9999999999997,53.74518873469561,43.800383125844306,6.707837916451986e-09,-2.0553456306658996e-08,3.85637736170689,28398.59805079162,28500.00000000002
128.0,0.469629661935151,5.36103039488718,-7.082596017696293e-10,2.178747956679341e-09,3.306373443642628,25990.862966498084,11.964989291622736,18.25848090607163,-2.4460134697325054e-09,7.524425840921722e-09,0.22331730180338463,1669.5532124954238,41.31056978251175,20.18087182554244,-6.328839785411426e-09,1.946877488972805e-08,0.10210854656426835,738.4064498322413,26000.00000000002,1700.0,799.9999999999997,53.745188736069636,43.800383126501245,-9.48311285691356e-09,2.9171948687329115e-08,3.6317992920102813,28398.822628825747,28500.00000000002
129.0,0.46962966191023725,5.361030394730759,7.402318622092953e-10,-2.2754566988250256e-09,3.1138253537835863,25991.055514591128,11.964989291282253,18.258480905785863,2.5564314289036986e-09,-7.85841479863823e-09,0.21031232406902586,1669.566217484165,41.31056978123455,20.180871825199276,6.614536320048301e-09,-2.0332941267297577e-08,0.09616221659152552,738.4123961906927,26000.00000000002,1700.0000000000002,799.9999999999997,53.74518873442704,43.800383125715896,9.911199611161295e-09,-3.046681276476083e-08,3.420299894444138,28399.034128265983,28500.00000000002
130.0,0.46962966192529787,5.361030394825318,-1.37260885367941e-10,4.273448573646117e-10,2.932490249507328,25991.23684969347,11.964989291488077,18.25848090595861,-4.7403801304541e-10,1.475858956636667e-09,0.19806468435494426,1669.5784651171966,41.31056978200663,20.180871825406722,-1.2265307102911882e-09,3.818652269877536e-09,0.09056216080253005,738.4179962291915,26000.00000000002,1700.0,799.9999999999995,53.74518873542001,43.80038312619065,-1.8378296087045392e-09,5.721856083878814e-09,3.2211170946648027,28399.233311039858,28500.00000000002
131.0,0.4696296619304268,5.3610303948575195,-4.3592817801906986e-10,1.344972876519636e-09,2.761715293834088,25991.407624648487,11.964989291558172,18.25848090601744,-1.5055019268366201e-09,4.644937765952665e-09,0.18653029339655308,1669.5899995058885,41.31056978226956,20.180871825477368,-3.895350786327749e-09,1.2018358565371689e-08,0.08528822937420899,738.4232701547554,26000.00000000002,1700.0,799.9999999999995,53.74518873575816,43.80038312635233,-5.8367808911834384e-09,1.800826920784399e-08,3.0335338166048498,28399.420894309133,28500.00000000002
132.0,0.4696296619016645,5.361030394676936,1.2463008283105007e-09,-3.841892362359093e-09,2.6008855971340568,25991.5684543489,11.964989291165093,18.25848090568753,4.304168423071153e-09,-1.3268186473263595e-08,0.17566762272541459,1669.6008621893861,41.31056978079507,20.180871825081194,1.1136648549842343e-08,-3.433023876196908e-08,0.08032143853908047,738.4282369787778,26000.00000000002,1700.0000000000002,799.9999999999995,53.74518873386183,43.80038312544566,1.6687117801223996e-08,-5.144031759759177e-08,2.856874658398552,28399.597553517062,28500.00000000002
133.0,0.46962966193259853,5.361030394871155,-5.658660675163839e-10,1.7520137282769467e-09,2.4494217491896,25991.719918192837,11.964989291587852,18.258480906042347,-1.9542495711613056e-09,6.050675723132423e-09,0.16543753000263872,1669.611092268271,41.310569782380895,20.180871825507282,-5.0564449427257384e-09,1.5655579057485194e-08,0.0756438733869716,738.4329145081252,26000.00000000002,1700.0000000000002,799.9999999999995,53.745188735901344,43.80038312642078,-7.576560581403428e-09,2.3458268508894566e-08,2.6905031525792107,28399.763924969233,28500.00000000002
134.0,0.4696296619111459,5.361030394736464,6.950275866210958e-10,-2.1474077675724353e-09,2.3067785822194677,25991.8625613626,11.964989291294671,18.258480905796283,2.4003159778682126e-09,-7.416190774019717e-09,0.15580320355655292,1669.6207266043687,41.31056978128113,20.180871825211792,6.210601637285241e-09,-1.9188726395415824e-08,0.07123872352462343,738.4373196829602,26000.000000000015,1700.0000000000002,799.9999999999995,53.745188734486945,43.80038312574454,9.30594520177455e-09,-2.875232493700798e-08,2.5338205093006443,28399.920607649925,28500.000000000015
135.0,0.46962966192125827,5.361030394799955,1.0016551238052926e-10,-3.060578088240528e-10,2.1724422399791785,25991.99689770352,11.96498929143287,18.258480905912275,3.4592710339139685e-10,-1.0569874677454007e-09,0.14672992944873897,1669.6297998739176,41.310569781799536,20.18087182535108,8.950552569560655e-10,-2.7348599752522642e-09,0.06709010057735984,738.4414682941114,26000.000000000015,1700.0000000000005,799.9999999999995,53.74518873515366,43.80038312606331,1.3411478727279915e-09,-4.097905251821718e-09,2.386262270005277,28400.068165871548,28500.000000000015
136.0,0.4696296619234919,5.361030394813979,-3.066333066498365e-11,9.638881705151391e-11,2.0459290547214963,25992.123410888493,11.964989291463397,18.258480905937894,-1.0589749805475311e-10,3.328840783795087e-10,0.13818504351013597,1669.6383447588619,41.31056978191405,20.180871825381846,-2.7400024876580244e-10,8.613076036175907e-10,0.06318307684924934,738.4453753152671,26000.00000000002,1700.0000000000002,799.9999999999995,53.745188735300935,43.800383126133724,-4.105610774855392e-10,1.2905804990486133e-09,2.2472971750808814,28400.207130962623,28500.00000000002
137.0,0.4696296619145453,5.361030394757808,4.981341257460669e-10,-1.5425705595526278e-09,1.9267834465758116,25992.24255649781,11.964989291341126,18.258480905835274,1.720333586945098e-09,-5.327352226450824e-09,0.1301377754988632,1669.646392030932,41.31056978145539,20.180871825258613,4.451208378684948e-09,-1.3784044586442032e-08,0.0595035837292293,738.4490548188891,26000.000000000015,1700.0000000000002,799.9999999999994,53.745188734711064,43.800383125851695,6.669676091376112e-09,-2.0653967372445483e-08,2.116424805803904,28400.33800334763,28500.000000000015
138.0,0.4696296619291705,5.3610303948496325,-3.6808806120608016e-10,1.145026137887637e-09,1.8145762721069165,25992.35476367035,11.964989291541002,18.25848090600303,-1.2712123540628152e-09,3.954410712128045e-09,0.12255913737059146,1669.6539706624026,41.31056978220516,20.180871825460063,-3.2891475959518596e-09,1.0231681941570579e-08,0.056038360194024694,738.4525200251977,26000.000000000015,1700.0000000000005,799.9999999999995,53.74518873567533,43.800383126312724,-4.928448011220755e-09,1.533111879158626e-08,1.9931737696715326,28400.461254357953,28500.000000000015
139.0,0.469629661912462,5.361030394744728,6.240080109151547e-10,-1.9381658929245643e-09,1.7089036230760735,25992.460436321595,11.964989291312657,18.25848090581138,2.155045968964959e-09,-6.6935624570305535e-09,0.11542185343928528,1669.6611079539755,41.3105697813486,20.180871825229918,5.5759875564333095e-09,-1.7318990641343653e-08,0.052774945413650444,738.4557834597504,26000.000000000015,1700.0000000000002,799.9999999999995,53.745188734573716,43.80038312578603,8.355041536313423e-09,-2.5950718991298773e-08,1.877100421929009,28400.577327735322,28500.000000000015
140.0,0.4696296619289999,5.3610303948485605,-3.6037770184830224e-10,1.1248395023881286e-09,1.6093847789960494,25992.559955163477,11.96498929153867,18.258480906001072,-1.244584204150659e-09,3.8846950566855294e-09,0.10870020353866398,1669.6678295962818,41.31056978219641,20.18087182545771,-3.220249653816824e-09,1.0051298955559458e-08,0.04970156673393951,738.4588568187804,26000.000000000015,1700.0000000000002,799.9999999999995,53.74518873566408,43.80038312630734,-4.825211559815786e-09,1.5060833514633116e-08,1.7677865492686529,28400.686641578537,28500.000000000015
141.0,0.46962966192370764,5.361030394815334,-4.4128005118219554e-11,1.3801335045299828e-10,1.5156615197788648,25992.653678423405,11.964989291466344,18.258480905940367,-1.5239849147803248e-10,4.766366927416439e-10,0.10236999787863216,1669.6741598043907,41.3105697819251,20.180871825384816,-3.943173855362626e-10,1.2332545597428669e-09,0.046807174416967696,738.4617512174337,26000.00000000002,1700.0000000000002,799.9999999999995,53.74518873531515,43.80038312614052,-5.908438821325146e-10,1.847904602937509e-09,1.6648386920744647,28400.78958944523,28500.00000000002
142.0,0.46962966191229316,5.3610303947436675,6.379330873217102e-10,-1.9866835761280737e-09,1.4273962986501825,25992.74194364606,11.964989291310347,18.258480905809442,2.2031369857987786e-09,-6.861120943062579e-09,0.09640843665033524,1669.680121370888,41.31056978133994,20.18087182522759,5.700418735865423e-09,-1.7752533149100834e-08,0.04408134053196898,738.4644770649521,26000.000000000015,1700.0,799.9999999999995,53.74518873456258,43.8003831257807,8.541488808985912e-09,-2.6600337668291487e-08,1.5678860758324866,28400.886542081902,28500.000000000015
143.0,0.469629661937081,5.361030394899298,-8.471987744675688e-10,2.648059822363268e-09,1.3442711574199735,25992.825068783957,11.96498929164911,18.258480906093766,-2.925847540102217e-09,9.145220166795959e-09,0.09079404068008963,1669.6857357553579,41.310569782610685,20.18087182556902,-7.570367273498722e-09,2.366243439187347e-08,0.0415142357606689,738.4670441399671,26000.000000000015,1700.0000000000002,799.9999999999995,53.74518873619687,43.80038312656208,-1.1343413588068508e-08,3.5455714381032694e-08,1.4765794338607319,28400.977848679282,28500.000000000015
144.0,0.46962966191016203,5.361030394730287,7.689067556922452e-10,-2.401629179246546e-09,1.2659869441990197,25992.90335300081,11.964989291281222,18.258480905785,2.655461749430638e-09,-8.29415839386632e-09,0.08550661275181697,1669.691023195821,41.31056978123069,20.18087182519824,6.870768366462158e-09,-2.1460388623911528e-08,0.03909664247532664,738.4694617656849,26000.000000000015,1700.0000000000002,799.9999999999995,53.74518873442207,43.80038312571352,1.0295136871585042e-08,-3.215617619702439e-08,1.3905901994261634,28401.063837962316,28500.000000000015
145.0,0.46962966192156785,5.361030394801898,8.313456679979226e-11,-2.5521386745633696e-10,1.192261598995568,25992.97707834447,11.964989291437101,18.258480905915825,2.871097965741887e-10,-8.813951210730216e-10,0.08052709396681625,1669.6960027092748,41.3105697818154,20.18087182535534,7.42870767495768e-10,-2.280530576996797e-09,0.036819828559314094,738.4717385658071,26000.000000000015,1700.0000000000002,799.9999999999994,53.74518873517407,43.80038312607306,1.113115130869749e-09,-3.4171395655261556e-09,1.3096085215216986,28401.144819619552,28500.000000000015
146.0,0.46962966192990796,5.361030394854262,-4.1857957284373545e-10,1.3124103759690679e-09,1.1228296796193058,25993.04651026272,11.964989291551081,18.25848090601149,-1.4455875650518435e-09,4.532481379727605e-09,0.07583755972800012,1669.7006922396229,41.31056978224296,20.180871825470216,-3.7403277661288425e-09,1.1727387785686676e-08,0.034675606417288445,738.473882777882,26000.00000000002,1700.0000000000002,799.9999999999994,53.74518873572394,43.800383126335966,-5.604494904024421e-09,1.7572279541383348e-08,1.2333428457645943,28401.221085280224,28500.00000000002
147.0,0.4696296619032062,5.361030394686615,1.19362676039781e-09,-3.737941193329492e-09,1.0574411989648218,25993.111898747007,11.96498929118616,18.258480905705213,4.1222556334829014e-09,-1.2909185394640837e-08,0.07142112845845519,1669.7051086834374,41.3105697808741,20.180871825102425,1.0665965575088126e-08,-3.340135577771349e-08,0.032656263536907836,738.4759021532215,26000.00000000002,1700.0000000000002,799.9999999999995,53.74518873396346,43.80038312549425,1.5981847968968837e-08,-5.004848236568382e-08,1.1615185909601848,28401.292909583666,28500.00000000002
148.0,0.46962966192960126,5.361030394852336,-4.0211660905829835e-10,1.2652696812648869e-09,0.9958605949636523,25993.17347934741,11.964989291546889,18.258480906007968,-1.3887318146622418e-09,4.3696783990952965e-09,0.06726188189213908,1669.7092679175723,41.31056978222723,20.180871825465992,-3.593218627209201e-09,1.1306149720674663e-08,0.030754504015666904,738.4778038805777,26000.00000000002,1700.0000000000002,799.9999999999994,53.74518873570372,43.800383126326295,-5.384067050929741e-09,1.6941097801034847e-08,1.0938769808714583,28401.36055114556,28500.00000000002
149.0,0.4696296619120496,5.361030394742138,6.625744253803593e-10,-2.0792694843960875e-09,0.9378662085760971,25993.231473736203,11.964989291307019,18.258480905806646,2.2882372013474254e-09,-7.180871466698581e-09,0.06334485775103076,1669.713184950028,41.310569781327445,20.180871825224234,5.920607887300428e-09,-1.857985886189631e-08,0.028963505904631325,738.4795949002024,26000.00000000002,1700.0000000000002,799.9999999999994,53.74518873454652,43.80038312577302,8.871419514028212e-09,-2.7839999812990977e-08,1.0301745722317592,28401.424253586436,28500.00000000002
150.0,0.4696296619234246,5.3610303948135565,-2.8204335954200133e-11,9.194185818123581e-11,0.8832491210592144,25993.286090822156,11.964989291462475,18.258480905937123,-9.740522468559248e-11,3.175262615309063e-10,0.059655938651100596,1669.7168738637295,41.31056978191059,20.180871825380915,-2.520272553850988e-10,8.215706340548648e-10,0.027276799667271423,738.4812815924711,26000.000000000015,1700.0000000000002,799.9999999999994,53.74518873529649,43.80038312613159,-3.776368160248914e-10,1.231038753767007e-09,0.9701818593775864,28401.484246278356,28500.000000000015
151.0,0.46962966192239397,5.361030394807085,3.5232004902957786e-11,-1.0985369074834294e-10,0.8318127006758913,25993.337527242686,11.96498929144839,18.2584809059253,1.2167566573337374e-10,-3.793857598989607e-10,0.056181847614533674,1669.7203479552697,41.31056978185775,20.18087182536672,3.148248379854773e-10,-9.816265206746781e-10,0.02568832289524308,738.4828700705465,26000.000000000015,1700.0000000000002,799.9999999999994,53.74518873522854,43.800383126099106,4.717325086218088e-10,-1.4708659713219818e-09,0.913682871185668,28401.540745268503,28500.000000000015
152.0,0.46962966191716815,5.361030394774276,3.538635486837463e-10,-1.1124939741049076e-09,0.783371707947168,25993.385968236136,11.964989291376973,18.258480905865362,1.2220872181041693e-09,-3.84205909599917e-09,0.052910072534252346,1669.7236197328436,41.310569781589855,20.18087182529474,3.162040726468204e-09,-9.940982243414831e-09,0.02419235295732814,738.4843660469364,26000.000000000015,1700.0000000000002,799.9999999999994,53.745188734883996,43.800383125934374,4.7379914932561195e-09,-1.489553531351891e-08,0.8604741334387486,28401.593954015916,28500.000000000015
153.0,0.4696296619300863,5.361030394855382,-4.3589879162125953e-10,1.3762889750693331e-09,0.7377516707810526,25993.43158827151,11.964989291553518,18.258480906013535,-1.5054004392543125e-09,4.753089633345831e-09,0.04982882723202075,1669.7267009719535,41.3105697822521,20.180871825472675,-3.8950881967066824e-09,1.2298191793900953e-08,0.022783496282841452,738.4857748875887,26000.000000000015,1700.0000000000002,799.9999999999994,53.74518873573571,43.800383126341586,-5.836387427582254e-09,1.842757040231612e-08,0.8103639942959149,28401.64406413105,28500.000000000015
154.0,0.46962966191259536,5.3610303947455655,6.356097958234868e-10,-2.00494567842016e-09,0.6947883814564229,25993.47455156327,11.96498929131448,18.25848090581291,2.1951133708787803e-09,-6.92419011710056e-09,0.04692702541165662,1669.7296027821903,41.31056978135543,20.180871825231755,5.67965835424063e-09,-1.7915718963183315e-08,0.021456693676266056,738.4871017119721,26000.00000000002,1700.0000000000002,799.9999999999994,53.745188734582506,43.80038312579023,8.510381520942897e-09,-2.6844854758704033e-08,0.7631721005443455,28401.691256057435,28500.00000000002
155.0,0.4696296619292102,5.361030394849881,-3.8476100536631647e-10,1.2192957648187736e-09,0.6543270381140879,25993.515012904292,11.964989291541544,18.258480906003484,-1.3287932832393812e-09,4.210904951432043e-09,0.044194205485034686,1669.732335594088,41.31056978220719,20.180871825460606,-3.4381330697705656e-09,1.089533770947722e-08,0.020207148598997905,738.4883512362754,26000.00000000002,1700.0000000000002,799.9999999999994,53.74518873567794,43.800383126313974,-5.151687358376263e-09,1.6325538425728035e-08,0.7187283921981205,28401.735699734654,28500.00000000002
156.0,0.46962966192713534,5.361030394836854,-2.5656462562472476e-10,8.120152990763052e-10,0.6162219989317893,25993.553117943768,11.964989291513188,18.258480905979685,-8.860600385341647e-10,2.8043394738244962e-09,0.04162053555137461,1669.7349092650377,41.31056978210082,20.18087182543203,-2.2926006315195496e-09,7.255976083904908e-09,0.019030376337976506,738.4895280111652,26000.00000000002,1700.0000000000002,799.9999999999994,53.74518873554114,43.80038312624857,-3.4352252956784392e-09,1.087233085680571e-08,0.6768729108211404,28401.77755521997,28500.00000000002
157.0,0.46962966190656924,5.36103039470773,1.0106587372446892e-09,-3.1964948316978624e-09,0.5803360444002508,25993.58900390119,11.964989291232122,18.258480905743788,3.4903655073775958e-09,-1.1039270620263633e-08,0.039196747589193434,1669.737333062984,41.3105697810465,20.18087182514875,9.031006724510365e-09,-2.856311953405007e-08,0.017922139194352427,738.4906362741419,26000.00000000002,1700.0,799.9999999999994,53.74518873418519,43.80038312560026,1.3532030969132649e-08,-4.279888498601156e-08,0.6374549311837967,28401.816973238318,28500.00000000002
158.0,0.469629661936716,5.361030394897006,-8.507940946512495e-10,2.6997555872651723e-09,0.5465398836299347,25993.622800057707,11.964989291644123,18.258480906089577,-2.938264175959302e-09,9.323754332579417e-09,0.03691410255421226,1669.7396156933269,41.31056978259197,20.180871825563994,-7.602494201771035e-09,2.4124375483663885e-08,0.016878427141463936,738.4916799481801,26000.00000000002,1700.0000000000002,799.9999999999994,53.74518873617281,43.80038312655058,-1.1391552472381586e-08,3.614788540350848e-08,0.6003324133256108,28401.854095699215,28500.00000000002
159.0,0.469629661913305,5.361030394750021,5.982312810825681e-10,-1.896310121324446e-09,0.5147118932487782,25993.654628051405,11.964989291324176,18.25848090582105,2.0660246154180586e-09,-6.549011248615757e-09,0.03476439571827792,1669.7417654116198,41.310569781391806,20.180871825241532,5.345652813541465e-09,-1.694497739572151e-08,0.015895510181131074,738.4926628947843,26000.00000000002,1700.0000000000002,799.9999999999994,53.74518873462929,43.8003831258126,8.009908710042091e-09,-2.5390298765661715e-08,0.5653717991481872,28401.889056357806,28500.00000000002
160.0,0.46962966191640093,5.3610303947694575,4.0669438916231366e-10,-1.2867782453425954e-09,0.48473740809417115,25993.68460253612,11.964989291366486,18.25848090585656,1.404541429905491e-09,-4.4439594075707675e-09,0.032739874812719956,1669.743789931004,41.31056978155052,20.180871825284175,3.6341245842622615e-09,-1.1498345147009571e-08,0.014969827156209418,738.4935885738728,26000.00000000002,1700.0000000000002,799.9999999999994,53.745188734833405,43.80038312591019,5.445360403330066e-09,-1.7229082799922935e-08,0.5324471100631005,28401.921981040996,28500.00000000002
161.0,0.46962966192864286,5.361030394846319,-3.524313702076342e-10,1.1216190930751667e-09,0.45650849415085787,25993.712831448323,11.96498929153379,18.25848090599698,-1.217141110943978e-09,3.873573195965336e-09,0.03083325146987259,1669.7456965483432,41.3105697821781,20.180871825452794,-3.149243119284345e-09,1.0022522141839177e-08,0.014098049160894162,738.4944603363344,26000.00000000002,1700.0000000000002,799.9999999999995,53.74518873564053,43.8003831262961,-4.718815600435957e-09,1.501771443087968e-08,0.5014397947816246,28401.952988333,28500.00000000002
162.0,0.46962966190675864,5.361030394708918,1.008670514249776e-09,-3.2047092502351686e-09,0.4299235195823863,25993.73941642602,11.96498929123471,18.258480905745962,3.4834990699372604e-09,-1.1067639566057583e-08,0.02903766546797295,1669.7474921451358,41.31056978105621,20.18087182515136,9.013240435451896e-09,-2.8636521629245454e-08,0.01327704845734196,738.4952813649579,26000.000000000022,1700.0000000000002,799.9999999999995,53.745188734197676,43.800383125606245,1.3505410019638931e-08,-4.29088704455382e-08,0.47223823350770117,28401.982189936112,28500.000000000022
163.0,0.46962966192766126,5.361030394840156,-2.9280261653771183e-10,9.34587355675439e-10,0.40488671383419716,25993.764453228774,11.964989291520375,18.25848090598572,-1.0112099322659754e-09,3.22764880932659e-09,0.027346640944417733,1669.7491831593331,41.31056978212778,20.180871825439276,-2.616414721867656e-09,8.351250904729205e-09,0.01250384802029794,738.4960545386773,26000.00000000002,1700.0,799.9999999999994,53.745188735575816,43.80038312626515,-3.920427270671343e-09,1.2513487069731234e-08,0.4447372027989128,28402.009690926785,28500.00000000002
164.0,0.46962966191424643,5.3610303947559315,5.449630391273423e-10,-1.7346010606780507e-09,0.38130795526079087,25993.788031989276,11.96498929133704,18.25848090583185,1.8820598135497647e-09,-5.990540118159937e-09,0.025754098368312515,1669.7507757085714,41.310569781440066,20.1808718252545,4.869660439892777e-09,-1.549998359092898e-08,0.01177568418837245,738.4967827197469,26000.00000000002,1700.0,799.9999999999995,53.745188734691354,43.80038312584228,7.296683292569884e-09,-2.3225124769766967e-08,0.4188377378174758,28402.035590417596,28500.00000000002
165.0,0.4696296619245788,5.361030394820802,-1.0117695769114117e-10,3.250736447327433e-10,0.35910230232775137,25993.810237640722,11.964989291478249,18.25848090595036,-3.4942018533106386e-10,1.122659702205559e-09,0.02425429505976914,1669.7522755067387,41.310569781969754,20.180871825396817,-9.040932924357544e-10,2.904780974450702e-09,0.011089919029450763,738.4974684716027,26000.00000000002,1700.0000000000002,799.9999999999994,53.74518873537258,43.80038312616798,-1.3546904354579594e-09,4.352514321389005e-09,0.39444651641697126,28402.059981619066,28500.00000000002
166.0,0.46962966192328254,5.361030394812664,-1.950100581848727e-11,6.291230686550443e-11,0.33818981392774233,25993.83115012931,11.964989291460535,18.258480905935496,-6.734779560114935e-11,2.172711102210754e-10,0.022841835105437275,1669.753687967349,41.310569781903304,20.180871825378965,-1.7425636189594438e-10,5.621694499310832e-10,0.010444092785293643,738.498114299544,26000.00000000002,1700.0000000000002,799.9999999999994,53.74518873528712,43.80038312612712,-2.61105163315581e-10,8.42352867017663e-10,0.37147574181847326,28402.082952396206,28500.00000000002
167.0,0.46962966191656913,5.3610303947705145,4.0173803024615056e-10,-1.281279410892596e-09,0.31849517767379,25993.850844766537,11.964989291368786,18.25848090585849,1.3874243719604511e-09,-4.424968880507784e-09,0.02151163119357686,1669.755018174617,41.310569781559145,20.180871825286495,3.589835736796237e-09,-1.1449208866824516e-08,0.009835878047666672,738.4987225229654,26000.00000000002,1700.0000000000002,799.9999999999993,53.745188734844504,43.8003831259155,5.378998139002839e-09,-1.7155457158224895e-08,0.3498426869150335,28402.10458546412,28500.00000000002
168.0,0.4696296619324749,5.361030394870379,-5.98750833900701e-10,1.9157024473435354e-09,0.29994745049675103,25993.869392491404,11.96498929158616,18.258480906040933,-2.0678189196276775e-09,6.615983712711462e-09,0.020258888992071802,1669.756270908833,41.31056978237455,20.18087182550558,-5.350295414265891e-09,1.711826262090801e-08,0.009263076740093587,738.4992953036112,26000.000000000022,1700.0000000000002,799.9999999999994,53.74518873589319,43.80038312641689,-8.016865167794269e-09,2.564994878096301e-08,0.3294694162289164,28402.12495870385,28500.000000000022
169.0,0.46962966191375644,5.361030394752855,5.804843106010277e-10,-1.8561792888645797e-09,0.2824798818048851,25993.886860062823,11.964989291330346,18.25848090582623,2.0047344772823296e-09,-6.410417212729074e-09,0.019079105664996016,1669.7574507015843,41.31056978141495,20.180871825247753,5.1870700953283134e-09,-1.6586377796948486e-08,0.0087236421670249,738.499834762569,26000.00000000002,1700.0000000000002,799.9999999999994,53.74518873465905,43.80038312582684,7.77228888321167e-09,-2.4852974298542138e-08,0.310282629636906,28402.144145526978,28500.00000000002
170.0,0.4696296619248343,5.361030394822407,-1.1878132363396818e-10,3.8362625953468623e-10,0.26602953103550836,25993.903310411974,11.964989291481741,18.258480905953295,-4.1021783083213864e-10,1.324874376137899e-09,0.017968023801138024,1669.7585617778493,41.310569781982856,20.180871825400338,-1.0614017302963148e-09,3.427993250213424e-09,0.008215613972809576,738.5003427762767,26000.000000000022,1700.0000000000002,799.9999999999993,53.74518873538943,43.800383126176044,-1.5904008847624217e-09,5.136493885886009e-09,0.29221316880945597,28402.162214966098,28500.000000000022
171.0,0.46962966193316197,5.3610303948746925,-6.448259217736334e-10,2.0672040577127227e-09,0.2505371729590775,25993.91880276883,11.96498929159555,18.258480906048817,-2.226941768398852e-09,7.139202852497779e-09,0.016921646437211724,1669.7596081510064,41.31056978240977,20.18087182551504,-5.762011469362161e-09,1.84720450714638e-08,0.00773717154740715,738.5008212078171,26000.00000000002,1700.0000000000002,799.9999999999993,53.745188735938484,43.80038312643855,-8.633779159534646e-09,2.76784519816743e-08,0.2751959909436964,28402.17923212765,28500.00000000002
172.0,0.4696296619020862,5.361030394679584,1.3218611635388032e-09,-4.236115406646265e-09,0.2359470346205915,25993.93339291173,11.964989291170856,18.25848090569237,4.565120194095001e-09,-1.4629657426226723e-08,0.015936210201687763,1669.7605936029997,41.31056978081668,20.180871825087003,1.1811837781476026e-08,-3.785292236986495e-08,0.007286601999862972,738.5012718181368,26000.00000000002,1700.0,799.9999999999993,53.74518873388962,43.80038312545896,1.769881913910983e-08,-5.6718695202737943e-08,0.2591698468221422,28402.195258332868,28500.00000000002
173.0,0.4696296619315143,5.361030394864347,-5.428997284747953e-10,1.7459244016534615e-09,0.22220654258207542,25993.94713339944,11.964989291573033,18.258480906029916,-1.8749340567090435e-09,6.029645898640386e-09,0.015008154341538129,1669.761521643901,41.3105697823253,20.180871825492346,-4.851223185274853e-09,1.5601166279663672e-08,0.006862255792619896,738.5016961256391,26000.000000000022,1700.0000000000002,799.9999999999993,53.74518873582985,43.800383126386606,-7.269056970458692e-09,2.337673657995752e-08,0.24407695271623345,28402.210351168982,28500.000000000022
174.0,0.46962966191830524,5.361030394781414,2.9654101082124863e-10,-9.513688977743252e-10,0.20926624457250378,25993.960073699403,11.964989291392513,18.258480905878404,1.0241206824645426e-09,-3.285604787429209e-09,0.014134148983329488,1669.7623956560076,41.31056978164814,20.180871825310405,2.649820126387086e-09,-8.5012067838832e-09,0.006462632562881055,738.5020957663294,26000.000000000022,1700.0000000000005,799.9999999999994,53.74518873495896,43.80038312597022,3.970481819672877e-09,-1.2738180469086734e-08,0.22986302611871431,28402.22456512174,28500.000000000022
175.0,0.46962966191328726,5.361030394749909,6.157621566642269e-10,-1.9757613965271656e-09,0.19707952926222866,25993.972260415456,11.964989291323935,18.258480905820846,2.1265684579073747e-09,-6.823400595161307e-09,0.013311040888794035,1669.7632187666636,41.3105697813909,20.180871825241287,5.502304558959683e-09,-1.7654935143279912e-08,0.0060862795868381805,738.502472125933,26000.000000000022,1700.0000000000005,799.9999999999993,53.74518873462813,43.80038312581205,8.244635173531284e-09,-2.6454097134968385e-08,0.21647684973786088,28402.237951308052,28500.000000000022
176.0,0.46962966192709804,5.36103039483662,-2.628125729895636e-10,8.467602192322691e-10,0.18560250836609368,25993.983737434304,11.964989291512678,18.25848090597926,-9.076376682275345e-10,2.924332965524653e-09,0.01253586472081135,1669.763993935771,41.31056978209891,20.18087182543152,-2.3484308070241106e-09,7.56644844805202e-09,0.005731838708870597,738.502826548542,26000.00000000002,1700.0000000000005,799.9999999999993,53.74518873553868,43.8003831262474,-3.518881048241209e-09,1.1337541632808943e-08,0.20387021179577564,28402.250557918618,28500.00000000002
177.0,0.4696296619106693,5.361030394733472,7.846851295926749e-10,-2.523215778030723e-09,0.17479386375445216,25993.994546081358,11.964989291288155,18.25848090579082,2.7099532310464846e-09,-8.714064396530327e-09,0.011805834681951441,1669.7647239742435,41.31056978125669,20.180871825205227,7.01176017267856e-09,-2.2546857627612633e-08,0.005398046787438509,738.503160362285,26000.00000000002,1700.0000000000002,799.9999999999993,53.74518873445551,43.80038312572952,1.050639853331772e-08,-3.3784137802173686e-08,0.19199774522384214,28402.262430417886,28500.00000000002
178.0,0.46962966192707795,5.361030394836494,-2.6256749322029233e-10,8.472665527937664e-10,0.16461465732917377,25994.004725285344,11.964989291512405,18.258480905979027,-9.067912718021871e-10,2.9260816163741184e-09,0.011118314535551985,1669.765411485954,41.31056978209787,20.18087182543124,-2.3462408323795614e-09,7.570972924716145e-09,0.00508368475323331,738.5034747024923,26000.000000000022,1700.0000000000002,799.9999999999994,53.745188735537354,43.80038312624676,-3.5155995974020408e-09,1.134432109388403e-08,0.18081665661795907,28402.27361147379,28500.000000000022
179.0,0.46962966191654465,5.361030394770361,4.111903532258253e-10,-1.3241388172260813e-09,0.15502824953858332,25994.014311694707,11.96498929136845,18.258480905858207,1.4200684889932661e-09,-4.572986196349452e-09,0.010470835577537911,1669.7660589703491,41.31056978155789,20.180871825286154,3.6742994526413273e-09,-1.1832190354567066e-08,0.00478763683081197,738.5037707644824,26000.00000000002,1700.0000000000005,799.9999999999993,53.745188734842884,43.80038312591472,5.505558294860419e-09,-1.77293153681426e-08,0.1702867219469332,28402.28414142954,28500.00000000002
180.0,0.46962966192467764,5.361030394821424,-1.0976658222779714e-10,3.557230878116186e-10,0.14600010434963162,25994.023339838677,11.9649892914796,18.258480905951494,-3.790849258573229e-10,1.2285092387491737e-09,0.009861060615455459,1669.7666687411045,41.31056978197482,20.180871825398178,-9.80848139634245e-10,3.1786571270457783e-09,0.0045088244263851935,738.5040495660022,26000.00000000002,1700.0000000000005,799.9999999999994,53.7451887353791,43.8003831261711,-1.4696996477193651e-09,4.762889453606571e-09,0.1603699893914723,28402.294058145784,28500.00000000002
181.0,0.4696296619260707,5.36103039483017,-1.988515086382507e-10,6.420614119835889e-10,0.1374977196273065,25994.03184222319,11.96498929149864,18.258480905967474,-6.867446164183025e-10,2.21739438197266e-09,0.009286796964548885,1669.767243004039,41.31056978204624,20.180871825417366,-1.7768899090369271e-09,5.737308465811323e-09,0.004246250522688212,738.5043121380527,26000.00000000002,1700.0000000000005,799.9999999999994,53.74518873547095,43.80038312621501,-2.66248603409348e-09,8.596764259767571e-09,0.15103076711454358,28402.303397365282,28500.00000000002
182.0,0.46962966191281513,5.361030394746945,6.52107053786698e-10,-2.1039937594966855e-09,0.12949048022797804,25994.03984946458,11.964989291317483,18.25848090581543,2.2520875581493258e-09,-7.2662581100339175e-09,0.008745977632114653,1669.7677838302495,41.310569781366695,20.18087182523478,5.827073937878285e-09,-1.8800789119261153e-08,0.00399897175351517,738.5045594346182,26000.00000000002,1700.0000000000005,799.9999999999994,53.745188734596994,43.800383125797154,8.731268549814309e-09,-2.8171040988791757e-08,0.14223542961360786,28402.31219272945,28500.00000000002
183.0,0.4696296619346998,5.361030394884348,-7.552092816465875e-10,2.4416769696457803e-09,0.12194953547731371,25994.047390406038,11.964989291616568,18.25848090606645,-2.6081567697937786e-09,8.432465639563462e-09,0.008236648966644762,1669.7682931475265,41.31056978248861,20.180871825536222,-6.748370987759862e-09,2.1818246178958755e-08,0.0037660839016949556,738.504792293003,26000.000000000022,1700.0000000000005,799.9999999999994,53.74518873603988,43.80038312648702,-1.0111737039200229e-08,3.2692388788168e-08,0.1339522683456534,28402.320475846565,28500.000000000022
184.0,0.46962966191888417,5.3610303947850495,2.631879631000362e-10,-8.504298095718661e-10,0.11484775108047227,25994.054492192823,11.964989291400425,18.25848090588504,9.089340986527363e-10,-2.9370060975031177e-09,0.00775698565777971,1669.7687728190851,41.31056978167782,20.180871825318377,2.351785204047361e-09,-7.599239036828183e-09,0.0035467684044228494,738.5050116298463,26000.000000000022,1700.0000000000002,799.9999999999994,53.74518873499713,43.80038312598847,3.5239072658001337e-09,-1.1386674943903165e-08,0.12615150514267484,28402.328276641758,28500.000000000022
185.0,0.46962966191382033,5.361030394753256,5.895253010711488e-10,-1.9043031129378243e-09,0.1081595409571168,25994.06118040371,11.96498929133122,18.258480905826957,2.0359580348619437e-09,-6.576615484688688e-09,0.007305254668578393,1669.7692245527144,41.310569781418224,20.18087182524863,5.267858241420957e-09,-1.701640087283641e-08,0.00334022217607515,738.5052181829051,26000.000000000022,1700.0000000000005,799.9999999999994,53.745188734663266,43.800383125828844,7.89334157735405e-09,-2.5497319470462923e-08,0.11880501780177034,28402.33562313933,28500.000000000022
186.0,0.46962966193724864,5.361030394900351,-9.21875416367256e-10,2.9846584657669693e-09,0.10186081575051929,25994.06747912537,11.964989291651403,18.258480906095684,-3.1837474280044903e-09,1.0307682085300185e-08,0.006879827161268202,1669.769649967968,41.310569782619275,20.18087182557133,-8.237660030489733e-09,2.6670200020478144e-08,0.003145696527784489,738.5054126768486,26000.000000000022,1700.0000000000002,799.9999999999994,53.74518873620793,43.80038312656737,-1.234328287486148e-08,3.99625405715453e-08,0.11188633943957198,28402.342541770187,28500.000000000022
187.0,0.46962966190455296,5.361030394695071,1.1896953386066042e-09,-3.8502420182005e-09,0.09592890813583832,25994.073411037945,11.964989291204567,18.25848090572066,4.108678252219411e-09,-1.3297022466765197e-08,0.0064791807726672975,1669.770050631491,41.31056978094313,20.18087182512098,1.0630835322651575e-08,-3.4404849308645794e-08,0.0029625141122139845,738.5055959035972,26000.000000000022,1700.0000000000005,799.9999999999994,53.745188734052256,43.80038312553671,1.592920891347759e-08,-5.155211379361149e-08,0.1053706030207196,28402.349057573032,28500.000000000022
188.0,0.46962966192346467,5.361030394813809,-3.220157612591879e-11,1.0688200326118869e-10,0.09034244187699496,25994.078997501332,11.964989291463025,18.258480905937578,-1.1120991334473198e-10,3.691228737596366e-10,0.006101860731376716,1669.7704279416105,41.31056978191264,20.180871825381473,-2.8774564530612207e-10,9.550722262054896e-10,0.00278998588087257,738.5057684061571,26000.000000000022,1700.0000000000005,799.9999999999994,53.74518873529913,43.80038312613286,-4.3115713477677285e-10,1.4310771032263149e-09,0.09923428848924423,28402.3551938491,28500.000000000022
189.0,0.4696296619219826,5.361030394804503,6.429055492923044e-11,-2.0751506991842664e-10,0.08508130812474571,25994.084258635314,11.96498929144277,18.258480905920578,2.2203096568681134e-10,-7.166647015555989e-10,0.00574651620933784,1669.7707832869223,41.31056978183666,20.180871825361056,5.74485147689399e-10,-1.854305437439868e-09,0.0026275101632536072,738.5059308839183,26000.000000000022,1700.0000000000005,799.9999999999994,53.74518873520142,43.80038312608613,8.608066683054408e-10,-2.7784852089138936e-09,0.09345533449733716,28402.360972806156,28500.000000000022
190.0,0.4696296619133831,5.361030394750513,6.212878604823748e-10,-2.0125766410894006e-09,0.08012655964363484,25994.089213385105,11.964989291325246,18.25848090582194,2.1456517798197714e-09,-6.950544066054644e-09,0.005411866124540766,1669.7711179415335,41.310569781395806,20.18087182524261,5.551680937474344e-09,-1.7983907435239728e-08,0.0024744982530107806,738.5060839075403,26000.000000000022,1700.0000000000002,799.9999999999995,53.74518873463444,43.80038312581506,8.31862057777649e-09,-2.6947028142383772e-08,0.08801292402118639,28402.36641523418,28500.000000000022
191.0,0.4696296619262997,5.361030394831609,-2.1567168762429636e-10,7.004943030767662e-10,0.07546035060998281,25994.09387959217,11.96498929150177,18.258480905970096,-7.448340291933154e-10,2.4191955835319535e-09,0.005096702210465608,1669.7714330986437,41.310569782057975,20.18087182542052,-1.927191038326498e-09,6.259450918966712e-09,0.002330391314630727,738.5062279968741,26000.000000000022,1700.0000000000005,799.9999999999995,53.745188735486046,43.80038312622223,-2.8876967551441097e-09,9.379140805575432e-09,0.08288744413507915,28402.371540687684,28500.000000000022
192.0,0.46962966191355177,5.361030394751571,6.114571040232363e-10,-1.9831143185472864e-09,0.07106588372047995,25994.09827406101,11.96498929132755,18.258480905823873,2.1117007220056036e-09,-6.848794315594196e-09,0.004799894794027794,1669.7717299127921,41.31056978140445,20.18087182524493,5.463835629882904e-09,-1.772063911021297e-08,0.0021946833404081394,738.5063637222665,26000.000000000022,1700.0000000000005,799.9999999999995,53.74518873464555,43.800383125820375,8.186993455911744e-09,-2.6552547744354453e-08,0.07806046185491587,28402.376367696066,28500.000000000022
193.0,0.46962966192736777,5.361030394838315,-2.856627648225029e-10,9.282920985519138e-10,0.06692732656265979,25994.102412616052,11.964989291516366,18.258480905982346,-9.865520618864062e-10,3.205907792835703e-09,0.00452036916278347,1669.7720094311194,41.31056978211273,20.180871825435233,-2.5526147006911055e-09,8.294997980508894e-09,0.0020668712707518546,738.5064915154384,26000.000000000022,1700.0000000000002,799.9999999999994,53.74518873555646,43.800383126255895,-3.824829527400015e-09,1.242919787189651e-08,0.0735145669961951,28402.38091356261,28500.000000000022
194.0,0.469629661919023,5.361030394785923,2.568555610553611e-10,-8.337831426430663e-10,0.06302978406751117,25994.106310159827,11.964989291402322,18.258480905886632,8.870648000821131e-10,-2.8795159181724173e-09,0.004257124297621765,1669.772272680406,41.31056978168493,20.18087182532029,2.29520036156606e-09,-7.450488370144832e-09,0.0019465083017537912,738.5066118898477,26000.000000000022,1700.0000000000002,799.9999999999994,53.74518873500628,43.800383125992845,3.4391207227035343e-09,-1.1163787430960316e-08,0.06923341666688672,28402.38519473008,28500.000000000022
195.0,0.4696296619225669,5.361030394808172,2.619668516379116e-11,-8.409618245473115e-11,0.05935921472664094,25994.109980728623,11.964989291450753,18.25848090592728,9.047169231313064e-11,-2.9043078905544887e-10,0.004009208304344174,1669.7725205945178,41.31056978186661,20.180871825369103,2.3408736417573283e-10,-7.514635368481998e-10,0.0018331515673887324,738.5067252417138,26000.000000000022,1700.0000000000002,799.9999999999994,53.745188735239935,43.80038312610455,3.5075574165265463e-10,-1.1259905083583798e-09,0.06520157459837385,28402.389226564854,28500.000000000022
196.0,0.46962966193112765,5.361030394861921,-5.311079829192056e-10,1.7264312327742826e-09,0.0559024014606371,25994.11343754057,11.964989291567749,18.258480906025476,-1.8342106152788072e-09,5.96232516851828e-09,0.0037757291910647875,1669.7727540690878,41.31056978230548,20.18087182548702,-4.7458549443387974e-09,1.5426979947010697e-08,0.0017263947579331921,738.5068319867679,26000.00000000002,1700.0000000000002,799.9999999999994,53.745188735804355,43.80038312637441,-7.111173542536811e-09,2.311573634830326e-08,0.061404525409635084,28402.393023596425,28500.00000000002
197.0,0.4696296619101313,5.361030394730096,8.365500656117836e-10,-2.718837941837684e-09,0.052646902060189786,25994.116693043205,11.964989291280803,18.25848090578464,2.8890716387616917e-09,-9.389656293233555e-09,0.003555850167778356,1669.7729739592676,41.3105697812291,20.180871825197816,7.475212937425806e-09,-2.4294890877523925e-08,0.0016258630308135702,738.5069325473614,26000.000000000022,1700.0000000000002,799.9999999999994,53.74518873442003,43.80038312571256,1.1200834641799282e-08,-3.640338511259516e-08,0.05782861525878171,28402.396599549837,28500.000000000022
198.0,0.46962966193136885,5.361030394863436,-5.478177762787768e-10,1.7828591388982058e-09,0.049580983083935055,25994.119758958906,11.964989291571044,18.25848090602824,-1.8919188051737825e-09,6.1572020442137385e-09,0.0033487713115604055,1669.773181026824,41.31056978231784,20.180871825490343,-4.895169693792843e-09,1.59312063300345e-08,0.0015311744920595651,738.5070272066632,26000.000000000022,1700.0,799.9999999999995,53.74518873582026,43.800383126382016,-7.3349062752454025e-09,2.3871267513146448e-08,0.05446092888755502,28402.399967192392,28500.000000000022
199.0,0.4696296619288603,5.3610303948476865,-3.840165841053395e-10,1.2493279793231904e-09,0.04669361152227807,25994.122646330856,11.964989291536762,18.258480905999466,-1.3262223834602262e-09,4.3146228551900395e-09,0.003153754270129955,1669.7733760452054,41.31056978218924,20.18087182545579,-3.4314810979390503e-09,1.1163698453987799e-08,0.0014420063875218514,738.5071163782347,26000.00000000002,1700.0000000000002,799.9999999999995,53.745188735654864,43.80038312630294,-5.141720065504616e-09,1.672764928850103e-08,0.051289372179929876,28402.403138754296,28500.00000000002
200.0,0.46962966190149036,5.361030394675844,1.4018635677081955e-09,-4.559883692978823e-09,0.04397438985137799,25994.125365556753,11.964989291162711,18.258480905685527,4.841412894804701e-09,-1.5747809001429416e-08,0.0029700968969440943,1669.7735597171613,41.310569780786125,20.180871825078796,1.2526720286707986e-08,-4.074603897128858e-08,0.0013580379261857057,738.5072003844277,26000.000000000022,1700.0000000000002,799.9999999999995,53.74518873385033,43.80038312544016,1.8769996749220882e-08,-6.105373166569681e-08,0.04830252467450779,28402.40612565834,28500.000000000022
201.0,0.46962966193377037,5.361030394878514,-7.051037493340453e-10,2.2958245313224494e-09,0.04141351861314807,25994.127926423007,11.964989291603866,18.258480906055787,-2.4351145594676745e-09,7.92875622575252e-09,0.002797128553256737,1669.7737326682934,41.31056978244096,20.18087182552342,-6.3006398371263266e-09,2.0514943389407867e-08,0.0012789434162492927,738.5072794344046,26000.000000000022,1700.0,799.9999999999995,53.745188735978594,43.80038312645772,-9.440858145928047e-09,3.073952414648284e-08,0.045489590582654095,28402.408938525707,28500.000000000022
202.0,0.4696296619119798,5.361030394741702,7.182236510905953e-10,-2.3373984805649305e-09,0.03900178460148915,25994.130338160387,11.964989291306065,18.258480905805843,2.4804248615020294e-09,-8.072334144907599e-09,0.0026342387724762237,1669.7738955697075,41.31056978132386,20.180871825223274,6.417876166980394e-09,-2.0886438337576193e-08,0.0012044693831589242,738.5073539385378,26000.000000000022,1700.0,799.9999999999995,53.74518873454191,43.80038312577082,9.61652467957302e-09,-3.129617096304872e-08,0.042840492757124295,28402.41158766863,28500.000000000022
203.0,0.46962966191794675,5.361030394779165,3.285405415849697e-10,-1.068679813730735e-09,0.036730497271166854,25994.132609446795,11.964989291387612,18.258480905874286,1.1346328209860592e-09,-3.6907444845641077e-09,0.0024808320807623405,1669.7740489732137,41.310569781629766,20.180871825305463,2.9357603421926073e-09,-9.54946930003951e-09,0.0011343250839312875,738.507424074594,26000.000000000022,1700.0000000000002,799.9999999999995,53.745188734935326,43.800383125958916,4.398933704763636e-09,-1.4308893598334353e-08,0.04034565443586048,28402.4140824946,28500.000000000022
204.0,0.4696296619234588,5.361030394813773,-3.1534456885221634e-11,1.0307587138722906e-10,0.03459147941907147,25994.134748463795,11.964989291462942,18.25848090593751,-1.089059803611037e-10,3.559781881619913e-10,0.002336359110773714,1669.7741934432418,41.31056978191234,20.180871825381388,-2.8178442601041104e-10,9.210615347521705e-10,0.00106826570070874,738.5074901263658,26000.000000000022,1700.0,799.9999999999995,53.74518873529874,43.80038312613267,-4.222248632567364e-10,1.3801155943013909e-09,0.037996104230553926,28402.416432033402,28500.000000000022
205.0,0.4696296619150143,5.361030394760754,5.205460042938941e-10,-1.694815082335784e-09,0.032577029140835094,25994.13676291538,11.964989291347536,18.258480905840653,1.7977342414746654e-09,-5.853137054812344e-09,0.002200301068927176,1669.7743295057985,41.31056978147944,20.180871825265072,4.651475608884435e-09,-1.5144465526593315e-08,0.0010060570738658126,738.5075523466741,26000.000000000022,1700.0000000000002,799.9999999999994,53.74518873474199,43.800383125866475,6.969755854652995e-09,-2.2692417663741443e-08,0.035783387283628086,28402.41864476785,28500.000000000022
206.0,0.46962966192656075,5.361030394833248,-2.344838449234476e-10,7.640617182946838e-10,0.030679889712524604,25994.13866005302,11.964989291505335,18.258480905973094,-8.098028485840235e-10,2.6387291464634457e-09,0.002072164292315852,1669.7744576364005,41.31056978207136,20.180871825424113,-2.095292013285484e-09,6.827474261730098e-09,0.0009474658069541936,738.5076109219649,26000.000000000022,1700.0000000000002,799.9999999999995,53.745188735503255,43.80038312623046,-3.139578706792955e-09,1.0230265126488227e-08,0.03369951981179465,28402.42072861139,28500.000000000022
207.0,0.4696296619153535,5.361030394762884,4.985825891959238e-10,-1.6239558596115529e-09,0.028893233044021874,25994.140446711426,11.96498929135217,18.258480905844543,1.7218823800785343e-09,-5.6084208339026755e-09,0.0019514920530064113,1669.774578314637,41.310569781496824,20.180871825269744,4.455215741826559e-09,-1.4511284321850321e-08,0.0008922927389704595,738.50766611055,26000.000000000022,1700.0000000000002,799.9999999999994,53.74518873476435,43.800383125877175,6.6756807111010174e-09,-2.174366101536455e-08,0.03173701783599874,28402.422691136613,28500.000000000022
208.0,0.46962966192779204,5.361030394840979,-3.1516294001194133e-10,1.02702040841556e-09,0.027210620894388735,25994.142129321648,11.964989291522162,18.258480905987216,-1.08843253859777e-09,3.5468714382929556e-09,0.0018378446687941008,1669.7746919553636,41.310569782134486,20.180871825441073,-2.8162212680628655e-09,9.177210736838622e-09,0.0008403263290623931,738.5077180597339,26000.000000000022,1700.0000000000002,799.9999999999994,53.74518873558444,43.80038312626927,-4.219816746672577e-09,1.3751102583547138e-08,0.02988879189224523,28402.424539336746,28500.000000000022
209.0,0.46962966192288197,5.361030394810151,6.117692043620658e-12,-1.9872337718338847e-11,0.025625998174216038,25994.14371394513,11.964989291455058,18.258480905930895,2.1127785785480644e-11,-6.863021072441077e-11,0.0017308174423827016,1669.7747989852194,41.31056978188277,20.18087182537344,5.466624485484376e-11,-1.7757449565727865e-10,0.0007913908176439124,738.5077670020485,26000.000000000022,1700.0000000000002,799.9999999999994,53.74518873526071,43.80038312611448,8.191172268394506e-11,-2.6607704410002826e-10,0.028148206434242654,28402.426279932395,28500.000000000022
210.0,0.4696296619160146,5.361030394767034,4.555095996282063e-10,-1.4840510693536056e-09,0.024133656986730655,25994.145206287383,11.964989291361206,18.258480905852128,1.5731274427821146e-09,-5.125251949893887e-09,0.001630023249819693,1669.774899783089,41.31056978153072,20.18087182527885,4.07032572495188e-09,-1.3261128304790623e-08,0.000745305712491345,738.5078130966682,26000.000000000025,1700.0,799.9999999999994,53.74518873480794,43.80038312589801,6.098962767362201e-09,-1.9870431324038116e-08,0.026508985949041695,28402.42791916714,28500.000000000025
211.0,0.4696296619368599,5.361030394897911,-9.085099591538452e-10,2.9603643944849983e-09,0.022728220439041328,25994.1466117207,11.964989291646088,18.258480906091226,-3.1375890868633365e-09,1.0223781174764366e-08,0.0015350958344309126,1669.7749946993422,41.310569782599345,20.180871825565973,-8.118229475512455e-09,2.6453113962779856e-08,0.0007018968270847534,738.5078564766721,26000.000000000025,1700.0000000000002,799.9999999999994,53.74518873618229,43.80038312655511,-1.2164328521529638e-08,3.963725953202922e-08,0.024965213100556993,28402.429462896715,28500.000000000025
212.0,0.46962966191421485,5.361030394755734,5.732747103354458e-10,-1.86793888513591e-09,0.02140463347062807,25994.14793531118,11.96498929133661,18.258480905831483,1.979835726431339e-09,-6.451029624899236e-09,0.0014457011940661893,1669.775084106109,41.31056978143845,20.18087182525406,5.122646817629967e-09,-1.6691458759568293e-08,0.0006610275738105926,738.5078973773019,26000.000000000025,1700.0,799.9999999999994,53.74518873468928,43.80038312584128,7.675757254396751e-09,-2.5010427269603438e-08,0.023511362238504856,28402.43091679459,28500.000000000025
213.0,0.4696296619151561,5.361030394761644,5.117261067039806e-10,-1.66742445342331e-09,0.020158124911586486,25994.14918181959,11.964989291349474,18.25848090584228,1.767274240294534e-09,-5.758542012278048e-09,0.0013615100830687943,1669.7751682967164,41.3105697814867,20.180871825267026,4.572663096296735e-09,-1.489970936448379e-08,0.0006225322146265858,738.5079358713581,26000.000000000022,1700.0,799.9999999999994,53.74518873475133,43.80038312587095,6.85166344329525e-09,-2.2325675830185147e-08,0.022142167209281867,28402.432285987667,28500.000000000022
214.0,0.4696296619263418,5.361030394831873,-2.2016120836504733e-10,7.173304273741736e-10,0.018984206593165954,25994.150355736176,11.964989291502343,18.258480905970583,-7.603388358534045e-10,2.477340064287437e-09,0.0012822207550356166,1669.775247580055,41.310569782060135,20.180871825421097,-1.9673083306247767e-09,6.4098945317316445e-09,0.0005862758027943836,738.5079721122728,26000.000000000025,1700.0,799.9999999999994,53.745188735488824,43.80038312622355,-2.9478083748432285e-09,9.604565023393256e-09,0.020852703150995956,28402.433575428502,28500.000000000025
215.0,0.46962966191168476,5.361030394739849,7.386296494368732e-10,-2.406627657255368e-09,0.01787865326680277,25994.151461291774,11.964989291302032,18.258480905802465,2.5508980985696585e-09,-8.311420912408628e-09,0.001207551592560073,1669.7753222570636,41.31056978130874,20.18087182521921,6.600219327443772e-09,-2.150505383785326e-08,0.0005521377466148092,738.5080062706297,26000.000000000025,1700.0000000000002,799.9999999999994,53.74518873452246,43.80038312576153,9.889747075450303e-09,-3.2223102407517255e-08,0.01963834260597765,28402.43478981947,28500.000000000025
216.0,0.4696296619262771,5.3610303948314675,-2.157930838368502e-10,7.02878741098625e-10,0.016837480767228276,25994.15250246201,11.964989291501459,18.25848090596984,-7.452532776991241e-10,2.4274303713433475e-09,0.0011372277570833114,1669.7753925730894,41.31056978205682,20.180871825420205,-1.928275806096199e-09,6.280757691509351e-09,0.0005199799043129595,738.5080384082656,26000.000000000022,1700.0,799.9999999999994,53.745188735484554,43.80038312622151,-2.8893221676321732e-09,9.411066803951323e-09,0.018494688428624544,28402.435933443365,28500.000000000022
217.0,0.4696296619165566,5.361030394770437,4.197423032883897e-10,-1.3674122928922184e-09,0.015856942845241116,25994.15348300144,11.964989291368612,18.258480905858345,1.4496031186631774e-09,-4.7224335234494984e-09,0.0010710018027133663,1669.7754588042433,41.3105697815585,20.180871825286314,3.750717649687503e-09,-1.2218871867695661e-08,0.0004897012611174928,738.5080687003616,26000.000000000022,1700.0,799.9999999999994,53.745188734843666,43.8003831259151,5.62006307163907e-09,-1.830871768403738e-08,0.017417645909071976,28402.437010506044,28500.000000000022
218.0,0.4696296619256806,5.361030394827722,-1.7657372645913408e-10,5.748168528712813e-10,0.014933505762789555,25994.15440643711,11.964989291493307,18.258480905962998,-6.09807071012108e-10,1.9851616004976967e-09,0.0010086305605619616,1669.775521170608,41.31056978202624,20.180871825411987,-1.5778209322991738e-09,5.136427037549185e-09,0.00046118086539932533,738.5080972081372,26000.000000000022,1700.0000000000002,799.9999999999994,53.745188735445225,43.8003831262027,-2.364201729770416e-09,7.696405490918162e-09,0.016403317188750842,28402.438024815852,28500.000000000022
219.0,0.469629661924772,5.361030394822017,-1.1728748109487245e-10,3.8191527625519116e-10,0.014063846145508008,25994.155276096866,11.964989291480888,18.258480905952577,-4.0505876353082055e-10,1.3189654013755234e-09,0.0009498925711395866,1669.7755799090817,41.31056978197966,20.18087182539947,-1.0480531077736334e-09,3.412704309574702e-09,0.00043432398927510164,738.5081240662663,26000.000000000022,1700.0000000000002,799.9999999999993,53.74518873538532,43.80038312617407,-1.5703993523993264e-09,5.113584987205417e-09,0.015448062705922696,28402.438980072213,28500.000000000022
220.0,0.4696296619145761,5.361030394758003,5.48695767420939e-10,-1.7869019743412812e-09,0.013244832209475848,25994.156095112376,11.964989291341547,18.25848090583563,1.894950995927564e-09,-6.1711641987376294e-09,0.0008945762313521398,1669.7756352308677,41.31056978145697,20.180871825259032,4.903015214452609e-09,-1.5967332148592978e-08,0.0004090337112611416,738.5081493706365,26000.00000000002,1700.0,799.9999999999994,53.745188734713096,43.80038312585266,7.346661977801112e-09,-2.392539832167189e-08,0.01454844215208913,28402.43987971388,28500.00000000002
