day,S_s,V_s,E_s,I_s,Q_s,R_s,S_t,V_t,E_t,I_t,Q_t,R_t,S_l,V_l,E_l,I_l,Q_l,R_l,N_s,N_t,N_l,S,V,E,I,Q,R,N
0.0,18196.0,7800.0,2.0,2.0,0.0,0.0,1020.0,680.0,0.0,0.0,0.0,0.0,480.0,320.0,0.0,0.0,0.0,0.0,26000.0,1700.0,800.0,19696.0,8800.0,2.0,2.0,0.0,0.0,28500.0
1.0,18165.38491168474,7791.86074226347,27.54589802230133,10.65362957529385,0.8911999516359791,3.663618502557205,1019.7248250591721,679.8724970313517,0.2806626368518512,0.09393167423068693,0.0055854595624788995,0.0224981388311019,479.9648795593863,319.98536628231403,0.034747675715669536,0.011565131648997654,0.00068451113512485,0.0027568397997873627,25999.999999999996,1700.0,799.9999999999999,19665.0746163033,8791.718605577134,27.861308334868852,10.759126381173536,0.8974699223335828,3.688873481188094,28499.999999999996
2.0,17937.00667949114,7730.979267154441,211.7672705112351,81.82655841947624,7.406753478695627,31.01347094501314,1017.620976581741,678.8973266853375,2.252772131271371,0.8570037966570182,0.0723086836251415,0.2996121213678939,479.6930394849053,319.8720844448767,0.2817656743116099,0.10691936503448055,0.008982669495809642,0.03720836137603285,26000.000000000004,1699.9999999999998,800.0,19434.320695557784,8729.748678284655,214.30180831681807,82.79048158116774,7.488044831816579,31.350291427757067,28500.000000000004
3.0,16297.82694611808,7285.006462957214,1517.2124796722871,605.732815833754,56.50665505707415,237.71464036158804,1001.7824393727518,671.5360261178124,16.945548825173663,6.615389063546224,0.6011409920288977,2.519455628686904,477.6294291387076,319.0113454124341,2.137187339935914,0.8313632530948158,0.07527567897449627,0.315399176852983,25999.999999999996,1700.0,800.0,17777.23881462954,8275.55383448746,1536.2952158373969,613.179568150395,57.18307172807754,240.54949516712793,28499.999999999996
4.0,8777.265253907748,4963.548666475511,6914.18387155022,3405.601183176895,370.07157111726553,1569.3294537723566,904.7729289490471,625.643323323239,102.6226298062274,44.208725528913114,4.36045759463797,18.391934797935175,464.39414020830776,313.45731695529463,13.541844034183457,5.713099085562684,0.5549046784410242,2.3386950382103815,25999.999999999996,1699.9999999999998,800.0,10146.432323065103,5902.649306754045,7030.348345390631,3455.5230077913707,374.9869333903445,1590.060083608502,28499.999999999996
5.0,1016.837876548676,1304.3820664742652,8300.435020523808,7784.993791957047,1411.6902892188564,6181.660955277343,629.0743410616594,485.99260777014945,289.7882075425128,174.3148733311778,22.838066075656034,97.99190421884423,419.30966205722564,294.0752660607038,45.19868054600635,25.09819549692399,3.0931671428418914,13.225028696298237,25999.999999999996,1699.9999999999998,799.9999999999999,2065.221879667561,2084.4499403051186,8635.421908612327,7984.406860785149,1437.6215224373543,6292.877888192485,28499.999999999996
6.0,51.53909671266529,205.32080489419093,3577.757907812047,7009.23721674636,2661.007949353999,12495.137024480733,368.61702347453337,335.19820772246914,323.53747015820846,309.4032126351565,66.39047483997753,296.85361116965476,357.95780059653924,266.39072468507743,66.5570840830082,54.085121281569414,10.138802037849905,44.870467315955665,25999.999999999996,1699.9999999999995,800.0,778.113920783738,806.9097373017376,3967.852462053264,7372.725550663086,2737.5372262318265,12836.861102966343,28499.999999999996
7.0,5.383318188170921,50.600960207734005,1218.3931160167372,4160.3454273883,3319.309952337079,17245.967225861972,236.2914556353743,246.08104709883366,223.35268499891035,317.0577337173676,117.27235766101668,559.944720888497,309.84590526214436,243.4110589014753,61.45072256748768,68.93823031160123,20.506475042355518,95.84760791493588,25999.999999999993,1699.9999999999995,800.0,551.5206790856896,540.093066208043,1503.196523583135,4546.341391417268,3457.0887850404506,17901.759554665405,28499.999999999993
8.0,1.4343576418299064,22.286155979544123,398.11340401294626,2076.081608990642,3414.4283408412857,20087.656132533746,176.9379362326784,201.26458401143736,127.27028614562381,242.7053732661418,153.33916800933653,798.4826523347817,278.7620822192793,227.84802443716143,45.629420309152714,65.1708271256521,30.32274797989238,152.2668979288619,25999.999999999993,1699.9999999999995,799.9999999999998,457.13437609378764,451.39876442814295,571.0131104677228,2383.9578093824357,3598.0902568305146,21038.405682797387,28499.999999999993
9.0,0.7180011337950886,14.511253759997166,129.18385140552778,949.2827093741479,3205.09270070455,21701.21148362198,149.55608584113364,179.06909399137112,67.21837917390621,158.67316104439894,168.8639870168108,976.6192929323789,259.9188944048411,218.09608103984206,30.403818114748987,51.85550257974708,37.00743339414446,202.7182704666761,26000.0,1699.9999999999995,799.9999999999998,410.1929813797699,411.67642879121036,226.80604869418298,1159.8113729982938,3410.9641211155053,22880.54904702104,28500.0
10.0,0.5094417502762096,11.730215072417439,42.07308419438368,412.57540659271365,2877.42985303609,22655.68199935412,136.3760443775955,167.94797272101678,34.49597390622086,94.74818721630443,168.35196883418763,1098.0798529446745,248.76785565992088,212.2001170422471,19.111331037645076,37.13462024463569,40.06292495735677,242.7231510581943,26000.000000000004,1699.9999999999995,799.9999999999998,385.65334178779256,391.8783048356813,95.68038913824961,544.4582140536537,3085.8447468276345,23996.48500335699,28500.000000000004
11.0,0.4315057601899325,10.582762549383084,13.845074601676497,173.64769048889903,2527.4655219277242,23274.02744467213,129.83770969434312,162.31003884226047,17.5510362231026,53.57402056879224,158.2659285275973,1178.4612661439037,242.24291892969285,208.7041749276554,11.616746636211857,24.850017038794544,40.15968272765402,272.4264597399911,26000.000000000004,1699.9999999999995,799.9999999999998,372.5121343842259,381.59697631929896,43.01285746099096,252.0717280964858,2725.8911331829754,24724.915170556025,28500.000000000004
12.0,0.3984446676096278,10.072459520391716,4.634075157673303,71.54649261545252,2196.5927248100993,23716.755803228778,126.53171926860584,159.42645267557623,8.93045393055755,29.28869742691929,143.65019674015198,1232.1724799581887,238.45083614312594,206.6562222123526,6.917864269150889,15.891554883401113,38.27810719556265,293.8054152964066,26000.000000000004,1699.9999999999995,799.9999999999998,365.3810000793414,376.1551344083205,20.482393357381742,116.72674492577292,2378.521028745814,25242.733698483375,28500.000000000004
13.0,0.38344449205574443,9.83564649113911,1.5898904427719125,29.058460166522412,1899.2938542593931,24059.838704148122,124.83864416201749,157.94081642961856,4.561823027826449,15.680394023311358,127.66010974782711,1269.3182126093984,236.2580153225109,205.46639426747828,4.065249329562576,9.848850627232785,35.28311648400152,309.07837396921377,26000.000000000004,1699.9999999999993,799.9999999999998,361.48010397658413,373.2428571882359,10.216962800160937,54.58770481706656,2062.2370804912216,25638.235290726734,28500.000000000004
14.0,0.37636066215976804,9.722590125111635,0.564204905205406,11.69054125061081,1638.2424478879936,24339.403855168923,123.96308665352512,157.1701250625342,2.3434509288620577,8.28917221799333,112.01617216282874,1296.2179929742558,234.99513117529185,204.77927219186506,2.367270696851689,5.969524371126747,31.80072413321288,320.0880774316516,26000.000000000004,1699.9999999999993,799.9999999999998,359.33457849097675,371.6719873795109,5.274926530919153,25.949237839730884,1782.0593441840354,25955.70992557483,28500.000000000004
15.0,0.37292064724343527,9.667396805514995,0.20911241568298183,4.676241900576549,1411.454539154689,24573.619789076292,123.50646375930735,156.76753375960723,1.211713406231955,4.351000729892693,97.53937724318942,1316.6239111017705,234.27028639146693,204.3842662560349,1.369506056501916,3.5602315242154847,28.232324884618016,328.1833848871626,26000.0,1699.999999999999,799.9999999999999,358.1496707980177,370.8191968211571,2.7903318784168527,12.587474154684728,1537.2262412824964,26218.427085065225,28500.0
16.0,0.3712126035943212,9.639920246662607,0.0816533622395599,1.8656616024168633,1215.411886254369,24772.62966593072,123.26645168837058,156.55574001781707,0.6309023152111726,2.276647526576948,84.54302772631719,1332.727230725706,233.8554454450553,204.15799146448046,0.7884075693020921,2.0980768570174777,24.810379255506508,334.28969940863806,26000.0,1699.999999999999,799.9999999999999,357.4931097370202,370.35365172896013,1.5009632467528244,6.2403859860112885,1324.7652932361925,26439.64659606506,28500.0
17.0,0.3703482395894571,9.625997292530657,0.03377542168066319,0.744608476594287,1046.3387880074433,24942.88648256216,123.13935241699295,156.44353293258104,0.33084492036944857,1.1908600485024883,73.07552238046803,1345.8198873010851,233.6185949234715,204.02873396090618,0.4521636213696613,1.2253174264188436,21.654058728973443,339.0211313388602,26000.0,1699.999999999999,799.9999999999998,357.12829558005393,370.0982641860179,0.8167839634197731,3.160785951515619,1141.068369116885,26627.727501202105,28500.0
18.0,0.36990346721475315,9.61882820163176,0.014807761107048397,0.2981936693247649,900.6816846680052,25089.016582232714,123.07156862045973,156.3836769025832,0.17473734303328425,0.6239937176656495,63.058244984356165,1356.687778431901,233.48363756778292,203.9550610965178,0.25855139627104773,0.7106864486941507,18.812184538925756,342.77987895180803,25999.999999999996,1699.999999999999,799.9999999999998,356.9251096554574,369.9575662007328,0.4480965004113804,1.6328738356845651,982.5521141912872,26788.484239616424,28499.999999999996
19.0,0.3696712359787437,9.615083666532223,0.006849677246080837,0.12022133119359876,775.2598647534767,25214.62830933557,123.0351773631088,156.35153769715785,0.09293408669961649,0.3280210780970535,54.35950628766125,1365.8328234872745,233.4068667949364,203.91314500848154,0.14749045622421375,0.40999761173470006,16.292664682198346,345.82983544642445,25999.999999999996,1699.999999999999,799.9999999999997,356.81171539402396,369.8797663721716,0.24727422016991107,0.8582400210253524,845.9120357233363,26926.29096826927,28499.999999999996
20.0,0.3695484375668361,9.613103283203591,0.0033164322701365314,0.0489777657096184,667.286906663782,25322.678147417464,123.01551903429319,156.33417509398203,0.04975814410674935,0.17317196383365274,46.83230785288733,1373.595067910896,233.36325575473504,203.88933150616742,0.0839741528655882,0.23553672335850015,14.081298367289346,348.3466034955838,25999.999999999996,1699.9999999999989,799.9999999999998,356.74832322659506,369.83660988335305,0.13704872924247408,0.4576864529017713,728.2005128839587,27044.619818823947,28499.999999999996
21.0,0.36948279957660896,9.612044629650244,0.0016653435002926004,0.020247639523975736,574.3451297524603,25415.651429835285,123.00483963979296,156.3247424985611,0.02680899061640779,0.09187590090456807,40.33256412267434,1380.2191688474495,233.33850995876236,203.87581849588705,0.04773619662975982,0.1348616152448492,12.153193252133812,350.44988048134184,25999.999999999996,1699.9999999999989,799.9999999999997,356.7128323981319,369.8126056240984,0.07621053074646021,0.246985155673393,626.8308871272684,27146.320479164075,28499.999999999996
22.0,0.36944739328368187,9.611473543526138,0.0008598921821170749,0.008532638608669476,494.34592094690316,25495.663765585494,122.9990084013351,156.31959194072022,0.014528479225156599,0.049004720944530865,34.7271233498336,1385.8907431079404,233.32448194755406,203.8681579394848,0.027101552244162587,0.07701243977012459,10.479396662884945,352.2238494580616,25999.999999999996,1699.999999999999,799.9999999999997,356.69293774217283,369.7992234237312,0.04248992365143626,0.13454979932332495,539.5524409596217,27233.778358151496,28499.999999999996
23.0,0.36942814801635904,9.611163118086964,0.00045333505653825555,0.0036822601161697385,425.48853589443036,25564.526737244287,122.99580985499358,156.3167667291469,0.007915193268648557,0.02628122103854808,29.896630136153455,1390.7565968653976,233.31653591952755,203.86381861655067,0.015370357324638918,0.04388356704625651,9.03056535988,353.72982617967057,25999.999999999993,1699.9999999999989,799.9999999999997,356.6817739225375,369.79174846378453,0.02373888564982573,0.07384704820097432,464.41573139046386,27309.013160289356,28499.999999999993
24.0,0.3694176203812254,9.610993305127417,0.00024270307741089829,0.0016339063018654398,366.22183893988813,25623.79587352522,122.9940483058433,156.31521077868646,0.004332859962644712,0.014170948504900884,25.735879943465847,1394.9363571635356,233.31203789988854,203.86136222514313,0.00870956893233691,0.024962503901786098,7.778865624737023,355.0140621773969,25999.999999999996,1699.9999999999986,799.9999999999998,356.6755038261131,369.787566308957,0.01328513197239252,0.04076735870855242,399.736584508091,27373.746292866155,28499.999999999996
25.0,0.369411831073745,9.610899921601593,0.0001314272893513887,0.0007476279578728939,315.21026583835,25674.808543353727,122.99307473150635,156.31435083187498,0.0023819501886790384,0.007680872848586145,22.153029429960217,1398.5294821836198,233.30949309291083,203.8599724852406,0.004931704180368299,0.014179467502600573,6.698848094069171,356.11257515609617,26000.0,1699.9999999999986,799.9999999999998,356.67197965549093,369.7852232387172,0.007445081658398725,0.02260796830905961,344.06214336237935,27429.450600693446,28500.0
26.0,0.3694086335281944,9.610848343850943,7.178023761628263e-05,0.00035318688304062946,271.30408647902715,25718.715231576472,122.99253500096991,156.3138740933177,0.0013143659766577834,0.004183566016749955,19.068349717286694,1401.6197432564309,233.30805399870118,203.85918658160728,0.002790852205943589,0.008045046447769334,5.767748296281836,357.05417522475574,26000.0,1699.9999999999986,799.9999999999997,356.6699976331993,369.78390901877594,0.004176998420217655,0.01258179934755992,296.14018449259567,27477.389150057657,28500.0
27.0,0.3694068610952994,9.610819753691977,3.9458440016185815e-05,0.00017213270740403232,233.5136375132059,25756.50592428086,122.99223499180229,156.31360909795984,0.000727646354371392,0.0022889941290119404,16.412859599583754,1404.2782796701695,233.30724050602421,203.85874232437686,0.0015785502334287056,0.0045601968274511994,4.965479096184174,357.8623993263536,26000.0,1699.9999999999986,799.9999999999998,356.6688823589218,369.78317117602865,0.0023456550278162834,0.0070213236638671725,254.89197620897383,27518.646603277382,28500.0
28.0,0.36940587569573113,9.610803858720526,2.1799361499921258e-05,8.633542608833075e-05,200.98707358616525,25789.032608544632,122.99206785282226,156.31346146553972,0.00040397622390104463,0.0012575523574111641,14.126996547565138,1406.5658126054902,233.3067808082628,203.85849127815473,0.0008924747354517801,0.00258283746519185,4.274468955721107,358.55678364566046,26000.0,1699.9999999999986,799.9999999999998,356.6682545367808,369.78275660241496,0.001318250320852746,0.003926725248691345,219.3885390894515,27554.155204795785,28500.0
29.0,0.3694053265032639,9.610794999973518,1.2090251816128641e-05,4.4399445487906275e-05,172.9911882703122,25817.02855491352,122.9919745559198,156.31337905716347,0.00022482559767988315,0.0006934261227237065,12.159393216658483,1408.5343349185368,233.30652110909477,203.8583494533773,0.0005043972601861683,0.001461917711742198,3.6794327281492087,359.1537303944066,26000.000000000004,1699.999999999999,799.9999999999998,356.66790099151785,369.78252351051424,0.0007413131096821801,0.0021997432799538107,188.8300142151199,27584.716620226463,28500.000000000004
30.0,0.3694050198148595,9.610790052935197,6.726187175248324e-06,2.331596362427663e-05,148.89490214790948,25841.124872737193,122.99192239403229,156.3133329829947,0.0001253848532444356,0.0003836140909250351,10.46578322054928,1410.2284524034783,233.30637443776885,203.8582693544108,0.00028498175222132767,0.0008270163686322463,3.1671226371108188,359.6671215725884,26000.000000000004,1699.9999999999986,799.9999999999998,356.667701851616,369.78239239034065,0.00041709279264101157,0.001233946423181558,162.52780800556957,27611.020446713257,28500.000000000004
31.0,0.36940484826192943,9.610787285699413,3.751190297919195e-06,1.2451452743877693e-05,128.1550334901491,25861.86475817325,122.99189318980339,156.3133071871355,7.005085730209831e-05,0.00021282864570387465,9.008036555033582,1411.6864801885233,233.3062916192102,203.8582241261964,0.00016096932099924773,0.00046763287765770817,2.7260839659122684,360.10877168648227,26000.000000000004,1699.9999999999989,799.9999999999998,356.6675896572755,369.7823185990313,0.00023477136859926525,0.0006929129761054605,139.88915401109494,27633.660010048257,28500.000000000004
32.0,0.3694047521673244,9.610785735644475,2.0961227681898804e-06,6.736928480975133e-06,110.30406045762727,25879.715740221516,122.9918768198305,156.31329272767002,3.919428283640568e-05,0.00011836807952280138,7.753318537921302,1412.9413543522146,233.30624486414408,203.85819859268784,9.089866879109212e-05,0.00026431329088865514,2.3464279142574735,360.4887734169507,26000.000000000007,1699.9999999999989,799.9999999999998,356.6675264361419,369.78227705600233,0.0001321890743956877,0.00038941829889243163,120.40380690980605,27653.14586799068,28500.000000000007
33.0,0.36940469828267514,9.61078486645756,1.1731512159995777e-06,3.6818418165222256e-06,94.93958488061473,25895.08022069966,122.99186763548592,156.313284615212,2.1957140440780045e-05,6.597318917097596e-05,6.673359582056324,1414.021400236915,233.30621847465892,203.85818418106916,5.131882106293095e-05,0.0001493433530538314,2.019626344753193,360.8157703373445,26000.000000000007,1699.9999999999989,799.9999999999998,356.6674908084275,369.78225366273875,7.444911271971058e-05,0.0002189983840413296,103.63257080742424,27669.917391273917,28500.000000000007
34.0,0.36940466804076993,9.610784378640163,6.574445995709984e-07,2.027583887884269e-06,81.71525883309427,25908.304549435205,122.99186247874098,156.31328006030046,1.231381226017453e-05,3.6838815602303904e-05,5.743823062293875,1414.9509852460358,233.30620358307422,203.85817604859344,2.8967959940316597e-05,8.435950132178183e-05,1.7383294913674452,361.09717754950344,26000.000000000007,1699.9999999999989,799.9999999999998,356.66747072985595,369.78224048753407,4.193921680006212e-05,0.00012322590081197,89.19741138675559,27684.352712230742,28500.000000000007
35.0,0.3694046510559536,9.610784104666383,3.688414775518982e-07,1.1230331464728833e-06,70.332977512006,25919.686832240408,122.99185958158364,156.31327750126448,6.912089508950914e-06,2.0603657546395865e-05,4.943759626183716,1415.75107577522,233.30619518139596,203.85817146033457,1.6349366710148062e-05,4.764216229306162e-05,1.4962059528123026,361.33936341392797,26000.00000000001,1699.9999999999989,799.9999999999999,356.66745941403553,369.78223306626546,2.3630297696650875e-05,6.936885298593037e-05,76.77294309100202,27696.777271429557,28500.00000000001
36.0,0.3694046415085881,9.610783950662489,2.070752608208398e-07,6.245391868340781e-07,60.53615363692326,25929.4836569393,122.99185795262807,156.31327606242104,3.882222128934044e-06,1.1537059254434948e-05,4.255136137087128,1416.4397144285813,233.30619044085694,203.85816887146842,9.2248764907352e-06,2.6896953708195856e-05,1.2878030626144872,361.54780150322983,26000.00000000001,1699.9999999999989,799.9999999999999,356.6674530349936,369.78222888455196,1.3314173880490084e-05,3.905855214946488e-05,66.07909283662487,27707.471172871115,28500.00000000001
37.0,0.3694046361390708,9.610783864049425,1.1630132166859774e-07,3.483021142504055e-07,52.10394167523829,25937.915869359982,122.99185703629618,156.31327525303237,2.18112095346366e-06,6.46549829724004e-06,3.662430617495359,1417.0324284465557,233.30618776632153,203.85816741087203,5.202762772705831e-06,1.5178137490008759e-05,1.108425961929034,361.727198479977,26000.00000000001,1699.9999999999989,799.9999999999999,356.66744943875676,369.78222652795387,7.500185047838089e-06,2.1991937901499205e-05,56.874798254662686,27716.675496286516,28500.00000000001
38.0,0.3694046331228971,9.610783815396998,6.54074593303236e-08,1.949032815523284e-07,44.84628281307428,25945.173528478106,122.99185652148239,156.31327479830148,1.2269617490006748e-06,3.629641968798108e-06,3.152284470671193,1417.5425793529403,233.30618625991775,203.85816658820653,2.9360165192632e-06,8.569511070452241e-06,0.9540332931487387,361.8816023531992,26000.00000000001,1699.999999999999,799.9999999999998,356.66744741452305,369.782225201905,4.228385727594198e-06,1.2394056320802677e-05,48.95260057689421,27724.597710184244,28500.00000000001
39.0,0.36940463142449387,9.610783788000882,3.678707736093976e-08,1.0919948343524099e-07,38.59955584828049,25951.420255586316,122.99185623155248,156.3132745422087,6.902191337614308e-07,2.0383804982991704e-06,2.713197071202143,1417.9816694264362,233.3061854098387,203.85816612396798,1.6560631795389993e-06,4.835910207537598e-06,0.821145321003346,362.01449665321644,26000.000000000007,1699.999999999999,799.9999999999999,356.66744627281565,369.78222445417754,2.38306939066137e-06,6.98349018927201e-06,42.133898240485976,27731.41642166597,28500.000000000007
40.0,0.3694046304680261,9.610783772572567,2.0683435152992438e-08,6.122783381780871e-08,33.22293217686262,25956.796879338195,122.99185606825816,156.31327439797212,3.8813733217281446e-07,1.1448341531079528e-06,2.335269701640216,1418.3595982991571,233.30618493023817,203.8581658620523,9.333751599127696e-07,2.727169294999639e-06,0.7067667209712197,362.12887882619367,26000.00000000001,1699.999999999999,799.9999999999998,356.66744562896434,369.782224032597,1.3421959272385766e-06,3.933231281925401e-06,36.26496859947405,27737.285356463548,28500.00000000001
41.0,0.369404629931735,9.61078376392192,1.1665709726281244e-08,3.445908097871197e-08,28.595262427799724,25961.424549132233,122.99185597669009,156.31327431709076,2.1894048587595074e-07,6.44954811285855e-07,2.0099868033907384,1418.6848820389323,233.30618466088876,203.8581657149573,5.274284368132927e-07,1.5413107861396668e-06,0.6083205544487131,362.2273270009658,26000.00000000001,1699.999999999999,799.9999999999998,356.6674452675106,369.78222379596997,7.580346324155248e-07,2.220724678404234e-06,31.213569785639177,27742.33675817213,28500.00000000001
42.0,0.3694046296278749,9.6107837590205,6.5532270291096144e-09,1.9332575005718338e-08,24.612153610979668,25965.407657974494,122.99185592480475,156.31327427126087,1.2300398513334496e-07,3.621871955237689e-07,1.7300105801831644,1418.964858738559,233.30618450810965,203.85816563152278,2.9680394712446237e-07,8.681388725716818e-07,0.5235862117964452,362.3120624836281,26000.000000000007,1699.999999999999,799.9999999999998,356.6674450625423,369.78222366180415,4.2636115928691694e-07,1.249658643101169e-06,26.86575040295928,27746.68457919668,28500.000000000007
43.0,0.3694046294581051,9.610783756282025,3.7020404156921587e-09,1.0903657350505906e-08,21.18389636099035,25968.835915238673,122.99185589581374,156.31327424565333,6.94925681493588e-08,2.04370524194602e-07,1.4890353217451686,1419.2058342629239,233.3061844226446,203.8581655848493,1.6788344454491484e-07,4.909291902489782e-07,0.4506553632409065,362.38499397045234,26000.000000000007,1699.999999999999,799.9999999999998,356.66744494791647,369.78222358678465,2.410780531099658e-07,7.062033717940861e-07,23.12358704597642,27750.42674347205,28500.000000000007
44.0,0.3694046293616552,9.610783754726238,2.0788251174225393e-09,6.1219644716194485e-09,18.23313642112232,25971.7866751866,122.99185587934268,156.31327423110457,3.902552703671151e-08,1.1480794245432994e-07,1.2816237533063584,1419.413245982412,233.3061843740563,203.85816555831462,9.43904638635895e-08,2.763762564301472e-07,0.38788247638950185,362.44776722047266,26000.00000000001,1699.999999999999,799.9999999999998,356.6674448827606,369.78222354414544,1.3549481601772356e-07,3.973061633560966e-07,19.902642650818184,27753.647688389483,28500.00000000001
45.0,0.36940462930778567,9.610783753857296,1.1743455338880499e-09,3.4535226423995302e-09,15.693417620279938,25974.326393991938,122.99185587014273,156.31327422297835,2.204700492096821e-08,6.478240769668362e-08,1.1031046232964317,1419.5917651967522,233.30618434689444,203.8581655434812,5.336989267755343e-08,1.561907707323763e-07,0.3338538280865058,362.50179607197697,26000.00000000001,1699.999999999999,799.9999999999998,356.66744484634495,369.78222352031685,7.65912431324097e-08,2.2442670107145946e-07,17.130376071662877,27756.41995526067,28500.00000000001
46.0,0.3694046292772243,9.610783753364325,6.597486954228862e-10,1.9410842411444213e-09,13.507444530691455,25976.512367084077,122.99185586492325,156.31327421836804,1.2386677463263658e-08,3.642217155115353e-08,0.9494505921880068,1419.7454192757111,233.30618433147723,203.85816553506166,3.000939257777991e-08,8.794530150020924e-08,0.2873505642810592,362.54829945122515,26000.00000000001,1699.9999999999993,799.9999999999998,356.6674448256777,369.782223506794,4.3055818736466454e-08,1.263085572925072e-07,14.744245687160522,27758.80608581101,28500.00000000001
47.0,0.36940462926011985,9.610783753088423,3.723032890804919e-10,1.094376225035827e-09,11.625969482081942,25978.39384213411,122.99185586200194,156.31327421578766,6.990197114435833e-09,2.0537971122868398e-08,0.8172000005516691,1419.8776698941297,233.30618432284336,203.8581655303466,1.694561057242398e-08,4.9646511010647734e-08,0.24732502504405535,362.58832505517364,26000.000000000007,1699.999999999999,799.9999999999998,356.6674448141054,369.7822234992227,2.4308110975940304e-08,7.127885835855196e-08,12.690494507677666,27760.859837083415,28500.000000000007
48.0,0.369404629250448,9.61078375293241,2.094230779465535e-10,6.156824831094208e-10,10.00656510339303,25980.01324651361,122.99185586035001,156.31327421432852,3.932169099682154e-09,1.1556210314833304e-08,0.703370592360031,1419.9914993174723,233.3061843179594,203.8581655276794,9.537721935260024e-09,2.796357752863589e-08,0.21287463807291634,362.62277547878676,26000.00000000001,1699.999999999999,799.9999999999998,356.6674448075599,369.78222349494035,1.3679314112888733e-08,4.0135470326578614e-08,10.922810333825977,27762.627521309867,28500.00000000001
49.0,0.36940462924501793,9.61078375284482,1.179369951003271e-10,3.4683740499307674e-10,8.612729838636863,25981.40708177882,122.99185585942256,156.3132742135093,2.214468331688967e-09,6.51072381156005e-09,0.6053966413008852,1420.0894732770414,233.30618431521634,203.85816552618138,5.373733587762327e-09,1.576747048130727e-08,0.18322289091355248,362.65242724654735,26000.00000000001,1699.9999999999993,799.9999999999998,356.6674448038839,369.7822234925355,7.706138914551622e-09,2.26250316978604e-08,9.4013493708513,27764.14898230241,28500.00000000001
50.0,0.3694046292419598,9.610783752795491,6.648133536122826e-11,1.9522217970598844e-10,7.413048798991561,25982.60676281872,122.99185585890022,156.31327421304792,1.248329468297982e-09,3.6649572589327777e-09,0.5210699669682938,1420.1737999561694,233.30618431367103,203.85816552533745,3.0304189866792597e-09,8.881875355358525e-09,0.15770148093351494,362.6779486681455,26000.00000000001,1699.999999999999,799.9999999999998,356.6674448018132,369.78222349118084,4.34522979033847e-09,1.2742054793997291e-08,8.09182024689337,27765.458511443034,28500.00000000001
51.0,0.3694046292402375,9.61078375276771,3.73254069536484e-11,1.0990850745811029e-10,6.3804674401141295,25983.63934417774,122.99185585860604,156.31327421278806,7.008783145502409e-10,2.0634818883731404e-09,0.44848888118870356,1420.246381044652,233.3061843128005,203.85816552486205,1.7019973969613947e-09,5.0037945292515735e-09,0.1357348644082464,362.69991529122325,26000.00000000001,1699.999999999999,799.9999999999998,356.66744480064676,369.7822234904178,2.440201118465284e-09,7.177184925082824e-09,6.96469118571108,27766.58564051362,28500.00000000001
52.0,0.3694046292392711,9.610783752752122,2.1100349886524338e-11,6.18460523737034e-11,5.491723651819703,25984.528087966115,122.99185585844097,156.31327421264226,3.962182628089506e-10,1.161184979842186e-09,0.3860182692491798,1420.3088516581092,233.30618431231193,203.85816552459525,9.624195521115495e-10,2.8171166421226768e-09,0.11682817547471328,362.71882198383844,26000.000000000007,1699.999999999999,799.9999999999998,356.66744479999215,369.78222348998963,1.3797381648070244e-09,4.040147674338566e-09,5.994570096543595,27767.555761608062,28500.000000000007
53.0,0.36940462923872563,9.610783752743323,1.1802217548780734e-11,3.4816055569657593e-11,4.726767151058934,25985.293044466922,122.9918558583478,156.31327421255997,2.2162292716245253e-10,6.53715371847342e-10,0.33224877859311147,1420.3626211496228,233.30618431203612,203.85816552444464,5.384547199985039e-10,1.5866703070296943e-09,0.1005548748144872,362.73509528657945,26000.00000000001,1699.999999999999,799.9999999999998,356.6674447996227,369.78222348974793,7.718798647097372e-10,2.2752017344466937e-09,5.159570804466533,27768.390760903123,28500.00000000001
54.0,0.3694046292384203,9.610783752738397,6.690516971283042e-12,1.9569113859976865e-11,4.068370135230731,25985.951441482775,122.99185585829566,156.3132742125139,1.2563636802337317e-10,3.6744471785960953e-10,0.2859694513239541,1420.4089004773725,233.30618431188174,203.85816552436032,3.053011190601907e-10,8.921324538146646e-10,0.08654846697941145,362.749101695581,26000.00000000001,1699.999999999999,800.0,356.6674447994158,369.78222348961265,4.3762800405484686e-10,1.2791462855342511e-09,4.440888053534096,27769.109443655732,28500.00000000001
55.0,0.369404629238248,9.610783752735617,3.729125486495965e-12,1.1021333710946469e-11,3.50167602780357,25986.518135590217,122.99185585826622,156.3132742124879,7.002726377256337e-11,2.0695118937221388e-10,0.24613600515918715,1420.4487339238087,233.30618431179454,203.8581655243127,1.701984078237353e-10,5.026286168545851e-10,0.07449290071979309,362.7611572625,26000.000000000007,1699.999999999999,799.9999999999998,356.667444799299,369.78222348953625,2.4395479708279464e-10,7.206011399377454e-10,3.8223049336825503,27769.728026776524,28500.000000000007
56.0,0.36940462923815154,9.610783752734061,2.116219748327441e-12,6.1860713060185755e-12,3.0139232656688306,25987.00588835236,122.99185585824975,156.31327421247335,3.973966306373648e-11,1.1615987785917369e-10,0.21185141820045944,1420.4830185109195,233.30618431174577,203.85816552428608,9.659799675024081e-11,2.821844006997942e-10,0.06411669299764969,362.7715334705916,26000.00000000001,1699.9999999999989,799.9999999999998,356.66744479923364,369.7822234894935,1.3845387956230473e-10,4.0453034986498645e-10,3.2898913768669398,27770.26044033387,28500.00000000001
57.0,0.36940462923809725,9.610783752733186,1.177934576906227e-12,3.4848785243405936e-12,2.5941062139455617,25987.425705404086,122.99185585824047,156.31327421246516,2.2120131619034035e-11,6.543906700421507e-11,0.1823420943379783,1420.5125278348678,233.30618431171828,203.85816552427107,5.377551994029356e-11,1.5900637930965187e-10,0.05518571548815592,362.7804644483096,26000.000000000007,1699.9999999999989,799.9999999999999,356.66744479919686,369.7822234894694,7.707358613623382e-11,2.2793032483820754e-10,2.831634023771696,27770.718697687265,28500.000000000007
58.0,0.3694046292380668,9.610783752732695,6.678313075091771e-13,1.953876652594989e-12,2.2327693726569713,25987.787042245378,122.99185585823528,156.31327421246056,1.254110022590987e-11,3.669032829965448e-11,0.1569433978527568,1420.5379265314011,233.30618431170288,203.85816552426266,3.0491050837449286e-11,8.916591042339549e-11,0.04749881664261067,362.78815134727205,26000.000000000007,1699.9999999999989,799.9999999999998,356.6674447991762,369.7822234894559,4.369998237086833e-11,1.2781011537564496e-10,2.4372115871523388,27771.11312012405,28500.000000000007
59.0,0.3694046292380497,9.610783752732418,3.722496612053971e-13,1.0998281284097949e-12,1.9217618622947055,25988.098049755743,122.99185585823236,156.31327421245797,6.990453352606186e-12,2.0653064365369495e-11,0.13508239598652447,1420.5597875332946,233.30618431169424,203.85816552425794,1.6997266577024624e-11,5.019975620266564e-11,0.040882598746514745,362.794767565234,26000.00000000001,1699.999999999999,799.9999999999999,356.6674447991646,369.78222348944837,2.4359969590836205e-11,7.195264869644493e-11,2.097726857027745,27771.45260485427,28500.00000000001
60.0,0.3694046292380401,9.610783752732264,2.1022577983536822e-13,6.16736744678356e-13,1.6540762294612763,25988.365735388576,122.99185585823072,156.31327421245655,3.947832078314998e-12,1.158145167664437e-11,0.11626652844422271,1420.578603400852,233.30618431168938,203.8581655242553,9.599774597626462e-12,2.815342045393364e-11,0.03518798875420497,362.80046217526325,26000.000000000007,1699.999999999999,799.9999999999999,356.66744479915815,369.7822234894441,1.3757832455776828e-11,4.035160887525637e-11,1.8055307466597041,27771.74480096469,28500.000000000007
61.0,0.36940462923803474,9.610783752732177,1.1782863439143533e-13,3.4608809523836303e-13,1.4236767708261162,25988.596134847212,122.9918558582298,156.31327421245572,2.2127128541424634e-12,6.499098774680582e-12,0.10007154012921327,1420.5947983891756,233.30618431168665,203.85816552425382,5.380880979302952e-12,1.5800424846184737e-11,0.030286586141377737,362.80536357789686,26000.000000000007,1699.999999999999,799.9999999999999,356.6674447991545,369.7822234894417,7.711422467836851e-12,2.2645611716103682e-11,1.554034897096707,27771.996296814283,28500.000000000007
62.0,0.3694046292380317,9.610783752732129,6.598207596275802e-14,1.9459917211125814e-13,1.2253698238960482,25988.79444179414,122.99185585822929,156.31327421245527,1.2390857863159355e-12,3.6543488596920686e-12,0.0861323637634928,1420.608737565546,233.30618431168514,203.858165524253,3.0133533485426796e-12,8.885132567874865e-12,0.02606790353689816,362.80958226051297,26000.000000000007,1699.999999999999,799.9999999999999,356.66744479915246,369.7822234894404,4.318421210821373e-12,1.2734080599678192e-11,1.3375700911964392,27772.2127616202,28500.000000000007
63.0,0.36940462923803,9.6107837527321,3.741777980075217e-14,1.0842614398647023e-13,1.0546861107529475,25988.965125507286,122.99185585822899,156.313274212455,7.026749919562305e-13,2.036128069123953e-12,0.07413484972191484,1420.6207350795903,233.30618431168426,203.8581655242525,1.7089202256840708e-12,4.950970077399114e-12,0.022436863763241048,362.81321330029317,26000.000000000007,1699.999999999999,799.9999999999998,356.66744479915127,369.7822234894396,2.4490129974410534e-12,7.095524290509537e-12,1.1512578242381033,27772.399073887173,28500.000000000007
64.0,0.3694046292380291,9.610783752732084,2.063682024347627e-14,6.139933443351661e-14,0.9077763475579086,25989.112035270482,122.99185585822883,156.31327421245487,3.8754316542448326e-13,1.1530194804155543e-12,0.06380842832904045,1420.6310615009847,233.3061843116838,203.85816552425226,9.42543593107696e-13,2.8038277434261627e-12,0.01931157908568609,362.8163385849744,26000.00000000001,1699.999999999999,799.9999999999999,356.66744479915064,369.7822234894392,1.3507235787756556e-12,4.018246558275234e-12,0.9908963549726351,27772.55943535644,28500.00000000001
65.0,0.3694046292380285,9.610783752732077,1.1946403220739573e-14,3.3752333065235153e-14,0.7813309792227584,25989.238480638815,122.99185585822873,156.3132742124548,2.2434442216477293e-13,6.338376435708321e-13,0.054920467936030795,1420.6399494613786,233.30618431168352,203.85816552425212,5.456454268630161e-13,1.5413896833098362e-12,0.016621643688235366,362.81902852037393,26000.000000000007,1699.999999999999,799.9999999999999,356.6674447991503,369.782223489439,7.819362522485286e-13,2.2089796599459037e-12,0.8528730908470246,27772.69745862057,28500.000000000007
66.0,0.3694046292380282,9.610783752732072,6.4266937106537626e-15,1.9380324546867454e-14,0.6724973397051063,25989.347314278333,122.99185585822869,156.31327421245476,1.2068859801414474e-13,3.639458311348002e-13,0.047270452042167815,1420.647599477273,233.3061843116834,203.85816552425203,2.935422731288044e-13,8.85104446469369e-13,0.01430637138329341,362.82134379267995,26000.000000000007,1699.999999999999,799.9999999999999,356.66744479915013,369.7822234894388,4.206575648536029e-13,1.2684306021510366e-12,0.7340741631305675,27772.816257548286,28500.000000000007
67.0,0.369404629238028,9.61078375273207,3.844716973354949e-15,1.041194602755138e-14,0.5788244208163132,25989.44098719722,122.99185585822866,156.31327421245473,7.220107272319637e-14,1.9552771163643926e-13,0.040686097043990926,1420.6541838322712,233.30618431168332,203.85816552425197,1.7561395043988828e-13,4.755296007709589e-13,0.012313620651099557,362.82333654341284,26000.000000000007,1699.9999999999989,799.9999999999999,356.66744479915,369.78222348943876,2.516597401364396e-13,6.814692584349495e-13,0.6318241385114037,27772.918507572904,28500.000000000007
68.0,0.36940462923802797,9.610783752732068,1.990117270305147e-15,6.1241604273560755e-15,0.49819837088583396,25989.521613247154,122.99185585822863,156.31327421245473,3.737302501332531e-14,1.1500696669299407e-13,0.03501881837751194,1420.6598511109378,233.30618431168327,203.85816552425194,9.090314557815818e-14,2.797129045833661e-13,0.010598422470618716,362.82505174159365,26000.00000000001,1699.9999999999989,799.9999999999999,356.66744479914996,369.7822234894387,1.3026628786178864e-13,4.008440317037163e-13,0.5438156117339646,27773.006516099686,28500.00000000001
69.0,0.3694046292380279,9.610783752732068,1.2512869639635946e-15,3.170695506207067e-15,0.42880380644759625,25989.591007811592,122.99185585822863,156.3132742124547,2.349833201640474e-14,5.954323947248393e-14,0.030141011081353853,1420.664728918234,233.30618431168324,203.85816552425194,5.715666595298888e-14,1.4481924957260582e-13,0.009122157283815175,362.8265280067807,26000.00000000001,1699.9999999999986,799.9999999999999,356.6674447991499,369.7822234894387,8.190628493335722e-14,2.075331845512968e-13,0.46806697481276527,27773.082264736604,28500.00000000001
70.0,0.3694046292380279,9.610783752732068,6.111888016408265e-16,1.9401339588913912e-15,0.36907451244812595,25989.650737105592,122.99185585822862,156.3132742124547,1.1477720227328373e-14,3.6434316517168874e-14,0.02594258446935516,1420.6689273448462,233.30618431168324,203.85816552425194,2.7918220199560833e-14,8.861775348342862e-14,0.007851506216559952,362.827798657848,26000.00000000001,1699.999999999999,799.9999999999999,356.6674447991499,369.7822234894387,4.000712922853003e-14,1.2699220395948888e-13,0.40286860313404105,27773.147463108286,28500.00000000001
71.0,0.36940462923802786,9.610783752732068,4.13704056599127e-16,9.470363988357245e-16,0.3176657598818858,25989.70214585816,122.9918558582286,156.3132742124547,7.769096191938804e-15,1.77846629293905e-14,0.02232901631189712,1420.6725409130036,233.3061843116832,203.85816552425194,1.8897778698153812e-14,4.325702999156054e-14,0.006757862177915148,362.82889230188675,26000.00000000001,1699.9999999999986,799.9999999999998,356.66744479914985,369.7822234894387,2.7080578946691743e-14,6.198872931978676e-14,0.346752638371698,27773.20357907305,28500.00000000001
72.0,0.36940462923802786,9.610783752732068,1.8504016695344489e-16,6.181396326097685e-16,0.27341719214432286,25989.746394425896,122.9918558582286,156.3132742124547,3.4749352764352698e-15,1.1608241404300168e-14,0.019218744083764276,1420.6756511852318,233.3061843116832,203.85816552425194,8.452531292055724e-15,2.8235280147719656e-14,0.005816540322988538,362.8298336237417,26000.00000000001,1699.9999999999989,799.9999999999998,356.66744479914985,369.7822234894387,1.2112506735444439e-14,4.046166118462959e-14,0.2984524765510757,27773.25187923487,28500.00000000001
73.0,0.36940462923802786,9.610783752732068,1.409775334741571e-16,2.7187732236339506e-16,0.2353326428291083,25989.78447897521,122.9918558582286,156.3132742124547,2.647470094228578e-15,5.105668784491611e-15,0.016541746338692796,1420.6783281829769,233.3061843116832,203.85816552425194,6.4398958612467074e-15,1.2418670694476104e-14,0.005006348706886024,362.83064381535786,26000.000000000007,1699.9999999999989,799.9999999999999,356.66744479914985,369.7822234894387,9.228343488949443e-15,1.779621680133111e-14,0.2568807378746871,27773.293450973546,28500.000000000007
74.0,0.36940462923802786,9.610783752732068,5.4346182069578984e-17,1.9960605730569254e-16,0.2025524914415595,25989.817259126597,122.9918558582286,156.3132742124547,1.020587061575047e-15,3.7484716141788215e-15,0.014237599567220989,1420.6806323297483,233.3061843116832,203.85816552425194,2.482535601157567e-15,9.11782316729058e-15,0.0043090001940009875,362.8313411638708,26000.00000000001,1699.9999999999986,799.9999999999999,356.66744479914985,369.7822234894387,3.557468844802193e-15,1.3065900838775094e-14,0.22109909120278148,27773.329232620217,28500.00000000001
75.0,0.36940462923802786,9.610783752732068,5.115788169174764e-17,7.014862039345234e-17,0.17433875441243776,25989.845472863624,122.9918558582286,156.3132742124547,9.607137980246312e-16,1.3173437503067404e-15,0.012254430230440524,1420.6826154990852,233.3061843116832,203.85816552425194,2.336938757842284e-15,3.204254699935436e-15,0.003708795291723806,362.831941368773,26000.000000000007,1699.9999999999989,799.9999999999999,356.66744479914985,369.7822234894387,3.348810437558663e-15,4.591747070635629e-15,0.19030197993460207,27773.36002973148,28500.000000000007
76.0,0.36940462923802786,9.610783752732068,1.470225756119907e-17,6.663472763316874e-17,0.15005461634763753,25989.86975700169,122.9918558582286,156.3132742124547,2.7609924376970074e-16,1.251358163585925e-15,0.010547475992844923,1420.6843224533227,233.3061843116832,203.85816552425194,6.71604512495502e-16,3.0438760050051138e-15,0.0031921867084987567,362.8324579773562,26000.000000000007,1699.9999999999989,799.9999999999998,356.66744479914985,369.7822234894387,9.624060138264019e-16,4.3618688962242074e-15,0.1637942790489812,27773.38653743237,28500.000000000007
77.0,0.36940462923802786,9.610783752732068,2.077810603636858e-17,1.1984323384846248e-17,0.1291533627012896,25989.890658255335,122.9918558582286,156.3132742124547,3.902003597202517e-16,2.2505719446818017e-16,0.00907830778981913,1420.6857916215258,233.3061843116832,203.85816552425194,9.491721300280704e-16,5.474071349320678e-16,0.0027475439130636835,362.8329026201517,26000.000000000007,1699.9999999999989,799.9999999999999,356.66744479914985,369.7822234894387,1.3601505957846907e-15,7.844486527850942e-16,0.1409792144041724,27773.409352497012,28500.000000000007
78.0,0.36940462923802786,9.610783752732068,2.875277432960169e-18,2.414279774536015e-17,0.1111632228082787,25989.90864839523,122.9918558582286,156.3132742124547,5.3995905680977853e-17,4.533869160307835e-16,0.007813764430554173,1420.687056164885,233.3061843116832,203.85816552425194,1.3134308447791284e-16,1.102861141599203e-15,0.002364830692715561,362.83328533337203,26000.000000000007,1699.9999999999989,799.9999999999999,356.66744479914985,369.7822234894387,1.8821426759185085e-16,1.5803908553753466e-15,0.12134181793154844,27773.428989893488,28500.000000000007
79.0,0.36940462923802786,9.610783752732068,1.0073945238610354e-17,-3.618622858445603e-18,0.09567919597033987,25989.924132422067,122.9918558582286,156.3132742124547,1.8918271265227309e-16,-6.79559109523929e-17,0.006725378046176953,1420.6881445512695,233.3061843116832,203.85816552425194,4.601945244100562e-16,-1.6531888406848728e-16,0.002035431265565849,362.8336147327992,26000.000000000007,1699.9999999999989,799.9999999999999,356.66744479914985,369.7822234894387,6.594511823009396e-16,-2.368934178793258e-16,0.10444000528208268,27773.44589170614,28500.000000000007
80.0,0.36940462923802786,9.610783752732068,-5.644916651246488e-19,1.0448909987940031e-17,0.08235176144295284,25989.937459856592,122.9918558582286,156.3132742124547,-1.0600847760192172e-17,1.962242476711089e-16,0.005788580504419424,1420.6890813488112,233.3061843116832,203.85816552425194,-2.578821854445775e-17,4.773199928126204e-16,0.0017519101024570062,362.83389825396233,26000.000000000004,1699.9999999999989,800.0,356.66744479914985,369.7822234894387,-3.695355796977457e-17,6.839931504716693e-16,0.08989225204982927,27773.460439459363,28500.000000000004
81.0,0.36940462923802786,9.610783752732068,6.093686749785988e-18,-7.155026502980464e-18,0.07088091871647158,25989.94893069932,122.9918558582286,156.3132742124547,1.1443584331658685e-16,-1.3436725996918572e-16,0.004982284495538505,1420.68988764482,233.3061843116832,203.85816552425194,2.7837072874824897e-16,-3.2685829490595374e-16,0.0015078851428921983,362.8341422789219,26000.000000000007,1699.9999999999986,799.9999999999999,356.66744479914985,369.7822234894387,3.989002588146218e-16,-4.683805813781199e-16,0.07737108835490228,27773.472960623065,28500.000000000007
82.0,0.36940462923802786,9.610783752732068,-1.5300856978528518e-18,5.996009035926268e-18,0.06100769998711479,25989.95880391805,122.9918558582286,156.3132742124547,-2.873411649401161e-17,1.1260149540372003e-16,0.0042882869361515474,1420.6905816423794,233.3061843116832,203.85816552425194,-6.989752773213363e-17,2.7390783570400574e-16,0.0012978472355947704,362.8343523168292,26000.000000000007,1699.9999999999989,800.0,356.66744479914985,369.7822234894387,-1.0016172992399809e-16,3.9250534014365206e-16,0.06659383415886111,27773.483737877257,28500.000000000007
83.0,0.36940462923802786,9.610783752732068,4.535540357852469e-18,-7.60671624320584e-18,0.052509898210084324,25989.967301719826,122.9918558582286,156.3132742124547,8.517478036515204e-17,-1.4284967681441982e-16,0.0036909686901901457,1420.6911789606252,233.3061843116832,203.85816552425194,2.0719208534963645e-16,-3.474900935006542e-16,0.0011170692592528478,362.8345330948056,26000.000000000007,1699.9999999999986,800.0,356.66744479914985,369.7822234894387,2.9690240607264096e-16,-4.979464865582799e-16,0.057317936159527315,27773.493013775256,28500.000000000007
84.0,0.36940462923802786,9.610783752732068,-1.7920000482620866e-18,4.546399792001152e-18,0.04519562656232777,25989.974615991472,122.9918558582286,156.3132742124547,-3.36527097051263e-17,8.537871048066617e-17,0.0031768418576564694,1420.6916930874577,233.3061843116832,203.85816552425194,-8.186208324561509e-17,2.0768800273098665e-16,0.0009614691097563097,362.83468869495505,26000.000000000004,1699.9999999999986,800.0,356.66744479914985,369.7822234894387,-1.173067929990035e-16,2.9761311300365396e-16,0.049333937529740544,27773.500997773885,28500.000000000004
85.0,0.36940462923802786,9.610783752732068,3.899506554279789e-18,-7.445270055731309e-18,0.0389003058608802,25989.980911312174,122.9918558582286,156.3132742124547,7.323044183201391e-17,-1.398178013817378e-16,0.0027343380175083917,1420.692135591298,233.3061843116832,203.85816552425194,1.7813695353401696e-16,-3.401144395741809e-16,0.0008275456120457371,362.8348226184528,26000.000000000004,1699.9999999999986,800.0,356.66744479914985,369.7822234894387,2.5526690192031066e-16,-4.8737751101165e-16,0.04246218949043433,27773.507869521924,28500.000000000004
86.0,0.36940462923802786,9.610783752732068,-1.8587277994911363e-18,4.0753091017375425e-18,0.03348175242107845,25989.986329865613,122.9918558582286,156.3132742124547,-3.4905816706878825e-17,7.653190975097301e-17,0.0023534629487277216,1420.6925164663667,233.3061843116832,203.85816552425194,-8.49102925429148e-17,1.8616792417015605e-16,0.0007122740216684671,362.8349378900432,26000.000000000004,1699.9999999999986,800.0,356.66744479914985,369.7822234894387,-1.2167483704928477e-16,2.6677514302286663e-16,0.03654748939147464,27773.51378422202,28500.000000000004
87.0,0.36940462923802786,9.610783752732068,3.4614767448185692e-18,-6.914085228450961e-18,0.028818066586977317,25989.990993551448,122.9918558582286,156.3132742124547,6.500450001080294e-17,-1.29842460199879e-16,0.002025648213195761,1420.6928442811022,233.3061843116832,203.85816552425194,1.5812693779022158e-16,-3.1584879683105864e-16,0.000613061106434081,362.83503710295844,26000.000000000004,1699.9999999999986,800.0,356.66744479914985,369.7822234894387,2.265929145458431e-16,-4.526053422593886e-16,0.03145677590660716,27773.518874935507,28500.000000000004
88.0,0.36940462923802786,9.610783752732068,-1.8449898413033958e-18,3.8664685789120145e-18,0.024803900446987933,25989.995007717585,122.9918558582286,156.3132742124547,-3.464782571609523e-17,7.261000872722367e-17,0.0017434888100172129,1420.6931264405057,233.3061843116832,203.85816552425194,-8.428270695934571e-17,1.7662774471555765e-16,0.0005276657476661183,362.83512249831716,26000.000000000004,1699.999999999999,800.0,356.66744479914985,369.7822234894387,-1.2077552251674434e-16,2.5310422202169336e-16,0.027075055004671264,27773.52325665641,28500.000000000004
89.0,0.36940462923802786,9.610783752732068,2.9362779698273703e-18,-5.962704718523521e-18,0.021348955177057802,25989.998462662857,122.9918558582286,156.3132742124547,5.5141575693938974e-17,-1.119760926749785e-16,0.001500637552400754,1420.6933692917632,233.3061843116832,203.85816552425194,1.3413485211023367e-16,-2.723878820816887e-16,0.0004541669734351056,362.83519599709143,26000.000000000004,1699.9999999999989,800.0,356.66744479914985,369.7822234894387,1.9221270577400003e-16,-3.9032667947519074e-16,0.02330375970289366,27773.527027951714,28500.000000000004
90.0,0.36940462923802786,9.610783752732068,-1.703773347448497e-18,3.5283889693080565e-18,0.01837519024488447,25990.00143642779,122.9918558582286,156.3132742124547,-3.1995862860389115e-17,6.626107254266938e-17,0.0012916089000745805,1420.6935783204156,233.3061843116832,203.85816552425194,-7.783166272415093e-17,1.611836288970118e-16,0.0003909045885664913,362.8352592594763,26000.000000000004,1699.9999999999989,800.0,356.66744479914985,369.7822234894387,-1.1153129893198853e-16,2.3097309040898925e-16,0.020057703733525542,27773.53027400768,28500.000000000004
91.0,0.36940462923802786,9.610783752732068,2.145717836759077e-18,-4.388189202596215e-18,0.015815697017431997,25990.00399592102,122.9918558582286,156.3132742124547,4.0295320767480995e-17,-8.24076160111486e-17,0.0011116997841306962,1420.6937582295316,233.3061843116832,203.85816552425194,9.802053961781562e-17,-2.0046096861340238e-16,0.00033645521233248644,362.83531370885254,26000.000000000007,1699.999999999999,800.0,356.66744479914985,369.7822234894387,1.4046157822205568e-16,-2.872567738271472e-16,0.01726385201389518,27773.533067859404,28500.000000000007
92.0,0.36940462923802786,9.610783752732068,-1.2167108109537803e-18,2.5191501414906876e-18,0.013612686140687048,25990.006198931893,122.9918558582286,156.3132742124547,-2.2849114471158524e-17,4.7308160168630836e-17,0.0009568481381099211,1420.6939130811775,233.3061843116832,203.85816552425194,-5.558170377843612e-17,1.1507965111326995e-16,0.0002895894629766603,362.83536057460185,26000.000000000004,1699.9999999999989,800.0,356.66744479914985,369.7822234894387,-7.964752906054842e-17,1.6490696142339149e-16,0.014859123741773629,27773.53547258767,28500.000000000004
93.0,0.36940462923802786,9.610783752732068,8.224193237290547e-19,-1.6862926819742378e-18,0.01171655523202078,25990.008095062803,122.9918558582286,156.3132742124547,1.5444551888733234e-17,-3.166758620452489e-17,0.000823567365247095,1420.6940463619503,233.3061843116832,203.85816552425194,3.75697051668996e-17,-7.703311101939872e-17,0.00024925212426930865,362.83540091194055,26000.000000000007,1699.9999999999989,800.0,356.66744479914985,369.7822234894387,5.383667637936189e-17,-1.1038698990589785e-16,0.012789374721537183,27773.537542336693,28500.000000000007
94.0,0.36940462923802786,9.610783752732068,1.9044231176163622e-19,-3.7905834539121976e-19,0.010084537888704573,25990.009727080145,122.9918558582286,156.3132742124547,3.5763947587465365e-18,-7.118493083535775e-18,0.0007088513760458294,1420.6941610779397,233.3061843116832,203.85816552425194,8.699772718561053e-18,-1.7316117376738425e-17,0.0002145334051910013,362.8354356306597,26000.000000000004,1699.999999999999,800.0,356.66744479914985,369.7822234894387,1.2466609789069226e-17,-2.481366880566542e-17,0.011007922669941404,27773.539323788744,28500.000000000004
95.0,0.36940462923802786,9.610783752732068,-1.5107041747404547e-18,3.122218867920803e-18,0.008679834802611527,25990.01113178323,122.9918558582286,156.3132742124547,-2.837013717303888e-17,5.863343667079539e-17,0.0006101135135376961,1420.694259815802,233.3061843116832,203.85816552425194,-6.901188890395221e-17,1.4262899702021962e-16,0.00018465045570259495,362.83546551360917,26000.000000000004,1699.9999999999989,800.0,356.66744479914985,369.7822234894387,-9.889273025173155e-17,2.0438465255893583e-16,0.009474598771851818,27773.540857112643,28500.000000000004
96.0,0.36940462923802786,9.610783752732068,3.645294288043496e-18,-7.521104302711865e-18,0.007470820556873326,25990.012340797475,122.9918558582286,156.3132742124547,6.84564858598729e-17,-1.4124192167259373e-16,0.0005251307982949721,1420.6943447985172,233.3061843116832,203.85816552425194,1.6652409395025732e-16,-3.435785916306608e-16,0.0001589304925347782,362.8354912335723,26000.000000000004,1699.9999999999989,800.0,356.66744479914985,369.7822234894387,2.386258740981737e-16,-4.923416176059664e-16,0.008154881847703075,27773.542176829564,28500.000000000004
97.0,0.36940462923802786,9.610783752732068,-5.490271593425501e-18,1.1371457285977416e-17,0.006430178339397584,25990.013381439694,122.9918558582286,156.3132742124547,-1.0310407612092863e-16,2.135492894341327e-16,0.00045198310665351256,1420.694417946209,233.3061843116832,203.85816552425194,-2.5080622656422254e-16,5.194701649989201e-16,0.00013679239151659456,362.8355133716733,26000.000000000004,1699.9999999999989,800.0,356.66744479914985,369.7822234894387,-3.5940057427857667e-16,7.443909117190302e-16,0.007018953837567691,27773.543312757574,28500.000000000004
98.0,0.36940462923802786,9.610783752732068,8.058909528112458e-18,-1.6683014679736894e-17,0.005534524055753489,25990.01427709398,122.9918558582286,156.3132742124547,1.513415879852178e-16,-3.132972178306882e-16,0.00038902674926476097,1420.6944809025663,233.3061843116832,203.85816552425194,3.6814657594391684e-16,-7.621123806719781e-16,0.0001177386911425376,362.8355324253737,26000.000000000004,1699.9999999999989,800.0,356.66744479914985,369.7822234894387,5.275470734572471e-16,-1.0920926131824032e-15,0.006041289496160788,27773.54429042192,28500.000000000004
99.0,0.36940462923802786,9.610783752732068,-1.0316866474720841e-17,2.143955139406429e-17,0.0047635966620947455,25990.01504802137,122.9918558582286,156.3132742124547,-1.9374469336973336e-16,4.026221838717468e-16,0.00033483755885678425,1420.694535091757,233.3061843116832,203.85816552425194,-4.712944174969917e-16,9.794001800499119e-16,0.00010133836811886937,362.8355488256967,26000.000000000004,1699.999999999999,800.0,356.66744479914985,369.7822234894387,-6.753559773414459e-16,1.403461915315723e-15,0.0051997725890703984,27773.545131938823,28500.000000000004
100.0,0.36940462923802786,9.610783752732068,5.29630296413843e-18,-1.099721297178965e-17,0.004100073280527458,25990.01571154475,122.9918558582286,156.3132742124547,9.946145918218435e-17,-2.0652120101410676e-16,0.0002881978945258604,1420.6945817314213,233.3061843116832,203.85816552425194,2.419453644906611e-16,-5.023739612015965e-16,8.72229042235182e-05,362.8355629411606,26000.0,1699.999999999999,800.0,356.66744479914985,369.7822234894387,3.467031266369839e-16,-7.198923751874928e-16,0.004475494079276837,27773.545856217333,28500.0
101.0,0.36940462923802786,9.610783752732068,-3.820270729519793e-18,8.01640738452257e-18,0.0035289686665152436,25990.016282649365,122.9918558582286,156.3132742124547,-7.174244068668524e-17,1.505434227134108e-16,0.0002480544297506783,1420.694621874886,233.3061843116832,203.85816552425194,-1.7451735708743926e-16,3.6620499685757633e-16,7.507351087324516e-05,362.83557509055396,26000.0,1699.999999999999,800.0,356.66744479914985,369.7822234894387,-2.5008006850364426e-16,5.247648269555097e-16,0.0038520966071391672,27773.546479614804,28500.0
102.0,0.36940462923802786,9.610783752732068,-2.287579085050085e-17,4.7679365844753946e-17,0.0030374039888823746,25990.01677421404,122.9918558582286,156.3132742124547,-4.295939173812753e-16,8.953904887999036e-16,0.0002135018997287568,1420.694656427416,233.3061843116832,203.85816552425194,-1.0450103771826357e-15,2.178085662807869e-15,6.461621026803201e-05,362.8355855478546,26000.0,1699.999999999999,800.0,356.66744479914985,369.7822234894387,-1.497480085414412e-15,3.1211555174525264e-15,0.0033155220988791635,27773.54701618931,28500.0
103.0,0.36940462923802786,9.610783752732068,4.2623506733457264e-17,-8.88289182240762e-17,0.0026143310796119595,25990.01719728695,122.9918558582286,156.3132742124547,8.004444239670443e-16,-1.6681549156293572e-15,0.00018376371864301644,1420.694686165597,233.3061843116832,203.85816552425194,1.9471242388068424e-15,-4.0578768150457525e-15,5.5615969219567175e-05,362.8355945480956,26000.0,1699.9999999999989,800.0,356.66744479914985,369.7822234894387,2.790192169507344e-15,-5.8148606488991855e-15,0.0028537107674745433,27773.54747800064,28500.0
104.0,0.36940462923802786,9.610783752732068,-1.0076606566941822e-16,2.108107278234125e-16,0.0022501654622915715,25990.01756145257,122.9918558582286,156.3132742124547,-1.8923275340918028e-15,3.95890166089501e-15,0.00015816618489350397,1420.6947117631307,233.3061843116832,203.85816552425194,-4.603188803525343e-15,9.630241842421572e-15,4.786889237583914e-05,362.83560229517246,26000.0,1699.9999999999989,800.0,356.66744479914985,369.7822234894387,-6.596282403286564e-15,1.3799954231139994e-14,0.0024562005395609146,27773.547875510874,28500.0
105.0,0.36940462923802786,9.610783752732068,2.086502924796311e-17,-4.3643134590343516e-17,0.0019367397560711977,25990.017874878275,122.9918558582286,156.3132742124547,3.91832995396139e-16,-8.195924363059618e-16,0.0001361352058256069,1420.6947337941099,233.3061843116832,203.85816552425194,9.531548977361795e-16,-1.993702811993702e-15,4.1201230976289636e-05,362.8356089628339,26000.0,1699.999999999999,800.0,356.66744479914985,369.7822234894387,1.3658529223802814e-15,-2.8569383828900074e-15,0.002114076192873094,27773.548217635216,28500.0
106.0,0.36940462923802786,9.610783752732068,2.781630262999666e-17,-5.766513885804125e-17,0.001666973561718628,25990.01814464447,122.9918558582286,156.3132742124547,5.223738270692539e-16,-1.0829174414039424e-15,0.00011717309371025918,1420.694752756222,233.3061843116832,203.85816552425194,1.270702512100923e-15,-2.6342550901237987e-15,3.546236015070866e-05,362.83561470170474,26000.0,1699.999999999999,800.0,356.66744479914985,369.7822234894387,1.8208926418001737e-15,-3.774837670385782e-15,0.0018196090155795958,27773.548512102396,28500.0
107.0,0.36940462923802786,9.610783752732068,-5.555896970983219e-16,1.1666632955720132e-15,0.0014347677731082514,25990.018376850257,122.9918558582286,156.3132742124547,-1.0433648217752212e-14,2.1909251517996805e-14,0.00010085113680628752,1420.6947690781788,233.3061843116832,203.85816552425194,-2.538041210855885e-14,5.3295436159079663e-14,3.052253056530676e-05,362.83561964153427,26000.0,1699.9999999999989,800.0,356.66744479914985,369.7822234894387,-3.6369650023409385e-14,7.637135097264849e-14,0.0015661414404798458,27773.54876556997,28500.0
108.0,0.36940462923802786,9.610783752732068,4.412914353164994e-16,-9.267143605768475e-16,0.0012349243932435116,25990.018576693637,122.9918558582286,156.3132742124547,8.287193988020726e-15,-1.740315143904881e-14,8.680396317110157e-05,1420.6947831253524,233.3061843116832,203.85816552425194,2.015904640927467e-14,-4.233410464642554e-14,2.6271162667241e-05,362.8356238929022,26000.0,1699.9999999999989,800.0,356.66744479914985,369.7822234894387,2.8887531832611895e-14,-6.06639704460512e-14,0.0013479995190818542,27773.54898371189,28500.0
109.0,0.36940462923802786,9.610783752732068,-1.0704972741470604e-15,2.260103938502476e-15,0.0010629100477937818,25990.018748707986,122.9918558582286,156.3132742124547,-2.010331011335707e-14,4.244342462273572e-14,7.471291776028992e-05,1420.6947952163978,233.3061843116832,203.85816552425194,-4.8902386280101326e-14,1.0324591991188798e-13,2.2611815665685596e-05,362.8356275522491,26000.000000000004,1699.9999999999989,800.0,356.66744479914985,369.7822234894387,-7.007619366760545e-14,1.4794944847312617e-13,0.0011602347812197573,27773.549171476632,28500.000000000004
110.0,0.3694046292380279,9.61078375273207,-3.8166744914042826e-15,8.048211513427283e-15,0.0009148481359001512,25990.018896769896,122.99185585822862,156.3132742124547,-7.167490544382296e-14,1.5114068556679893e-13,6.430551076719384e-05,1420.6948056238048,233.30618431168324,203.85816552425197,-1.7435307383596535e-13,3.6765787058345956e-13,1.9462020714553917e-05,362.8356307020439,26000.000000000004,1699.999999999999,800.0,356.6674447991499,369.7822234894387,-2.498446537711926e-13,5.268467676636857e-13,0.0009986156673818989,27773.549333095743,28500.000000000004
111.0,0.3694046292380278,9.610783752732068,3.819340524783279e-15,-8.055197372389326e-15,0.0007874253411920147,25990.01902419269,122.99185585822859,156.3132742124547,7.172497198494713e-14,-1.5127187589538398e-13,5.534884622569085e-05,1420.6948145804695,233.30618431168318,203.85816552425194,1.7447486339829496e-13,-3.679769981354652e-13,1.6751292144978245e-05,362.83563341277295,26000.0,1699.9999999999989,800.0,356.6674447991498,369.7822234894387,2.5001917590802536e-13,-5.273040714032385e-13,0.0008595254795626837,27773.549472185936,28500.0
112.0,0.369404629238028,9.61078375273207,-1.3201096898494369e-14,2.7988713308354154e-14,0.0006777436030954889,25990.01913387443,122.99185585822863,156.31327421245473,-2.4790884684738355e-13,5.256115983668489e-13,4.763921660966642e-05,1420.6948222900987,233.3061843116833,203.85816552425197,-6.030516428662292e-13,1.2785785660064727e-12,1.4417977575052923e-05,362.83563574608644,26000.000000000004,1699.999999999999,799.9999999999999,356.66744479914996,369.78222348943876,-8.641615866121072e-13,1.832178877681676e-12,0.0007398007972802082,27773.549591910614,28500.000000000004
113.0,0.3694046292380285,9.610783752732077,-4.621807193099538e-14,9.791411517148027e-14,0.0005833324294675286,25990.019228285604,122.9918558582287,156.31327421245481,-8.679482473328378e-13,1.8387695786849442e-12,4.100296882055598e-05,1420.6948289263455,233.30618431168352,203.85816552425212,-2.1113309312293746e-12,4.4729061885608555e-12,1.2409521114776191e-05,362.83563775454087,26000.000000000004,1699.9999999999989,800.0,356.66744479915025,369.78222348943905,-3.0254972504932077e-12,6.40958988241728e-12,0.0006367449194028608,27773.549694966492,28500.000000000004
114.0,0.36940462923802747,9.610783752732061,3.078097343787544e-14,-6.52281289575382e-14,0.0005020852779077025,25990.019309532756,122.99185585822853,156.31327421245464,5.780486037256819e-13,-1.2249459538251691e-12,3.529203279954166e-05,1420.6948346372835,233.306184311683,203.85816552425183,1.4061344101475033e-12,-2.979747109721105e-12,1.0681111018224746e-05,362.83563948295574,26000.000000000004,1699.9999999999989,800.0,356.66744479914956,369.78222348943854,2.0149639873110607e-12,-4.269921192503812e-12,0.0005480584217254689,27773.549783652998,28500.000000000004
115.0,0.3694046292380286,9.610783752732079,-5.103930564592122e-14,1.0907870142132597e-13,0.00043215253975676076,25990.019379465495,122.99185585822872,156.31327421245481,-9.584881850253743e-13,2.04843395158153e-12,3.0376396303925398e-05,1420.694839552918,233.30618431168358,203.85816552425212,-2.3315742136953353e-12,4.98292608566287e-12,9.193395827454533e-06,362.83564097066585,26000.000000000004,1699.9999999999989,800.0,356.6674447991503,369.78222348943905,-3.341101704366631e-12,7.140438738665726e-12,0.0004717223318881407,27773.549859989078,28500.000000000004
116.0,0.3694046292380401,9.610783752732265,-8.97197314673526e-13,1.9105656720573255e-12,0.00037194937793456364,25990.019439668657,122.99185585823069,156.31327421245655,-1.684883865224283e-11,3.5879301260184944e-11,2.6144656154403115e-05,1420.6948437846365,233.3061843116894,203.8581655242553,-4.098570889622598e-11,8.727833574735588e-11,7.912651888029019e-06,362.8356422513571,26000.000000000007,1699.999999999999,800.0,356.66744479915815,369.7822234894441,-5.873174486314234e-11,1.2506820267959815e-10,0.0004060066859769958,27773.54992570465,28500.000000000007
117.0,0.3694046292380292,9.61078375273209,-9.487966142940499e-14,2.017915186156065e-13,0.000320141826200001,25990.019491476207,122.99185585822883,156.3132742124549,-1.78178431952266e-12,3.789526208937579e-12,2.2503060722118625e-05,1420.6948474262526,233.30618431168386,203.85816552425229,-4.3342864717742885e-12,9.218226921052036e-12,6.810535424480605e-06,362.83564335352355,26000.000000000004,1699.999999999999,800.0,356.66744479915076,369.7822234894393,-6.210950452726353e-12,1.3209544648605221e-11,0.0003494554223466003,27773.549982255983,28500.000000000004
118.0,0.3694046292380112,9.610783752731798,1.2251399931628316e-12,-2.609410154911503e-12,0.0002755560558906221,25990.01953606198,122.99185585822575,156.31327421245217,2.300740955597015e-11,-4.900319022200375e-11,1.9369093919717876e-05,1420.6948505602531,233.30618431167477,203.8581655242473,5.5966764830514294e-11,-1.1920290358704242e-10,5.862058889152507e-06,362.83564430208224,26000.000000000004,1699.999999999999,800.0,356.66744479913854,369.7822234894313,8.019931437964728e-11,-1.7081550396395767e-10,0.0003007872086994924,27773.550030924314,28500.000000000004
119.0,0.3694046292382621,9.610783752735847,-1.7304020922827276e-11,3.7061843125099083e-11,0.00023716912719530365,25990.019574448885,122.99185585826862,156.31327421249006,-3.2495935040743245e-10,6.959996477438233e-10,1.6670732717440878e-05,1420.6948532581366,233.3061843118018,203.85816552431666,-7.904811491098762e-10,1.693056687358829e-09,5.0451687449334774e-06,362.8356451178102,26000.000000000007,1699.999999999999,800.0,356.66744479930867,369.78222348954256,-1.132744520440136e-09,2.426118178227751e-09,0.000258885028657678,27773.550072824833,28500.000000000007
120.0,0.36940462923839573,9.610783752738001,-2.717816820661731e-11,5.82020786011687e-11,0.0002041288668671296,25990.019607489132,122.99185585829144,156.3132742125102,-5.103900373834767e-10,1.0930008544809769e-09,1.4348244614047077e-05,1420.6948555803701,233.3061843118694,203.85816552435358,-1.2415512978444272e-09,2.658783538132416e-09,4.342145162272986e-06,362.8356458202146,26000.000000000007,1699.999999999999,800.0,356.6674447993992,369.7822234896018,-1.7791195034345211e-09,3.809986471214561e-09,0.00022281925664344968,27773.550108889718,28500.000000000007
121.0,0.3694046292378189,9.610783752728697,1.5431448308960642e-11,-3.3061283826767433e-11,0.000175700356758574,25990.0196359177,122.9918558581929,156.31327421242318,2.897935364670313e-10,-6.208714936198504e-10,1.2350229330222285e-05,1420.6948575794847,233.30618431157745,203.85816552419413,7.049384097547913e-10,-1.510303399824758e-09,3.7379830076167534e-06,362.83564642705073,26000.000000000004,1699.999999999999,800.0,356.6674447990082,369.78222348934605,1.0101633945307831e-09,-2.164236177271376e-09,0.00019178856909641306,27773.550139924235,28500.000000000004
122.0,0.3694046292375583,9.610783752724494,3.4723462462411933e-11,-7.438231166689162e-11,0.00015123208263362196,25990.019660386,122.9918558581484,156.31327421238385,6.520862322118059e-10,-1.3968561289244094e-09,1.0630445436005331e-05,1420.6948592997662,233.30618431144555,203.85816552412211,1.5862349352656695e-09,-3.397927884043143e-09,3.2177340510337383e-06,362.8356469485099,26000.000000000004,1699.999999999999,800.0,356.6674447988315,369.78222348923043,2.2730446299398875e-09,-4.869166324634444e-09,0.00016508026212066102,27773.550166634275,28500.000000000004
123.0,0.36940462923984657,9.610783752761405,-1.350361247082512e-10,2.905376860527732e-10,0.0001301656943747457,25990.01968145215,122.99185585853928,156.3132742127291,-2.535899116284803e-09,5.456127113427437e-09,9.148666095811139e-06,1420.6948607771442,233.30618431260376,203.8581655247546,-6.168711394151431e-09,1.3272323522697967e-08,2.7671287407675154e-06,362.83564738840926,26000.000000000004,1699.9999999999989,800.0,356.6674448003829,369.7822234902451,-8.839646635144485e-09,1.9018988322178176e-08,0.00014208148921132435,27773.550189617705,28500.000000000004
124.0,0.36940462923761097,9.610783752725345,3.0941191361512425e-11,-6.658200548950417e-11,0.0001120351117180206,25990.019699582965,122.99185585815741,156.3132742123918,5.810574022346531e-10,-1.2503709599644447e-09,7.875233553308595e-06,1420.6948620548856,233.3061843114722,203.85816552413667,1.4134534748581642e-09,-3.0415948087634954e-09,2.383826065019292e-06,362.8356477821931,26000.000000000004,1699.999999999999,800.0,356.6674447988672,369.78222348925385,2.0254520684543297e-09,-4.358547774217445e-09,0.0001222941713363485,27773.550209420046,28500.000000000004
125.0,0.36940462923657935,9.610783752708702,1.0769424604165687e-10,-2.3159224940410937e-10,9.643013649278268e-05,25990.019715188046,122.99185585798118,156.31327421223614,2.022434692614724e-09,-4.349166431392025e-09,6.77879922957976e-06,1420.6948631533091,233.30618431095004,203.8581655238515,4.919681485796073e-09,-1.0579581950956218e-08,2.052960759817427e-06,362.83564811789756,26000.000000000004,1699.999999999999,800.0,356.6674447981678,369.7822234887964,7.049810424452454e-09,-1.5160340631752354e-08,0.00010526189648217987,27773.55022645925,28500.000000000004
126.0,0.3694046292394786,9.610783752755468,-1.0808004748147628e-10,2.335165148029775e-10,8.299797348755583e-05,25990.01972861991,122.99185585847643,156.31327421267358,-2.0296798170484947e-09,4.385303005438828e-09,5.833359596609916e-06,1420.694864093134,233.30618431241749,203.8581655246529,-4.937305641915293e-09,1.0667486116804019e-08,1.7640862040741348e-06,362.8356483931132,26000.000000000004,1699.999999999999,800.0,356.6674448001334,369.78222349008195,-7.075065506445264e-09,1.5286305637045823e-08,9.059541928823988e-05,27773.550241106157,28500.000000000004
127.0,0.369404629235365,9.610783752689114,1.9873924424336163e-10,-4.290128123062826e-10,7.14373033275818e-05,25990.019740181007,122.99185585777374,156.3132742120529,3.732206288762143e-09,-8.056608658984454e-09,5.022575066491109e-06,1420.6948649119217,233.3061843103354,203.85816552351585,9.078793123563431e-09,-1.959813516001572e-08,1.52260561168251e-06,362.8356486540624,26000.000000000004,1699.999999999999,800.0,356.6674447973445,369.78222348825784,1.3009738656568935e-08,-2.8083756631306457e-08,7.798248400575542e-05,27773.55025374699,28500.000000000004
128.0,0.3694046292399371,9.610783752762865,-1.428366141957525e-10,3.097596109145368e-10,6.148642475512971e-05,25990.01975013141,122.99185585855476,156.31327421274278,-2.682387727655737e-09,5.817103573385674e-09,4.321081746810228e-06,1420.694865604485,233.30618431264958,203.85816552477965,-6.525052843489688e-09,1.4150418233929707e-08,1.3059442462862921e-06,362.83564884900113,26000.000000000004,1699.9999999999989,800.0,356.6674448004443,369.78222349028533,-9.350277185341178e-09,2.0277281418229916e-08,6.711345074822623e-05,27773.550264584897,28500.000000000004
129.0,0.36940462923542305,9.61078375269005,1.9517760165717248e-10,-4.227255358755314e-10,5.29220854802635e-05,25990.01975869622,122.99185585778366,156.31327421206169,3.6653207327203572e-09,-7.938537300059723e-09,3.7211077737323425e-06,1420.694866213319,233.30618431036478,203.8581655235319,8.916090400518377e-09,-1.9310920210471515e-08,1.128683769174971e-06,362.83564904781434,26000.000000000004,1699.999999999999,800.0,356.66744479738384,369.78222348828365,1.2776588734895907e-08,-2.767218304640677e-08,5.777187702317081e-05,27773.550273957353,28500.000000000004
130.0,0.36940462923982625,9.610783752761076,-1.351432492136229e-10,2.94337522745905e-10,4.555029302661179e-05,25990.01976606755,122.99185585853581,156.31327421272604,-2.5379108515400066e-09,5.527485814847963e-09,3.2009576449892905e-06,1420.69486672479,233.30618431259344,203.858165524749,-6.173605048876487e-09,1.3445907413532827e-08,9.670273905525093e-07,362.8356491883578,26000.000000000004,1699.999999999999,800.0,356.6674448003691,369.7822234902361,-8.846659149630117e-09,1.9267730751126696e-08,4.9718278062153585e-05,27773.550281980697,28500.000000000004
131.0,0.3694046292367116,9.610783752710836,9.909975662422024e-11,-2.1529302883500057e-10,3.9205621076751865e-05,25990.019772412554,122.99185585800377,156.3132742122561,1.8610352288403996e-09,-4.043076641440674e-09,2.7563934915378174e-06,1420.6948671755276,233.30618431101698,203.8581655238881,4.527068583839109e-09,-9.835002025866696e-09,8.354918620863421e-07,362.83564933491095,26000.000000000007,1699.9999999999989,800.0,356.66744479825746,369.78222348885504,6.487203569303729e-09,-1.409337169614237e-08,4.279750643037602e-05,27773.55028892299,28500.000000000007
132.0,0.3694046292378666,9.610783752729466,1.2081637864900417e-11,-2.5335678555802647e-11,3.3744583322996996e-05,25990.019777873466,122.99185585820106,156.31327421243034,2.26886063650856e-10,-4.757891638182509e-10,2.3720062218747897e-06,1420.6948675576102,233.30618431160158,203.85816552420735,5.519125886925709e-10,-1.1573828064209941e-09,7.180328964617354e-07,362.8356494467636,26000.000000000004,1699.999999999999,800.0,356.6674447990405,369.7822234893672,7.908802902083273e-10,-1.6585076487950476e-09,3.683462244133352e-05,27773.550294877838,28500.000000000004
133.0,0.36940462923860257,9.610783752741337,-4.322161679399008e-11,9.455158169036287e-11,2.9044203137602647e-05,25990.01978257377,122.99185585832677,156.3132742125414,-8.116765796052519e-10,1.7756231746933533e-09,2.0412815769725487e-06,1420.6948678868853,233.30618431197408,203.85816552441077,-1.9744470642523594e-09,4.319299154761333e-09,6.172324431419317e-07,362.83564954403784,26000.000000000004,1699.9999999999989,800.0,356.66744479953945,369.7822234896935,-2.8293452606516015e-09,6.18947391114505e-09,3.170271715771713e-05,27773.550300004696,28500.000000000004
134.0,0.36940462923576545,9.610783752695575,1.7115503218225e-10,-3.7309851536309815e-10,2.4998688938946965e-05,25990.019786619585,122.99185585784215,156.31327421211333,3.2141909862364065e-09,-7.0065710003935875e-09,1.7582122539551663e-06,1420.6948681756237,233.30618431053813,203.85816552362655,7.818692957043146e-09,-1.7043861913723387e-08,5.343272165471707e-07,362.83564964073327,26000.000000000004,1699.999999999999,800.0,356.66744479761604,369.7822234884354,1.1204038975461803e-08,-2.4423531429480072e-08,2.7291228409449303e-05,27773.55030443594,28500.000000000004
135.0,0.3694046292392899,9.610783752752425,-9.545729535343199e-11,2.093145895073959e-10,2.1516466318205352e-05,25990.01979010143,122.99185585844418,156.3132742126451,-1.7926319453201207e-09,3.930805061994473e-09,1.5118316288829489e-06,1420.69486841494,233.306184312322,203.85816552460074,-4.360673906970966e-09,9.56189535255427e-09,4.563139383664836e-07,362.8356497015621,26000.0,1699.999999999999,800.0,356.66744480000546,369.7822234899983,-6.248763147644519e-09,1.3702015004056139e-08,2.3484611885454784e-05,27773.55030821793,28500.0
136.0,0.3694046292353187,9.610783752688366,2.0574525953676807e-10,-4.5019760631235796e-10,1.851952356061768e-05,25990.0197930988,122.99185585776583,156.3132742120459,3.863775141373168e-09,-8.454446648672847e-09,1.3030009964270535e-06,1420.694868631777,233.30618431031198,203.85816552350303,9.398841454886755e-09,-2.0565897530914677e-08,3.970178894599074e-07,362.8356497803341,26000.000000000004,1699.999999999999,800.0,356.6674447973131,369.7822234882373,1.3468361855796692e-08,-2.9470541785899882e-08,2.0219542446504643e-05,27773.55031151091,28500.000000000004
137.0,0.3694046292393472,9.610783752753349,-1.002119575600366e-10,2.2046257167204868e-10,1.5939786471221418e-05,25990.019795678105,122.99185585845397,156.31327421265374,-1.881921709198637e-09,4.140157619931309e-09,1.1198100562280322e-06,1420.6948688068228,233.30618431235098,203.85816552461657,-4.577876074103506e-09,1.0071156742788918e-08,3.3760119187145485e-07,362.83564981993794,26000.000000000004,1699.9999999999989,800.0,356.6674448000443,369.7822234900236,-6.56000974086218e-09,1.4431776934392275e-08,1.7397197719320906e-05,27773.550314304866,28500.000000000004
138.0,0.3694046292354416,9.610783752690349,1.971215193314613e-10,-4.3274339060437647e-10,1.3719622168985912e-05,25990.01979789869,122.99185585778682,156.31327421206444,3.701826364993704e-09,-8.126666728439212e-09,9.655648751907657e-07,1420.6948689690075,233.3061843103742,203.85816552353702,9.004892320303569e-09,-1.9768555193460132e-08,2.947932924750088e-07,362.83564988205916,26000.000000000004,1699.9999999999989,800.0,356.66744479739646,369.78222348829183,1.2903840204628734e-08,-2.832796531250372e-08,1.4979980336651687e-05,27773.550316749755,28500.000000000004
139.0,0.36940462923962447,9.610783752757822,-1.2186045561727243e-10,2.6889886844146124e-10,1.1808469215009053e-05,25990.01979980939,122.99185585850134,156.31327421269557,-2.2884677887087834e-09,5.049762826977648e-09,8.292807371673515e-07,1420.69486909676,233.30618431249135,203.85816552469322,-5.566821342793478e-09,1.228382047569442e-08,2.493835167806165e-07,362.83564990671493,26000.000000000004,1699.9999999999989,800.0,356.6674448002323,369.78222349014663,-7.977149587119535e-09,1.760248217111353e-08,1.2887133468957022e-05,27773.550318812864,28500.000000000004
140.0,0.3694046292356773,9.61078375269415,1.798327881924194e-10,-3.961267359390078e-10,1.0163760367509852e-05,25990.01980145453,122.99185585782708,156.3132742121,3.3771541477553583e-09,-7.43902745853741e-09,7.155201182242155e-07,1420.6948692186136,233.3061843104935,203.8581655236022,8.21510963806957e-09,-1.809583557606985e-08,2.1890365346852632e-07,362.8356499568814,26000.000000000004,1699.9999999999989,800.0,356.66744479755624,369.7822234883963,1.1772096574017348e-08,-2.5930989770546265e-08,1.1098184139202593e-05,27773.550320630024,28500.000000000004
141.0,0.3694046292397043,9.61078375275911,-1.28571784771709e-10,2.847921368181862e-10,8.747921084991913e-06,25990.019802869927,122.99185585851498,156.31327421270763,-2.4145026087052135e-09,5.348229073078664e-09,6.141066670190731e-07,1420.6948693117358,233.30618431253177,203.85816552471528,-5.873407841146938e-09,1.3009855719509386e-08,1.8416427627473472e-07,362.8356499714522,26000.000000000004,1699.9999999999989,800.0,356.6674448002865,369.782223490182,-8.41648223462386e-09,1.8642876929406237e-08,9.546192028285722e-06,27773.550322153118,28500.000000000004
142.0,0.3694046292367743,9.610783752711846,9.635117497146534e-11,-2.129089746937348e-10,7.5294846343631514e-06,25990.019804088686,122.99185585801447,156.31327421226553,1.8094184796228553e-09,-3.99830550481613e-09,5.298464442818786e-07,1420.6948694020612,233.30618431104875,203.8581655239054,4.401508057023784e-09,-9.726093820949035e-09,1.6162352234606593e-07,362.8356500087469,26000.000000000004,1699.9999999999986,800.0,356.6674447983,369.7822234888828,6.307277711618105e-09,-1.39373083004589e-08,8.220954600991095e-06,27773.550323499494,28500.000000000004
143.0,0.36940462923808326,9.610783752732962,-4.348452229670007e-12,1.0584010368337483e-11,6.4806609353434785e-06,25990.019805137366,122.99185585823808,156.31327421246303,-8.166137904569274e-11,1.987614987981983e-10,4.5550092124520717e-07,1420.6948694736795,233.3061843117113,203.85816552426724,-1.9864570962949758e-10,4.834980676219638e-10,1.377915221798552e-07,362.83565002594503,26000.000000000004,1699.9999999999986,800.0,356.6674447991875,369.78222348946326,-2.8465554090486033e-10,6.928435767884996e-10,7.0739533787685405e-06,27773.550324636988,28500.000000000004
144.0,0.3694046292388489,9.610783752745311,-6.313412303789832e-11,1.4032130739800302e-10,5.577933874041215e-06,25990.01980604001,122.99185585836887,156.31327421257856,-1.1856217523950287e-09,2.635151743252105e-09,3.916870488332803e-07,1420.6948695359147,233.30618431209882,203.85816552447886,-2.8840888687656698e-09,6.410148763289232e-09,1.177078729103436e-07,362.8356500421883,26000.000000000007,1699.9999999999986,800.0,356.6674447997065,369.78222348980273,-4.132844744198597e-09,9.185621813939339e-09,6.087328795784839e-06,27773.55032561811,28500.000000000007
145.0,0.3694046292354071,9.610783752689793,2.0236918288014437e-10,-4.4884735292448076e-10,4.801067954316965e-06,25990.019806817258,122.99185585778093,156.31327421205924,3.800374404495345e-09,-8.429089683058925e-09,3.38721114139474e-07,1420.6948695960662,233.30618431035674,203.8581655235275,9.244615742435966e-09,-2.050421534416698e-08,1.0518538853301333e-07,362.8356500721899,26000.000000000004,1699.9999999999986,799.9999999999999,356.6674447973731,369.78222348827654,1.3247359329811455e-08,-2.9382152380150385e-08,5.2449744569894525e-06,27773.550326485514,28500.000000000004
146.0,0.3694046292397662,9.610783752760106,-1.3432199478641545e-10,2.9942812509684216e-10,4.132208697732258e-06,25990.01980748563,122.99185585852554,156.31327421271695,-2.5224881757030132e-09,5.623084337320439e-09,2.8962119546619303e-07,1420.6948696360344,233.30618431256306,203.85816552473239,-6.1360885580096035e-09,1.367845597636765e-08,8.586738678616101e-08,362.83565006929473,26000.000000000004,1699.9999999999986,800.0,356.6674448003284,369.78222349020945,-8.792898728499033e-09,1.9600968438784932e-08,4.507697279984612e-06,27773.55032719096,28500.000000000004
147.0,0.3694046292346084,9.610783752676909,2.649938385859616e-10,-5.898178579468873e-10,3.5567596631228506e-06,25990.019808061657,122.9918558576445,156.3132742119387,4.976428659644493e-09,-1.1076432976385446e-08,2.5165242504374276e-07,1420.694869684863,233.30618430995247,203.85816552330672,1.2105431157929893e-08,-2.6944020710821965e-08,7.967831657250728e-08,362.835650101901,26000.000000000004,1699.9999999999986,800.0,356.66744479683155,369.78222348792235,1.734685365616035e-08,-3.86102715451543e-08,3.8880904047391e-06,27773.55032784842,28500.000000000004
148.0,0.36940462923943423,9.610783752754752,-1.0905131000976321e-10,2.4401990756894675e-10,3.061214320016119e-06,25990.01980855666,122.99185585846884,156.31327421266684,-2.047919556916649e-09,4.582550553014759e-09,2.144935725424664e-07,1420.6948697118348,233.30618431239503,203.85816552464064,-4.981674793094217e-09,1.1147301416520783e-08,6.345833595769297e-08,362.8356500933403,26000.000000000004,1699.9999999999986,799.9999999999999,356.66744480010334,369.7822234900622,-7.138645660020629e-09,1.597387187710449e-08,3.339166228516278e-06,27773.550328361835,28500.000000000004
149.0,0.36940462923534384,9.610783752688771,2.0880482577830854e-10,-4.661564499947889e-10,2.6349178315182698e-06,25990.01980898342,122.99185585777013,156.3132742120497,3.921231998543906e-09,-8.754144360533309e-09,1.8651211086151938e-07,1420.6948697484997,233.30618431032474,203.85816552351002,9.538608359305876e-09,-2.1294928381562015e-08,5.922989184228015e-08,362.8356501186916,26000.000000000004,1699.9999999999986,800.0,356.66744479733023,369.7822234882485,1.3668645183628091e-08,-3.0515229192090114e-08,2.880659834222069e-06,27773.550328850608,28500.000000000004
150.0,0.3694046292392971,9.61078375275254,-9.88248019256737e-11,2.2186146210217488e-10,2.2677978386443876e-06,25990.01980935009,122.99185585844542,156.31327421264615,-1.8558717410609998e-09,4.166427960658739e-09,1.5878479676904046e-07,1420.694869767812,233.30618431232563,203.85816552460273,-4.5145081213626455e-09,1.0135060763676415e-08,4.67289366517896e-08,362.8356501107221,26000.000000000004,1699.9999999999989,800.0,356.66744480001034,369.78222349000146,-6.469204664349319e-09,1.452335018643733e-08,2.4733115720652175e-06,27773.550329228627,28500.000000000004
151.0,0.36940462923610357,9.610783752701026,1.5030015777557958e-10,-3.3658194102390055e-10,1.951994310211116e-06,25990.019809666257,122.99185585789989,156.3132742121643,2.822548692832417e-09,-6.320811180263128e-09,1.3814827954235833e-07,1420.6948697952846,233.30618431070923,203.85816552371998,6.866001951903843e-09,-1.5375714159278504e-08,4.3821865798829527e-08,362.83565013025856,26000.000000000004,1699.9999999999989,800.0,356.66744479784523,369.78222348858526,9.83885080251184e-09,-2.2033107280565533e-08,2.133964455552304e-06,27773.5503295918,28500.000000000004
152.0,0.36940462923922396,9.610783752751361,-9.357253264252017e-11,2.1083351780082335e-10,1.6800196991947064e-06,25990.019809937876,122.99185585843293,156.3132742126351,-1.7572372085396918e-09,3.959329643306828e-09,1.1749939728481467e-07,1420.6948698092294,233.30618431228862,203.85816552458252,-4.274574300370857e-09,9.631282935222619e-09,3.429820858236026e-08,362.8356501234739,26000.000000000004,1699.9999999999989,799.9999999999999,356.6674447999608,369.78222348996894,-6.125384041553068e-09,1.380144609633027e-08,1.8318173050618812e-06,27773.55032987058,28500.000000000004
153.0,0.3694046292372357,9.61078375271929,6.21904974769188e-11,-1.3964699924024247e-10,1.4460560491105394e-06,25990.01981017207,122.99185585809329,156.3132742123351,1.1679010185968983e-09,-2.6224886320393104e-09,1.0203544596614191e-07,1420.6948698289896,233.30618431128227,203.85816552403293,2.8409822277275968e-09,-6.3793450622677126e-09,3.1716553108847246e-08,362.83565013650656,26000.000000000007,1699.9999999999989,800.0,356.6674447986128,369.7822234890873,4.071073743801414e-09,-9.141480693547265e-09,1.5798080481855285e-06,27773.550330137565,28500.000000000007
154.0,0.36940462923785794,9.610783752729326,1.3291638784011855e-11,-2.9116076847455154e-11,1.244619031643527e-06,25990.019810373433,122.99185585819957,156.31327421242898,2.496091702897429e-10,-5.467828235347063e-10,8.756599835693488e-08,1420.6948698421013,233.3061843115972,203.85816552420494,6.071877713539665e-10,-1.33007871333431e-09,2.6674086450624376e-08,362.8356501382466,26000.000000000004,1699.9999999999986,799.9999999999999,356.6674447990346,369.7822234893632,8.700885804277213e-10,-1.905977613716471e-09,1.3588591164510863e-06,27773.55033035378,28500.000000000004
155.0,0.3694046292392828,9.61078375275231,-9.854179539770951e-11,2.2244976236323842e-10,1.0712153063383611e-06,25990.019810546673,122.99185585844297,156.31327421264396,-1.8505570446452998e-09,4.177475894049057e-09,7.4673101137923e-08,1420.6948698519118,233.3061843123184,203.85816552459877,-4.501579835721085e-09,1.0161935457617002e-08,2.126656478030667e-08,362.83565013615583,26000.000000000004,1699.9999999999986,799.9999999999999,356.6674448000007,369.78222348999503,-6.450678675764094e-09,1.4561861114029298e-08,1.1671549722565908e-06,27773.55033053474,28500.000000000004
156.0,0.369404629234971,9.610783752682758,2.407570171020524e-10,-5.429236626667386e-10,9.221163219232601e-07,25990.019810696274,122.99185585770644,156.31327421199342,4.521275386287598e-09,-1.0195787529692721e-08,6.6337898515415e-08,1420.6948698696356,233.30618431013605,203.85816552340697,1.099824626815805e-08,-2.4801803156951558e-08,2.3329947307757365e-08,362.83565015693057,26000.000000000007,1699.9999999999989,800.0,356.66744479707745,369.7822234880831,1.57602786715477e-08,-3.554051434931102e-08,1.0117841677464324e-06,27773.550330722843,28500.000000000007
157.0,0.36940462924033335,9.610783752769256,-1.8182326737513623e-10,4.117591726330024e-10,7.935393655470734e-07,25990.019810824226,122.99185585862242,156.31327421280247,-3.4145341777542636e-09,7.732595438823974e-09,5.462265594801345e-08,1420.694869869633,233.30618431285015,203.85816552488916,-8.306038577618035e-09,1.8809955524052104e-08,1.4060196492733747e-08,362.8356501376966,26000.000000000004,1699.9999999999986,800.0,356.66744480071293,369.78222349046086,-1.1902396022747436e-08,2.6954310135509083e-08,8.622222179878205e-07,27773.550330831553,28500.000000000004
158.0,0.3694046292342732,9.610783752671502,2.967137439017607e-10,-6.711756870760869e-10,6.831613606425996e-07,25990.01981093531,122.99185585758723,156.3132742118881,5.572109852600981e-09,-1.260428522656072e-08,4.990328513298759e-08,1420.6948698876522,233.30618430978282,203.85816552321407,1.355445779259763e-08,-3.066060372622366e-08,1.912940800196771e-08,362.8356501649798,26000.000000000004,1699.9999999999986,800.0,356.6674447966043,369.78222348777365,1.9423281389100372e-08,-4.3936064639860465e-08,7.521940537775549e-07,27773.550330987942,28500.000000000004
159.0,0.36940462923942025,9.610783752754527,-1.1013430167273263e-10,2.504869419107096e-10,5.878772708805285e-07,25990.01981102999,122.99185585846645,156.3132742126647,-2.068257504313896e-09,4.703997659899642e-09,4.0617925444174224e-08,1420.694869885614,233.30618431238796,203.85816552463677,-5.03114794722883e-09,1.144272805526596e-08,1.0786823226245831e-08,362.8356501457768,26000.0,1699.9999999999989,800.0,356.66744480009385,369.782223490056,-7.209539753215458e-09,1.6397212657076312e-08,6.392820195509485e-07,27773.550331061382,28500.0
160.0,0.36940462923564177,9.610783752693578,1.8932339671199555e-10,-4.2939496632315205e-10,5.060884153596831e-07,25990.019811112226,122.99185585782102,156.31327421209463,3.5553822019845143e-09,-8.063785286928589e-09,3.67794932533625e-08,1420.6948698978122,233.30618431047552,203.85816552359236,8.648658994144627e-09,-1.961559269501636e-08,1.3709768523827628e-08,362.8356501631892,26000.000000000004,1699.9999999999989,800.0,356.6674447975322,369.78222348838057,1.2393364592841137e-08,-2.81087729482681e-08,5.565776771368733e-07,27773.55033117323,28500.000000000004
161.0,0.36940462923872747,9.610783752743352,-5.5472424373294946e-11,1.268119097472095e-10,4.355192957986063e-07,25990.01981118243,122.9918558583481,156.3132742125602,-1.0417395511734393e-09,2.3814531893527285e-09,3.025564579957418e-08,1420.6948698974952,233.3061843120373,203.85816552444527,-2.534087652746723e-09,5.7930133456558305e-09,8.392756784041429e-09,362.8356501518657,26000.0,1699.9999999999989,800.0,356.66744479962415,369.78222348974884,-3.631299628293457e-09,8.301278444755769e-09,4.741676983822219e-07,27773.55033123179,28500.0
162.0,0.36940462923679357,9.610783752712157,9.836964935066354e-11,-2.2365313567167345e-10,3.7490542973084803e-07,25990.019811243274,122.99185585801776,156.3132742122684,1.8473242430290143e-09,-4.200074538019985e-09,2.6981274813772336e-08,1420.694869905084,233.30618431105847,203.8581655239107,4.49371587126138e-09,-1.0216907878226636e-08,9.510244728522449e-09,362.8356501612437,26000.000000000004,1699.9999999999986,799.9999999999999,356.667444798313,369.7822234888913,6.4394097636410575e-09,-1.4640635551918295e-08,4.1139694927314286e-07,27773.5503313096,28500.000000000004
163.0,0.36940462923842005,9.610783752738392,-3.1206269913020634e-11,7.178215243114844e-11,3.226441236432115e-07,25990.01981129534,122.99185585829558,156.31327421251382,-5.860354217453859e-10,1.3480266655343701e-09,2.247618295825302e-08,1420.6948699059512,233.30618431188168,203.85816552436032,-1.425562775885442e-09,3.279147580383511e-09,6.368904944337098e-09,362.83565015553546,26000.000000000004,1699.9999999999989,799.9999999999999,356.66744479941565,369.78222348961253,-2.0428044675438483e-09,4.698956398349029e-09,3.5148921154580164e-07,27773.550331356826,28500.000000000004
164.0,0.36940462923792294,9.610783752730374,8.54334408668219e-12,-1.9329664164715014e-11,2.7771467136815924e-07,25990.01981134033,122.99185585821067,156.3132742124388,1.6043898451533404e-10,-3.6299974082668985e-10,1.9575154738319436e-08,1420.6948699099767,233.3061843116301,203.8581655242229,3.9027648434826975e-10,-8.830164508856207e-10,6.0405750329744354e-09,362.8356501585991,26000.000000000004,1699.9999999999986,800.0,356.6674447990787,369.7822234893921,5.592588129502859e-10,-1.2653458558770255e-09,3.033304011394531e-07,27773.550331408907,28500.000000000004
165.0,0.3694046292372568,9.610783752719628,6.168398905377881e-11,-1.4037786863959468e-10,2.390501281333656e-07,25990.019811379072,122.99185585809688,156.3132742123383,1.1583890878716714e-09,-2.636213930138017e-09,1.7197830178460837e-08,1420.6948699138436,233.30618431129292,203.85816552403878,2.8178439431613065e-09,-6.412732590243203e-09,6.048911458503962e-09,362.8356501622142,26000.0,1699.9999999999989,800.0,356.66744479862706,369.78222348909674,4.037917020086756e-09,-9.189324389020815e-09,2.622968697703304e-07,27773.55033145513,28500.0
166.0,0.36940462923966,9.610783752758392,-1.3059162473148752e-10,2.991192803417427e-10,2.056887202637725e-07,25990.019811412145,122.99185585850739,156.3132742127009,-2.452434016909041e-09,5.6172844142342195e-09,1.3614774755318033e-08,1420.6948699120107,233.30618431250926,203.85816552470303,-5.965678037740969e-09,1.3664347350471291e-08,2.3176632210909407e-09,362.8356501527713,26000.0,1699.9999999999986,800.0,356.6674448002563,369.7822234901623,-8.548703679381497e-09,1.9580751045047252e-08,2.2162115824018145e-07,27773.550331476927,28500.0
167.0,0.3694046292348509,9.61078375268082,2.547821227059714e-10,-5.83156816638407e-10,1.7716519308702816e-07,25990.01981144125,122.9918558576859,156.31327421197528,4.784658632698617e-09,-1.0951342532658072e-08,1.4096860285359183e-08,1420.6948699224074,233.30618431007517,203.85816552337374,1.1638940222679363e-08,-2.6639731458465784e-08,7.78060491382409e-09,362.8356501737712,26000.0,1699.9999999999989,800.0,356.66744479699594,369.78222348802984,1.6678380978083953e-08,-3.817423080776226e-08,1.9904265828621142e-07,27773.55033153743,28500.0
168.0,0.36940462924056217,9.610783752772946,-2.0356960207295435e-10,4.676724034873508e-10,1.523409216433214e-07,25990.019811465383,122.9918558586615,156.313274212837,-3.822917571915435e-09,8.782613076835046e-09,9.388030222455757e-09,1420.6948699141526,233.30618431296588,203.8581655249524,-9.299453213305471e-09,2.136418006953434e-08,1.891880500534992e-11,362.835650149998,26000.0,1699.9999999999989,800.0,356.66744480086794,369.7822234905624,-1.3325940387293861e-08,3.0614465549856736e-08,1.6174787067078252e-07,27773.550331529535,28500.0
169.0,0.3694046292350587,9.61078375268417,2.389159063771319e-10,-5.483253946420336e-10,1.3126482825611676e-07,25990.019811487124,122.9918558577214,156.31327421200663,4.486700408157763e-09,-1.0297228883764764e-08,1.0773952117358568e-08,1420.6948699253073,233.30618431018036,203.85816552343118,1.0914140768743883e-08,-2.5048564722849882e-08,6.568557619148045e-09,362.83565017395426,26000.0,1699.9999999999986,800.0,356.6674447971368,369.782223488122,1.563975708327878e-08,-3.589411900125668e-08,1.4860733799262336e-07,27773.550331586386,28500.0
170.0,0.3694046292388621,9.61078375274552,-6.715839509188487e-11,1.5525820553448245e-10,1.1288593604200914e-07,25990.01981150504,122.9918558583711,156.3132742125805,-1.2611952181700519e-09,2.9156579178983947e-09,7.495368716199878e-09,1420.6948699198974,233.30618431210542,203.85816552448247,-3.0679254008477087e-09,7.092495164536028e-09,1.328886647993375e-09,362.8356501580586,26000.0,1699.9999999999989,800.0,356.6674447997154,369.78222348980853,-4.3962790141096454e-09,1.0163411287968906e-08,1.2171019140620238e-07,27773.550331583,28500.0
171.0,0.36940462923689926,9.61078375271386,9.125984789681575e-11,-2.098177951989313e-10,9.721379498718379e-08,25990.019811520953,122.9918558580358,156.31327421228434,1.713806347265733e-09,-3.940254969321356e-09,7.425672023531105e-09,1420.6948699244795,233.30618431111193,203.85816552393993,4.16892638745132e-09,-9.584882761972937e-09,3.513925482885522e-09,362.8356501668501,26000.0,1699.9999999999989,800.0,356.6674447983846,369.78222348893814,5.973992582613868e-09,-1.3734955526493224e-08,1.0815339249360042e-07,27773.55033161228,28500.0
172.0,0.3694046292374866,9.610783752723336,4.3848664743065275e-11,-1.003708151163552e-10,8.366057600131262e-08,25990.019811534436,122.99185585813615,156.31327421237296,8.234521718601142e-10,-1.8849049607977977e-09,6.163336065738024e-09,1420.6948699243878,233.30618431140925,203.85816552410228,2.0030918275153633e-09,-4.5851329945712504e-09,2.4698394130451284e-09,362.8356501646006,26000.0,1699.9999999999989,800.0,356.66744479878287,369.7822234891986,2.8703926641185425e-09,-6.570408770485403e-09,9.229375148009578e-08,27773.550331623424,28500.0
173.0,0.3694046292378948,9.610783752729919,1.0998800805107498e-11,-2.5133803666551856e-11,7.199809746388495e-08,25990.019811546048,122.99185585820587,156.31327421243455,2.0655101961693542e-10,-4.719980719398104e-10,5.131596727062264e-09,1420.6948699244922,233.30618431161585,203.8581655242151,5.024464971450905e-10,-1.1481607710149392e-09,1.7044055157451242e-09,362.8356501631103,26000.0,1699.9999999999989,800.0,356.6674447990596,369.7822234893796,7.199963175671334e-10,-1.6452926466213016e-09,7.883409970669235e-08,27773.55033163365,28500.0
174.0,0.3694046292371909,9.610783752718563,6.79428430170422e-11,-1.5641631941469435e-10,6.198974289427423e-08,25990.019811556143,122.99185585808563,156.31327421232834,1.2759266895159803e-09,-2.9374066164070644e-09,4.799117854768422e-09,1420.6948699264472,233.30618431125959,203.85816552402054,3.1037604995072375e-09,-7.145400046880897e-09,2.396981832579274e-09,362.83565016636453,26000.0,1699.9999999999986,800.0,356.66744479858244,369.7822234890674,4.44763003204026e-09,-1.0239222982702656e-08,6.918584258162193e-08,27773.550331648956,28500.0
175.0,0.36940462923864303,9.610783752741987,-4.971333473310673e-11,1.1516371904456009e-10,5.3317260720955875e-08,25990.019811564638,122.99185585833368,156.31327421254744,-9.335872299950234e-10,2.162707008851564e-09,3.4216449408261887e-09,1420.694869924467,233.30618431199457,203.85816552442193,-2.27100129744399e-09,5.2609014617787996e-09,3.3844280798080645e-10,362.8356501602551,26000.0,1699.9999999999989,800.0,356.6674447995669,369.7822234897113,-3.2543018621721203e-09,7.538772189674924e-09,5.707734846976287e-08,27773.55033164936,28500.0
176.0,0.3694046292364805,9.610783752707105,1.258224587393029e-10,-2.908534441306125e-10,4.594967335449418e-08,25990.019811572274,122.99185585796428,156.31327421222116,2.362871880503632e-09,-5.462056864637365e-09,4.052795597391898e-09,1420.6948699288598,233.30618431090002,203.8581655238242,5.747813309598483e-09,-1.3286747962725396e-08,2.9859686385226053e-09,362.83565016982874,26000.000000000004,1699.9999999999989,800.0,356.6674447981008,369.7822234887525,8.236507648841417e-09,-1.9039658271493373e-08,5.298843759040868e-08,27773.550331670962,28500.000000000004
177.0,0.3694046292397411,9.6107837527597,-1.3926299164162412e-10,3.2301846781111817e-10,3.9462375167906934e-08,25990.019811578357,122.99185585852125,156.31327421271314,-2.6152771948623246e-09,6.066097119094962e-09,1.8587593251320566e-09,1420.694869923455,233.30618431255036,203.85816552472545,-6.3618028523151885e-09,1.4756108465306788e-08,-1.3938184875003402e-09,362.83565015572367,26000.000000000004,1699.9999999999989,800.0,356.66744480031133,369.78222349019825,-9.116343038819137e-09,2.1145224052212868e-08,3.9927316005538655e-08,27773.550331657538,28500.000000000004
178.0,0.36940462923545186,9.610783752690512,2.0987120570330043e-10,-4.864428760345818e-10,3.408143862470913e-08,25990.01981158427,122.99185585778858,156.31327421206598,3.941257987261754e-09,-9.13511152753335e-09,3.773454638623341e-09,1420.6948699315649,233.3061843103794,203.85816552353987,9.587322657089199e-09,-2.222165156559746e-08,4.0877252786376596e-09,362.83565017462735,26000.0,1699.999999999999,800.0,356.6674447974034,369.7822234882964,1.3738451850054253e-08,-3.184320596916539e-08,4.194261854197013e-08,27773.55033169046,28500.0
179.0,0.3694046292401117,9.610783752765677,-1.6994309045082398e-10,3.95200190864038e-10,2.921080663471933e-08,25990.019811588558,122.99185585858456,156.31327421276904,-3.1914314322771488e-09,7.4216274861942586e-09,9.324878183732296e-10,1420.6948699234824,233.3061843127379,203.85816552482788,-7.763329114349448e-09,1.8053509204659085e-08,-2.113877314768834e-09,362.8356501542579,26000.0,1699.9999999999986,800.0,356.6674448005626,369.78222349036264,-1.1124703637077422e-08,2.5870336881717382e-08,2.8029417138323722e-08,27773.550331666298,28500.0
180.0,0.3694046292367116,9.610783752710832,1.0762350907533389e-10,-2.499703915304356e-10,2.5231456876699584e-08,25990.019811592963,122.99185585800376,156.31327421225603,2.021106293931828e-09,-4.694297147102676e-09,2.482194629443777e-09,1420.69486992993,233.30618431101698,203.85816552388806,4.916450084395601e-09,-1.1419131034651567e-08,2.2662675053499737e-09,362.83565016933136,26000.0,1699.9999999999989,800.0,356.66744479825746,369.7822234888549,7.045179887402763e-09,-1.6363398573284677e-08,2.9979919011493336e-08,27773.550331692222,28500.0
181.0,0.36940462923755035,9.610783752724362,3.909721577475737e-11,-9.027585805411457e-11,2.169797427725656e-08,25990.01981159639,122.99185585814703,156.3132742123826,7.342227507384779e-10,-1.6953275959035202e-09,1.7803606610710418e-09,1420.69486992865,233.3061843114415,203.8581655241199,1.7860364472966988e-09,-4.123975827976701e-09,1.0843979160774681e-09,362.83565016569213,26000.0,1699.9999999999989,800.0,356.66744479882607,369.78222348922685,2.559356413809934e-09,-5.909579281934335e-09,2.456273285440507e-08,27773.550331690734,28500.0
182.0,0.36940462923887396,9.610783752745713,-6.903187214805976e-11,1.6092787405098667e-10,1.8639450392421256e-08,25990.019811599283,122.99185585837313,156.3132742125823,-1.2963780169772586e-09,3.022130962897584e-09,8.533770691582595e-10,1420.6948699264642,233.30618431211147,203.85816552448577,-3.1535094568855735e-09,7.351496589906008e-09,-7.183365741660907e-10,362.8356501599231,26000.0,1699.9999999999989,800.0,356.66744479972346,369.78222348981376,-4.518919346010892e-09,1.053455542685458e-08,1.8774490887413427e-08,27773.55033168567,28500.0
183.0,0.3694046292353901,9.610783752689516,2.162365152534697e-10,-5.03356436719688e-10,1.6140496094364076e-08,25990.019811602222,122.99185585777802,156.31327421205663,4.060794762282232e-09,-9.452738263930334e-09,2.5624345017957305e-09,1420.6948699329937,233.3061843103481,203.85816552352279,9.878102310594133e-09,-2.2994295735782914e-08,3.828245330029842e-09,362.835650175417,26000.0,1699.9999999999989,800.0,356.6674447973615,369.7822234882689,1.4155133588129835e-08,-3.295039043643294e-08,2.253117592618965e-08,27773.550331710634,28500.0
184.0,0.3694046292391308,9.610783752749857,-9.023426365666337e-11,2.107612337872546e-10,1.3794539697338868e-08,25990.019811604096,122.991855858417,156.31327421262105,-1.6945464775189786e-09,3.957972191968845e-09,3.708580670091407e-10,1420.6948699263264,233.30618431224144,203.85816552455677,-4.1220757154761305e-09,9.627980861683982e-09,-1.1678802863307974e-09,362.8356501588637,26000.0,1699.9999999999986,800.0,356.66744479989757,369.7822234899277,-5.906856456651772e-09,1.379671428744008e-08,1.299751747801721e-08,27773.550331689286,28500.0
185.0,0.3694046292355625,9.6107837526923,2.0255427801555142e-10,-4.723951108043713e-10,1.1972322504844333e-08,25990.01981160637,122.99185585780748,156.31327421208266,3.8038503824568715e-09,-8.871302746617286e-09,2.1826450074608264e-09,1420.6948699329935,233.30618431043538,203.85816552357045,9.253071246270543e-09,-2.1579922475558698e-08,3.5277217923914972e-09,362.8356501747933,26000.0,1699.9999999999986,800.0,356.6674447974784,369.7822234883454,1.3259475906742966e-08,-3.0923620332980355e-08,1.7682689304696658e-08,27773.55033171416,28500.0
186.0,0.36940462923904055,9.610783752748402,-8.303104346442452e-11,1.9425918227163832e-10,1.0213443559189029e-08,25990.019811607686,122.99185585840159,156.31327421260744,-1.5592742327234088e-09,3.6480733560625606e-09,1.6570625456430226e-10,1420.6948699267352,233.3061843121958,203.8581655245318,-3.793018682973211e-09,8.874135226414452e-09,-1.1304140762229593e-09,362.8356501593217,26000.0,1699.9999999999989,800.0,356.6674447998364,369.78222348988766,-5.435323959161044e-09,1.271646776474865e-08,9.248735737530371e-09,27773.550331693743,28500.0
187.0,0.3694046292360265,9.610783752699783,1.6478034967796417e-10,-3.849551057194934e-10,8.874670454995274e-09,25990.019811609407,122.99185585788673,156.31327421215266,3.0944781926469054e-09,-7.229230804043066e-09,1.7174495901220254e-09,1420.6948699323766,233.30618431067026,203.8581655236987,7.527485128881295e-09,-1.758549389693095e-08,2.8578872401016883e-09,362.83565017283115,25999.999999999996,1699.9999999999986,800.0,356.667444797793,369.78222348855115,1.0786743671206164e-08,-2.5199679806693507e-08,1.3450007285218988e-08,27773.550331714614,28499.999999999996
188.0,0.36940462923933676,9.610783752753179,-1.0764538879969457e-10,2.5216701225212287e-10,7.549840059799553e-09,25990.019811610313,122.99185585845218,156.31327421265212,-2.0215171822916163e-09,4.735548394249148e-09,-1.8642602086555848e-10,1420.694869926367,233.30618431234572,203.8581655246137,-4.917449592539631e-09,1.151947691838853e-08,-1.5895385168203966e-09,362.83565015802805,26000.0,1699.9999999999989,800.0,356.66744480003723,369.78222349001896,-7.046612163630942e-09,1.6507192324889802e-08,5.7738755221135985e-09,27773.550331694707,28500.0
189.0,0.36940462923654827,9.6107837527082,1.2209752726521065e-10,-2.8572386938664686e-10,6.574630835604984e-09,25990.019811611644,122.99185585797586,156.3132742122314,2.2929198550514534e-09,-5.365726463511475e-09,1.274448241390179e-09,1420.69486993159,233.30618431093436,203.85816552384293,5.577651234244622e-09,-1.3052419065616355e-08,2.1223570168182527e-09,362.8356501705751,26000.0,1699.9999999999986,800.0,356.6674447981468,369.7822234887825,7.992668616561287e-09,-1.8703869398514478e-08,9.971436093813417e-09,27773.55033171381,28500.0
190.0,0.36940462923901507,9.61078375274799,-8.135563893009917e-11,1.9102415444436405e-10,5.592398747828024e-09,25990.01981161231,122.99185585839723,156.31327421260357,-1.5278111195109406e-09,3.5873214333605043e-09,-1.5063005170247723e-10,1420.694869927089,233.3061843121829,203.85816552452476,-3.7164829628926795e-09,8.726352897320007e-09,-1.208021138564308e-09,362.83565015949046,26000.0,1699.9999999999986,800.0,356.6674447998191,369.7822234898763,-5.325649721333719e-09,1.2504698485124876e-08,4.23374755756124e-09,27773.55033169889,28500.0
191.0,0.36940462923835377,9.610783752737323,-2.6724504877926723e-11,6.272908166327238e-11,4.82889839344715e-09,25990.019811613158,122.99185585828427,156.31327421250379,-5.01870506479315e-10,1.1780153133164934e-09,1.6098101925423277e-10,1420.6948699283737,233.30618431184817,203.85816552434198,-1.2208270794438365e-09,2.8655857952046e-09,-3.327815114128101e-10,362.83565016249787,26000.0,1699.9999999999989,800.0,356.6674447993708,369.7822234895831,-1.7494220908010783e-09,4.106330190184365e-09,4.657097901288573e-09,27773.55033170403,28500.0
192.0,0.36940462923603723,9.610783752699957,1.6459673688804659e-10,-3.857919557543056e-10,4.223145079408213e-09,25990.01981161406,122.99185585788857,156.31327421215425,3.091030052270578e-09,-7.244946356233097e-09,1.394188219187761e-09,1420.6948699327158,233.3061843106757,203.85816552370167,7.519097341446274e-09,-1.7623722825303052e-08,2.7679596485490416e-09,362.8356501729593,25999.999999999996,1699.999999999999,800.0,356.6674447978003,369.78222348855587,1.0774724130604899e-08,-2.5254461137290456e-08,8.385292947145014e-09,27773.550331719733,28499.999999999996
193.0,0.3694046292404544,9.610783752771209,-2.0048602418748351e-10,4.708661338839582e-10,3.512759013525769e-09,25990.019811614202,122.9918558586431,156.31327421282074,-3.765009790182439e-09,8.84258945803396e-09,-1.093482703527246e-09,1420.6948699245509,233.30618431291143,203.85816552492264,-9.158589410540012e-09,2.1510075852076796e-08,-3.196587182719597e-09,362.83565015301104,25999.999999999996,1699.9999999999986,800.0,356.667444800795,369.7822234905146,-1.3124085224909935e-08,3.082353144399472e-08,-7.773108727210739e-10,27773.550331691764,28499.999999999996
194.0,0.36940462923399736,9.610783752667052,3.336024911663885e-10,-7.832135745470808e-10,3.204287681429088e-09,25990.01981161534,122.99185585754012,156.31327421184648,6.264858861726603e-09,-1.4708290954233862e-08,2.454475531878683e-09,1420.6948699366012,233.3061843096432,203.8581655231378,1.5239607126231004e-08,-3.57787111549878e-08,5.508759514751001e-09,362.8356501822493,25999.999999999996,1699.9999999999989,800.0,356.6674447964173,369.7822234876513,2.1838068479123997e-08,-5.1270215683768744e-08,1.1167522728058773e-08,27773.55033173419,28499.999999999996
195.0,0.36940462923957834,9.610783752757076,-1.2820135992894094e-10,3.016265184983167e-10,2.6094668667753824e-09,25990.01981161522,122.99185585849345,156.31327421268855,-2.407546247704626e-09,5.664368874291138e-09,-6.7587048325596e-10,1420.694869926236,233.306184312468,203.85816552468046,-5.856486117785476e-09,1.3778882839582084e-08,-2.0416385364576314e-09,362.83565015697076,26000.0,1699.9999999999989,800.0,356.667444800201,369.78222349012606,-8.392233725419042e-09,1.9744878232371538e-08,-1.0804215293820906e-10,27773.55033169843,28500.0
196.0,0.36940462923551326,9.610783752691503,2.0852520833363873e-10,-4.900815814859178e-10,2.3601124293332386e-09,25990.01981161599,122.99185585779907,156.3132742120752,3.9159809471499184e-09,-9.203444278865025e-09,1.561364493559041e-09,1420.6948699338507,233.30618431041046,203.85816552355683,9.52583489352537e-09,-2.2387874669477307e-08,3.4559307283902356e-09,362.8356501754388,25999.999999999996,1699.9999999999989,800.0,356.66744479744506,369.78222348832355,1.3650341049008927e-08,-3.208140052982825e-08,7.377407651282515e-09,27773.55033172528,28499.999999999996
197.0,0.3694046292384448,9.610783752738794,-3.4370710074357194e-11,8.113400192004661e-11,1.9547955524316444e-09,25990.01981161602,122.99185585829984,156.31327421251754,-6.454617495298067e-10,1.5236489066660615e-09,-9.40685719154733e-11,1420.6948699283973,233.3061843118943,203.85816552436717,-1.5701205238389355e-09,3.706358155525829e-09,-5.233373406042274e-10,362.83565016212566,26000.0,1699.9999999999989,800.0,356.6674447994326,369.7822234896235,-2.2499529834430993e-09,5.311141064111937e-09,1.3373896399119436e-09,27773.550331706545,28500.0
198.0,0.3694046292368352,9.610783752712829,9.914001664432811e-11,-2.3318912839276165e-10,1.7286605438807474e-09,25990.019811616454,122.99185585802488,156.31327421227468,1.8617912883724396e-09,-4.379154880902319e-09,7.85715214165834e-10,1420.694869931431,233.3061843110796,203.85816552392225,4.528907739455055e-09,-1.0652530472405076e-08,1.6578068593261391e-09,362.835650169464,25999.999999999996,1699.9999999999989,800.0,356.6674447983413,369.7822234889097,6.489839044471823e-09,-1.5264874481700157e-08,4.1721826173727206e-09,27773.55033171735,28499.999999999996
199.0,0.3694046292382623,9.610783752735847,-1.926488908029586e-11,4.5563508461657233e-11,1.4503624199102552e-09,25990.019811616552,122.99185585826865,156.31327421249,-3.617833027978807e-10,8.55655929812499e-10,-2.811698615817819e-11,1420.6948699287743,233.30618431180187,203.8581655243167,-8.800573997119182e-10,2.08142920579823e-09,-2.865748980515174e-10,362.83565016296666,26000.000000000004,1699.9999999999986,800.0,356.6674447993088,369.7822234895425,-1.2611055915900947e-09,2.9826486440723863e-09,1.1356705357005596e-09,27773.550331708295,28500.000000000004
200.0,0.36940462923778106,9.610783752728084,2.0703742247913286e-11,-4.8696823416795455e-11,1.2617383630469218e-09,25990.019811616803,122.99185585818644,156.31327421241738,3.8880412026576847e-10,-9.144977444634161e-10,2.27431517819334e-10,1420.6948699296931,233.30618431155833,203.85816552418368,9.457869957604849e-10,-2.224565094150401e-09,3.654511154976177e-10,362.83565016517133,26000.000000000004,1699.9999999999986,800.0,356.66744479898256,369.7822234893291,1.3552948582741666e-09,-3.187759662030612e-09,1.8546209963638735e-09,27773.550331711667,28500.000000000004
201.0,0.36940462923763645,9.610783752725752,3.269219887704056e-11,-7.686555862122179e-11,1.091307394796587e-09,25990.01981161699,122.99185585816174,156.31327421239556,6.139402950229975e-10,-1.4434900483133415e-09,2.956273187456871e-10,1420.6948699299755,233.30618431148514,203.8581655241437,1.4934428853811794e-09,-3.511367408662785e-09,5.574983767264141e-10,362.8356501658316,26000.0,1699.999999999999,800.0,356.6674447988845,369.782223489265,2.1400753792812173e-09,-5.0317230155973484e-09,1.944433090268688e-09,27773.550331712795,28500.0
202.0,0.3694046292393098,9.610783752752745,-1.0633435785389408e-10,2.506884172451903e-10,8.910270405721962e-10,25990.019811616974,122.99185585844758,156.31327421264805,-1.996896791079955e-09,4.707781248386145e-09,-6.519997366618058e-10,1420.6948699268444,233.3061843123321,203.85816552460622,-4.857559162844077e-09,1.1451931838232652e-08,-1.7251413803862516e-09,362.8356501581925,26000.0,1699.9999999999989,800.0,356.667444800019,369.782223490007,-6.9607903117779265e-09,1.6410401503863986e-08,-1.4861140764758612e-09,27773.55033170201,28500.0
203.0,0.36940462923540845,9.610783752689814,2.179122906433974e-10,-5.136195537284002e-10,8.780524570676336e-10,25990.019811617494,122.99185585778116,156.3132742120594,4.09226483996324e-09,-9.645473573967873e-09,1.5258757092856731e-09,1420.6948699341856,233.30618431035748,203.85816552352787,9.95465497204333e-09,-2.3463134773938583e-08,3.592035539537544e-09,362.83565017603115,26000.000000000004,1699.9999999999989,800.0,356.66744479737406,369.7822234882771,1.4264832102649967e-08,-3.362222790163486e-08,5.995963705890851e-09,27773.55033172771,28500.000000000004
204.0,0.36940462924072126,9.610783752775513,-2.2379691656587829e-10,5.279170932794059e-10,6.079258851716621e-10,25990.019811617072,122.99185585868868,156.31327421286102,-4.202774658740023e-09,9.913972969873435e-09,-1.462614668418508e-09,1420.6948699242005,233.3061843130465,203.85816552499637,-1.0223476067594218e-08,2.4116274038167957e-08,-3.6609494358521664e-09,362.8356501517253,26000.0,1699.9999999999986,800.0,356.6674448009759,369.7822234906329,-1.4650047642900119e-08,3.4558164101320794e-08,-4.515638219099012e-09,27773.550331693,28500.0
205.0,0.3694046292355162,9.610783752691551,2.0910285069552715e-10,-4.931591627795923e-10,6.676616517986345e-10,25990.01981161769,122.99185585779956,156.31327421207567,3.926828731456108e-09,-9.261239448140219e-09,1.4531115775737814e-09,1420.6948699340048,233.30618431041196,203.85816552355763,9.552222714009243e-09,-2.2528464536278907e-08,3.44606716142268e-09,362.8356501755606,26000.0,1699.9999999999989,800.0,356.66744479744705,369.78222348832486,1.3688154296160879e-08,-3.2282863147198714e-08,5.566840390795096e-09,27773.550331727256,28500.0
206.0,0.3694046292384915,9.610783752739545,-3.83736427220058e-11,9.068942622220107e-11,4.961369843623114e-10,25990.019811617472,122.99185585830779,156.3132742125246,-7.206344737388143e-10,1.703094163178107e-09,-2.2394299334425796e-10,1420.6948699284078,233.30618431191792,203.85816552438,-1.7529822305839114e-09,4.142868421951167e-09,-6.211026257305778e-10,362.8356501619333,26000.0,1699.9999999999986,800.0,356.6674447994642,369.78222348964414,-2.5119903470447317e-09,5.936652011351475e-09,-3.4890863471252435e-10,27773.550331707815,28500.0
207.0,0.3694046292378847,9.610783752729757,1.2135644022982608e-11,-2.8590109632569242e-11,4.4329177662653184e-10,25990.019811617603,122.99185585820415,156.31327421243302,2.2790026760701836e-10,-5.369054681156828e-10,1.1265306313724626e-10,1420.6948699295579,233.3061843116108,203.8581655242123,5.543796944672749e-10,-1.306051513514874e-09,2.083202617130078e-10,362.8356501647203,25999.999999999996,1699.9999999999986,800.0,356.6674447990528,369.78222348937504,7.944156060972759e-10,-1.871547091263126e-09,7.642651014767859e-10,27773.550331711882,28499.999999999996
208.0,0.3694046292362401,9.61078375270323,1.4899977634577827e-10,-3.5153016866244167e-10,4.3137660264411453e-10,25990.01981161783,122.99185585792323,156.3132742121849,2.798128293251531e-09,-6.601530116297112e-09,1.0327634666098154e-09,1420.6948699326613,233.3061843107784,203.8581655237577,6.806598012707487e-09,-1.605857811404788e-08,2.455691858018452e-09,362.8356501722602,25999.999999999996,1699.9999999999989,800.0,356.6674447979379,369.78222348864585,9.753726082304796e-09,-2.3011638399007435e-08,3.919831927272382e-09,27773.55033172275,28499.999999999996
209.0,0.369404629238495,9.610783752739602,-3.86480686607615e-11,9.125749324652347e-11,3.112575310562457e-10,25990.019811617658,122.9918558583084,156.31327421252513,-7.257880317012871e-10,1.7137621283075135e-09,-2.3844867013178167e-10,1420.6948699284158,233.3061843119197,203.85816552438098,-1.765518538318051e-09,4.168818822484818e-09,-6.287217065768808e-10,362.8356501619248,26000.0,1699.9999999999989,800.0,356.6674447994666,369.78222348964573,-2.5299546386800997e-09,5.973838444038855e-09,-5.559128456524167e-10,27773.550331707997,28500.0
210.0,0.36940462923640516,9.61078375270589,1.3529282071267473e-10,-3.1928847604836185e-10,3.285516757063206e-10,25990.019811617913,122.99185585795142,156.3132742122098,2.5407197164801044e-09,-5.996050064331746e-09,9.337260977129203e-10,1420.6948699323593,233.30618431086194,203.8581655238033,6.180437764277648e-09,-1.4585715226249274e-08,2.2294376640122007e-09,362.83565017151057,26000.0,1699.9999999999989,800.0,356.66744479804976,369.78222348871896,8.856450301470427e-09,-2.090105376662938e-08,3.4917154374314416e-09,27773.55033172178,28500.0
211.0,0.3694046292387132,9.61078375274312,-5.6818806352737976e-11,1.341344095861625e-10,2.2044343337979633e-10,25990.01981161772,122.99185585834567,156.31327421255804,-1.0670238140246606e-09,2.5189654358752134e-09,-3.671049654550705e-10,1420.6948699280103,233.30618431203015,203.8581655244413,-2.5955929860445712e-09,6.1275193031418215e-09,-9.290674838931697e-10,362.8356501609257,26000.0,1699.9999999999989,800.0,356.66744479961454,369.7822234897425,-3.7194356064219697e-09,8.780619148603198e-09,-1.0757290159684439e-09,27773.550331706658,28500.0
212.0,0.36940462923644674,9.610783752706563,1.3182369687863988e-10,-3.11143711458183e-10,2.547744824255621e-10,25990.01981161798,122.99185585795853,156.3132742122161,2.4755716082796342e-09,-5.843096168721448e-09,9.05379775285652e-10,1420.6948699322866,233.30618431088303,203.85816552381482,6.021961476761296e-09,-1.4213646624295966e-08,2.1713437729253153e-09,362.8356501713225,26000.0,1699.999999999999,800.0,356.667444798078,369.7822234887375,8.62935678191957e-09,-2.0367886504475596e-08,3.331498030636529e-09,27773.55033172159,28500.0
213.0,0.36940462923940903,9.610783752754346,-1.1472489166610599e-10,2.7078094229105426e-10,1.3717769245355835e-10,25990.019811617713,122.99185585846455,156.31327421266303,-2.1544660883824724e-09,5.0851070685565024e-09,-7.626773004748172e-10,1420.6948699267034,233.30618431238236,203.85816552463362,-5.240854978258311e-09,1.2369797249856593e-08,-1.8819711569283778e-09,362.83565015773706,26000.0,1699.9999999999989,800.0,356.6674448000863,369.782223490051,-7.510045958306888e-09,1.772568526070415e-08,-2.507470764949637e-09,27773.550331702154,28500.0
214.0,0.36940462923612366,9.61078375270135,1.5869189367773663e-10,-3.745467370080299e-10,2.1070179405580206e-10,25990.01981161807,122.99185585790335,156.31327421216733,2.98014056467051e-09,-7.033767752421602e-09,1.0831206398934755e-09,1420.6948699328989,233.30618431071946,203.85816552372552,7.24935268110437e-09,-1.711001947992352e-08,2.611753362132101e-09,362.835650172804,26000.0,1699.999999999999,800.0,356.66744479785893,369.7822234885942,1.0388185139452617e-08,-2.4518333969353152e-08,3.905575796081378e-09,27773.550331723774,28500.0
215.0,0.36940462923978806,9.61078375276046,-1.4620248714015055e-10,3.4495860191627187e-10,7.96222874295896e-11,25990.01981161772,122.99185585852929,156.31327421272024,-2.7455968448003546e-09,6.47811995229369e-09,-9.781814200576745e-10,1420.6948699259951,233.30618431257417,203.8581655247384,-6.678812430635353e-09,1.5758376232810392e-08,-2.3992718835742133e-09,362.83565015600715,26000.0,1699.999999999999,800.0,356.6674448003432,369.7822234902191,-9.570611762575858e-09,2.2581454787020353e-08,-3.2978310162022984e-09,27773.550331699724,28500.0
216.0,0.3694046292376585,9.610783752726109,3.095120508284759e-11,-7.303602037273636e-11,1.2492421554058619e-10,25990.019811617953,122.99185585816551,156.3132742123989,5.812454540504599e-10,-1.3715735690529312e-09,2.1709040827994573e-10,1420.6948699300078,233.3061843114963,203.85816552414977,1.4139109210263497e-09,-3.3364266935022163e-09,5.110482770741943e-10,362.8356501657654,26000.0,1699.999999999999,800.0,356.6674447988995,369.78222348927477,2.026107580159657e-09,-4.781036282927884e-09,8.530629008947263e-10,27773.550331713726,28500.0
217.0,0.3694046292366145,9.610783752709269,1.1780342436334592e-10,-2.7803225519977e-10,1.4032840071967846e-10,25990.019811618073,122.99185585798719,156.3132742122414,2.2122791244381718e-09,-5.221282466325703e-09,8.029082743035773e-10,1420.6948699319764,233.30618431096792,203.8581655238612,5.381488307055761e-09,-1.2701051250665817e-08,1.938454760849106e-09,362.835650170552,26000.0,1699.9999999999989,800.0,356.6674447981917,369.78222348881184,7.711570855857279e-09,-1.820036597219129e-08,2.881691435872362e-09,27773.550331720602,28500.0
218.0,0.36940462924033346,9.610783752769258,-1.9146303310284023e-10,4.515575616952559e-10,1.5475550609728308e-11,25990.019811617713,122.99185585862246,156.31327421280253,-3.5955633167395475e-09,8.479985812111085e-09,-1.2865162257221562e-09,1420.694869924976,233.30618431285023,203.85816552488916,-8.746401723481044e-09,2.062802292347e-08,-3.14214059034256e-09,362.83565015352116,25999.999999999996,1699.9999999999989,800.0,356.66744480071304,369.782223490461,-1.2533428073323431e-08,2.955956629727634e-08,-4.413181265454988e-09,27773.55033169621,28499.999999999996
219.0,0.3694046292336378,9.610783752661254,3.65173600223288e-10,-8.613145243475322e-10,2.0383657472848516e-10,25990.019811618396,122.99185585747871,156.31327421179228,6.857745748311684e-09,-1.6174980923340085e-08,2.470471182282877e-09,1420.6948699375748,233.3061843094613,203.8581655230384,1.6681836459972352e-08,-3.9346513622479155e-08,5.998691835833495e-09,362.8356501841663,26000.0,1699.999999999999,800.0,356.66744479617364,369.78222348749193,2.3904755808507324e-08,-5.638280907016677e-08,8.672999592844857e-09,27773.550331740138,28500.0
220.0,0.3694046292369466,9.610783752714626,9.005184240082627e-11,-2.1241008206386799e-10,9.48284267364191e-11,25990.019811618073,122.9918558580439,156.3132742122915,1.6911207134625618e-09,-3.988936594241944e-09,6.124454665506144e-10,1420.694869931349,233.30618431113598,203.858165523953,4.113742359613661e-09,-9.70330344052132e-09,1.480457125086191e-09,362.83565016902014,25999.999999999996,1699.999999999999,800.0,356.66744479841685,369.7822234889592,5.894914915477049e-09,-1.3904650116827132e-08,2.1877310183732247e-09,27773.550331718445,28499.999999999996
