A,C,D,J,peak_I_norm,peak_I_day,peak_I,final_R,final_Q,attack_rate,mask_u,vent_u,online_u,club_u,disinfect_u,vax_cov_scale,q_scale
6.97300912821983,16.912400766616255,10.906736626790805,34.79214652162689,0.04550381566154459,47.0,1296.858746354021,18307.375667997232,1.1210038651922385,0.6423640585262187,0.6120510707371107,0.8576594672927813,0.2129797241529658,0.32370603763845573,0.0912496911290025,1.7811459692892118,4.943716545814287
0.07391113761754588,33.40479361099726,18.632892890897242,52.11159763951204,0.0006315789473684211,0.0,18.0,196.54989687505258,0.7220287625207029,0.0068964876096509675,0.77690456889682,0.9862294262039623,0.6692651498396232,0.9397725849763058,0.9521319022177901,2.1956417145653955,8.268457146329677
1.4315291350004102,25.68386920393354,13.331422025196636,40.44682036413059,0.0029413286215005715,71.0,83.82786571276628,3934.695066346546,0.9092729430827959,0.1380594760121595,0.44462505433786204,0.9425718168507741,0.23109675404198904,0.7418748033670014,0.7978647668455826,2.2932783859821964,6.111285193511161
1.3474950850957774,28.849215022095617,19.503416778039167,49.70012688523056,0.002665988228271018,70.0,75.98066450572402,3705.473952889656,0.8551005634840146,0.13001662992595284,0.9311933318411474,0.7959680033714807,0.5176666051856796,0.5749912510833173,0.4890377248852348,1.447641118792278,8.978733014251704
1.578836067519099,32.10717952676052,14.722277095058471,48.40829268933809,0.0033618149541410377,70.0,95.81172619301958,4338.104170696724,0.8606918754187575,0.15221418142795523,0.661833731500067,0.2368459938420271,0.9351222948922641,0.14619913551236197,0.6318938562932697,2.8482146387310436,6.338056064260892
24.987996491656546,2.3344665230915465,1.77719761394021,29.0996606286883,0.27143131553721334,20.0,7735.79249281058,27322.157623502073,1.0878176694812527,0.9586721973158622,0.34738769846889594,0.05672425749135579,0.18174799072280645,0.24080877548703394,0.8117914215885188,0.11741893714861895,0.43482910939817554
2.44876180346628,42.93075265158867,13.78410424115062,59.163618696205575,0.006154956925078443,70.0,175.41627236473562,6713.232173564263,0.9196253512534142,0.23555200608997412,0.19566171964396767,0.5178262794707337,0.544507000909505,0.16663305057610556,0.32467135163266975,4.4735722746126,6.234223324462444
9.616539939886527,17.111315313529698,15.236891269925398,41.96474652334162,0.09743669113563068,35.0,2776.945697365474,23435.72054950587,1.035229936803025,0.8223059841931885,0.5469245726048276,0.7488372614398626,0.03649406838594049,0.8449003125023805,0.42396655248018367,0.24762292883764525,7.013578456794915
7.051269899444539,7.37353983589334,6.039040352277382,20.463850087615263,0.04974410342786874,48.0,1417.706947694259,18422.901584940322,1.0305972520344573,0.6464175994715903,0.723088081428916,0.4852318844591883,0.6869213316974788,0.009962400415133743,0.620897133794193,1.1942473539964955,2.171766194970747
2.371003832289057,49.112763615874584,20.459471185558755,71.94323863372239,0.005812310187623798,69.0,165.65084034727823,6502.0828911045455,0.9100963312889501,0.2281432593370016,0.9644050391206705,0.4124937434405352,0.44853683134035627,0.7135146723259618,0.04039473102846547,3.8913835402946093,9.449776998560008
7.395193480159977,11.346525834997879,4.972497770926484,23.71421708608434,0.05639023988847284,47.0,1607.1218368214759,19167.040271930902,1.048123007896056,0.6725277288396808,0.3788408337198064,0.6128950449132516,0.5058938795610526,0.2099958161972964,0.7592540481791742,1.8638904762901083,1.7360445861018814
8.054010218706242,6.8994227608504,7.8380483954097135,22.791481374966356,0.06488116699160244,44.0,1849.1132592606696,20663.365408753478,1.1037266375080337,0.7250303652194203,0.22452700270227133,0.9104945870276452,0.2586200423960364,0.7874068368173863,0.6876772561433971,0.31217569328820494,3.158248706565128
6.998972800304577,32.67839796993343,7.08672163722135,46.76409240745936,0.04587903005730246,49.0,1307.55235663312,18384.04852335582,1.1005600797307395,0.6450543341528359,0.3894637216560409,0.5450516199313151,0.19115744608709262,0.7224632930576265,0.2394074218547887,4.407008627427045,2.9045098567632217
4.805919299265073,18.387378808160104,12.59239692650803,35.78569503393321,0.020395909933885552,58.0,581.2834331157383,12968.108905532305,0.9755803014912776,0.4550213651063966,0.6162078886916164,0.37594184359758276,0.7793284723607556,0.6470982353510183,0.5864565980923586,1.626331963708404,5.152365550993596
2.412230649402096,26.878985806019294,21.330480580458975,50.621697035880366,0.0059041845400115535,70.0,168.26925939032927,6616.442875898077,0.8642700117803387,0.23215589038238865,0.5910516305494224,0.9230901281418219,0.7371370491646088,0.6664655334365729,0.0809973427811787,0.38836799420516677,9.61495780053726
5.618178034174802,21.941311681132884,5.1330702298647966,32.69255994517248,0.03138496910032958,57.0,894.4716193593929,14975.690284718105,1.0614862622943302,0.5254628170076527,0.3577844374198904,0.2798702213068774,0.9027577355838415,0.8254470576490216,0.3678372574208136,3.323765876861838,1.2236051580687413
2.3735671963687373,22.79275680216525,6.781483323085142,31.94780732161913,0.006286254751282758,72.0,179.15826041155862,6502.5694532734415,0.8515055587697733,0.22816033169380495,0.04792179954471243,0.9471620376073531,0.3713196509150834,0.6265367449160365,0.7302819084071589,3.0989349640071677,2.7261042857032054
5.113541222118425,6.20030652272315,6.270314256345514,17.58416200118709,0.02372949897572009,59.0,676.2907208080226,13754.39594369594,1.014702287744134,0.4826103839893312,0.6323780473928692,0.8405270939951562,0.47994346504620533,0.5053454863343884,0.8657989311092532,0.6050783004387952,2.347441862825015
6.155503453495588,22.5083477690404,7.9312953875523755,36.595146610088364,0.03507261926637409,52.0,999.5696490916615,16351.48750093229,1.0160708515736518,0.5737364035414838,0.9022173284634442,0.5306596177741814,0.3291058936596597,0.11124177682145908,0.1737324539861943,2.886875887550228,3.4520868310831454
0.8699319001599228,29.35923601285575,10.195854132393167,40.42502204540884,0.0016208194565891965,67.0,46.1933545127921,2390.718646140492,0.8427835829545345,0.08388486477685937,0.7610076420130025,0.2512013995558962,0.9804947016774037,0.07467013355786978,0.6564122560959333,3.279739144252727,4.071534455171763
8.112748692614025,22.83825041531481,3.5976157818056924,34.54861488973453,0.07333374734034745,45.0,2090.0117991999023,20577.37894543365,1.028059577820392,0.7220132963310053,0.10199646405156154,0.3990973307219111,0.8001757526555514,0.02948310365863105,0.13291357282946586,3.608759412536652,0.8332397422939772
0.9878867062283921,36.55033546040872,6.602741985347325,44.140964151984434,0.001967591814831151,70.0,56.076366722687816,2714.21019409249,0.8001054502752071,0.09523544540675404,0.9563717779079728,0.2207051643163398,0.5403523455779478,0.611457512575337,0.9101414956754472,4.683743796425617,2.49914154560636
3.7323994307480395,34.166131974501944,16.32994379358689,54.228475198836875,0.012478945592032513,63.0,355.64994937292664,10157.881712649238,0.9429546949722263,0.35641690219821887,0.8084036857138459,0.17271496943965203,0.6743200656160816,0.28512227447487776,0.8158655487285159,2.7267601050668464,7.298244144558681
7.176379023596022,13.812391256385364,11.873060757704106,32.86183103768549,0.04876228148971069,46.0,1389.7250224567547,18768.939328306802,1.1156768723224924,0.6585592746774317,0.8556719056985232,0.6819270451758612,0.11628281425896653,0.5249430611463349,0.5259509823346272,1.1039840207024008,5.436197418946739
4.7958700713781335,22.160861167481766,10.023484083013049,36.98021532187295,0.02019431783575027,59.0,575.5380583188827,12948.219964681693,0.9913796218646971,0.454323507532691,0.16659880735324134,0.872246170573618,0.30030874399829044,0.7593944521232142,0.5306267418995878,2.5789484342752944,4.304436821651044
9.674998303327065,7.9753568421486705,8.605025602675124,26.25538074815086,0.10433751446063941,35.0,2973.6191621282233,23261.97776517902,1.050056809343053,0.8162097461466323,0.29266654758340227,0.10285583146393013,0.6216317552884344,0.9588459646599677,0.9244225469300088,0.734384563715857,3.079148020505578
6.064045568474808,28.414052034457256,7.8572015329215,42.33529913585357,0.03401235400660605,52.0,969.3520891882724,16128.322613723043,0.987121269798437,0.5659060566218611,0.3158367963019349,0.3062701637186435,0.38245732045872843,0.01958282891760832,0.9889370409743458,3.497062874707791,3.4011787817234715
0.09522346335000252,39.74843481151673,10.72124616518321,50.56490444004994,0.0006315789473684211,0.0,18.0,255.6304990168013,0.7384924942215061,0.008969491193571976,0.3074381771781648,0.5931964706959663,0.7993027808571977,0.85788082738592,0.8539538277241746,4.583794846173036,4.215189990231519
3.359247371572832,23.52805725701115,19.10593870179314,45.99324333037712,0.009997200938429178,66.0,284.92022674523156,9172.369617688608,0.9827570060765621,0.3218375304452143,0.3416573120733944,0.8885968872959865,0.7616348568600608,0.2938818293196582,0.333870318340892,0.18797602850871886,8.605507545803912
5.933399384760076,22.532378902590118,6.9755121593535785,35.441290446703775,0.03262522295890232,54.0,929.8188543287162,15801.228778528579,1.108437089790164,0.5544290799483712,0.4163413928935893,0.6305681201564851,0.5627661493833147,0.35021510184616733,0.027525214126408626,3.169107986436795,2.6544373056714847
8.875511109127206,35.60147602184396,19.74938620277298,64.22637333374415,0.08287249113143957,37.0,2361.8659972460277,22121.699726313393,1.10782880372395,0.7761999903969612,0.13949998367737182,0.06690069933203507,0.38915672250008115,0.44005892180260375,0.9376629763158253,2.2616331580545417,9.08736337228244
9.717003984363274,4.9368238508486595,2.8535785460180474,17.50740638122998,0.11800101848283077,41.0,3363.029026760677,22825.788020271564,1.0199148783719825,0.8009048428165461,0.7399892102358866,0.7818526529811053,0.8828709121948811,0.8064902565977392,0.3465137870081086,1.2172581552758492,0.10873424314147861
4.348305204535074,42.00404056026471,10.771705901048334,57.12405166584812,0.01623871355925657,62.0,462.8033364388122,11793.961986378548,0.9970822130263157,0.4138232275922298,0.8665181291332498,0.016115909038222076,0.4028062095102082,0.7524461630472656,0.43879153042308283,4.872687751906925,4.591477085294844
5.791185472497644,35.445765368734236,11.554621013287415,52.7915718545193,0.02999728380053321,53.0,854.9225883151964,15463.932023921454,1.0874005936497375,0.5425941061025071,0.8862878757078152,0.03181769602549683,0.4975632659268962,0.05397690710105374,0.3975873238874986,3.852580533098267,5.123927233107475
6.697891446641891,34.76244353882605,4.80368730104259,46.264022286510524,0.04176563232094248,52.0,1190.3205211468605,17684.507609257187,1.0535560083768478,0.6205090389213048,0.27638385435049767,0.48727348566808193,0.10010517528215723,0.11592185819337103,0.7476233965475463,4.805576824698661,2.1112501291379706
0.7087638913446088,49.259488053360045,18.68733304481085,68.6555849895155,0.0012036743136185665,64.0,34.304717938129144,1948.787739860925,0.8531985765893993,0.06837851718810263,0.6755450802026065,0.9629147770105823,0.012265684570162583,0.40443319532714417,0.2271800342363406,4.142645332702683,9.155960143689171
2.3871404707188266,37.27178872532643,15.358317254246153,55.01724645029141,0.006014301651978987,69.0,171.40759708140112,6542.201558349664,0.9432709657021224,0.22955093187191805,0.5370633380536636,0.14869326633892332,0.753918877373455,0.5431592573762348,0.8824586914157769,3.366578774092967,6.661845375609659
6.666728557183911,34.15287833932262,3.3848209132089004,44.204427809715426,0.043418718078785765,55.0,1237.4334652453942,17565.989184761955,1.1152780021889397,0.6163504977109457,0.9150642902141614,0.323889144186283,0.2521406657364974,0.49709738697607375,0.37676653898391016,4.969461280937294,1.1115327187174238
10.94406461081234,28.420222287496017,3.227661359760447,42.591948258068804,0.1343467138857469,34.0,3828.8813457437864,24720.862255414206,1.0650081290631663,0.8673986756285686,0.120841653936262,0.25920748841237207,0.27175434101470997,0.4847574745942887,0.5060840298053358,4.342962986489958,0.9546422148535685
2.2718955014348956,26.706418251899297,13.299376871780948,42.27769062511514,0.00560187083898818,70.0,159.65331891116313,6229.37391313863,0.9349507596769611,0.2185745232680221,0.7522551897862932,0.6219438290849661,0.5871667414700531,0.36988110380364164,0.46619964445258694,2.4664835421856464,5.871301877368555
3.5871330803315513,27.126867631407485,11.724464434767183,42.43846514650622,0.011886182074079418,64.0,338.75618911126344,9767.762727419062,0.9565819314983767,0.34272851675154603,0.9902434415902462,0.19208794679391472,0.8274063127930793,0.9924876096441453,0.06179750511625931,2.9946315620727186,4.5650890367209955
7.887095311035602,22.96424918477321,18.746394488832454,49.59773898464127,0.06147680668036348,42.0,1752.0889903903592,20303.57760199358,1.0511577666763414,0.7124062316488976,0.5123962707682287,0.292724385633636,0.6526534763636563,0.561685587099315,0.6111353934395904,0.645058416754853,8.298634389569163
0.625066007896282,29.304775293526607,5.439172639446295,35.36901394086919,0.0012194430088378412,64.0,34.754125751878476,1714.1988598414775,0.7950717095760722,0.06014732841549044,0.02551520436109933,0.6482780582818132,0.8572204262018386,0.9528539420655581,0.5436485058452036,4.189294643968485,1.4705133939666695
3.594744006293954,53.03394751424989,19.403983723379298,76.03267524392314,0.011086642796740778,66.0,315.96931970711216,9808.135795266087,0.935160903140213,0.34414511562337147,0.0593469927438221,0.5740214058513788,0.45749799273408936,0.8428443532924891,0.001345390684109271,4.781471029263965,8.833997174093627
7.809818948370275,44.62637360891352,14.50082992153808,66.93702247882187,0.05762674063579108,44.0,1642.3621081200458,20226.81985410985,1.1008169995914585,0.7097129773371877,0.25181869772432064,0.3564699913581392,0.21817487945493086,0.09721091939281146,0.20379814230656457,4.570014627492763,6.802054248648846
6.369398235150909,25.022466341998456,14.325272272607224,45.717136849756585,0.036872102398381006,49.0,1050.8549183538587,16881.114100537525,1.0778530471243082,0.5923197930013167,0.6475356509201792,0.5668673503828501,0.15504861533240233,0.8929218712884712,0.7036197621977026,2.0801308931877522,6.497272918328582
1.2907833486150235,23.283093497677143,10.045148830282502,34.619025676574665,0.0026616828952335217,71.0,75.85796251415537,3546.8373327614445,0.8656759813605818,0.12445043272847174,0.4774159188473758,0.43687309441744143,0.9916914292022408,0.3118041703456337,0.2783186205277557,2.708640748034818,3.882752615451105
4.409218533677126,38.381817719291504,20.798825755837854,63.589862008806485,0.016592934845397523,60.0,472.89864309382943,11948.275781574555,1.0368975007209371,0.4192377467219142,0.5655877688015853,0.7111803443518506,0.4175665147142693,0.21566272803076425,0.2595798995505269,2.3905272572539493,9.79832946405843
8.918413663069451,11.288996730809503,5.083138172540958,25.29054856641991,0.09094167273786155,39.0,2591.8376730290543,21981.51173839872,1.0824250522289187,0.7712811136280252,0.43848946336632694,0.12241058851361275,0.8300917075981625,0.4471564098825848,0.4829194416516139,1.9395203083303207,1.3481024841760512
6.806993483261255,44.7247822295879,15.979978278893336,67.5117539917425,0.04217054009959017,48.0,1201.8603928383197,17940.788751157343,1.1013363996506316,0.6295013596897313,0.17175302961619798,0.09017666630545773,0.31830333976912867,0.6345269909799269,0.8380812105158076,4.228443159086636,7.251989055715226
3.793451819475972,39.62575212023259,16.20975838398018,59.62896232368874,0.012531035671794094,64.0,357.13451664613166,10330.336694841104,0.9059127623672572,0.36246795420495104,0.09571807288574641,0.8432714214743495,0.0782243560889419,0.784801999811978,0.6837245581189413,3.5421482782398788,7.633986291028393
11.414272037482085,3.305690557708,2.93823599627643,17.658198591466515,0.15164833350815654,33.0,4321.977504982461,24607.011617382464,1.029137435891566,0.8634039163993847,0.7084811714923764,0.36335852942861485,0.8874989097043663,0.07096442474906017,0.41110578340344534,0.5503689556161668,0.39401253429791083
10.267643753126583,30.421631231243012,21.9705253978448,62.6598003822144,0.11433670247731173,32.0,3258.596020603384,24082.646798043625,1.1101441863261978,0.8450051508085482,0.1459226381831361,0.07328459293336387,0.6353982467717678,0.4161688888255217,0.16294838373485815,1.3517942941697711,9.937967414347415
1.416969145497676,17.341571347674908,9.833511584638684,28.592052077811267,0.003000982990662571,71.0,85.52801523388328,3892.9187869167617,0.8865048760132003,0.13659364164620216,0.20168579860172164,0.696081651832449,0.9639166961354659,0.2655377796025387,0.10949786937988615,2.069416173290069,3.820969944478432
10.374873164717274,44.221060164469556,17.157774346027846,71.75370767521467,0.11422670799567114,32.0,3255.4611778766275,24393.702896944076,1.121648571826758,0.8559193998927747,0.23294223748786647,0.16510045931916112,0.05561601601888855,0.5330047810560582,0.2924784200150993,4.021097073238863,8.065506868828365
9.989247952632136,16.756469686646323,14.903950651561038,41.6496682908395,0.10694398499309457,34.0,3047.9035723031952,23889.587294309345,1.0195968261537667,0.8382311331336613,0.01105651497937088,0.7623456002538864,0.1683414029872345,0.19002160127354106,0.4498369149335933,0.9544151864680994,6.9715548822978715
1.0388034861815327,36.014077950050385,11.276853366171267,48.32973480240319,0.0019838776527973064,69.0,56.54051310472323,2856.179909642594,0.8104368033475227,0.10021683893482786,0.7998090220703474,0.4561080364429501,0.4314253664522865,0.9038679821616828,0.720942645042589,3.974076705999372,4.826394778464598
7.543349006736045,21.502142155539772,16.65337546751742,45.69886662979324,0.05511715463097369,43.0,1570.8389069827501,19568.445970610075,1.106091658229954,0.6866121393196518,0.8326272633980576,0.3318601998699269,0.2991118064996426,0.1780268175750198,0.9772683301346957,0.8438585989047167,7.768051353354402
0.26639469306091373,33.413382356590006,11.967508585890581,45.64728563554151,0.0006315789473684211,0.0,18.0,728.6808321418453,0.7682961637202321,0.025567748496205096,0.4085626113074406,0.9801569649576661,0.6139938668655227,0.13656010229636306,0.04563769582645666,3.651221683278579,5.3093616746764685
0.5868722874252843,36.970063470374264,13.309568289416456,50.866504047216004,0.0009944891719866932,60.0,28.342941401620756,1612.0657386071987,0.8390406288868582,0.05656371012656838,0.5720496437430399,0.4703544061330289,0.711358783414044,0.5976208364826937,0.5795890378820395,3.778454753382967,5.693018803831745
5.225696990667907,33.09174669733671,16.79154842605784,55.10899211406246,0.02399179888844667,55.0,683.7662683207301,14045.346826474124,0.9673271947240493,0.4928191868938289,0.8835629834703296,0.21374139520785018,0.34701311197343027,0.9773115842369368,0.8963598304046977,2.546566501827141,7.537504592438665
15.004323525508214,6.746971585712826,1.3264794170274352,23.077774528248476,0.20488585977078208,27.0,5839.24700346729,26306.052171075564,1.0971480091827175,0.923019374423704,0.6870727964032848,0.7167327329156112,0.09760371144850288,0.38088087518811087,0.12383432802557814,1.7021278387951724,0.2603945161815471
0.13374731287596417,40.453660050385594,18.646291122643678,59.23369848590524,0.0006315789473684211,0.0,18.0,362.64155295957505,0.7454758490754093,0.01272426501612544,0.9775414744811621,0.8098013766443635,0.5748106410157771,0.46507425774752603,0.5643503748146033,3.04589166257111,8.558662603875842
11.875271922545062,10.609719472310609,8.63486955497792,31.119860949833587,0.148452944298561,29.0,4230.908912508989,25518.292222916538,1.0747062895964339,0.8953786744882996,0.07413530512977551,0.7356021887939347,0.020719799112793813,0.884682791859604,0.14369003916698664,1.5100177920713294,3.6990638056711234
4.0327896550010065,24.459951494340356,18.310410400070797,46.80315154941216,0.014201187075264632,61.0,404.733831645042,10957.083780079967,0.9432714947545924,0.3844590800028059,0.46123494609831506,0.4144848041101171,0.9148907221654309,0.6990848546100089,0.19471832275884127,1.4130525162321632,7.874560239762158
8.9013143727942,3.782286303992924,5.320875011165122,18.004475687952247,0.08647857311610024,40.0,2464.639333808857,22138.515889301274,1.064880521176372,0.7767900312035535,0.48596909691395695,0.664791925569,0.7223564373067491,0.38746797046302117,0.3128022967405681,0.06968731083119684,1.595281845701101
15.103285515402382,9.763627795261272,4.6112083390767635,29.47812164974042,0.1985259320560026,24.0,5657.989063596075,26549.34101804919,1.0455326916965524,0.9315558251947084,0.5207699554582328,0.13763883314286557,0.06778231651296884,0.3364978924198783,0.24879724860243724,1.8493423207770376,1.8696642741880143
10.131696032836404,3.064769342440054,4.052981924841404,17.24944730011786,0.12104519754807382,36.0,3449.7881301201037,23597.950058312126,1.0842570926823905,0.8279982476600746,0.034905917126104746,0.5086158165334104,0.8462975436863021,0.9269163673052402,0.6686341689706725,0.4491662931378744,0.6385079730394008
0.19900774762364937,16.51353228807406,13.899328463985578,30.61186849968329,0.0006315789473684211,0.0,18.0,542.603569186832,0.7918591103714888,0.019038721725853757,0.8206044875295413,0.8185989627348927,0.9511145316543934,0.6813542589831213,0.782575735627277,1.069226884096266,5.721322017132513
12.204065940624519,25.965532393099657,19.60095722372429,57.77055555744846,0.15393544457761849,27.0,4387.160170462127,25615.837907044912,1.0525808335466011,0.8988013300717513,0.2618551601761826,0.006269691996457882,0.13647970572368562,0.24406349030199842,0.9590584944267537,0.8929317696502403,9.306447179237864
7.918105058698944,29.497856455775942,8.605314821985084,46.02127633645997,0.06368536225992061,43.0,1815.0328244077375,20321.815178433393,1.1527573213578017,0.713046146611698,0.09042966225158072,0.07951684008186066,0.5040400124267056,0.9918658240146503,0.6686341689706725,3.7675228150012896,3.215521237638322
0.05054772547885228,47.050235827546054,18.86155231138431,65.96233586440921,0.0006315789473684211,0.0,18.0,131.18162491489755,0.7677395335996868,0.0046028640321016685,0.77690456889682,0.8490684909945179,0.8044967062640175,0.8879888286055799,0.8750140457755285,3.8867935666384614,8.268457146329677
0.2628321854209942,21.19767128760926,14.429685532694993,35.89018900572525,0.0006315789473684211,0.0,18.0,718.8848176459778,0.7681132464898611,0.025224028689332555,0.5309403985390236,0.9425718168507741,0.8625531481544912,0.5881031345424504,0.19899243130002636,1.7135682137747792,6.111285193511161
3.951071005108819,30.11173868170821,20.75448905081617,54.8172987376332,0.013569660788367039,62.0,386.7353324684606,10743.50533399943,0.930618526732152,0.3769650994385765,0.9311933318411474,0.4710723020003655,0.755944259615734,0.44394288639597634,0.1904314309771563,1.447641118792278,9.359374994357259
4.412222826212814,17.288542783682313,15.466548168896372,37.1673137787915,0.016925549592435654,60.0,482.3781633844161,11953.328752142386,0.9392782354946826,0.4194150439348206,0.6861629156151504,0.3995752850552724,0.9351222948922641,0.4394688067067002,0.31188715594657224,0.9763668844471396,6.526867348692552
0.46094646817569834,33.936066655447,8.893954806204698,43.290967929827396,0.0007789461698640524,54.0,22.199965841125493,1264.8788779930383,0.7842775075701024,0.04438171501729959,0.17629136502213016,0.9677708771620639,0.17534651145392188,0.6940445895380345,0.8117914215885188,4.115538114034498,3.985066234742124
4.756561002177887,39.58168699738265,14.58127910051763,58.91952710007817,0.019609531529471827,58.0,558.8716485899471,12848.836107808234,0.9733702461900029,0.45083635465993804,0.057798474247516274,0.04389423391333841,0.8123717211177143,0.34797286629360225,0.2627513447482031,4.0206857951804675,6.234223324462444
16.40071695185446,2.4472926815004197,5.191777933204152,24.039787566559028,0.21161637763202912,23.0,6031.06676251283,26817.98666649694,1.0562963643024106,0.9409819882981383,0.003940931033447004,0.3371824573553147,0.3785927875597309,0.8151177665508355,0.1606354065267055,0.4731988412469432,1.6606263241397312
2.6818675581053797,26.572459398350475,20.247633384285905,49.50196034074176,0.007069702194969236,68.0,201.4865125566232,7343.391762627692,0.9304492301525066,0.25766286886412954,0.3037966184099441,0.36575483534537345,0.9951345741740166,0.8308481044368466,0.620897133794193,1.1942473539964955,8.743342563348133
0.6699571628771936,50.415413099126305,20.39344688478442,71.47881714678792,0.0011285906721513236,62.0,32.16483415631272,1841.8260086651844,0.8045215196391358,0.06462547398825208,0.9644050391206705,0.37960303453739674,0.44853683134035627,0.7135146723259618,0.6917194726543265,3.8913835402946093,9.449776998560008
3.2888712209453486,29.667168936069107,8.726773945839529,41.68281410285398,0.01023738599680394,67.0,291.76550090891226,8974.035727161072,0.9315958667298507,0.31487844656705516,0.43475974680904617,0.6128950449132516,0.22864560266211464,0.9018995117384699,0.872146869914808,3.6095338975633817,3.7100562798121253
9.192276555513638,2.9720742077761253,4.645029091013045,16.80937985430281,0.0970398513417644,40.0,2765.6357632402855,22454.57204332542,1.1446524486756053,0.7878797208184358,0.22452700270227133,0.5293913540262875,0.937712257069571,0.7874068368173863,0.4360613454673561,0.06576084053912634,0.8959163623848116
5.331849976603955,30.42614903073234,17.939054841211302,53.6970538485476,0.024673404798662292,55.0,703.1920367618753,14319.632255015043,1.081988178471372,0.5024432370180717,0.5085264526359192,0.564305353431137,0.5321764974568053,0.959181050225183,0.2394074218547887,2.2139745189565305,7.930049789596304
1.7936783326026968,27.435762547345682,13.875891953867157,43.10533283381554,0.004005637587217499,71.0,114.16067123569873,4925.774872344942,0.8752728232339761,0.17283420604719096,0.6025111064101067,0.43950841629567605,0.7793284723607556,0.33417679914713616,0.8118721275563254,2.3970853740294555,5.991386609938978
4.528110624539126,20.251341440069574,17.686297766208067,42.46574983081676,0.01747346286263454,60.0,497.9936915850843,12262.01583524138,0.9831792763246585,0.43024616965759227,0.5910516305494224,0.7008247132043831,0.7371370491646088,0.6664655334365729,0.0809973427811787,0.8864391274535328,7.7403766461894685
3.315584312945525,23.47612281791348,4.893308052625393,31.6850151834844,0.01168931805458603,69.0,333.14556455570187,9023.906107591643,0.8781978206047316,0.3166282844768998,0.6355603540101848,0.2798702213068774,0.9398105109029372,0.5651564626107032,0.9593020921968703,3.323765876861838,1.2236051580687413
8.786720407712604,15.435150986733188,4.270227740570263,28.492099135016055,0.08659730513779015,40.0,2468.0231964270192,21812.486694793355,1.1493317239035008,0.7653504103436265,0.7283621802348088,0.3375171739592746,0.3713196509150834,0.48395887304066737,0.6798766171257062,2.4770048148844497,1.3867019555493174
4.902750559015869,18.51993090059929,12.741609953663025,36.164291413278185,0.021042486070131667,57.0,599.7108529987526,13220.57630752069,1.0212420114056682,0.4638798704393225,0.41225859646407514,0.5657636720388477,0.7596430523063947,0.23067912532785784,0.29146128708157115,1.6549669147162571,5.410318632018249
1.7577735231569152,33.44621488805646,16.808506718777572,52.012495129990945,0.0038473821605759023,71.0,109.65039157641321,4828.4807156756,0.8982556001337124,0.16942037598861753,0.1285289618815088,0.6202984372594915,0.8319114472110026,0.6065663351954298,0.00045620834390547316,2.886875887550228,7.296608087164431
1.2218926114806512,27.62562462579165,10.208237484775399,39.0557547220477,0.0024738454050938835,70.0,70.50459404517568,3358.053327362443,0.8397951724895631,0.11782643253903308,0.7610076420130025,0.2512013995558962,0.9804947016774037,0.07467013355786978,0.6138282558090116,3.073683720941445,4.071534455171763
10.97177195189346,4.369038121413596,5.678826398576739,21.019636471883796,0.1361533482006302,31.0,3880.3704237179604,24539.74460410129,1.0355513501564884,0.8610436703193436,0.19810521649862234,0.04737250672948978,0.8001757526555514,0.2865937649138133,0.5503629774641738,0.6989379523493406,1.7097411008275651
4.342126834697735,42.92075283092954,12.561707804580728,59.824587470208,0.01620757306197168,62.0,461.9158322661929,11776.21938230356,0.9848369776547943,0.41320068008082667,0.2688305345458463,0.004801351834079592,0.5403523455779478,0.8541138009031622,0.8157879390002937,4.683743796425617,5.307232910602341
13.698224177040268,3.038696088718382,2.7579655242592818,19.494885790017932,0.19146767184494567,29.0,5456.828647580952,25596.498245531006,1.0813112890008916,0.8981227454572283,0.8415714552537963,0.2428650072548813,0.9618676051717728,0.2437296437828964,0.1366947115605201,0.3240535851873432,0.18095634136941374
0.18588763476353315,13.719650254878566,12.131341504798463,26.03687939444056,0.0006315789473684211,0.0,18.0,506.3840968513251,0.7587714714911264,0.017767863047414918,0.3308593841118361,0.8894326904517625,0.9697715788310101,0.7847220208513513,0.8175711917473896,1.1039840207024008,4.777602535996865
15.010313693051806,2.729536455710875,5.01413903374907,22.753989182511752,0.19656471194917136,25.0,5602.094290551384,26566.351235026053,1.1216357018021657,0.9321526749131949,0.16659880735324134,0.4338639245879044,0.30030874399829044,0.36765780320676733,0.12084404087276668,0.729729480758643,1.8261868072814629
8.80281614313322,20.23697629902327,18.018089603867136,47.05788204602362,0.08138791246383871,37.0,2319.555505219403,22010.777895294897,1.0862622031061144,0.7723079963261368,0.29266654758340227,0.09358294533837275,0.7934331542071105,0.888028758227551,0.330741283264951,0.734384563715857,7.642103495801168
8.782635251333957,8.238923403555528,8.284317073252398,25.305875728141885,0.08145298194758858,39.0,2321.4099855062746,21985.700643040276,1.1351348972833555,0.7714280927382553,0.11721116306253465,0.5929788968820984,0.38245732045872843,0.3824424217851846,0.9889370409743458,0.5387557931039841,3.4011787817234715
8.012475331169254,34.556565223353054,1.7069816362665564,44.276022190788865,0.0736083462355381,51.0,2097.8378677128358,20353.030723013395,1.0047042560734325,0.714141428877663,0.5951893521254259,0.5931964706959663,0.30184154508908323,0.5153406295452678,0.8539538277241746,4.956223140700139,0.23428282384483978
1.7179895504784,20.54240704667806,6.78357921556985,29.043975812726313,0.0040808488366636505,73.0,116.30419184491403,4713.743058585727,0.8739357627661124,0.16539449328370973,0.3416573120733944,0.6950825368615586,0.8729872154017071,0.6790515562879931,0.09040807847189758,2.9613747522220217,2.2173798763709893
10.97272559154662,12.446871155902066,12.772276833128815,36.1918735805775,0.12942134319899673,31.0,3688.5082811714065,24866.918067065544,1.082933329207001,0.8725234409496682,0.5486140593222075,0.5263203090562197,0.2151312180782744,0.7316960399606451,0.027525214126408626,0.8160334235889355,5.633162416979623
8.967591760381085,25.77907892097661,19.884002599054796,54.63067328041249,0.08425265522622151,37.0,2401.200673947313,22317.60164232095,1.144445838782015,0.7830737418358229,0.4101681472463581,0.2604452691927174,0.38915672250008115,0.6043599318962172,0.9376629763158253,0.6973140346264406,9.08736337228244
10.006786679139577,12.767699305827863,11.28612230242389,34.06060828739133,0.11038934018219622,33.0,3146.0961951925924,23743.582585872187,1.0695080124424203,0.833108160907796,0.5209756327557735,0.17706905058039957,0.4285929182509165,0.8478909238214157,0.5177773076967394,1.2172581552758492,4.6440162631719195
0.11728725607820799,42.827719492068546,11.717700226629383,54.662706974776135,0.0006315789473684211,0.0,18.0,316.9244950579603,0.7109120677011715,0.01112015772133194,0.7974059463479939,0.29039789524668935,0.9631101633766481,0.7524461630472656,0.32488313385118706,4.872687751906925,4.591477085294844
0.7913412391066366,25.764940447927987,11.142401432112303,37.69868311914693,0.001419438504365097,66.0,40.45399737440527,2175.208960956234,0.8349520051220432,0.07632312143706084,0.8862878757078152,0.8373834783054255,0.08078536393781044,0.8791779992020152,0.8820777094381044,2.625549297107106,5.123927233107475
0.14742065124395665,17.191591196984227,9.65810849455781,26.99712034278599,0.0006315789473684211,0.0,18.0,400.0774790418414,0.7424608512602322,0.014037806282169874,0.9646487802445507,0.9489651633861482,0.6879082983584242,0.8411412250257126,0.7476233965475463,1.8711747481863719,3.8009691201239755
4.75524585219347,40.22804593942749,19.404053618416533,64.38734541003748,0.01933317187525234,58.0,550.9953984446917,12848.250372022836,1.0077292483345608,0.45081580252711706,0.43843767390382504,0.6194952063245844,0.12385688112930193,0.4104414735554467,0.8747556824066512,2.7846686060672514,9.307111812056467
1.9021415925291743,37.64147070369553,15.522236829452998,55.06584912567771,0.004324166658270147,70.0,123.23874976069918,5222.509258344517,0.8654026584211518,0.18324593888928128,0.6567825730299816,0.16104568281993992,0.753918877373455,0.5746458415879921,0.8824586914157769,3.366578774092967,6.741443008931345
9.429508077154212,1.8477283935333353,3.6686719013670053,14.945908372054554,0.10023269601187573,39.0,2856.6318363384585,22920.569925293064,1.1016947813075308,0.8042305236944934,0.29970276322013056,0.9933398893735192,0.2521406657364974,0.716130940992838,0.37676653898391016,1.0082377285878865,1.1115327187174238
23.27935244699873,3.9398489174140394,1.5176899940345798,28.736891358447348,0.26560014026618844,22.0,7569.6039975863705,27316.51128447362,1.1358010435533705,0.9584740801569692,0.19461640256260443,0.5016442760933693,0.18431000208985737,0.4847574745942887,0.15175611236767705,1.3841375357420458,0.2287747308537149
0.07616421322113415,41.277441943426574,12.768709555910782,54.12231571255849,0.0006315789473684211,0.0,18.0,202.70218045735965,0.7538703127229789,0.007112357209030163,0.7522551897862932,0.9160583313018277,0.3505437330316169,0.39925346291618397,0.8490209646776548,4.251311925679898,5.871301877368555
3.643108331773708,20.07608777852642,17.308998702973874,41.028194813274,0.01164063975678633,65.0,331.7582330684104,9927.697358751946,1.0011843580972646,0.3483402582018227,0.48753795512492976,0.7350804442618671,0.7117171199217964,0.9924876096441453,0.5186696188126592,0.5294049233842029,7.470511936771298
2.7643300381674116,10.276739800031944,10.193204973728008,23.234274811927364,0.007603520555817219,70.0,216.70033584079076,7566.1450793831455,0.8636555532134954,0.2654787747151981,0.41206510968350984,0.9282386481121652,0.6526534763636563,0.561685587099315,0.6111353934395904,0.645058416754853,4.167041030824632
11.777552858382055,1.50221009714416,2.5197381559519347,15.79950111147815,0.15767248438776446,33.0,4493.665805051287,25007.00465570629,1.0093109403824418,0.8774387598493435,0.02551520436109933,0.9545177045880577,0.6665703533307616,0.4757663662583667,0.07177709306076874,0.8339686948480134,0.2578202571024253
57.87211133138427,0.5044639521827321,1.3157314894559722,59.69230677302297,0.35104406547366296,16.0,10004.755865999394,27980.342276350588,1.0182284743760404,0.9817663956614241,0.3112231092042238,0.01246565983788206,0.09527503080514488,0.7168008162669371,0.001345390684109271,0.09152930891383226,0.14025134127401007
1.5374370313887609,39.12616346049465,10.051232529630111,50.71483302151353,0.00325612322860546,72.0,92.79951201525562,4225.623645228124,0.859090825490759,0.14826749632379382,0.24132989417315398,0.8265848737396543,0.22698131403406407,0.09721091939281146,0.5072486324617159,4.570014627492763,4.731808567478588
5.499215969795533,31.072257123288203,7.453589901770984,44.02506299485472,0.027059446011443326,56.0,771.1942113261348,14738.425786605676,1.0545739737240891,0.5171377468984447,0.8243890530808355,0.4324042978557646,0.15504861533240233,0.570794872653463,0.4544154709651367,4.010977392814191,3.2233877280804424
8.538384885624533,31.648427511208588,16.415730188102817,56.60254258493593,0.07558298095078649,38.0,2154.114957097415,21551.786137533938,1.0023269772774486,0.7562030223696119,0.4774159188473758,0.12913633169820327,0.499544148022478,0.8163570725758271,0.17703249244937214,2.708640748034818,7.170569664405447
0.552474801166207,35.0217123253922,21.87254507119786,57.44673219775626,0.0009038685701477061,58.0,25.760254249209623,1517.8061006741368,0.8456312849505068,0.05325635440961884,0.12384039771048427,0.7585907191544883,0.8636820394218702,0.6581886838304409,0.5063495673597487,1.8525112062737188,9.79832946405843
10.715880173789122,14.84071267111304,8.338087554699975,33.89468039960214,0.12626417756033534,31.0,3598.5290604695574,24529.808327409533,1.055765451750261,0.8606950290319134,0.6945327912863815,0.34642713135744563,0.12553165089606844,0.38500174024304573,0.18198406665031042,1.9395203083303207,3.655032982213573
10.911479216712067,5.113329127376278,7.137675139049634,23.16248348313798,0.13047592133492072,31.0,3718.5637580452403,24722.062842598058,1.1005001870979343,0.8674408014946687,0.11490198382468592,0.6108245504659697,0.39701161627035303,0.7633896024261109,0.16315211972070787,1.0417734652193633,2.637831391549958
3.5613275287430017,42.77340312966636,16.48974259527516,62.82447325368452,0.011319077825858765,64.0,322.5937180369748,9706.524546567565,0.9799708300726219,0.3405798086514935,0.9618861013685905,0.24892069925741878,0.2232740548072235,0.784801999811978,0.7096195098859123,3.784597488237431,7.633986291028393
2.0093679964912647,5.380430065234992,5.551119824935388,12.940917886661644,0.005124232204569314,74.0,146.04061783022544,5508.176293849192,0.8812562684900687,0.1932693436438313,0.7084811714923764,0.9602260045229679,0.8874989097043663,0.07096442474906017,0.5889287034273607,0.42619550031774045,1.8254762793510206
4.218470596655205,19.200306952997185,16.4237456902997,39.84252323995209,0.015207206232435481,62.0,433.40537762441124,11450.877751569911,1.0378976146750072,0.40178518426561094,0.2990933065560622,0.6647946575645336,0.7743043490882134,0.7323191155153514,0.7889646983245842,0.19348523186244782,7.054493312345777
4.777930923939867,26.821189054616127,9.205215097012191,40.80433507556818,0.020178566678762718,59.0,575.0891503447375,12901.701611453804,0.9378067973229414,0.45269128461241415,0.15338928094636295,0.7018790131650228,0.5303450176108518,0.37436783362757076,0.21480554687605546,3.342471451621752,3.820969944478432
9.795741501115222,4.073634316166396,4.141961346069064,18.01133716335068,0.11382684165963153,36.0,3244.0649872994986,23145.45768471482,1.0574771162936079,0.8121213222706954,0.5512038304762481,0.1433422221033015,0.9538498899501457,0.26075191084454297,0.8073653528949284,0.724912665985713,0.8345729230738996
0.7102697825299756,15.674127348952341,13.805108391803953,30.18950552328627,0.0012349234743568014,64.0,35.19531901916884,1952.06231834132,0.8602777770515795,0.06849341467864281,0.902369920263142,0.7964666482835426,0.9468922911337576,0.19002160127354106,0.3888927085301372,0.6589057687730331,5.866131786500955
5.391843257909801,21.556082268612904,11.560211499025746,38.50813702554845,0.025784703490873452,55.0,734.8640494898934,14467.299332784218,1.0074452635675069,0.5076245379924287,0.30965203002718433,0.6267325862895308,0.6161038383259931,0.5401419523330292,0.22203057678406019,2.306655268921288,4.826394778464598
7.482013558588168,7.1911240099556615,7.33673940180556,22.00987697034939,0.05642228452330562,45.0,1608.03510891421,19389.56686974117,1.0626194242797833,0.680335679640041,0.8326272633980576,0.3318601998699269,0.8718491848388897,0.020368473684377664,0.5595741515179875,0.3970408532908771,2.6170779776344144
8.472497252260501,27.065506104175803,7.372233149702207,42.91023650613851,0.0742844770492161,41.0,2117.107595902659,21456.29067547516,1.0375423682298452,0.7528523044026372,0.16413284543479123,0.5191407841611407,0.3286821478013301,0.13656010229636306,0.18864243818549414,3.651221683278579,3.1065893713046737
11.252609649133896,23.239966024985325,1.6855578849653705,36.17813355908459,0.14569309666204952,35.0,4152.253254868411,24763.86883118221,1.0147856871335217,0.8689076782870951,0.5720496437430399,0.7599719875408196,0.14496745960322766,0.6095903078776815,0.07517171748604656,3.778454753382967,0.3048090912464936
11.604786737132976,19.63797689894727,15.72377296910567,46.966536605185915,0.14267017234548404,28.0,4066.0999118462955,25305.822186850342,1.0178363596150737,0.8879235855035208,0.4902292139166917,0.21374139520785018,0.003061104864092945,0.1701591941077652,0.8963598304046977,0.6086744152824415,7.537504592438665
6.951024021792704,16.490116561157258,2.8261956542180218,26.267336237167985,0.05439036765545049,53.0,1550.1254781803389,18050.46318275334,1.077745866089448,0.6333495853597664,0.6870727964032848,0.6493707868447665,0.8015049072937871,0.11882754226202596,0.6459955085772581,2.613505366626485,0.4495446451480012
14.830157445061948,18.048305454158122,14.275916920052989,47.15437981927306,0.19056923566474937,23.0,5431.223216445357,26603.375814240026,1.0952395863485713,0.9334517829557903,0.18674621766978972,0.13810473786874866,0.23686060312728807,0.21891630168499376,0.02983210801298508,1.3940721670984646,6.54850361849013
11.3968115905775,11.740377278176227,11.83466816518586,34.971857033939585,0.13820252560934312,30.0,3938.771979866279,25243.10713405696,1.089424252932495,0.885723057335332,0.24148906062179398,0.6421176509507527,0.020719799112793813,0.884682791859604,0.5112739780834648,0.48484396648217487,5.2950693118858005
6.1222417387557995,9.241718216976427,8.950319726913982,24.31427968264621,0.03392666598963963,53.0,966.9099807047294,16294.661378564584,0.9749704926679094,0.571742504511038,0.029631885976391104,0.9896584966717438,0.4672668078382785,0.6990848546100089,0.32957944825617,1.2208471954234532,3.5903201926811668
10.587714056288958,19.023085332972684,2.458395521992636,32.06919491125428,0.13438263216744056,36.0,3829.9050167720557,23932.129851637812,1.0871937425657587,0.839723854443432,0.48596909691395695,0.3973761482659256,0.7718982241831971,0.06843347795376209,0.03495474444174418,3.115426287351106,0.2858812631849226
4.751710416558901,21.45215753321339,14.079370719589186,40.28323866936148,0.01979144353515054,58.0,564.0561407517904,12828.74175517075,1.0287302043420654,0.450131289655114,0.5792541958945455,0.4085166701358547,0.8108987523339602,0.5384587517240035,0.24879724860243724,1.8160086126976616,5.908199902692731
6.69422628391934,19.18214269755085,15.932194653725963,41.80856363519616,0.041242363819888474,48.0,1175.4073688668216,17654.99921500618,1.114114499828608,0.6194736566668836,0.6431836410494316,0.2592848009081554,0.8034210390368534,0.40032407963854166,0.9218120277277866,0.24425336212046167,6.839347500125167
0.7541925817554896,15.195459135188466,13.43828642647666,29.387938143420616,0.0013277212517243606,65.0,37.840055674144274,2073.0459257851385,0.862389726291317,0.07273845353632065,0.5853099045855237,0.9669471386349304,0.636352450746843,0.8680172944325221,0.5559485315640401,1.069226884096266,5.721322017132513
8.31499553067355,13.572412357302206,11.765411546570533,33.65281943454629,0.07255374936997089,40.0,2067.7818570441705,21070.632764144357,1.0468686579529358,0.7393204478647143,0.15600834782750972,0.006269691996457882,0.8700119945607991,0.24406349030199842,0.6192044071270291,1.2041032250647745,4.7131854087884495
5.897980162571159,4.60307300643198,5.4829546175108215,15.98400778651396,0.032647317687373674,56.0,930.4485540901496,15719.15528545726,0.9745925184247777,0.5515493082616583,0.3321570991188322,0.8742159662885183,0.7770821954901718,0.0422326358707934,0.49882892442682103,0.42619550031774045,1.8254762793510206
1.048164854775889,27.932728327688906,17.376952215277434,46.35784539774223,0.0019497517805666107,69.0,55.567925746148404,2882.957883603371,0.8166765907732962,0.10115641696853933,0.8586731204838641,0.8047929292445861,0.6692651498396232,0.0625575131002788,0.24298586196281913,1.8045139674564148,7.974522509911387
0.7586746572886838,8.611811141054309,9.356212659406287,18.72669845774928,0.0013857774859051778,66.0,39.49465834829757,2084.721595648641,0.79568989043571,0.07314812616311021,0.6572017442387778,0.9425718168507741,0.8967801512554374,0.5881031345424504,0.1404128191295027,1.0218284687459844,3.5321968170300355
5.573069756976534,10.659078004721021,7.14425812082519,23.376405882522743,0.029018874261046535,55.0,827.0379164398263,14896.13271947059,1.0401146290673318,0.5226713234901962,0.8251120196966666,0.3698986276858903,0.8727965485006725,0.023431324046543134,0.5613511435115146,1.447641118792278,2.569157986068716
7.750276963633328,15.819673372040363,6.8346994932667195,30.40464982894041,0.06166654563298671,43.0,1757.4965505401212,19938.88887975954,1.1322393665427748,0.6996101361319137,0.7464082952576068,0.3995752850552724,0.3068338398728402,0.4394688067067002,0.6878996597715622,2.158251040506263,2.754909507709469
17.00756229981678,4.087580517817966,4.548459109254766,25.64360192688951,0.21646795643317987,23.0,6169.336758345627,26849.547261103566,1.082073961497592,0.9420893775825813,0.44314884123205256,0.05672425749135579,0.04685702266715508,0.17439171782304852,0.8117914215885188,0.2424729113598323,1.9211422424921132
10.07772622769929,5.168257605957387,3.994815872013417,19.240799705670092,0.11493134172513857,35.0,3275.543239166449,23746.118065683775,1.0285548791754298,0.8331971251117114,0.9616873498224883,0.47442234532338073,0.004449024808863,0.19297444176784384,0.6467273733075601,1.1794612709102037,1.7091210155737913
13.062310981945588,8.907568466364804,4.792281992492443,26.762161440802835,0.17239738088355006,27.0,4913.325355181177,25916.74489447431,1.0922882592209047,0.9093594699815547,0.49285491443151386,0.3371824573553147,0.1839453186698986,0.8151177665508355,0.1606354065267055,1.7950820924057476,1.6606263241397312
9.208020047665642,5.017197381728032,6.654173183370914,20.87939061276459,0.09288267950772663,38.0,2647.156365970209,22647.663965351083,1.0738087626488977,0.794654875977231,0.6950633899149783,0.4852318844591883,0.6869213316974788,0.6658537063562052,0.23372766845448983,0.1440995012042574,2.171766194970747
3.079482424118911,14.890241304262215,2.8081878081388187,20.777911536519944,0.01222173649642421,77.0,348.31949014809,8363.43114421956,0.7955508808485577,0.293453724358581,0.9644050391206705,0.9783702222224766,0.996972535490676,0.21024904142915923,0.6917194726543265,2.3185565311064424,0.2839187779354493
0.316403074493927,15.540060594259726,7.862923712534713,23.719387381288367,0.0006315789473684211,0.0,18.0,865.857664570435,0.7768797051785928,0.030380970686681927,0.7658585214864208,0.7782564008236452,0.9316558618930374,0.0348787175596007,0.8245402097070347,1.8638904762901083,2.979434927930572
6.416978626502499,26.615126713996077,12.19866688778854,45.230772228287115,0.037742064867928166,49.0,1075.6488487359527,16992.66192750994,1.0572022534589287,0.5962337518424541,0.9024515373200448,0.5086158165334104,0.10114321332760312,0.6891522546287314,0.39793038456405533,2.6859357716351666,5.5695030141084025
0.2818487267089202,15.352056865698637,5.486513291978868,21.120418884386424,0.0006315789473684211,0.0,18.0,769.7813524516366,0.7349398125611272,0.027009872015846897,0.19410169234877772,0.9605404588954629,0.8806660559032542,0.7224632930576265,0.8792382188999776,2.308700110448534,1.5681340548628198
4.808036996597311,19.312897236305812,11.965565087840938,36.08649932074406,0.020399183133362774,58.0,581.376719300839,12974.19543048398,0.9621261048143537,0.45523492738540283,0.9741612823178909,0.37594184359758276,0.6145639412952608,0.010398101510140534,0.707829688959688,1.6705192702224447,5.258258845910487
11.079186193865274,2.0710532746682726,2.793630843186758,15.943870311720305,0.14284133580543626,34.0,4070.978070454933,24510.13532205712,1.0358676361135584,0.8600047481423552,0.5910516305494224,0.7840368902527881,0.566692062163509,0.6664655334365729,0.1733087598959161,0.8864391274535328,0.4046967857494064
0.11892929925545406,26.41828049448954,17.03833786547137,43.57554765921637,0.0006315789473684211,0.0,18.0,321.4842669060329,0.7649124537441366,0.011280149716001154,0.6355603540101848,0.8500559049847866,0.9398105109029372,0.12952942774764276,0.9593020921968703,1.5849762868674058,7.524129217402197
0.41527879939592627,38.52068125650916,19.65388459783926,58.58984465374434,0.0006685188516012263,48.0,19.052787270634948,1139.4918845019997,0.830011495962552,0.039982171386035076,0.7283621802348088,0.7719221359346399,0.5521972022261307,0.48395887304066737,0.6254640887729238,2.596880585956887,9.072617908488283
8.08226216758583,5.287814396868209,5.307794097323244,18.677870661777284,0.0670370675702774,44.0,1910.556425752906,20672.175100136174,1.1087094696112496,0.7253394771977605,0.6323780473928692,0.8405270939951562,0.023697402118734723,0.251263550706466,0.8657989311092532,0.6050783004387952,2.347441862825015
0.5208849546368394,20.90380233803558,4.637950946462803,26.062638239135218,0.000953763109759004,59.0,27.182248628131614,1428.4308522572512,0.8025165621572137,0.05012038078095618,0.9386909619175706,0.9690116425306484,0.17978269328511476,0.2641406635814547,0.8345314502791521,2.972931096514065,2.024080150686927
5.150119425753246,23.55444678270805,10.351895074154838,39.056461282616134,0.02408610691645741,56.0,686.4540471190362,13834.057897663502,1.0647227481144474,0.4854055402688948,0.3855561286437489,0.04680494181547046,0.9597252203506477,0.07467013355786978,0.3725590348667581,2.677227605294404,4.071534455171763
0.8750315899269693,15.292474295020215,9.381163150558653,25.548669035505835,0.001635148152653615,68.0,46.60172235062802,2404.9822931110693,0.8240511024021909,0.08438534361793226,0.19810521649862234,0.9238088795840816,0.8001757526555514,0.09541254058213822,0.5503629774641738,1.7395442597726973,3.8362523892686697
4.053603769747219,14.830883419797436,3.7536434683554294,22.638130657900085,0.016824785337843404,67.0,479.50638212853704,10976.369945766783,0.8945016540667978,0.3851357875707643,0.09576185185983421,0.9283697964603126,0.5403523455779478,0.8003770314825251,0.9950166520309427,2.4580479465899776,0.9472430760079096
19.095317276653887,2.929308352603156,1.477728562682063,23.502354191939105,0.24370488683941713,24.0,6945.589274923388,26779.178093985327,1.0365108034981698,0.9396202839994852,0.7376832343218314,0.2428650072548813,0.31837463725080317,0.2437296437828964,0.777437921889859,0.3240535851873432,0.18095634136941374
5.457916132491287,14.341767785309324,7.616456657324943,27.416140575125553,0.02723453254354033,56.0,776.1841774908994,14622.294201670416,0.9977591630346182,0.5130629544445761,0.45009221770922747,0.6773546291151085,0.6449871699839878,0.36482689335122775,0.30612549634504527,1.9788340495288508,2.8990662821547577
11.096964874274414,6.844940394236086,7.416967034615272,25.35887230312577,0.1360806786344259,30.0,3878.2993410811387,24767.630312113448,1.0302556946268673,0.8690396600741561,0.8383648876030845,0.07462963116931176,0.30030874399829044,0.8010761326078425,0.6740628644308954,0.729729480758643,2.856572982854122
10.70647571273159,6.033081226285086,8.268935751951163,25.00849269096784,0.12525250792988238,32.0,3569.696476001648,24609.889957168973,1.0777307758065808,0.8635049107778587,0.05313620583258016,0.5790439538535498,0.6216317552884344,0.5085707222915797,0.07304990987362758,0.08772648400496097,3.079148020505578
8.767503804962347,7.676883885701493,9.025999246906013,25.47038693756985,0.07969016262083807,40.0,2271.169634693885,22025.506189253247,1.0829072336063092,0.7728247785702893,0.2981641579607484,0.8774078276911388,0.38245732045872843,0.3824424217851846,0.15126123063838626,0.5387557931039841,3.771563187623712
4.449377500203224,27.560311495913428,19.11121846508965,51.1209074612063,0.017019667096670077,59.0,485.0605122550972,12052.888447347768,0.9560388810478037,0.4229083665736059,0.22637997615748306,0.5657085550088063,0.8313437480185569,0.2081318279682024,0.16328543952737207,1.5709874323440336,8.543310316445929
4.417568592468623,23.037546824680305,9.108029353878829,36.56314477102776,0.017790332363236395,60.0,507.0244723522373,11952.344589347122,0.9600835495368394,0.41938051190691655,0.5695317490411982,0.2769415936604184,0.8729872154017071,0.8478793428104792,0.012245665790822424,2.9613747522220217,3.2501229771287896
0.2842046415579252,34.99474763133167,14.276965569352761,49.55591784224236,0.0006315789473684211,0.0,18.0,777.7797720195589,0.7925941389029296,0.02729051831647575,0.7066990425935886,0.6305681201564851,0.6399530592434908,0.11105545744952061,0.8956897811895611,3.169107986436795,6.447944528764213
10.743211407828115,24.922750178620507,19.582882676454034,55.24884426290266,0.12437958690783577,31.0,3544.8182268733194,24636.97802071552,1.099721031149586,0.864455369147913,0.4101681472463581,0.256616745938542,0.38915672250008115,0.16363067111535268,0.5094986051377748,0.4976209752027243,9.08736337228244
8.932309436510245,10.469747590178574,2.5202679054320374,21.92232493212086,0.10001062885470072,44.0,2850.3029223589706,21707.822260838224,1.0697940609602532,0.7616779740644991,0.7343191560463442,0.80622058077483,0.8828709121948811,0.4042915927140688,0.3465137870081086,1.9095823794657814,0.10873424314147861
5.447789125258476,12.486102195477232,12.28677519348367,30.220666514219378,0.02647492579083744,55.0,754.535385038867,14605.050872437754,0.9793185466253266,0.5124579253486932,0.7974059463479939,0.29039789524668935,0.9631101633766481,0.4183930979091578,0.23548472980616691,0.9902600881044143,4.889386762115744
11.997669999202213,3.0376198755350616,4.876699280643638,19.911989155380912,0.1531714658954722,30.0,4365.3867780209575,25514.244723148076,1.0454721459518699,0.895236656952564,0.3549120380081954,0.7226509186169598,0.08078536393781044,0.722906601964936,0.3806629277016409,0.6124362848978744,1.8442663441322593
0.5847632525231717,36.89061635278355,5.4312349473122,42.906614552618926,0.0010604342902750814,62.0,30.22237727283982,1604.8603731958706,0.824040631923471,0.056310890287574404,0.9646487802445507,0.6236139386195978,0.055915418374627324,0.6361719330853711,0.7476233965475463,4.916899255882279,2.394602185085895
0.5338645984345064,8.962393964733888,8.704327169040361,18.200585732208758,0.0009293613971562945,59.0,26.486799818954392,1465.3210446563162,0.8019550475000455,0.05141477349671285,0.3964279252151429,0.9657859299912879,0.8716986689923443,0.3922854587770709,0.8302100596386917,0.6195017289165512,3.3134676603533064
0.5667176643747222,26.23423585845324,7.47741661683981,34.27837013966777,0.0010140978971425298,60.0,28.9017900685621,1555.5253560682402,0.766879013502276,0.05457983705502597,0.5370633380536636,0.6319589765938644,0.753918877373455,0.5431592573762348,0.7169265459357955,3.366578774092967,2.7570623376068464
9.60235092856536,13.149756940933575,12.696159143342433,35.44826701284137,0.09765024426884032,36.0,2783.031961661949,23396.9816968294,1.0951277115480147,0.8209467262045403,0.35488791689116456,0.7181496364986464,0.24338469578622068,0.7051432319268176,0.5036452027627275,0.06576084053912634,5.5947967532763245
1.134160092393734,17.526613968764327,13.279153475864941,31.939927537023003,0.0021917823639019678,70.0,62.46579737120609,3118.678484264356,0.8097863662909851,0.10942731523734582,0.9397793232346675,0.7078013985918528,0.896198608001411,0.21906272633108392,0.15175611236767705,1.3841375357420458,5.634830002037986
1.8798655497224435,26.956925938187265,14.326628653349434,43.16342014125914,0.00428647764813955,70.0,122.16461297197719,5160.652055548763,0.9002856163094954,0.18107551072100925,0.5002036359824953,0.2908365503460284,0.9977573142328605,0.6473407630772945,0.3068886917356628,2.4664835421856464,5.871301877368555
10.469585444621119,9.570158061767707,9.452377495579732,29.492121001968556,0.11994596458447665,32.0,3418.4599906575845,24332.920091990574,1.0823109846110301,0.8537866698944061,0.6899400296120728,0.35682767265797366,0.06729384773115554,0.9924876096441453,0.8864399038606448,0.2600850101950041,4.027950924443964
7.8939392104035,10.464343520971502,9.324585457204773,27.682868188579775,0.0616941771722026,43.0,1758.284049407774,20330.344494904148,1.0805291000074173,0.7133454208738298,0.5690417771584352,0.9030460045181206,0.01739271731650105,0.7235739642761522,0.35856949621600853,1.2257850457507635,4.167041030824632
0.22130605475561077,24.856987267321692,10.393795076636142,35.472088398713446,0.0006315789473684211,0.0,18.0,604.058674474964,0.7799406124530016,0.021195041209647863,0.9293880897464244,0.879044330472637,0.4771272279152493,0.4757663662583667,0.7146728663707649,2.6566074140611464,4.524473992179535
11.055122067839934,27.695250028117044,2.3586311378334344,41.10900323379041,0.1459297413998095,35.0,4158.99762989457,24274.232884217432,0.9979095978265745,0.8517274696216642,0.22490400301808355,0.01246565983788206,0.8971098439566533,0.04216709378171207,0.3706113411797064,4.11686295685328,0.14025134127401007
8.25842041865938,35.39651334440315,7.464772368792008,51.119706131854535,0.06840401594451528,42.0,1949.5144544186858,21093.842916833037,1.045743159373797,0.7401348391871241,0.8651148385339668,0.09652361930564479,0.10562122151087594,0.09721091939281146,0.19780445367316957,4.570014627492763,3.3953338541400258
0.0819985936140389,37.46143300662956,7.595240162879394,45.13867176312299,0.0006315789473684211,0.0,18.0,218.77696662473235,0.7260579489884829,0.007676384793850258,0.9964795230247863,0.7246170007037566,0.5028941364792451,0.1714460574583967,0.9312940193262541,4.581932052111878,3.2233877280804424
0.9626796285831848,19.5372883483975,7.541885843835962,28.041853820816648,0.0018997359322078444,70.0,54.142474067923565,2644.8945543987015,0.8206432314177168,0.09280331769820005,0.47741320278787774,0.8796662611238353,0.7440684251914467,0.822644656835189,0.12926594589539908,2.708640748034818,2.6807878240970484
2.355079403968305,28.20162267520245,22.086645162053493,52.64334724122425,0.005712080562027851,70.0,162.79429601779376,6460.295278252511,0.8705304763461428,0.22667702730710565,0.12384039771048427,0.7585907191544883,0.8636820394218702,0.8395364861880187,0.5063495673597487,0.44274144223401457,9.79832946405843
9.462252330482617,9.79911615030771,10.88208202868389,30.143450509474217,0.09753995249878464,35.0,2779.8886462153623,23039.527711786624,1.0336253841623029,0.8084044811153202,0.04060834738816166,0.2142558229334619,0.761761605322083,0.7933983204890724,0.4829194416516139,0.5390721391140099,4.14121216211509
6.49196212604889,9.4177784606842,5.9481237181234015,21.85786430485649,0.041734658270652335,51.0,1189.4377607135916,17112.725842832617,1.0555626531871087,0.6004465208011445,0.8642987997129373,0.41062790851168307,0.8752830080427008,0.2736887189585846,0.16315211972070787,1.5882248312385583,1.8493367334302881
1.981211466400858,21.07455420120956,17.82484676810675,40.88061243571717,0.004495945497329065,71.0,128.13444667387836,5439.87441289792,0.9153220858115356,0.19087278641747088,0.10943835343991681,0.683742010701296,0.964358369259854,0.6914175930297486,0.6837245581189413,0.26107477541171553,7.633986291028393
5.730714671300331,33.41939816052706,4.197371953955626,43.34748478578302,0.0316379368973338,59.0,901.6812015740135,15288.510819160696,1.0586580200968232,0.5364389761109016,0.14658739102076102,0.20305592693166585,0.8043512693612508,0.18572844298954805,0.37676653898391016,4.835783220080835,1.1115327187174238
1.621352654166253,22.258065008510012,18.049005413918056,41.92842307659432,0.003406718990833528,71.0,97.09149123875555,4456.709837497427,0.8375217543208845,0.15637578377183953,0.2990933065560622,0.7655734559584744,0.8799675706811908,0.49114089495812363,0.7889646983245842,0.26013548305775025,7.917773838168661
7.038902444105708,15.395845062048833,6.315440346654561,28.750187852809102,0.050544678240299803,47.0,1440.5233298485443,18359.778126435234,1.0852592447015401,0.6442027412784292,0.4378696560716996,0.21481936472549545,0.7758175558792963,0.5592303763325979,0.7350862736411141,2.228969336798286,2.002005750112125
9.763799550541748,4.430137255879476,4.229232648067323,18.423169454488548,0.11286979856805511,37.0,3216.7892591895707,23115.5662949391,1.115373103539412,0.8110725015768105,0.9077067701893278,0.1433422221033015,0.9538498899501457,0.3694944631649363,0.8073653528949284,0.4246698872394026,0.8345729230738996
1.6493276169973259,34.181828413249214,12.091405639807785,47.92256167005432,0.0035583707321880276,71.0,101.41356586735878,4531.963879833533,0.8521666861702225,0.1590162764853871,0.5496136372203109,0.7964666482835426,0.07302931130886692,0.19002160127354106,0.8493063891450239,3.4609194932199645,5.866131786500955
0.46021668344803635,16.244246135603778,11.383808395831938,28.08827121488375,0.0007684998015308253,53.0,21.90224434362852,1262.9696124963289,0.7917268741480288,0.04431472324548522,0.8540651442996516,0.9234561458012338,0.6161038383259931,0.6008581214567726,0.6021949207321816,1.4795830270240584,4.826394778464598
6.620936728843715,6.072316261119536,7.054489949489878,19.74774293945313,0.04172949949880333,50.0,1189.290735715895,17462.55177869446,1.0545473609360354,0.6127211150419108,0.4965685485452832,0.7180905802708838,0.6700872171397668,0.22931290782438069,0.3699616022254348,0.897600065034436,2.6170779776344144
2.2422801939719896,24.82272540176419,4.715324411507571,31.780330007243748,0.006253623321644709,73.0,178.2282646668742,6137.423426889498,0.8447555604624896,0.21534819041717537,0.8828917859215095,0.5191407841611407,0.8902940241130728,0.13656010229636306,0.0921433162142149,3.651221683278579,1.3755411757457114
7.653114763058544,4.767741236210097,6.64604052901888,19.066896528287522,0.058347515467947815,46.0,1662.9041908365127,19811.43839092992,1.003901530388916,0.6951381891554358,0.5932075728347012,0.9132523787108293,0.45852044377580264,0.6095903078776815,0.07517171748604656,0.5572427355172338,2.448645920305028
2.9031171075640185,26.798212746262926,10.756068327735937,40.45739818156288,0.008263257815344885,68.0,235.50284773732923,7937.39822538381,0.9562683654104489,0.27850520089066,0.4902292139166917,0.62699483994051,0.62547045119307,0.1408727967047787,0.35217855740156456,2.9685031175455796,4.639890239584896
7.718249528667717,12.021443605392935,7.548254724750907,27.28794785881156,0.061840727905820334,43.0,1762.4607453158794,19852.255843610612,1.0852821887823094,0.6965703804775654,0.9888768814187701,0.16945317960717854,0.7652853465872371,0.38088087518811087,0.12383432802557814,1.7021278387951724,2.67788707959927
6.556556856896585,15.935995873843394,14.957445329306122,37.4499980600461,0.03998725801018775,48.0,1139.636853290351,17315.36360924424,1.0400063818191803,0.6075566178682189,0.18674621766978972,0.13810473786874866,0.9521925363959002,0.8926227098094689,0.6557254727331311,0.7739237577781095,6.01113374729422
2.1191507106135834,16.48051287115042,11.195188799952637,29.794852381716645,0.005122824415575883,71.0,146.0004958439127,5813.76099561083,0.8558410024661652,0.20399161388108175,0.380121382678479,0.7356021887939347,0.8969563169096942,0.07546057862769795,0.10567292036182963,1.689308837704837,4.631090313063808
12.23374083366302,22.59164996044806,17.95764284324003,52.78303363735111,0.15331432710456136,27.0,4369.458322479999,25723.92139394816,1.1416149127937931,0.902593733120988,0.8139731320309329,0.17792597918811315,0.02045343245120257,0.534385480058274,0.5834988144497272,0.009374239366264359,8.484213546686984
9.803762193278441,11.481038504041084,10.455466857458028,31.740267554777553,0.10606997584553271,34.0,3022.994311597682,23479.895912374857,1.052721132246246,0.8238559969254335,0.7858040295693067,0.057399125820559616,0.45173747866874625,0.31939348815736834,0.8898418861994805,0.5103616565845366,4.4209074748078505
3.3326078694441534,17.9530643765821,15.281997339803867,36.56766958583012,0.010119310576338572,66.0,288.4003514256493,9096.6076180528,0.9089560573261194,0.3191792146685193,0.5207699554582328,0.5788872022539635,0.7902244615310758,0.5495085474623974,0.8143464604240045,0.8105058279589512,6.563788927254734
8.826316153796494,10.271531926947041,10.389912815280693,29.487760896024227,0.08087085609866144,39.0,2304.819398811851,22125.523173987847,1.0698729463116277,0.776334146455714,0.3925350068974207,0.8576594672927813,0.2129797241529658,0.04240870021263188,0.19303321144961227,1.018795793933739,4.7537648290839085
1.251700215098762,26.30181075724357,19.939785677914028,47.493296650256354,0.002422491928205981,70.0,69.04101995387046,3442.3995798434817,0.8601423023266619,0.12078595016994673,0.5853099045855237,0.7757987774010856,0.636352450746843,0.8680172944325221,0.8118673926316077,1.069226884096266,8.962807712919219
6.239585952165959,20.224855995964766,16.77420488246953,43.23864683060026,0.033920320973516487,51.0,966.72914774522,16602.668724130726,1.076803519406765,0.5825497797940605,0.5472687560032572,0.8774965747581743,0.35044327289950084,0.37001792819523893,0.47699006520989184,0.330007365461376,7.739988220946491
8.663966130249985,2.8643176911539037,2.6109322352445057,14.139216056648394,0.09027191591366222,45.0,2572.7496035393733,21425.215605174435,1.065435012494132,0.7517619510587521,0.6052890530215678,0.9602260045229679,0.8874989097043663,0.11824806388929932,0.24201540936180177,0.8171760931395364,0.24818280253088787
2.7370832562826184,21.32718843657737,17.64897475116213,41.71324644402212,0.007218256424627715,69.0,205.72030810188988,7495.266664820938,0.9568233547183422,0.26299181280073464,0.6695674241757972,0.8990204598956711,0.6791039222635487,0.2930761326408047,0.24298586196281913,0.5176634941164071,7.974522509911387
8.095110780513705,7.33280840976972,7.862375384695806,23.29029457497923,0.06939185144020288,42.0,1977.6677660457822,20622.99063373258,1.0229473645809435,0.7236137064467573,0.6572017442387778,0.11093313244822389,0.8880035745483968,0.49597040365600065,0.6537275382387999,0.7723282232626305,2.658535259609823
2.6548314897638403,7.254910591133749,7.740376066017319,17.650118146914906,0.007412000382720894,71.0,211.24201090754548,7264.640355488354,0.8878281591196224,0.25489966159608257,0.7720442907621277,0.7704079638725401,0.8836189929685659,0.556639172881788,0.49517053419584556,0.615881583012704,2.715497106842201
3.5909858569104616,7.980692428639038,7.504409802172366,19.076088087721864,0.012162999068807688,66.0,346.6454734610191,9777.86641197108,0.895064969571555,0.3430830319989852,0.7464082952576068,0.6227444182758861,0.8615506474252985,0.36775310059477406,0.9407012334033005,0.5642017165867774,2.6746650366184954
7.27271306652206,5.692927483124469,6.030685876467063,18.99632642611359,0.053545968051877134,47.0,1526.0600894784984,18918.817611220653,1.0449483974857654,0.6638181617972159,0.9984455812696238,0.44694431539287616,0.7938793129402121,0.35227922962675107,0.5897942439499275,0.42115590594006,1.9211422424921132
5.161797684692011,8.254373268969411,6.172982659392035,19.589153613053455,0.025350578682384307,58.0,722.4914924479527,13852.723758095728,0.9939332403425871,0.48606048274020097,0.9616873498224883,0.47442234532338073,0.8364362024805819,0.9848229439006858,0.6467273733075601,1.3457220332599857,1.7520149281382382
10.447758691355158,5.592512669837207,3.307143745458967,19.347415106651333,0.12977519729008372,35.0,3698.593122767386,23832.79904653079,1.0896647232538004,0.8362385630361681,0.003940931033447004,0.3371824573553147,0.8745062425773299,0.01781739336089122,0.6556417936304428,1.3160344582985268,0.6006878742068755
0.281328321686472,8.367123785781247,6.683787649109161,15.332239756576879,0.0006315789473684211,0.0,18.0,768.7071313736049,0.7870522137706122,0.02697218004819666,0.6893060416775879,0.9511892456190515,0.8584184591529526,0.7650499755829533,0.9630830011583376,1.1942473539964955,2.171766194970747
10.422145910980452,14.088293188848716,4.751484531014107,29.261923630843278,0.12165999090659955,33.0,3467.3097408380872,24167.708776589017,1.1255790012045246,0.8479897816347024,0.034285734053475125,0.5686110179733733,0.20327922268890675,0.21024904142915923,0.6374775102486555,2.3185565311064424,1.873840968153147
6.226019846509666,12.352688468960391,6.470939842426025,25.04964815789608,0.03715303746158891,52.0,1058.861567655284,16503.433384355234,0.9846932051829317,0.579067838047552,0.3788408337198064,0.6340794214632517,0.5058938795610526,0.999059434735025,0.7592540481791742,1.8638904762901083,2.1948327229303723
8.349409592046541,4.190299342309795,3.7518266970572802,16.291535631413616,0.07935595732064751,44.0,2261.644783638454,20990.56616387975,1.04742126530073,0.7365110934694649,0.9173157722879235,0.5086158165334104,0.883172376092445,0.13421053057680243,0.7533194089184908,0.4491662931378744,0.7831213484470156
4.449243803120919,4.347326625903675,5.748163572340199,14.544734001364795,0.018584466062205537,64.0,529.6572827728578,12033.144976739932,0.9551169184225918,0.42221561321894496,0.5541743855557348,0.8867955743556415,0.8806660559032542,0.854125757780776,0.4316371941931528,0.15789607308553233,1.5681340548628198
6.390246152906702,13.46009000320283,6.481504504067557,26.331840660177086,0.03978745636112414,51.0,1133.9425062920382,16879.956911598372,1.0473948236005788,0.5922791898806447,0.4725629717955172,0.37594184359758276,0.7793284723607556,0.1685669509990062,0.6539351579427432,1.932276132197065,2.2529066081718616
1.5910329385930453,23.847822712023756,19.30900175113538,44.747857401752185,0.003311088101644186,71.0,94.3660108968593,4373.860415259561,0.8394776373810189,0.15346878650033546,0.8588703752943552,0.8568915413857133,0.726029387350693,0.6664655334365729,0.22394553064222883,0.6121953229166617,8.632073757996691
1.939889742521687,5.975956737111283,6.933210622554286,14.849057102187256,0.0047250511526627,73.0,134.66395785088696,5321.351301533791,0.8950776169469565,0.1867140807555716,0.3837480462293833,0.9977808061381304,0.8878960925454302,0.2017988974160147,0.3371043669981542,0.5653743779252427,2.46394686475593
3.853819467474481,11.578481674823907,11.024393044348058,26.456694186646445,0.013208760959964958,64.0,376.4496873590013,10483.919345984777,0.9581843148090122,0.3678568191573606,0.350881952991244,0.6884242655190153,0.8774896596757885,0.2652899043490019,0.6907703666464644,0.30978084339948575,4.450308423671242
7.47467552898649,11.525532091811828,10.387267286462354,29.38747490726067,0.05610503078949477,44.0,1598.993377500601,19368.552371375034,1.0450046689373438,0.6795983288201766,0.8429676533027644,0.000571056403172232,0.91276459222137,0.03741744120422569,0.8657989311092532,0.7294872784591766,4.086419446069966
0.18174193678160175,22.669229589415554,3.7841702716064134,26.63514179780357,0.0006481093389792527,1.0,18.4711161609087,493.0226452477764,0.703494015968413,0.017299040184132506,0.9798509236609066,0.9690116425306484,0.9716897104295517,0.3058834924996985,0.5827528194601224,3.3225617007469124,0.7944774127586918
7.664244872897079,26.153502776409884,9.258967481066048,43.07671513037302,0.05873336855511901,43.0,1673.9010038208917,19793.774092027208,1.1089301649292986,0.6945183891939372,0.570870456182792,0.2512013995558962,0.33950236990162563,0.08575997414056713,0.6138282558090116,3.073683720941445,4.071534455171763
7.813581718701174,8.80300899375835,8.502750652983906,25.119341365443432,0.061252848850548276,44.0,1745.7061922406258,20139.53027048578,1.0240802887563496,0.7066501849293255,0.6113743565808354,0.4712823502935495,0.6363106066625744,0.3001544965281143,0.8797594119651253,0.04507205903174327,3.312389938562747
3.981705463252427,14.691209220665643,3.184017655053078,21.85693233897115,0.016284051230980458,68.0,464.095460082943,10787.788477046577,0.888875561331909,0.3785188939314588,0.6605583083747061,0.9365766803785066,0.5403523455779478,0.09214821202474349,0.6427813242076101,2.4580479465899776,0.9472430760079096
10.622271866351236,7.66745424507473,8.909827171989487,27.19955328341545,0.12469872789516583,32.0,3553.913745012226,24399.349342781712,1.1317149537486038,0.8561175207993583,0.8227233214093396,0.1464654712790714,0.5996022740356561,0.5607248556339502,0.1366947115605201,0.38702271412805445,3.398442221695852
6.229597435398944,11.552597759732821,11.483422601045072,29.265617796176834,0.035286204553935406,51.0,1005.656829787159,16539.79363181834,1.1298204418046784,0.5803436362041522,0.6894681522134688,0.5621486316151264,0.6935199732048759,0.3108063072375433,0.2469282485594384,0.9873712247425677,4.777602535996865
6.492671212472373,17.17611740465752,12.561654445224566,36.23044306235446,0.039085724383370546,49.0,1113.9431449260605,17165.20217000317,1.062891088819522,0.6022877954387077,0.16659880735324134,0.4338639245879044,0.6879927125041888,0.29379808817133146,0.7340070134375789,1.45736214033369,5.3201333872108965
7.023366954891106,7.004857614087172,7.735005297198005,21.76322986617628,0.04694881177570251,49.0,1338.0411356075215,18421.480734818364,1.0613063304048902,0.6463677450813461,0.05313620583258016,0.7706323240022843,0.7533130241995276,0.039811132211929556,0.5966365767019628,0.08772648400496097,2.9380996002092434
8.274420090249679,21.882555440629158,18.214132904170306,48.371108435049145,0.06794189616736923,41.0,1936.344040770023,21139.20497872212,1.0078303641529305,0.7417264904814779,0.11721116306253465,0.5929788968820984,0.6142975554091679,0.29421542067033385,0.5277298332223369,0.10898269690771789,8.170116336327956
0.09193636964187407,29.027367709215444,5.976261814048392,35.09556589290571,0.0006315789473684211,0.0,18.0,246.1870135212069,0.7039099434540772,0.008638140825305505,0.43863835535288653,0.9129012242255353,0.8952889600044005,0.28445751146416404,0.573518112007627,3.950393995414193,1.9763214450584297
0.8116389034725497,27.889154320150645,5.976095990642047,34.676889214265245,0.001575840444602759,68.0,44.91145267117863,2228.862287672174,0.8162863195919603,0.0782056943042868,0.6392895521836701,0.6950825368615586,0.6089855358664404,0.3685752875828441,0.6034935928644847,3.78024317267798,2.2173798763709893
9.308528746392689,12.489383632282548,7.132988965237415,28.93090134391265,0.09640135449344622,36.0,2747.438603063217,22724.859652711406,1.0298118713874698,0.7973634965863651,0.452860487349761,0.19204297725011954,0.5627661493833147,0.35021510184616733,0.5652609977259395,1.7747347449414446,2.6544373056714847
4.074321358225761,27.160536294858993,4.336887892715054,35.57174554579981,0.0174551402694912,67.0,497.4714976804992,11020.278825270732,0.9249940373813125,0.3866764500094994,0.9641018556349918,0.2604452691927174,0.9329460456772483,0.9595690766519378,0.6125964091287819,3.8881686912014928,0.7841935224569498
0.4789388778955335,48.79989827985333,19.837035389414005,69.11587254716287,0.0007725264531439737,54.0,22.01700391460325,1315.295133282102,0.8011097540505616,0.04615070643095094,0.6071966781775656,0.7956044214490035,0.29283213403043173,0.3185728419755561,0.5712559144065198,3.7851997547255594,9.48862554842771
3.7708266390361564,23.33089756832549,4.144843472398455,31.2465676797601,0.014189332526014129,68.0,404.3959769914027,10239.764624702007,0.9672873153616302,0.35928998683164937,0.7974059463479939,0.7530129692154971,0.5093099352373627,0.4183930979091578,0.23548472980616691,3.5469791029002633,1.328634696167895
7.744267857867268,3.9492364888754983,4.822405131185256,16.515909477928023,0.06217763145656092,46.0,1772.0624965119862,19930.88361137568,1.139980927750703,0.6993292495219537,0.989353854891609,0.7226509186169598,0.4902459829200661,0.25660937374259807,0.31700003318565984,0.6236163082941064,1.6514743588727834
5.8448939143541665,28.34067582635875,8.14998696409333,42.33555670480625,0.03173299273984776,53.0,904.3902930856613,15581.349739633884,0.974460066893977,0.5467140259520661,0.41821293154885414,0.07853528044294944,0.6879082983584242,0.3450134284667753,0.700200910827265,3.5574738589433164,3.118767926192823
1.1691891469026867,7.262305344956482,7.239424681230759,15.670919173089928,0.0024061495500241788,72.0,68.57526217568909,3212.2569209626863,0.8559969350576094,0.11271076915658548,0.3964279252151429,0.9657859299912879,0.8716986689923443,0.06040757679563247,0.7128825215514913,0.6195017289165512,2.703296560650622
2.2900402665810016,5.821685860512373,6.228341926466813,14.340068053560188,0.006065020909136248,73.0,172.85309591038308,6273.356081550047,0.9128106558267952,0.22011775724737007,0.5523497853501711,0.9935058708118235,0.753918877373455,0.5431592573762348,0.7169265459357955,0.28812878773229134,2.1029929426905882
6.506866047840243,8.10695638365181,9.400551321113127,24.01437375260518,0.03935304943812768,51.0,1121.5619089866389,17212.774407000245,0.986751981912028,0.6039569967368507,0.22452700270227133,0.5293913540262875,0.922177869365512,0.7874068368173863,0.4360613454673561,0.06576084053912634,3.3150115514699383
11.39679546403952,5.065222496679793,5.137815286181757,21.59983324690107,0.14342734016452488,30.0,4087.679194688959,24985.069250681838,1.0055226508026363,0.8766690965151522,0.8212732645377796,0.2810124842347197,0.18431000208985737,0.4644779564802345,0.47665081501495943,1.1092268237433223,1.9764352173124955
3.4824777186640223,4.956556216314274,5.013843771259095,13.452877706237391,0.012282920130527229,69.0,350.06322372002603,9475.835847992885,0.9272179325949585,0.33248546835062753,0.8801084620516385,0.7552157733227458,0.9796960736282203,0.05448565597791588,0.3722907836817854,1.0581875924889594,1.4436455798399002
6.415816210075278,5.213988130419063,5.789951048347763,17.419755388842106,0.04071579370734639,53.0,1160.400120659372,16937.656061523707,1.0738276837902836,0.5943037214569722,0.6899400296120728,0.5148095764181935,0.9264482997961215,0.9924876096441453,0.8864399038606448,0.2600850101950041,1.4394787673970857
5.886394447302379,3.3166920880652637,3.4379935637784,12.641080099146043,0.03633809102159191,60.0,1035.6355941153695,15617.968914377498,1.016077937238171,0.5479989092764034,0.9885685717277312,0.9939142121730469,0.8529441955497918,0.561685587099315,0.31111756261897444,0.645058416754853,0.5442002870976896
11.47309539113736,2.446238281431958,3.8994456526822248,17.81877932525154,0.14899447892648793,31.0,4246.342649404906,24831.770534795825,1.0357776512259522,0.8712901942033623,0.9695433886488969,0.22856694043833492,0.6665703533307616,0.5209199331042101,0.07177709306076874,0.8339686948480134,0.8819455944163792
24.81076904438938,1.965952105197318,1.3380804870127387,28.114801636599438,0.2751262618401915,21.0,7841.098462445458,27295.941096708953,1.0372801732238692,0.9577523191827703,0.1812058748383879,0.32621114026910014,0.19570951518932744,0.48338599975005,0.6966635999901375,0.8285459606518042,0.1432666733717607
0.9167081168947692,31.771798782766872,3.523765843153003,36.21227274281464,0.002220376617988583,74.0,63.280733612674624,2510.096979511297,0.7573006508954971,0.08807357822846656,0.24132989417315398,0.7047460418369756,0.9779273018640902,0.6008523526768419,0.5072486324617159,4.570014627492763,0.530750547791695
6.775859089530372,13.30985861199002,2.5383035638752682,22.62402126539566,0.04788248717498392,52.0,1364.6508844870416,17752.762854925495,0.9828378063874532,0.6229039598219472,0.9603787275570217,0.9194371379087939,0.15504861533240233,0.257056625065305,0.367291614129165,2.413099928188733,0.8834081988963716
6.688616417987186,20.144397494042973,7.659725497143123,34.49273940917328,0.043825719291458703,48.0,1249.0329998065731,17581.981489880793,1.0912810602071263,0.6169116312238875,0.9350681366909046,0.12304324614099027,0.7440684251914467,0.4980402840730304,0.14212768337244186,2.708640748034818,2.73363164410139
7.329700623643037,28.0338444655171,21.584281846757545,56.947826935917675,0.050572106637921506,45.0,1441.3050391807628,19127.087003908247,1.0845653666739299,0.6711258597862543,0.7666554611055769,0.4420850100368764,0.5607745069744977,0.6239094951136277,0.4039604632668987,0.5498709773654744,9.79832946405843
9.090886866657748,2.7364583934764983,3.589358628113503,15.41670388824775,0.0966788135950429,41.0,2755.346187458723,22227.30353048423,1.1234256604881412,0.7799053870345344,0.9191476375730032,0.6710680991808755,0.8300917075981625,0.4909371361602295,0.07856367035358514,0.5928062323106462,0.6099854885151421
7.054378508189204,12.09143008606129,3.102429477221451,22.24823807147195,0.05295121631005254,51.0,1509.1096648364974,18363.320818323933,1.1121554008713286,0.6443270462569801,0.8642987997129373,0.9011790900111014,0.40431211561367186,0.5424276235578125,0.17280785890978007,2.259111417162681,0.7980253676052644
0.23058222115634053,47.23017061932937,17.744046878614355,65.20479971910007,0.0006315789473684211,0.0,18.0,630.0067297929805,0.7533468298775683,0.022105499290981774,0.8068668261404665,0.11815963442563682,0.964358369259854,0.6710463541619864,0.6837245581189413,4.182273493177409,7.633986291028393
5.986136637905586,2.9895114245132053,4.624073969976043,13.599722032394833,0.03531752474253775,57.0,1006.5494551623259,15902.54516098967,1.0329326374356524,0.5579840407364797,0.1883653861356991,0.8550536147513778,0.9566521871939142,0.3214774872356218,0.3317661359101903,0.47977272971366824,1.1115327187174238
18.084257284389825,0.7441200088015358,1.8368321414868936,20.665209434678253,0.2324026419248196,24.0,6623.475294857359,26989.356064176867,1.0218225572647068,0.946994949620241,0.2990933065560622,0.8679427875759205,0.17602469870244064,0.5578346189133837,0.046488652420296206,0.19348523186244782,0.35367607665409384
7.802124965601018,16.147818710934615,3.625190638909049,27.575134315444682,0.07043465994887553,47.0,2007.3878085429526,19844.051426630525,1.1203283328800804,0.6962825061975623,0.6419805872598701,0.45709137160758284,0.9285368473328991,0.6178884435836556,0.10949786937988615,2.678721086281147,0.503685150584702
7.2733357373205845,7.8165566093492975,8.260205054892982,23.350097401562863,0.05338663821281192,46.0,1521.5191890651397,18916.421514946593,1.0204080919841065,0.6637340882437401,0.7563236208086075,0.1433422221033015,0.9016561409116863,0.9538262941096909,0.8073653528949284,0.724912665985713,2.679978596267829
7.486504539334965,3.113812023126683,3.1314824626719466,13.731799025133595,0.06337217779552681,51.0,1806.107067172514,19245.708043695227,1.0494391184886247,0.6752880015331659,0.9820849797241823,0.8936703812216521,0.9468922911337576,0.19002160127354106,0.11897123056749265,0.6589057687730331,0.42181380564171356
0.1893995533640382,14.770591299008666,5.1647481336251415,20.124738985997848,0.0006315789473684211,0.0,18.0,514.9114930951475,0.7425513648930502,0.018067069933163073,0.8540651442996516,0.9726344917910676,0.9698946909730894,0.4638637890723144,0.6021949207321816,2.2385775805497627,1.4229200740005545
8.737606277732892,2.379810140193931,4.056830484762129,15.174246902688951,0.08595822386569936,42.0,2449.8093801724317,21748.663313037345,1.1058485386995474,0.7631109934399068,0.2997125014635281,0.7852360226677388,0.6700872171397668,0.5774354164854458,0.3699616022254348,0.897600065034436,0.958177253300426
0.07792717917802384,28.631138748622416,8.048635591967722,36.75770151976816,0.0006315789473684211,0.0,18.0,207.45212697366165,0.718380596086558,0.007279021999075847,0.3806737646338155,0.9997551680281668,0.8902940241130728,0.22534949192439435,0.38054120530167723,3.651221683278579,3.0411880887769827
6.578980517226561,5.232505983769127,6.481676363666552,18.29316286466224,0.040608671707325884,52.0,1157.3471436587877,17383.071478096004,1.0269477959913629,0.6099323325647721,0.6829724862129495,0.9361499739443523,0.45852044377580264,0.4719327973246834,0.262671634576438,0.49491535205641046,2.448645920305028
2.3429549707305677,11.362558414221605,10.897106608647114,24.602619993599287,0.005851975051327731,71.0,166.78128896284034,6424.430398995837,0.8996309698738044,0.225418610491082,0.7780277271864272,0.9999472574545336,0.62547045119307,0.3487630996302089,0.3644646049283527,0.20116184713240282,4.639890239584896
10.372517653795596,25.524171589033145,20.747279233377473,56.64396847620621,0.1162433655576748,32.0,3312.9359183937318,24241.20771833435,1.1126767867516556,0.8505686918713807,0.6195112675838207,0.21503908289323292,0.428370674059694,0.7860734214705115,0.12383432802557814,0.894346049479936,9.384844388049299
3.1334903532130736,3.934802720872839,4.04868639061747,11.116979464703384,0.011029420347447262,73.0,314.33847990224695,8532.373852617418,0.9063663266172918,0.29938153868833045,0.9659560357533433,0.9886727967869754,0.8286978698266169,0.8926227098094689,0.6557254727331311,0.7739237577781095,0.7894464450541463
1.598208674231219,12.320677886430728,11.207917033423971,25.126803594085917,0.0034525198710145303,72.0,98.39681632391411,4391.282724278953,0.8447487570250024,0.15408009558873517,0.380121382678479,0.9211224306579953,0.5781715158987828,0.9138335116605014,0.7905138926938924,1.0778154217845874,4.631090313063808
0.8880874078663131,21.35671459524714,16.511651236321885,38.75645323943534,0.001597796209553389,67.0,45.537191972271586,2441.83310617879,0.8799744733315275,0.08567835460276456,0.7717495785985931,0.6508895910847741,0.8218512489496043,0.6990848546100089,0.8186029508591908,1.1577581539862702,7.137531219223341
21.339808720131355,1.8631158313568013,2.89705537428651,26.099979925774665,0.2540396993423513,22.0,7240.131431257012,27150.326663205757,1.02194156585729,0.9526430408142371,0.4689351464783108,0.1598670456992003,0.3908742216484821,0.9540481534976372,0.30621612079076316,0.06968731083119684,0.4958522765515454
15.822217165155749,2.711374358098633,2.294823345411738,20.828414868666123,0.2148804047170246,26.0,6124.0915344352015,26333.850136991598,1.0514978555567258,0.923994741648828,0.5207699554582328,0.41529746062389516,0.42337218980595864,0.8949092819155667,0.6719300115142415,0.676852298939215,0.21923942865797752
3.9838884251032676,17.155975582124814,14.595835411312038,35.73569941854012,0.013750962798573362,63.0,391.90243975934084,10831.404923341455,1.0102701630926747,0.38004929555584055,0.9220584331749694,0.8576594672927813,0.2129797241529658,0.7516978907572953,0.5033903326952412,1.018795793933739,6.700576640296852
0.7653822096512446,15.076918287628986,13.162587406740956,29.00488790402119,0.0013503472479182447,65.0,38.48489656566998,2104.209070132455,0.8027847187145565,0.07383189719763,0.5853099045855237,0.9669471386349304,0.5920456367477555,0.6338336922406466,0.8178924581684521,0.7527619273272879,5.721322017132513
8.741697427094271,2.8184233906972267,3.401928318051447,14.962049135842944,0.0888276382540453,43.0,2531.587690240291,21663.393004794758,1.0968463165174214,0.7601190527998161,0.1922661215866619,0.8501767587613389,0.6938742274282532,0.7461013955105367,0.6192044071270291,0.9454683133726769,0.5585718221352218
0.6780479061565982,11.27104229180954,10.405782985864457,22.354873183830595,0.0011994118242441344,64.0,34.18323699095783,1863.0345793440424,0.784310736220046,0.06536963436294886,0.5996300372802215,0.8274555407005435,0.8286978698266169,0.6503269415210357,0.9246591312775192,0.7739237577781095,4.101411470647369
1.272932457140486,21.376952391481197,17.42121508364206,40.07109993226374,0.0024822438000986,71.0,70.7439483028101,3501.0604765757475,0.8233997180037095,0.12284422724827185,0.7125290516143945,0.9921885363648986,0.602051280644033,0.2757812463903556,0.32343966731494844,0.8338712814398703,7.974522509911387
0.6697685083313644,27.587725778340356,17.14022025111485,45.39771453778657,0.0011350516993313266,63.0,32.348973430942806,1841.0538277583098,0.8372338205809752,0.0645983799213442,0.6572017442387778,0.9798468046860986,0.19035610024746197,0.8507661767057005,0.8909520437414574,1.72221746067034,8.026499364449823
3.4929204944941263,7.0640536681405965,7.681778325897277,18.238752488532,0.011537823900789343,67.0,328.82798117249627,9516.554219291358,0.9572008528491364,0.3339141831330301,0.7720442907621277,0.7704079638725401,0.8089253716354678,0.624202854570981,0.4744356940323674,0.615881583012704,2.715497106842201
4.718430478962508,7.004045029280995,7.859206878764601,19.5816823870081,0.020154328959440762,60.0,574.3983753440617,12735.544949645124,1.0499461155616832,0.4468612263033377,0.7908215617961878,0.6227444182758861,0.8264515891386676,0.827684959447212,0.465269958741619,0.7332813201518582,2.6746650366184954
7.3984276205739254,5.331437572547338,6.103455128706147,18.83332032182741,0.05607804956318803,47.0,1598.224412550859,19184.61593361427,1.0842160614983722,0.6731444187233078,0.9767499324954465,0.44694431539287616,0.7938793129402121,0.7669281647096221,0.5622807785787697,0.42115590594006,1.789980285901327
3.6426343989397223,5.877448029147527,5.202073033408537,14.722155461495786,0.01299046206120808,67.0,370.22816874443026,9905.455057953965,0.9757454518592937,0.34755982659487594,0.9616873498224883,0.8453736999341093,0.5804244942519161,0.611757953968084,0.6467273733075601,1.124116206448208,1.7091210155737913
0.8880567208494338,11.320259692689172,10.64971973919939,22.858036152737995,0.0016470489332703194,68.0,46.9408945982041,2441.1685963596765,0.825867261090961,0.08565503846876057,0.7376215804527239,0.888179750939832,0.6839052399002863,0.8858090569763455,0.8023421819415866,0.6945769649232121,4.270321498951223
7.850999882815579,8.272065240663597,8.35172689925966,24.474792022738836,0.06434447288144025,43.0,1833.8174771210474,20127.193486327727,1.120294379648114,0.7062173153097449,0.8309784462579075,0.02231923115244816,0.9150680360076563,0.951482860792247,0.9630830011583376,0.5040949133355972,2.698198459623474
6.058533093656236,17.33498770400631,15.969461438220748,39.362982235883294,0.03217543618377399,52.0,916.9999312375588,16153.902676398206,0.9779092103427968,0.5668036026806388,0.03619968767543713,0.7060479510389676,0.7163524901111865,0.8812574714647345,0.4926671468886963,0.33778983543172636,6.773632664142749
7.2730641919567205,2.9416025307092286,3.6957457213450633,13.910412444011012,0.05613264424378621,50.0,1599.780360947907,18868.17915568019,1.0527047557057507,0.6620413738835155,0.5404149668287461,0.8587342715155037,0.7273905501854032,0.2099958161972964,0.4732032317548381,0.8529179172435435,0.8972176800548288
3.239436854267856,15.825405380681692,5.866465361424044,24.931307596373593,0.010828716324890181,68.0,308.6184152593702,8827.136835135068,0.893609102594121,0.30972409947842344,0.9784386891734509,0.4537812343456108,0.883172376092445,0.7477639481069986,0.6470699928117579,2.29414996149921,1.6926527399453857
7.641749144232013,3.092202816427338,3.821726230458273,14.555678191117623,0.06382123965966736,49.0,1818.90533030052,19639.694795615935,1.0685664561371202,0.6891120980917872,0.20291134351117135,0.9095623770231385,0.8724089069960712,0.632256495353795,0.5722368294620122,0.15789607308553233,0.6490779276612795
0.19844782478409612,28.866697944439537,11.844659177731288,40.90980494695492,0.0006315789473684211,0.0,18.0,541.0835162659705,0.7505983216988709,0.01898538653564809,0.4725629717955172,0.7183059735713927,0.8086342848659069,0.965840374572831,0.6102947150685712,3.090610288417931,4.722752881776897
4.718982345724845,5.002939468813565,4.7711143235108535,14.493036138049263,0.02120025057159446,62.0,604.2071412904421,12725.635656248425,0.9234371385037786,0.44651353179819037,0.6232687900580196,0.8200188355463155,0.566692062163509,0.5819682272031198,0.9808733267043885,1.0334380779131924,1.496206589865794
4.581346741696902,5.672864128544453,5.0407820332750095,15.294992903516365,0.019796216265405567,63.0,564.1921635640587,12372.506176842406,0.9323732906970813,0.43412302374885636,0.9625484504130977,0.7033412659198197,0.7309658800231807,0.09528214637638055,0.9388748156026079,0.622068879554841,1.6633176295559053
6.674276966711959,17.20927929006705,3.0360904767001706,26.91964673347918,0.05035856215563094,54.0,1435.2190214354819,17416.424680893415,0.9948380769493427,0.6111026203822251,0.9550850180771909,0.5104360915517236,0.8774896596757885,0.2652899043490019,0.8149982747721164,2.6086523003867566,0.4264279456904667
6.535762050015321,3.124823131281397,4.376939415112141,14.037524596408858,0.043251842174153,54.0,1232.6775019633606,17207.329420881684,1.106495899103525,0.6037659445923398,0.7316594021498463,0.8193211575740239,0.8194290040326048,0.5053454863343884,0.33731187664376944,0.6050783004387952,1.0397619333223247
0.7946600031107416,22.431730390259126,11.271622629709919,34.498013023079785,0.0014236204488793144,66.0,40.57318279306046,2184.39333890681,0.8380380394355439,0.07664538031251966,0.8944534020181291,0.8962964503214064,0.17978269328511476,0.4813677076517463,0.8218444443831716,2.1539743152209203,5.248588769115719
0.09384609267828449,25.916013974891566,10.744197359539442,36.75405742710929,0.0006315789473684211,0.0,18.0,251.77092944313156,0.7414267472676367,0.008834067699759002,0.4289174313251519,0.8670774036239906,0.940967545720352,0.891597735839455,0.5016197773051828,2.939427574530136,4.071534455171763
1.6704477141685612,9.66973071684494,8.63368148855968,19.973859919573183,0.003742125678342693,72.0,106.65058183276675,4587.880151369735,0.8266611547342628,0.16097825092525386,0.9983863288389463,0.7932787377957887,0.8001757526555514,0.2865937649138133,0.8819239735051728,0.16090080068254498,3.3722047088158646
3.7242284346241616,12.621551466785592,3.1737264869302058,19.51950638833996,0.014490249299469826,69.0,412.97210503489003,10107.739508171473,0.8985194434121068,0.3546575266025078,0.6605583083747061,0.9365766803785066,0.5403523455779478,0.09214821202474349,0.8366518088616997,2.150873106191449,0.9472430760079096
10.45328671173758,2.609317406151786,2.3699488549521015,15.432552972841465,0.13177582937997714,38.0,3755.611137329349,23844.099481667134,1.0374041145025779,0.8366350695321801,0.8415714552537963,0.9336667005786983,0.7471782638884746,0.32067668465192123,0.1366947115605201,0.3240535851873432,0.18095634136941374
7.581472337519004,4.354722265627989,5.303606504203082,17.239801107350075,0.05936305522055564,47.0,1691.8470737858358,19591.567490364705,1.0161393042218911,0.6874234207145511,0.3308593841118361,0.7227667138858718,0.5773209064627077,0.7847220208513513,0.8175711917473896,0.6361276986584041,1.5990936806389056
9.371339036500983,2.75351721195878,4.683415667052335,16.808271915512098,0.09585226259974179,38.0,2731.789484092641,22936.368646285486,1.140803472404365,0.8047848647819469,0.7640568738206239,0.9718090033535456,0.013570088888551601,0.7550598865165621,0.12084404087276668,0.6370022811248304,1.8261868072814629
0.8689103576965445,8.26447638579114,8.054947111388165,17.18833385487585,0.0016552865571737615,68.0,47.1756668794522,2387.4910319068804,0.8170084423826796,0.08377161515462739,0.7943362220923108,0.9253959035639452,0.7533130241995276,0.8012641358523173,0.8558459544240814,0.40598805264249593,2.9380996002092434
6.803154190888622,18.389331421960918,15.756476433642696,40.94896204649224,0.04310796972554678,47.0,1228.5771371780831,17904.25398892774,1.0796342468558418,0.6282194382079909,0.8909134974937695,0.23273309540225073,0.7557274789753857,0.6186861004825924,0.6551512245718611,0.5387557931039841,6.708806612016285
2.4303788227457193,12.518464845464663,7.440857357121264,22.389701025331647,0.006463760646249274,71.0,184.2171784181043,6657.297202988741,0.8566706110531648,0.23358937554346462,0.6527568268142838,0.9129012242255353,0.3960857147080329,0.8324866090874286,0.7201655635595674,1.6699632093958598,2.947175309230337
2.3049295402496375,25.056731484113634,6.591442082021354,33.953103106384624,0.006172399152603319,72.0,175.9133758491946,6312.990184919185,0.864321078258355,0.221508427541024,0.16974554765680694,0.6144619251645597,0.7859126454382669,0.7328570149051685,0.3367714916503607,3.5188903655690424,2.17608819655931
11.38141343747327,8.835557251834413,1.7569175058397024,21.973888195147385,0.15401915691757215,36.0,4389.545972150806,24425.74529156461,1.1041519826433883,0.8570436944408635,0.452860487349761,0.8930407885720016,0.6213714108268801,0.35021510184616733,0.4710379916496672,1.7747347449414446,0.015137615351202172
6.140890091860528,16.843074590836103,12.975719212190647,35.95968389488728,0.03461643417540153,50.0,986.5683739989436,16313.61017002604,1.0356355298771756,0.5724073743868786,0.30265087603248697,0.2604452691927174,0.8301061490141428,0.8621971055838366,0.6013557057940192,1.4505563247477669,5.167938949333864
6.863109270390213,11.888115732567677,10.668826566363531,29.42005156932142,0.044968410919144594,47.0,1281.599711195621,18020.316119637162,1.120922394327572,0.6322917936714794,0.9443167870217856,0.35943475000846337,0.6629512137737869,0.8338787233618637,0.2614700194035878,1.2172581552758492,4.174555490408148
9.825833697556693,3.418435534987615,2.7696461785702566,16.013915411114564,0.12021466539188036,41.0,3426.11796366859,22998.8569759088,1.0049459537452143,0.8069774377511859,0.7974059463479939,0.9382203141107155,0.8344254922576498,0.9525226109172888,0.4760893020621608,0.47908837988080766,0.06439885921755906
3.9095834275956465,6.769904865325016,5.117149632173431,15.796637925094094,0.015277563887597897,67.0,435.41057079654007,10603.138162199157,0.9540810141781743,0.37203993551575987,0.869697668210696,0.705033274431055,0.9645123590194896,0.6285762884686406,0.31700003318565984,1.3480268998337896,1.2727636077317106
0.5372722813012039,7.5366005184712765,7.045293884427192,15.119166684199673,0.0009596811009273342,59.0,27.350911376429025,1474.218979936726,0.7908134933094567,0.05172698175216583,0.9646487802445507,0.9893023800564781,0.597845707598855,0.8411412250257126,0.7476233965475463,1.0593813533790675,2.578412111728181
9.925844906555458,2.8858496685256165,4.395336973790872,17.207031548871946,0.11180590835981263,36.0,3186.46838825466,23595.105722243417,1.0050785400785278,0.8278984463945058,0.7438719778032219,0.6852680667972217,0.2761800952275212,0.9066486071175691,0.4262014194367429,0.631191165110641,1.362053204550663
2.8631088949139625,9.884518657894613,10.210149829317958,22.957777382126533,0.008039958901624329,69.0,229.13882869629336,7832.895512849856,0.873858870574308,0.2748384390473633,0.25886120919003475,0.928761913105749,0.7384308057648437,0.6038788653925276,0.53210354143061,0.5356477435679119,4.070802865284776
8.667760450132313,3.405812590186879,4.326534618340369,16.40010765865956,0.08539812708295873,42.0,2433.846621864324,21581.28905147883,1.133901242652037,0.7572382123325906,0.9614842444200488,0.5293913540262875,0.7861028274160592,0.7874068368173863,0.4360613454673561,0.4998999636414463,0.8959163623848116
11.023571825130235,2.7438227620619657,3.0351474372887353,16.802542024480935,0.1384817114378706,33.0,3946.7287759793126,24608.945849489544,1.0058155388605678,0.8634717841926156,0.8212732645377796,0.5878027571183043,0.18431000208985737,0.4644779564802345,0.4572166034209789,1.0799370358128142,0.9542691239266974
0.4091113884813417,23.105240024160594,15.55402971288646,39.0683811255284,0.0006683142046742489,48.0,19.046954833216095,1122.2458536796892,0.8237523186975407,0.03937704749753295,0.8909134974937695,0.7552157733227458,0.7557274789753857,0.7603308848068839,0.6551512245718611,1.5894885752749595,6.708806612016285
11.439790796723234,2.4767132932118083,3.771483807793146,17.68798789772819,0.14650484725698734,32.0,4175.388146824139,24930.80324511355,1.1199065717025034,0.8747650261443352,0.992560549224686,0.44968036567381975,0.4042640798989989,0.7502646966056443,0.3378122920945622,0.2600850101950041,0.9832692087811843
0.5157060721175472,9.57930447762041,9.601596161699556,19.69660671143751,0.0008857258549571786,57.0,25.24318686627959,1415.4939176509226,0.8027282655422681,0.04966645325090956,0.6949906887840027,0.9602260045229679,0.8874989097043663,0.489499410150001,0.4804486493943019,0.6420520520352397,3.707642846192629
13.844937970614797,2.6634716569786185,3.560094143104629,20.068503770698044,0.18899243857863832,27.0,5386.284499491192,25892.33603935145,1.032878653185131,0.9085030189246123,0.16041190728292753,0.07090436369097253,0.7113651280508115,0.4757663662583667,0.540164746797034,0.9310188845251166,0.6886590549290883
1.589842854635739,7.166626211746015,7.863040532276693,16.619509598658446,0.003557689732233082,73.0,101.39415736864284,4366.442422737751,0.8153126149377706,0.15320850606097372,0.1812058748383879,0.9916634325193484,0.7732133485818323,0.6204477125198254,0.6602257503912644,0.8050331512174369,2.882147170844769
7.490039456863363,4.115724116598482,3.689158722560024,15.29492229602187,0.06309394539988555,50.0,1798.1774438967384,19254.95704274389,1.0451327637385979,0.675612527815575,0.9757064901849932,0.7047460418369756,0.833664843301192,0.8795426338756985,0.7363439699055527,0.7236285897785775,0.530750547791695
8.998783959795562,2.758391953847666,2.895693350422879,14.652869264066105,0.09657111976345918,43.0,2752.276913258587,22023.94875937116,1.0693702872996071,0.77277013190776,0.014880050025618874,0.9194371379087939,0.8010568018330759,0.3444265520049228,0.5706991500779476,0.8946931868471841,0.3702198060229236
10.485203521876109,3.965454268646745,4.765492710531447,19.2161505010543,0.12711210449233107,33.0,3622.6949780314358,24021.674252342276,1.0827086918807372,0.8428657632400799,0.8006804243058488,0.11048622811819742,0.6760047873960268,0.6176989065794245,0.5185843696831094,1.0313808301071092,1.2589224040957392
5.617965677569639,34.395920785786224,21.291645574067104,61.305532037422964,0.027235245839430825,53.0,776.2045064237785,15054.443350859136,0.9769464722192391,0.5282260824862854,0.12384039771048427,0.7754823807383165,0.3796234746175452,0.8395364861880187,0.5063495673597487,1.8953019050240527,9.79832946405843
2.115599995821065,21.496709435816353,17.038125458639602,40.65043489027702,0.004926128602619917,71.0,140.39466517466764,5806.826802580526,0.9199854474855731,0.2037483088624746,0.9970531964522668,0.9140522461313966,0.13717786234686447,0.913963962166974,0.7033994639381344,0.8442867052557101,7.97601295557767
9.095145900272653,5.123269643903052,7.05672005288965,21.275135597065358,0.09094855181133342,38.0,2592.0337266230026,22435.462618775746,1.0356909905689986,0.7872092146938858,0.45442093960301444,0.41062790851168307,0.7177661773456955,0.6182111256651116,0.16315211972070787,0.8672578005479645,2.3609031815992654
0.15234971725099666,30.74853854127909,17.384950242436354,48.285838500966435,0.0006315789473684211,0.0,18.0,413.93302106739475,0.7765116020113104,0.014523965651487536,0.41398341745050315,0.8326131663255684,0.7779729471042115,0.6914175930297486,0.9361742614363971,2.1546638392169144,7.633986291028393
1.607589384131358,4.876284441511245,4.2667785321995755,10.750652357842178,0.0040362086394866645,75.0,115.03194622536994,4407.711165090235,0.7786045285407825,0.1546565321084293,0.9775436600593584,0.9665182175968478,0.8680187539746111,0.3214774872356218,0.9691969406666834,0.47977272971366824,1.1115327187174238
4.449199530520985,13.261604436737892,6.489649904128087,24.200453871386962,0.018608614456343802,62.0,530.3455120057984,12026.449679683687,0.9941693855719813,0.4219806905152171,0.6098608175439693,0.6064421232348624,0.8615133187329387,0.6694767105560518,0.046488652420296206,2.0843629703974127,2.027618017372632
7.951077601113571,3.402506042958965,3.247126139185407,14.600709783257944,0.07154899092391762,48.0,2039.1462413316522,20220.056804304226,1.1012688652477223,0.709475677344008,0.6419805872598701,0.9075039236350466,0.7384192918070834,0.6178884435836556,0.6418434360424641,0.43100020064823674,0.503685150584702
16.893896443307263,3.091166651237578,2.838565711511333,22.823628806056174,0.22899253548465767,26.0,6526.287261312744,26188.53711453527,1.0963699722364788,0.9188960391065006,0.5512038304762481,0.07794226228138745,0.9555618904688526,0.8316415262099159,0.3144195199118123,0.5056954163295733,0.021407649923053107
0.8051649085718203,7.443362356233536,8.282272302466039,16.530799567271394,0.0015064254291252783,67.0,42.93312473007043,2212.1780945361475,0.8198258033106289,0.07762028401881219,0.8582732338431032,0.9676985979824018,0.9468922911337576,0.3707829387595982,0.10791794730905191,0.567200532065979,3.031404176364791
7.035926849783403,3.5059249750311996,4.0369634959382585,14.57881532075286,0.05013432650596767,51.0,1428.8283054200786,18394.357507557263,1.0135183023842407,0.6454160528967461,0.8513137160801544,0.9006843630088608,0.5059592109276798,0.4638637890723144,0.6333063182496483,0.16864478654927417,1.1863046295486317
7.577025492572095,3.3997233616889604,4.588945418472321,15.565694272733376,0.060015859811968775,48.0,1710.45200464111,19561.391284267465,1.0841631974126134,0.6863646064655251,0.5962081206316279,0.791555042066387,0.6700872171397668,0.5864881262942143,0.49391269586245545,0.47239149620100207,1.2349965388625743
3.4881704499082753,10.81882890076247,10.049771973152286,24.356771323823033,0.011269476408147367,66.0,321.1800776322,9506.241185697121,0.9793311381164711,0.33355232230516213,0.8828917859215095,0.5191407841611407,0.8902940241130728,0.5800453466989537,0.842603605432906,0.5437555499448863,3.8336050491469487
0.4201133254958107,13.412090422749708,12.71599640672933,26.54820015497485,0.0006948120851748188,50.0,19.802144427482336,1152.5732927350466,0.7764774953730882,0.04044116816614199,0.8752344402658879,0.9673596214977099,0.9650191691698387,0.49225636724854127,0.23889504461126865,0.13119772346246128,5.187680414684285
8.08536434388748,2.975027314838086,3.145413046105724,14.20580470483129,0.07255235483642904,47.0,2067.7421128382275,20537.463908918387,1.1253350360166285,0.7206127687339785,0.2730461771522924,0.9999472574545336,0.62547045119307,0.3487630996302089,0.7255201176498269,0.3927617600115956,0.662401414242785
7.197141766300898,14.629126603498579,7.4695461488957005,29.295814518695174,0.05102955921874182,46.0,1454.3424377341419,18765.34096284036,1.133596005344908,0.6584330162400126,0.8994372585238187,0.4968748265061286,0.09760371144850288,0.7244094376088595,0.7739120450404693,1.8942210400240567,3.179035065145499
7.671424824930714,5.283688123205299,4.465765357972959,17.42087830610897,0.06465404295472807,46.0,1842.64022420975,19671.169925167538,1.0480208088063339,0.6902164886023697,0.9988237822665057,0.3293123953655759,0.8529441955497918,0.4457081069706664,0.8597729960259071,1.0953367246995813,1.0482516689177053
0.46879296970066153,13.496156637714511,11.594218055082935,25.55916766249811,0.0007833063853067013,54.0,22.324231981240985,1286.4969545595025,0.8197634496049492,0.04514024401963167,0.9189611574060509,0.8981425038625366,0.5781715158987828,0.9138335116605014,0.8161097046488864,1.0778154217845874,4.844171938016525
1.6115506312605956,13.380729107532826,10.76265490165726,25.75493464045068,0.0034936245819774843,72.0,99.5683005863583,4427.832213386459,0.8407208898359823,0.15536253380303366,0.3754843749260325,0.9524628091185717,0.4672668078382785,0.6990848546100089,0.8971244971795679,1.2208471954234532,4.605030157696628
0.5779419272154313,12.218971112111896,11.975389504969492,24.77230254429682,0.0009849204069065148,60.0,28.070231596835672,1587.5463415925394,0.7873033636958577,0.05570338040675577,0.48596909691395695,0.9440731964348955,0.99531731587321,0.38746797046302117,0.3128022967405681,0.23266685595189296,4.826338195621567
8.967086392052437,3.303083233784439,2.987626981219246,15.257796607056122,0.09833333233918772,44.0,2802.49997166685,21883.37894245142,1.0066764566804034,0.7678378576298744,0.7526430371809921,0.8302267027040342,0.94389862864298,0.5212612805140309,0.33132146965874343,0.676852298939215,0.21923942865797752
9.100476364227255,11.554123605198793,10.402285269740172,31.05688523916622,0.08706512559623132,38.0,2481.3560794925925,22572.929113866565,1.1439942015207725,0.7920326004865461,0.3925350068974207,0.6205070292330077,0.2129797241529658,0.04240870021263188,0.909512226310444,0.2544539070500971,4.7537648290839085
8.085092986763293,8.173985975640868,4.2972017575839985,20.55628071998816,0.071991544018926,44.0,2051.7590045393913,20536.39460201844,0.9970660164641955,0.7205752491936295,0.8135483039701377,0.46061305910634154,0.6490537738650364,0.2946115694790317,0.545737248053641,1.5666817936717807,1.2163600555477334
1.3764718635495512,6.589131579101603,5.812188530417044,13.777791973068199,0.003073961404830062,73.0,87.60790003765676,3779.2638722820748,0.8176341363595576,0.1326057499046342,0.998101310965567,0.8501767587613389,0.897563806405983,0.1576047465747995,0.9332288544617742,0.3985100519993017,1.922199845452619
1.0364325113514814,18.18348160930644,15.166838442903888,34.386752563561814,0.001936544952205815,69.0,55.191531137865724,2850.1568736331797,0.8512466257612569,0.1000055043380063,0.9775436600593584,0.7307604713212615,0.8054522690849091,0.6103827563743656,0.7625592251228497,0.47977272971366824,6.514481931676469
13.031063992707345,4.290786940286825,3.762924108162527,21.084775041156696,0.17255999311762843,27.0,4917.95980385241,25825.83177248181,1.1335370615854499,0.9061695358765548,0.6179536887798869,0.28585728288301104,0.20928710570181008,0.10053436039694846,0.47578788969219055,1.182622396886848,1.412350400185423
7.340341733885736,4.551933802027801,4.357215142268834,16.249490678182372,0.057496691194377864,50.0,1638.6556990397692,19004.125608311417,1.0927985856009925,0.6668114248530321,0.9883876572656548,0.5957326378148747,0.8967801512554374,0.6452465957370648,0.8849929211256355,0.06209525735182986,0.8830686998768069
5.466569414514392,3.8667379313414143,4.81046053676027,14.143767882616078,0.02865808828257311,60.0,816.7555160533336,14628.221257914785,1.0145811911181895,0.5132709213303434,0.687676918190629,0.8701117577761868,0.8785551745007203,0.5224682227291106,0.49517053419584556,0.08591718743877097,1.2135251484282614
4.624747201640319,4.2733407425690455,5.451953566172538,14.350041510381903,0.020347243721503733,63.0,579.8964460628564,12482.261233569167,0.9300792088462215,0.43797407837084795,0.4616149709292694,0.7901476623975521,0.8615506474252985,0.6395456764123693,0.5100217929712108,0.9431906152426945,1.5207323370793713
9.323489441011906,8.687289694855249,9.172748581985728,27.183527717852883,0.09607133473276076,36.0,2738.033039883682,22753.247521472087,1.1270892543370052,0.7983595621569154,0.3943376458849289,0.00315812429952822,0.7938793129402121,0.7669281647096221,0.8242598637774255,0.5176651421500642,3.2705638401562642
6.610132547525,4.319752012144096,4.231910537597394,15.161795097266488,0.04403977142009902,53.0,1255.1334854728223,17384.226711324376,1.1154361926699772,0.6099728670640132,0.9616873498224883,0.7002627723606492,0.5804244942519161,0.49689251873621304,0.8925238291681257,0.5835115334436263,1.2040031436106116
11.932481822769036,1.9183548404456616,2.7107058491212705,16.56154251233597,0.16221271562303055,34.0,4623.062395256371,24983.338241194633,1.1025194765506832,0.8766083593401626,0.003940931033447004,0.8818592121106842,0.8745062425773299,0.5593875363094425,0.08270071212877739,0.26211991942378354,0.13015937731742966
0.14221927945814566,27.437098848837188,21.609467039951916,49.18878516824725,0.0006315789473684211,0.0,18.0,386.0905569131196,0.7432924805174256,0.013547037084670864,0.12498004006499774,0.9511892456190515,0.9791133055257466,0.881618660110306,0.62141523288227,0.8856138264423636,9.469180201610508
0.39152208109478626,13.269370897793632,12.087076099050805,25.747969077939224,0.0006510513587854089,46.0,18.55496372538415,1073.6231215935195,0.7832175723368162,0.03767098672257963,0.9644050391206705,0.8437649277466992,0.996972535490676,0.10503289349817524,0.3602067623590577,0.7711003787434105,4.996645049072829
4.876947066274369,4.217130432850588,4.161825654075374,13.25590315320033,0.023093319543543597,62.0,658.1596069909925,13121.440994540679,1.0175496532360695,0.4604014384049361,0.5404149668287461,0.8587342715155037,0.7273905501854032,0.2099958161972964,0.9302857853155366,0.8529179172435435,1.1790779518677241
2.2719814754217165,19.22692950904999,3.7152860064516857,25.21419699092339,0.006867645528289932,75.0,195.72789755626306,6210.508364465254,0.7859552707021115,0.2179125741917633,0.34797352680415405,0.801156574819147,0.9464387687767447,0.23436501529845083,0.5014274388129956,2.9979029458832946,0.7831213484470156
7.056937861913917,11.285611344893109,9.771915524736881,28.114464731543904,0.047018265246275094,47.0,1340.0205595188402,18502.87222273537,1.0375102382995423,0.6492235867626445,0.5541743855557348,0.7858094003060662,0.09126247133480792,0.124021487133199,0.818138871087333,1.0598342928974702,4.5771719924707925
0.5196317749894849,25.79434908597039,19.575007527910607,45.88898838887048,0.0008466336938813818,56.0,24.12906027561938,1427.1979396621982,0.8445843687191663,0.050077120689901694,0.7997591706374266,0.8101416455313178,0.7793284723607556,0.5054580854556692,0.8837549474658125,0.5372014482436402,8.795623921537516
0.6373626121801822,25.248995136260277,20.330049434068204,46.21640718250866,0.0010658423890385264,62.0,30.376508087598,1751.834553041496,0.8357962509834558,0.061467879054087585,0.11088493665607924,0.8757285700627866,0.8344316079911888,0.9974794472236621,0.546029608811827,1.0334380779131924,8.919174965017955
0.18874906352346324,26.100417018860927,19.665160807326938,45.954326889711325,0.0006315789473684211,0.0,18.0,514.6059713145935,0.7591837074350842,0.01805634987068749,0.4269684534188126,0.9977808061381304,0.8593484444618787,0.0963006447157389,0.9028709280196301,0.5653743779252427,8.9301449577183
3.6011297701454597,6.137938580085099,5.614118960980009,15.353187311210569,0.01274910785477761,67.0,363.3495738611619,9794.677491830034,0.9574726831522067,0.3436728944501766,0.9406598882908268,0.6884242655190153,0.8774896596757885,0.2424458652154825,0.5914815734106376,1.0834982466830143,1.766313320797099
5.206873100972774,19.239901566134314,3.52433175526822,27.97110642237531,0.02658998039772758,61.0,757.814441335236,13963.834684220372,0.9337413170829969,0.4899591117270306,0.7316594021498463,0.9656603586446033,0.3661807610806491,0.6523383463323289,0.040749093500493494,3.2018375608804224,1.0397619333223247
10.433292754167557,3.4851070082488675,4.377109321235428,18.29550908365185,0.1263139149748189,35.0,3599.946576782338,23952.96427230121,1.1608860651281483,0.8404548867474109,0.7491095677697037,0.29176520070467316,0.7272917351600022,0.8881484768907846,0.6407069850795798,0.416635766645868,0.9172413541125914
9.940333208473863,4.569052387790291,5.4685921401194975,19.97797773638365,0.10873408933764307,35.0,3098.9215461228277,23749.7285642094,1.0129388107609851,0.8333238092705052,0.3496245897850264,0.8670774036239906,0.025299004493926858,0.23773545906221621,0.5870436013321177,0.672344361463197,2.399448489445959
0.04284693439948631,47.57614715483848,13.563020134068553,61.18201422330652,0.0006315789473684211,0.0,18.0,109.49582429854516,0.8552383886092649,0.003841958747317374,0.9983863288389463,0.7932787377957887,0.8001757526555514,0.39183024475947037,0.8819239735051728,4.905529879796722,5.82205192788917
0.8244575426528915,13.558731348022956,5.596816073228541,19.98000496390439,0.0016766255421821964,69.0,47.783827952192595,2262.8216681805698,0.7804278069655535,0.07939725151510771,0.55785581927123,0.88748880753148,0.8805560805069887,0.8494940817953514,0.4363115782213298,2.150873106191449,1.5641636496996285
6.429256485003137,10.726084769998307,3.684772698622564,20.84011395362401,0.041183110342669194,53.0,1173.718644766072,16967.376224088915,1.069787152595546,0.5953465341785584,0.788063890005968,0.9336667005786983,0.3978605875527269,0.13021428437570282,0.1366947115605201,2.0419187915007706,1.2633132806904426
0.778498831610561,13.812934806232594,8.356005679277208,22.947439317120363,0.001439964853094302,67.0,41.038998313187605,2138.8498827989415,0.8341473386084506,0.07504736430873479,0.3308593841118361,0.9857600155793506,0.5773209064627077,0.7847220208513513,0.8175711917473896,1.7038262189042892,3.2726042364553782
18.252574842301684,3.4797233705300776,4.365081336957559,26.09737954978932,0.22705586401514002,22.0,6471.09212443149,27054.29951438873,1.1286943660427111,0.9492736671715344,0.20488276602347477,0.23081037439446594,0.013570088888551601,0.2659512350399596,0.7635341740569899,0.09680960680409667,1.8261868072814629
8.921972881016979,3.8831799471275223,4.725482660460176,17.530635488604677,0.08570469386469655,40.0,2442.5837751438517,22227.9664894655,1.042122250867557,0.7799286487531755,0.437259781112186,0.9253959035639452,0.16367111922203437,0.3320723953042738,0.6471782337137926,0.40598805264249593,1.8739236065661609
4.063229649178575,20.593540259912057,6.3520367302743095,31.00880663936494,0.015610334689651388,63.0,444.89453865506454,11018.214294113068,0.9455849876431381,0.3866040103197568,0.8608592586233992,0.40600087489112846,0.6524255589176231,0.3824424217851846,0.7155095105785466,2.781042990104607,2.290910920496832
2.0898135863319953,16.33502927918091,14.71254320763458,33.13738607314749,0.0048982553163985304,71.0,139.6002765173581,5735.781858682657,0.8932709628300958,0.20125550381342655,0.14275069063923185,0.7384368329029791,0.9026987165590756,0.8324866090874286,0.8211199427186661,0.15147023048087593,6.0813266226768645
15.599781885384955,5.987064919658101,5.659732043351608,27.246578848394662,0.2017607603394247,24.0,5750.181669673604,26672.887243030847,1.1034737572303686,0.9358907804572227,0.3416573120733944,0.21341669445302824,0.10009335865940738,0.6790515562879931,0.30310280269433554,1.282006769474492,2.2173798763709893
1.6619961683902693,38.235035090798796,15.76272233424794,55.659753593437,0.0035528763866225525,71.0,101.25697701874275,4567.015841924603,0.8789763500099101,0.1602461698920913,0.7935776200961938,0.7127254243715928,0.11769256092193647,0.5331915195804299,0.6657015368766365,3.323279230424398,7.519211673596979
5.829278323916159,3.8507822756931156,3.925861083154773,13.605921682764048,0.034548113089771015,59.0,984.621223058474,15497.811564425587,0.9893343254939605,0.5437828619096697,0.5667150975858113,0.8626973179712957,0.8796456800688051,0.48746683883036535,0.7623879089848471,0.5148074908062392,0.7841935224569498
13.430863124436872,2.964942062787181,2.3687592296749767,18.764564416899027,0.18704074905853196,31.0,5330.661348168161,25661.905398756393,1.0655301837999414,0.900417733289698,0.22775830023064736,0.736971994496366,0.6572313368356345,0.7312840070700606,0.7113605444426323,0.16700207853501237,0.10873424314147861
8.468120634032518,2.874666259624526,2.712188633732078,14.054975527389121,0.08416492879128756,46.0,2398.7004705516956,21144.826520455066,1.082648664650439,0.7419237375598269,0.5238371558398356,0.9750013179695026,0.6993252498301842,0.3734129870713758,0.4760893020621608,0.9302292632566247,0.3748726875267083
9.270106331843419,6.720306332957797,3.5551470325228216,19.545559697324038,0.10293461293884779,39.0,2933.6364687571618,22394.774819076523,1.0512195689417652,0.7857815725991762,0.869697668210696,0.3466861091019595,0.7669849075077048,0.6285762884686406,0.7662118255306872,1.3480268998337896,0.599348973886312
3.0677798371057405,5.992702466040295,5.985085748643454,15.045568051789488,0.009451209279546138,70.0,269.3594644670649,8375.95224775241,0.9579563465490948,0.29389306132464593,0.5481318501964497,0.9602966188408499,0.7612203023903744,0.21890804406919573,0.8135879945271807,0.06707424909192072,2.0882613704803763
4.087039666119829,3.606690258384153,4.201591037126774,11.895320961630755,0.016503362203690447,67.0,470.34582280517776,11073.113550141534,0.9686235172890352,0.3885303000049661,0.8018201345386423,0.9657859299912879,0.8716986689923443,0.06040757679563247,0.3966938070993231,0.5363500758954935,1.1331560590282908
10.173941577283246,3.675199055528167,4.619908406444774,18.469049039256188,0.1211254309693556,35.0,3452.0747826266347,23663.89604897808,1.1088678170580606,0.8303121420694063,0.18910722334413121,0.19543595876354314,0.9312560823032116,0.5431592573762348,0.8117898337888065,0.28812878773229134,0.9731597118521425
8.349121587908439,3.9201193311147082,3.9345367087586607,16.203777627781808,0.07851396493680789,44.0,2237.6480006990246,21001.26102048354,1.1213477456360104,0.7368863515959136,0.8186439186856136,0.5293913540262875,0.7200972630311171,0.4754411585097663,0.8306404431834302,0.7027146240921212,0.8959163623848116
8.026960274011424,25.616941705854632,18.168365365018072,51.812267344884134,0.06428495313606278,41.0,1832.1211643777892,20586.453024936054,1.053243024179639,0.7223316850854756,0.4479724960696646,0.4260782820553505,0.2865891012923243,0.4644779564802345,0.833805834752138,1.326803424162974,8.41084488024411
8.989451675819453,3.3395873149818427,4.361630664654994,16.69066965545629,0.09108715814666507,41.0,2595.9840071799545,22184.20850875386,1.0912316489692617,0.7783932810089075,0.41495670262089157,0.6213367272862155,0.7261684786609119,0.48925796368371843,0.6540741257092842,0.32274001829762744,1.0817386415342858
11.694579632873063,3.096751533314979,5.379309733712099,20.170640899900143,0.15080504292689204,30.0,4297.943723416423,25071.023819416365,1.0939319511207435,0.8796850462953111,0.6899400296120728,0.11647645406562168,0.639033918759547,0.9924876096441453,0.11523598634517751,0.9114448149966081,1.4394787673970857
4.545105010971012,5.289409526148406,5.70951440612603,15.544028943245447,0.01920904514378864,63.0,547.4577865979763,12282.165724109682,0.9975297989922157,0.4309531833020941,0.7228684600575908,0.79344334770418,0.8347949958784661,0.26562729530201873,0.5889287034273607,0.4401402629721525,1.8254762793510206
10.742630850104177,5.574773195072276,4.037315497156551,20.354719542333005,0.1297634552686977,33.0,3698.2584751578843,24487.621765614032,1.0282831624785638,0.8592147987934748,0.02551520436109933,0.7350212505305841,0.18026565837591302,0.23436501529845083,0.7122726629039502,1.3331380113131703,1.5352158296097986
0.9899573912571692,5.80550372554541,5.116651287940182,11.91211240474276,0.002073384640014088,71.0,59.091462240401505,2717.997446641973,0.7832895668595212,0.09536833146112186,0.861236385585353,0.9636034011382877,0.9092639194622396,0.005897635925030231,0.9128610184476774,0.4238074912989247,1.630154027172054
3.5256253175572088,5.740527683810217,5.788715240891295,15.05486824225872,0.012385657906368176,68.0,352.991250331493,9593.73220002582,0.9049944294033578,0.3366221824570463,0.9757064901849932,0.6456285100074164,0.962909735090754,0.6196817316691712,0.7803635877237778,0.7236285897785775,1.6199221032906639
7.531431589101092,5.3845856699235926,5.983444710654707,18.899461969679393,0.05938563367900353,45.0,1692.4905598516004,19437.48872160811,1.089552776315572,0.6820171481266004,0.014880050025618874,0.3364812642965028,0.9637031237276391,0.2424458652154825,0.5914815734106376,1.0834982466830143,1.766313320797099
9.511406506878885,3.9169394729232185,4.915592264027664,18.34393824382977,0.10612410430746085,37.0,3024.536972762634,22827.003933960255,1.0618015995522494,0.8009475064547458,0.9164398779738245,0.11048622811819742,0.9756750174758344,0.7350314105497131,0.5185843696831094,0.5503626599727895,1.0059886171389913
0.3137251123013129,37.99990155039651,22.009153030459277,60.3227796931571,0.0006315789473684211,0.0,18.0,859.556235786629,0.7800903430025118,0.030159867922337862,0.16125528415870982,0.8719028000670341,0.8636820394218702,0.8395364861880187,0.006803287569701055,2.344994568540741,9.79832946405843
2.361428421220934,10.558515789866041,10.239802407656851,23.159746618743824,0.005989663637585146,71.0,170.70541367117667,6473.510757694155,0.8773132235816923,0.2271407283401458,0.27541324295438785,0.8826197741144082,0.7829616662031748,0.4909371361602295,0.782282499922307,0.3061382353819533,4.096798927471052
8.12535619730391,3.767362245971797,3.1161189815278783,15.008837424803586,0.07793547861820489,47.0,2221.1611406188395,20475.026638289342,1.0107832538663912,0.718421987308398,0.7267446100850079,0.826838617460731,0.8005407543783304,0.7520813614297117,0.7197680635650643,0.8672578005479645,0.33265060038784355
0.2027465646306004,8.222129073164457,8.206775419000174,16.63165105679523,0.0006315789473684211,0.0,18.0,552.5818361619506,0.7395904514636095,0.01938883635655967,0.9571135892696773,0.9979942228903685,0.9248816194549485,0.6914175930297486,0.630203545009286,0.7767221050725184,2.8974136495989367
2.99205959095535,5.431505333440613,5.480506628630557,13.904071553026519,0.009482839216758585,71.0,270.26091767761966,8166.182170068775,0.8729073536966102,0.2865327077217114,0.9659560357533433,0.7552655304203872,0.8486077678614282,0.727600953486896,0.8205784008180674,0.7739237577781095,1.5485434825516449
10.839982624572746,2.1619776909652564,2.7853390452821465,15.78729936082015,0.13800169875308196,36.0,3933.048414462836,24346.147168329677,0.9979499042334261,0.854250777836129,0.6348681578453353,0.8679427875759205,0.7170661141396643,0.4248497033512314,0.046488652420296206,0.1920831511642378,0.35367607665409384
6.778776452652217,6.857060318290219,7.5723543471991555,21.208191118141592,0.044114101328615075,50.0,1257.2518878655296,17823.979360885143,1.1377043021677238,0.6254027845924611,0.8925172579183515,0.5415549110072938,0.6436042323559739,0.9912181066942203,0.6187945607806581,0.43100020064823674,2.5929916217077476
5.889126009291406,19.54499457186338,16.28054705180715,41.714667632961934,0.0309800491180023,52.0,882.9313998630656,15707.008229579118,1.0630872787447012,0.5511230957747059,0.8679176146891754,0.1433422221033015,0.9538498899501457,0.26075191084454297,0.6768191486365245,0.6444854088907195,6.942314411653305
1.4994596677408258,16.857867202062447,13.989408324888215,32.34673519469149,0.0031178909906737764,71.0,88.85989323420263,4121.107514148236,0.8939245357794942,0.14460026365432407,0.9820849797241823,0.714654876910143,0.6948326132680296,0.3831062246562803,0.814153104214858,0.7096175277282681,6.118799815915445
8.070471907105242,17.465333167623957,16.26077725766473,41.796582332393925,0.06344790668434962,42.0,1808.265340503964,20749.31289885354,0.999602935784222,0.72804606662644,0.23045932159259874,0.8397861974741619,0.5059592109276798,0.6468265672538533,0.04204745815219535,0.3323616503167761,7.167516973200185
14.565876781326974,0.7170977296022348,2.85288960198191,18.13586411291112,0.19484375032871967,26.0,5553.04688436851,26430.05259131204,1.070838963810029,0.927370266361826,0.25640420247347284,0.7490772136376072,0.22429115744804995,0.09361305322974733,0.006055606116331047,0.8057361723954173,0.958177253300426
7.876075341012709,13.774519150024803,12.552220466239014,34.20281495727653,0.06207884038250218,42.0,1769.2469509013122,20250.108670718677,1.1546165575415825,0.7105301287971466,0.8828917859215095,0.24907632011634817,0.660878775106894,0.3442937980377089,0.5828926551655671,0.5318839232924046,5.284286647767319
8.415943901702633,6.728042722281392,7.177840324642594,22.32182694862662,0.07284649296130091,42.0,2076.125049397076,21368.46008415884,1.0315023930508032,0.7497705292687312,0.6361346368082812,0.771063945278526,0.39309141266874204,0.06660988986310634,0.48207977945830105,0.07885469558865443,2.9756276249802562
11.708023272694108,2.543376041964353,3.22101464876688,17.47241396342534,0.15338670756032147,32.0,4371.521165469162,25041.006581427613,1.141691686899376,0.8786318098746531,0.2730461771522924,0.593654522119076,0.62547045119307,0.3487630996302089,0.5096944812129605,0.3927617600115956,0.662401414242785
5.8670182618712765,17.26254407103113,10.603335956139178,33.732898289041586,0.03195241417676546,52.0,910.6438040378156,15624.23767411648,1.0937583855059132,0.548218865758473,0.8170473004522645,0.019413780399442082,0.8688619668837173,0.44946628108977926,0.9423749200308337,1.7021278387951724,4.117164436869878
6.9526089939018485,3.516102635659256,3.4247176476452657,13.89342927720637,0.052147654349356184,54.0,1486.2081489566513,18131.9673839845,0.9766556907763848,0.6362093818941931,0.9890801882739335,0.90678528418276,0.9700248116849602,0.20085400787312213,0.293486412007701,0.123834315206242,0.5442002870976896
4.448944872824443,4.384000523699313,3.442625150723548,12.275570547247302,0.019653165449581147,65.0,560.1152153130627,12014.744115557523,0.904402198774224,0.42156996896693066,0.9659174736506433,0.9124654181083803,0.5781715158987828,0.08931002985814229,0.7905138926938924,1.0778154217845874,1.0290522276966025
1.9015358059646341,4.334382347585022,5.590343920480246,11.826262074029902,0.004865539111587299,75.0,138.667864680238,5212.365052417122,0.8571688909108515,0.18289000183919726,0.6829881229641498,0.9527501997645041,0.9940686871124756,0.6990848546100089,0.32957944825617,0.46911748235275086,1.4900419226443424
8.466219145970808,15.42691060575541,14.027251493540982,37.9203812452672,0.07457768453836468,39.0,2125.464009343393,21393.154469497767,1.1109244513219612,0.7506369989297462,0.11931516414477128,0.15800158863701075,0.7787952912856304,0.2528903701507464,0.7369349838494892,0.7739789729191378,5.92519175466111
0.4929819045509604,10.62491172452205,9.718010598196468,20.83590422726948,0.0008431493316832015,56.0,24.029755952971243,1352.854618904868,0.8012663919710074,0.04746858311946905,0.7526430371809921,0.8773505903279107,0.94389862864298,0.5212612805140309,0.9313852895972821,0.10815018077850702,3.6971259940431143
1.3289677667494675,5.388695377285807,5.826345098300616,12.544008242335892,0.002963324405488289,73.0,84.45474555641624,3648.457081678887,0.832445901841329,0.12801603795364516,0.3925350068974207,0.9467565645990855,0.8868620951452935,0.4747163578906174,0.6888563527225336,1.018795793933739,1.8140450910761508
12.31783149584372,3.581207574062724,4.386594596488614,20.285633666395057,0.16297069192139252,29.0,4644.664719759687,25412.749775901342,1.0748474281658107,0.8916754307333804,0.8135483039701377,0.07806625528967848,0.6490537738650364,0.2946115694790317,0.5160752219516926,0.11066800801557086,1.2163600555477334
5.7497019603910156,17.094410601201513,5.416421122375781,28.26053368396831,0.03186391712693791,54.0,908.1216381177304,15319.085365915409,1.0380178525029953,0.5375117672251021,0.998101310965567,0.32731373603168135,0.6014749223998958,0.1576047465747995,0.7749559672206419,2.4267503205742935,1.922199845452619
6.931962156776645,5.294945837444413,5.7721285836661895,17.999036577887246,0.0482399973410676,49.0,1374.8399242204266,18144.260793077316,1.047007283110172,0.6366407295816602,0.7823476614507094,0.48100458244838173,0.8434418969657163,0.3214774872356218,0.6189980311313062,0.6743933149437777,1.7646264774025755
9.33137387205098,3.000672872777966,2.9620634565623662,15.294110201391312,0.09904989182247462,39.0,2822.9219169405264,22715.173633754745,1.1317906875496628,0.7970236362720963,0.6179536887798869,0.7573264712106715,0.20928710570181008,0.10053436039694846,0.9318070315923374,0.6800496568525212,1.0501397549535518
0.04375442614772841,37.71168537966771,7.525140769114704,45.28058057493015,0.0006315789473684211,0.0,18.0,111.78666487230471,0.8117841249784601,0.003922339118326481,0.9982424077605326,0.8905372502722101,0.8967801512554374,0.6452465957370648,0.8849929211256355,4.710205037820279,2.6052817822674186
7.896803060051882,5.498830578433025,6.426000588450461,19.821634226935366,0.06452231495502479,44.0,1838.8859762182065,20255.741156443077,1.141206998208384,0.7107277598751957,0.601708230260423,0.4915656355917494,0.8297497767035895,0.5224682227291106,0.5698301312291696,0.08591718743877097,1.9990738393316931
0.6536784516183224,27.429571761659005,3.5048997073640096,31.58814992064134,0.0014517238490585544,68.0,41.3741296981688,1789.5697964147182,0.7130922495040302,0.06279192268121818,0.9779478244878665,0.6883281606229753,0.9113874683766923,0.4664679458730595,0.9203373142708319,3.848521796484511,0.644702809865275
8.02052616491996,4.704435493043115,5.7291257797153845,18.45408743767846,0.06733565165216038,44.0,1919.0660720865708,20508.0910503683,1.0882824183031545,0.7195821421181859,0.13881005236448785,0.6382637474390506,0.7938793129402121,0.2654857178393577,0.6677496788921373,0.20686871119774253,1.789980285901327
1.4680191838466154,15.710460704198281,5.997625209800372,23.17610509784527,0.003354024771943223,73.0,95.58970600038185,4029.5559723679044,0.8321561405553465,0.1413879288550142,0.32654046192851927,0.7818193494765435,0.903582129115459,0.2651876609886927,0.40889045014783676,2.34221226596656,1.9641584063760638
8.66376001883813,3.120095232080912,3.215226642867965,14.999081893787006,0.08871011929915566,45.0,2528.2384000259362,21485.06260812394,1.0790232312223045,0.7538618458990856,0.7805063809111802,0.8818592121106842,0.9051482148142884,0.5593875363094425,0.2646462107705774,0.26211991942378354,0.34625861882233355
6.424405959281638,6.674554985232831,6.577194213372287,19.676155157886758,0.03960501238718469,52.0,1128.7428530347636,16980.44167719191,1.0733997196242713,0.5958049711295407,0.6893060416775879,0.49314278356899177,0.7891234748647259,0.46821952281757784,0.9630830011583376,0.3955554783050874,2.171766194970747
7.717354977608975,19.210544870745572,3.907109822994001,30.83500967134855,0.06874125300645981,46.0,1959.1257106841044,19672.46791769074,1.0171383238463783,0.6902620321996751,0.9705643592355852,0.05653292863961101,0.9204350171053132,0.6217242853877105,0.8774528241865347,2.8305256036157864,0.6447749466080381
3.757238068743148,4.622919116431274,4.357436968448982,12.737594153623405,0.01435389859122709,69.0,409.08610984997205,10202.29079059065,0.8952919575766121,0.3579751154593211,0.9864807983621396,0.8587342715155037,0.9295601367321504,0.32652885952835603,0.8338407710232709,0.22446369319809634,1.054668817299897
6.056084208186045,5.008006558374327,5.556275462589711,16.620366229150083,0.03580627935440192,54.0,1020.4789616004548,16075.386405511925,0.9876127251106246,0.564048645807436,0.9173157722879235,0.5086158165334104,0.883172376092445,0.41315014484612245,0.5393849258644747,0.9616449960825197,1.6045161050245778
8.034870747447984,2.486884587954239,3.2395032013430325,13.761258536745254,0.07192041067373137,48.0,2049.7317042013437,20444.53824828352,0.9895616138070943,0.7173522192380182,0.5541743855557348,0.9840196527328958,0.8806660559032542,0.024382188687413375,0.08568904529599786,0.15789607308553233,0.5897478546326802
6.061545381084147,4.497648796953314,3.5735244034123084,14.13271858144977,0.0382496909676411,57.0,1090.1161925777715,16046.78544239441,0.9909035718489472,0.5630451032419092,0.8890999632835379,0.7297094665153931,0.8854871432331722,0.1685669509990062,0.9187872736017156,0.7760982489209565,0.7259079905895884
4.7561300554784385,4.734199291282823,4.908291237042924,14.398620583804185,0.02163335968228998,63.0,616.5507509452644,12821.482327142614,0.9196972477492074,0.44987657288219696,0.49690074584107613,0.8200188355463155,0.8152238394105589,0.5819682272031198,0.9808733267043885,0.32829255928513446,1.3175114311600606
5.485418918237664,4.546318978136201,5.222026711045284,15.25376460741915,0.02836986651231143,58.0,808.5411956008758,14683.170219988748,0.9898981315832609,0.5151989550873245,0.7083631845274466,0.7931719665755405,0.858540555538456,0.2017988974160147,0.4820353873133164,0.31114646464478524,1.5625772934001336
6.899602273749794,4.649039901899053,4.712528902550867,16.261171078199716,0.04868879547210052,50.0,1387.6306709548649,18054.1022372061,1.0109532986135044,0.6334772714809158,0.9406598882908268,0.5532233922300136,0.8096269348957433,0.2424458652154825,0.7314655603268763,0.6077044313232309,1.308343719125293
4.770307865292736,4.08864300387691,4.2938584031486835,13.15280927231833,0.022311720565895293,64.0,635.8840361280159,12847.476181076296,0.9517296612588557,0.4507886379325016,0.6570894426915891,0.8680968683429341,0.8194290040326048,0.5053454863343884,0.8565067926706547,0.4965873354830288,1.0397619333223247
4.4508348408620835,7.130491230785045,6.959445364106948,18.540771435754078,0.01787279816823248,62.0,509.37474779462565,12048.083041972004,0.9338629686752753,0.4227397558586668,0.2701618287331279,0.8109864548212067,0.7561387698116568,0.035600525054646504,0.922823675828765,0.416635766645868,2.619984729237416
2.213438165122028,4.337024623250915,4.629899314626117,11.18036210299906,0.0061929231150564005,74.0,176.49830877910742,6058.992829883972,0.8196975105389651,0.21259623964505167,0.7922456451919524,0.9815837269711963,0.966915478582373,0.2290265538656847,0.07818668274786456,1.1260725963454876,1.2205645072249247
5.480758403237155,8.305691034049342,7.962099455082045,21.74854889236854,0.02668130487488542,56.0,760.4171889342344,14693.855630742726,1.0970857090577717,0.5155738817804465,0.869525343002469,0.7932787377957887,0.4577555447973871,0.07748795812864329,0.6067548328837769,0.48101991938678923,3.3722047088158646
5.473089201070154,2.8972227058902087,3.7714415525882963,12.14175345954866,0.029652384303996932,60.0,845.0929526639126,14627.474807792514,1.0055455522515913,0.513244730097983,0.4894603517792108,0.9904739746051432,0.8016609510073838,0.09214821202474349,0.40222022604811525,0.8830353143957834,0.9472430760079096
6.301000068854394,3.358372915570998,4.721752214710746,14.381125199136138,0.03838124453582557,55.0,1093.8654692710288,16694.19337198168,0.98033807800075,0.5857611709467256,0.8681320419003642,0.9336667005786983,0.7471782638884746,0.3319826274766853,0.1366947115605201,0.07688064161498076,1.354948055288662
3.7254474924675023,5.3889870485774685,5.362001857781677,14.47643639882665,0.013601000863963887,67.0,387.62852462297076,10125.665551233687,0.9007266446397026,0.3552865105696031,0.9273796402142775,0.7227667138858718,0.9347055348502268,0.19863604898326492,0.6790588267833895,0.6361276986584041,1.5990936806389056
0.13191485274791648,23.568063128262956,5.583273851205843,29.283251832216713,0.0006315789473684211,0.0,18.0,356.8316394129489,0.6934023691543701,0.012520408400454347,0.618485564230056,0.9932024936950659,0.6601872500318644,0.7550598865165621,0.8111454488057616,3.285785010967766,1.8261868072814629
8.580569979585578,4.246552960423379,2.7504348600782413,15.577557800087199,0.09073481002032807,47.0,2585.94208557935,21212.232560461627,0.9722933749243567,0.7442888617705834,0.6818764131118148,0.9253959035639452,0.9264923192317012,0.5399966139390742,0.8558459544240814,0.40598805264249593,0.12720079155869524
8.38205210750895,3.8037749552092173,2.567318642730646,14.753145705448812,0.08102303407804468,45.0,2309.1564712242734,21021.399845753927,1.120359878422805,0.7375929770439974,0.8204063922530979,0.9175065349960173,0.38245732045872843,0.6274506977669629,0.6585282019136799,1.1126746897764128,0.5085037243543455
8.985932219487285,4.876071419683556,5.516019409526794,19.378023048697635,0.08807579794808755,40.0,2510.160241520495,22289.52669077595,1.0572544610096246,0.7820886558167001,0.6527568268142838,0.6062023767018667,0.3960857147080329,0.8324866090874286,0.8451232664207284,0.09729352338539776,1.8355418095320686
9.362865913207441,5.024067746714265,5.474974915720049,19.861908575641756,0.09994627502965757,37.0,2848.468838345241,22735.763528097737,1.0232871505310548,0.7977460887051838,0.3416573120733944,0.15721755877033683,0.9114130096504349,0.04456153353849196,0.7986171241782816,0.4348982545324849,1.6124220454067117
6.7562661470600105,3.3873188786560324,3.5167585887866495,13.660343614502692,0.0485789661058511,54.0,1384.5005340167563,17684.561289619774,1.039201717795441,0.6205109224427992,0.9503911558760288,0.8930407885720016,0.7474258697403346,0.6208093501034981,0.4710379916496672,0.6575747600058854,0.6434595425000644
5.9418505470093415,3.662579508292543,3.368003147377445,12.97243320267933,0.03583383201610347,58.0,1021.2642124589488,15776.733392022363,1.0087280016995401,0.553569592702539,0.5667150975858113,0.957802711949862,0.7855442963685189,0.019593770562901902,0.7623879089848471,0.5148074908062392,0.7841935224569498
1.8831548846470487,3.7799320496977735,4.929440487637246,10.592527421982068,0.004958596867729379,75.0,141.3200107302873,5160.2331320934945,0.7934500172057875,0.18106081165240331,0.8594170172496485,0.9761224113918189,0.9310649666992908,0.8064902565977392,0.3465137870081086,0.891785959041627,1.1810399886422833
10.106202513027853,8.18151265910719,1.8792837371454378,20.166998909280483,0.12343614060152541,38.0,3517.930007143474,23478.41396438415,0.9968015256347588,0.8238039987503211,0.7483885202390953,0.8187434817459616,0.41363527084690066,0.1892035191945809,0.4760893020621608,1.7067093741312465,0.3078245221638012
1.6589834721805836,8.707613946899349,8.86443611472697,19.2310335338069,0.0037363939227475734,72.0,106.48722679830584,4555.080191792477,0.8988616435124697,0.15982737515061324,0.869697668210696,0.7377628569238674,0.8755753174682218,0.7805033895872744,0.583385178054316,0.8192267296220357,3.2147432587195937
9.991214555420843,3.2686861501780013,4.966558936192916,18.226459641791763,0.1139571959143278,36.0,3247.7800835583425,23616.794051157383,1.1014529436608915,0.8286594403914871,0.5481318501964497,0.4727237538783359,0.7288883018084368,0.6848183364060418,0.3434135844679403,0.22673662796869065,1.2839440524678065
8.811138866608845,3.909188717099604,5.013794891317108,17.734122475025558,0.08808761257529622,41.0,2510.4969583959423,21834.805077621815,1.0935655686289893,0.7661335114955022,0.7616482582365152,0.3379242483124728,0.8716986689923443,0.813670467189436,0.5680289746081122,0.5363500758954935,1.1331560590282908
2.147231540630287,4.760034769978047,6.854099397691566,13.761365708299898,0.005533879286671236,73.0,157.7155596701302,5885.989610261368,0.8317883913866227,0.206525951237241,0.39478147482075676,0.9935058708118235,0.9427222849283106,0.8604677482428325,0.07608174837848403,0.40940852604579714,2.1029929426905882
11.114572309544156,6.059399727972654,3.1747438040343496,20.34871584155116,0.1458892300652649,33.0,4157.84305686005,24313.310978556256,1.079894193325049,0.8530986308265353,0.8186439186856136,0.18946998357820488,0.7200972630311171,0.6806190930884615,0.8306404431834302,1.2674100496072431,0.4329594432792012
7.57357828128787,3.3518759930614372,5.112123673551222,16.03757794790053,0.06112651631725241,47.0,1742.1057150416937,19511.695368228637,1.1399876199278702,0.6846208901132855,0.49625426638919795,0.5878027571183043,0.8713828990049239,0.9304966973801889,0.3967618008430283,0.7519661272127873,1.1584114540494643
3.2045548153986623,5.210568181592042,5.976646542172624,14.391769539163327,0.010349018572649792,69.0,294.94702932051905,8739.71760921035,0.9068060146874657,0.306656758217907,0.8801084620516385,0.7552157733227458,0.9699584963950885,0.05448565597791588,0.21280149222266065,0.9401927835043646,1.9384366992294217
5.910177532585566,3.344020781024689,3.638946118209502,12.893144431819756,0.03633053398712442,59.0,1035.420218633046,15679.16710347963,1.0270049833596306,0.55014621415718,0.8275593271711471,0.9380579329711409,0.7738312909356964,0.7565899780210533,0.4366929658826514,1.0119266175271058,0.6413475666815991
8.149750553396506,12.429358586138385,2.1982081502250344,22.777317289759928,0.0842526814568693,49.0,2401.201421520775,20340.091897908827,0.9075605994972655,0.7136874350143448,0.14922687273244606,0.9664735041658755,0.9656492550150803,0.07096442474906017,0.738980039858976,2.1088591404572283,0.021388471284341293
7.6738020198935555,5.106549678315963,2.9976237788216693,15.777975477031188,0.06921433443437491,51.0,1972.608531379685,19566.20209101128,1.0760962163242749,0.6865334067021502,0.6811368771594715,0.9545177045880577,0.9398672618936234,0.4757663662583667,0.07177709306076874,1.3002655114059634,0.2578202571024253
5.869365257821837,2.8438324627458957,3.883407379756626,12.596605100324359,0.03468486643439166,59.0,988.5186933801624,15605.136889900246,1.0103099101098676,0.5475486628035174,0.6648262260304099,0.9811568668755811,0.9092639194622396,0.30789991582832776,0.18023919889550322,0.42393449024942953,0.8040939390026027
6.179740187170337,2.9970579918003253,3.78376910271688,12.960567281687542,0.0381669685194327,57.0,1087.758602803832,16373.137882313902,0.9717641582723051,0.5744960660461018,0.9757064901849932,0.9811518480184587,0.5383727928389844,0.7507386753949952,0.4723029579686817,0.4412764378098526,0.9379611009549134
4.177799457825018,3.454260131198137,5.332688364530742,12.964747953553896,0.016844281141515312,66.0,480.06201253318636,11318.645356226938,0.8993018248046324,0.39714545109568206,0.10081688539591105,0.9816785066538443,0.8010568018330759,0.9989397547479688,0.4783536053287929,0.8694514579814454,1.38971723940478
9.514213329608516,3.758547455553901,4.820530751834932,18.09329153699735,0.10637564386157243,37.0,3031.705850054814,22831.347011250244,1.0132714892705867,0.8010998951315875,0.8550859275453799,0.11048622811819742,0.8866175415447577,0.7350314105497131,0.5185843696831094,0.9753419705229365,1.0464211068184808
1.5632596528144627,28.252284795586206,21.96656602076413,51.7821104691648,0.003220651660163935,71.0,91.78857231467215,4297.222188154784,0.9080086147114249,0.15077972590016786,0.6523668863160205,0.7585907191544883,0.8636820394218702,0.7293134123517789,0.26741738324885655,0.6479572023201308,9.79832946405843
13.950684142079714,0.9349335601463309,2.6194893050689263,17.50510700729497,0.1879207935609393,27.0,5355.74261648677,26168.245246324244,1.1147724714891856,0.9181840437306752,0.8173417550823698,0.6565726064408199,0.030595693118689482,0.8357003762494158,0.028200209413291044,0.8752988442295662,0.7496615170212149
5.263777528832073,4.035918515224171,4.344907073826709,13.644603117882953,0.0275693719882098,61.0,785.7271016639793,14099.647347948843,0.9374370588124225,0.49472446834908224,0.7267446100850079,0.826838617460731,0.8776791192433249,0.746045472428316,0.7769078333262569,0.4602612654184144,0.902171961893667
2.199057228034062,8.99819996345094,7.734072783984985,18.931329975469986,0.005577359307004138,72.0,158.95474024961794,6028.348082130765,0.895272899838303,0.21152098533792157,0.4876478455593086,0.954195574443639,0.6534801875829378,0.6914175930297486,0.48456559252595627,1.2599519253384417,2.8974136495989367
5.533398859546541,3.2235943404681455,4.250944902261781,13.00793810227647,0.030974098467372473,60.0,882.7618063201155,14764.269329345954,1.027688006489238,0.5180445378717878,0.19009014594317153,0.8774126853513199,0.9799113460112842,0.6452713003257671,0.5368407512512029,0.6309290699232106,0.7894464450541463
7.223972833613574,3.522119662192648,5.107243460138315,15.853335955944537,0.054327681186138115,48.0,1548.3389138049363,18764.57102307826,1.141182278807187,0.6584060008097635,0.9072773230777066,0.517065611863466,0.9272524568289378,0.369399212464542,0.046488652420296206,0.9402922301070422,1.3282913013801432
10.81260257317054,2.745211980487868,3.311652036370149,16.86946659002856,0.13667509745109319,35.0,3895.240277356156,24294.068619498925,1.107238504161293,0.8524234603332956,0.6981415229204202,0.6256967612153246,0.7384192918070834,0.6178884435836556,0.28511593697664067,0.2558325650271236,0.503685150584702
7.619740337133877,2.6021959443709752,4.186884105853657,14.40882038735851,0.06298190333229992,48.0,1794.9842449705477,19597.521950477465,1.0640594318482877,0.6876323491395602,0.11038105466536896,0.8090565438889324,0.8520429235858298,0.60906597938345,0.39386452126697324,0.8316118911955761,0.8527604840652856
7.146703909335725,5.436213899289659,3.1742268424473137,15.7571446510727,0.05753450726050592,52.0,1639.7334569244188,18505.07459198867,0.9911254965830092,0.6493008628767953,0.25710190639517017,0.8936703812216521,0.9740816094405144,0.19002160127354106,0.24587714641403874,1.3423993101481728,0.42181380564171356
10.781403629996975,3.13388700820406,1.914352435861621,15.829643074062657,0.13918021190117014,38.0,3966.636039183349,24127.956026134052,1.084594793330273,0.8465949482854054,0.7853034600689383,0.9899259335183745,0.5092111319558982,0.5181261816700281,0.6650806421116626,0.16864478654927417,0.11995914535824603
6.615510082737042,3.5369653448266747,4.5984727186549135,14.75094814621863,0.042702943315449875,52.0,1217.0338844903215,17436.346055953927,1.0479591649938886,0.6118016159983835,0.807726088454595,0.9533899421153677,0.33314073742876227,0.6259980232694214,0.4369282337790719,0.8012061871536003,1.5778548458354313
5.152019531064562,11.661785971795291,10.24027600396074,27.054081506820594,0.023737568342606426,57.0,676.5206977642831,13852.020995601606,1.0318138802899808,0.4860358244070739,0.25643970859855936,0.5191407841611407,0.878028052620899,0.7387135025768643,0.2610648238910118,1.3321273318029883,3.8336050491469487
0.939764584034165,7.36728840641697,6.638624365032584,14.945677355483719,0.0018815676125107747,70.0,53.62467695655708,2581.321418584321,0.7918880748633176,0.09057268135383581,0.4739620116329255,0.9361499739443523,0.925401419625198,0.4719327973246834,0.41125534927657104,1.2126241123920647,2.188842638022929
10.160675135899861,2.456092416343377,3.9647612264906025,16.58152877873384,0.12090096462735749,36.0,3445.677491879688,23699.391895037243,1.0350275080149094,0.831557610352184,0.7190291893480775,0.5364218611684272,0.8229767018720082,0.6087508271788102,0.045554911625641625,0.3924620194508681,0.7394181785274441
9.469118938278166,2.564615504189892,3.7126378743729407,15.746372316840999,0.09929372394940768,38.0,2829.871132558119,23046.547307686997,1.1093216297374284,0.8086507827258596,0.6870727964032848,0.9520736762813925,0.09760371144850288,0.09018438174111709,0.3002056211176709,0.627915221228788,1.527071787849772
0.23624279120592712,9.937279096410892,7.2035965604902445,17.377118448107062,0.0006315789473684211,0.0,18.0,644.724795308897,0.7603811459515464,0.022621922642417438,0.9885685717277312,0.9925655497923704,0.8876681901069746,0.561685587099315,0.41487691720467434,1.3942976831909952,2.4844411464084315
9.536605168045257,2.298024820140446,2.9548271954105254,14.789457183596229,0.10739984209344522,40.0,3060.8954996631887,22875.25013541338,1.1487084094377795,0.8026403556285396,0.8765536741132495,0.9124654181083803,0.5781715158987828,0.7745693501596624,0.13256405711481545,0.5863887941081012,0.43840831558959525
4.895070775410462,4.432920324057355,5.261179280856711,14.589170380324527,0.02206788460841076,61.0,628.9347113397066,13193.439645994893,0.9370665133941543,0.4629277068770138,0.9220492950491082,0.9565961100006756,0.5820200631638145,0.3538966790957533,0.32957944825617,0.46911748235275086,1.8109537073138364
10.305353085434861,3.362874071236546,3.6796065092996963,17.347833665971102,0.12112273955027575,35.0,3451.9980771828587,23984.390973946574,1.1471716677362136,0.8415575780332132,0.46565823699424835,0.7997623324391384,0.3104042751065783,0.5703852291248309,0.24365161767369048,1.1968756294174487,1.1064825796822952
0.9751955968316138,5.770852609831602,5.51848192490737,12.264530131570584,0.0020372009983715906,71.0,58.060228453590334,2677.0336839983615,0.8269769710200784,0.09393100645608286,0.8229053320822346,0.8715726353666284,0.8893458509395239,0.5212612805140309,0.9171897002631104,1.0004129450119483,1.6449859630008494
1.600744237914379,4.769668087906202,5.655577414358172,12.025989740178753,0.0038322047573214027,74.0,109.21783558365998,4391.542530545477,0.8425083847073364,0.15408921159808692,0.3925350068974207,0.9467565645990855,0.8772410075596974,0.7993662099954794,0.6888563527225336,0.9512982057849046,1.6042153695803063
5.392563817823164,2.6737030374674586,4.04951769533696,12.115784550627584,0.02863777141535682,61.0,816.1764853376694,14427.766788517387,1.0169599282509063,0.5062374311760487,0.8135483039701377,0.9779506238710121,0.8300281929757787,0.3434412956079528,0.1000491737728818,0.711132263711816,0.9590556257803833
3.815639010989382,5.1202786311705895,6.105614730749868,15.041532372909838,0.01385598647169714,67.0,394.8956144433685,10369.410434173578,0.949666073598849,0.3638389626025817,0.3609060565579544,0.9065436041833119,0.7019218350034196,0.8931842760561032,0.713041979102637,0.7794915772436735,1.922199845452619
8.09750264899618,2.12720831690731,3.3192947943803266,13.544005760283817,0.07103580193008781,46.0,2024.5203550075025,20606.81304372383,1.1146190988021976,0.723046071709608,0.8128008672805718,0.9761224113918189,0.19066291195817375,0.8064902565977392,0.4665408128551954,0.891785959041627,0.9877499701328807
13.53771566403537,2.2715638184894953,3.014737242706998,18.824016725231864,0.18225729418054337,27.0,5194.332884145486,25952.148952362815,1.0499986555781038,0.9106017176267655,0.9138437342404626,0.2202642083847447,0.20928710570181008,0.10053436039694846,0.4193074817178143,0.85499456023713,1.0501397549535518
9.23513528722012,2.846351521334653,3.7340024008288886,15.81548920938366,0.09847007891516925,39.0,2806.3972490823235,22504.806798662135,1.0537857662687893,0.7896423438127065,0.9883876572656548,0.5957326378148747,0.4570231942962514,0.8838521960804137,0.4719587377382477,0.9320584988062599,0.8830686998768069
4.636271895437862,3.675080152403719,4.579884547840416,12.891236595681997,0.02063578253570068,64.0,588.1198022674694,12512.637319605758,0.9234248747382099,0.4390399059510792,0.687676918190629,0.9583714964076628,0.9062508005653419,0.3044811898574209,0.40784681695919245,0.08591718743877097,1.1780194532944477
1.5616641700847829,6.426620082026804,5.303815932444936,13.292100184556523,0.0037730484008630257,74.0,107.53187942459623,4283.821610546448,0.8014364689491322,0.1503095301946122,0.9972508671585121,0.8406449584961644,0.9474270069027078,0.6395456764123693,0.5024661063643384,1.208167985834982,1.4231660744969146
6.868658914729078,5.145968075482694,6.1631903385835285,18.1778173287953,0.046496282398483836,50.0,1325.1440483567894,18016.334388419655,1.1193485772353076,0.6321520838041984,0.8974381678738237,0.5960428429026685,0.7776628941482181,0.915205613339093,0.5254183311492531,0.20686871119774253,1.789980285901327
4.837543211748562,3.6414354549161096,4.593480139324313,13.072458805988985,0.022380375271132732,63.0,637.8406952272828,13029.195832209154,0.9889185589630285,0.45716476604242645,0.88659888828089,0.95746355449463,0.5804244942519161,0.8893796099854023,0.5229115352386471,0.6490930952824399,1.270425749526693
11.632015962099267,3.0279507140839623,3.261870116289331,17.92183679247256,0.1560826794670167,32.0,4448.356364809976,24693.39208549381,1.0939130480954617,0.8664348100173267,0.39502854139075994,0.3189946640874284,0.9051482148142884,0.5593875363094425,0.4113128715323129,0.8821172250851472,0.34625861882233355
1.184343498539524,4.573379911314261,4.605889306010176,10.363612715863962,0.0027280679757219085,74.0,77.7499373080744,3249.0551865403304,0.7762675894482368,0.11400193636983616,0.6893060416775879,0.9776765146884322,0.8584184591529526,0.7650499755829533,0.9630830011583376,0.9327326323282426,1.119817660913705
4.443359079415479,3.86438222176842,3.229836611026621,11.53757791221052,0.020433725336431802,67.0,582.3611720883064,11986.385244339206,0.9172049185033785,0.4205749208540072,0.9644050391206705,0.9761382231750081,0.7669366881067712,0.21024904142915923,0.6830519032171035,0.9312931451419026,0.6914594312476456
8.281079406743602,5.394540169352984,4.073880598184003,17.74950017428059,0.0766743085978778,43.0,2185.217795039517,20893.354368945256,1.0525726781063995,0.7331001532963248,0.7090384091779488,0.5138817914240678,0.6867853492306041,0.32652885952835603,0.6497444779187767,1.2378507004147479,1.054668817299897
5.0543617514981545,4.003271728572012,3.787643543104635,12.845277023174802,0.02565715141134292,63.0,731.2288152232733,13565.916323982683,0.9327357822780016,0.4759970639993924,0.707426623135873,0.958898965991929,0.682351344990038,0.8538032712281453,0.9655712077280316,0.4491662931378744,0.7831213484470156
2.1560723455580937,22.20405629779956,16.730020825507037,41.090149468864695,0.005096298731301774,70.0,145.24451384210056,5917.112925151974,0.8644446671999659,0.20761799737375347,0.6835566059378256,0.8640835639493731,0.661098888371975,0.5647880710378321,0.08568904529599786,1.3761637019544037,7.43703568435944
11.170683840416896,4.110277651105271,3.7941372961885516,19.07509878771072,0.14471962798809024,32.0,4124.509397660572,24494.849360858363,1.035277745162117,0.8594683986266092,0.6153988810507955,0.13267113103306527,0.7639100243849564,0.5604001268600833,0.6033505532601481,1.0950447018455334,0.7259079905895884
4.087633907397955,4.7038944683369515,4.853416639645502,13.644945015380408,0.016634031468020786,67.0,474.0698968385924,11070.613242746029,0.9804764942142833,0.3884425699209133,0.49690074584107613,0.7454900001256669,0.986554740870456,0.5819682272031198,0.9808733267043885,0.5529172541944383,1.135155443971339
0.8122004681451899,4.919297099450616,5.205411977718315,10.936909545314121,0.0016816852484695542,69.0,47.9280295813823,2228.4388648678855,0.7761233242366408,0.07819083736378546,0.9255406657160521,0.9977808061381304,0.9058429185626022,0.9386391386200441,0.7782465030007936,0.5653743779252427,1.3080442328347486
1.7251594061684616,6.59477116532496,4.6226649180555315,12.942595489548953,0.00430571147448372,75.0,122.71277702278601,4730.23233083954,0.8491624156369327,0.16597306423998384,0.773076625262195,0.9849574343464111,0.7706353205909784,0.2424458652154825,0.5914815734106376,1.281159402375759,1.4154623195773022
2.9915231131418327,4.489391635827567,4.466392431839905,11.947307180809304,0.009813184405298029,72.0,279.6757555509938,8159.542338493499,0.8670537985537935,0.2862997311752105,0.7679950576482173,0.8680968683429341,0.8544539249020251,0.4508930314417609,0.8565067926706547,0.8863667761688117,1.1486329833303115
7.993389381333438,4.915853518036483,5.752938167332209,18.662181066702132,0.0687628459189543,44.0,1959.7411086901975,20378.673784357416,1.1196749511569575,0.7150411854160497,0.4946807385830917,0.29176520070467316,0.9623796577272826,0.37951544178847324,0.6407069850795798,0.5980601779952479,1.5900894679127555
2.9153984823408607,8.904936231313787,7.214796499080303,19.03513121273495,0.008722218775713029,69.0,248.58323510782134,7963.962827122938,0.9436252557698085,0.2794372921797522,0.7922456451919524,0.5125923311150785,0.9656380195555149,0.2290265538656847,0.9563898314684902,1.1315296283837217,2.496259329453233
11.041589757362965,3.170811864588643,3.8997208302273063,18.112122452178916,0.1400436404114654,33.0,3991.2437517267635,24498.77559252865,1.1544877487878595,0.8596061611413561,0.5150850156835987,0.3182823628516024,0.7555082507178547,0.41487287178744336,0.5723551737346675,0.4536148401084068,0.8388801094532825
5.143999137516966,3.0777936600545175,4.310061543453591,12.531854341025074,0.0253719774097803,61.0,723.1013561787386,13810.069773460938,1.0291076493376894,0.4845638517003838,0.6396585928301066,0.9827568292446619,0.7661682102782499,0.09214821202474349,0.195042698281931,0.8830353143957834,1.2546151805438557
1.2592958064757116,6.968896443689159,7.257257787158311,15.485450037323181,0.002672050320796412,72.0,76.15343414269775,3459.425252321294,0.8076193270889646,0.12138334218671207,0.5568392802135057,0.8792586251013381,0.8312760793144367,0.796462096673171,0.8117150993249407,0.750761332600518,2.4569083116680734
5.220532442188019,4.427872540855274,4.536308548418517,14.18471353146181,0.026518121054501125,60.0,755.766450053282,13997.627402198455,0.9679567067822109,0.49114482112977037,0.8609283901168939,0.7227667138858718,0.9012689134560228,0.19863604898326492,0.6914976234029446,0.6361276986584041,1.1889209816449382
1.1147246255101235,26.894302811940957,21.26282083807351,49.27184827552459,0.0020838594790927524,69.0,59.38999515414344,3066.2843045747068,0.8428229431566768,0.10758892296753357,0.7640568738206239,0.8621789130676261,0.7809139489698194,0.7550598865165621,0.12084404087276668,0.8808999248588048,9.52747418253097
0.21002151557254536,9.179408757328547,6.297974714878369,15.687404987779463,0.0006315789473684211,0.0,18.0,572.0956352210836,0.7616022703749994,0.0200735310603889,0.5550592298380724,0.9645953901647221,0.9981771036304886,0.5454668305094336,0.8558459544240814,1.371736117905885,1.9281354622525857
8.752102437493837,4.459422531860183,4.398882996775002,17.61040796612902,0.08802198787474712,41.0,2508.626654430293,21704.115200850916,1.0149801065343111,0.7615479017842427,0.660653540617093,0.37622120317809815,0.7901575346022136,0.6274506977669629,0.6585282019136799,1.1126746897764128,0.9878369843861536
6.163096584056158,5.497031089063538,5.744169042496949,17.404296715616645,0.036557589929142584,53.0,1041.8913129805637,16341.985959108159,1.1006201018982484,0.5734030161090582,0.619927990367975,0.6062023767018667,0.7229799676211782,0.4569464362403848,0.8451232664207284,0.8330868678321428,1.8355418095320686
2.325435177437415,5.024067746714265,5.737473851091398,13.086976775243079,0.006404925089233616,73.0,182.54036504315806,6366.274139221362,0.8824321868535465,0.22337803997267938,0.3416573120733944,0.9132426529043777,0.9114130096504349,0.7637285505070086,0.7986171241782816,0.4348982545324849,1.6124220454067117
6.49926087438222,28.21745664015183,21.998351135807205,56.71506865034126,0.03851362311813715,48.0,1097.6382588669087,17193.250436810264,1.0323573329568894,0.6032719451512373,0.3721537815686861,0.23873853389551658,0.8224076974667787,0.9200905045163119,0.4710379916496672,1.060096250616587,9.648764429692804
9.732227830136846,3.8426964467345077,4.301252586154365,17.87617686302572,0.10939990048431954,37.0,3117.8971638031067,23208.526540121664,1.1305611540286575,0.8143342645656724,0.5667150975858113,0.4041462757002884,0.6168993910204476,0.6070424159295542,0.9181772678359184,0.5148074908062392,1.1023898318348242
0.901703283348353,8.841742868574935,5.5283127438297095,15.271758895752995,0.0018402753371667305,70.0,52.44784710925182,2475.360915943398,0.8345677596520288,0.0868547689804701,0.9775436600593584,0.9777221835916994,0.7810708599406524,0.5828021881793567,0.3146107630001903,1.5187006762395308,1.7346311313978764
3.7610714689679163,3.4751960653517857,3.998779639867472,11.235047174187175,0.014597725100496907,69.0,416.03516536416186,10207.793213982872,0.9217750253779173,0.35816818294676744,0.8696896290747568,0.9585399272674824,0.8266639160763535,0.3734129870713758,0.4760893020621608,0.9423854776221507,0.9602400399379167
3.185981736075403,4.961876077456689,4.602882785701539,12.75074059923363,0.010708016605755166,71.0,305.1784732640222,8683.056755704498,0.9049392380110897,0.3046686580948947,0.5235636575497944,0.9840927582486877,0.8528980979974427,0.3034459254140066,0.31700003318565984,1.1931936179383733,1.2727636077317106
2.6907672371361397,6.6019929441664935,6.23325783651487,15.526018017817503,0.0077970883977119005,71.0,222.21701933478917,7357.195711255887,0.9147336328947173,0.258147217938803,0.5481318501964497,0.712238222414566,0.8927368394007348,0.21890804406919573,0.9341893901944306,1.0131318265963722,2.0882613704803763
3.9435642512624716,3.9704293128024486,4.441322996439164,12.355316560504084,0.015489024585264978,68.0,441.4372006800519,10697.109121886479,0.8845743149850979,0.3753371621714554,0.8018201345386423,0.9398207341799935,0.6502269947711711,0.8469249413353264,0.7699391885008542,0.7538278545329213,1.1628130021759997
11.46453671914082,2.4112367841478917,2.421559382438668,16.297332885727382,0.15438490726700652,36.0,4399.969857109686,24623.239469427004,1.0139464190671315,0.863973314716737,0.7818302876236431,0.9384560210317735,0.7386214998836402,0.7379762567148737,0.07608174837848403,0.40940852604579714,0.06456025606653792
8.442765563843373,3.853409323848319,4.166803162517549,16.46297805020924,0.08035574374519071,43.0,2290.1386967379353,21179.467494792774,1.1374707102297656,0.7431392103436061,0.5030136918668894,0.5293913540262875,0.7200972630311171,0.6070722884874575,0.9551005529595976,0.7355447418253169,0.9554992124658064
5.696195673248289,4.791553488268632,5.354102574244348,15.841851735761267,0.031600504717012604,57.0,900.6143844348592,15189.203623657238,0.9899909565239448,0.5329545131107803,0.5958164761590315,0.5878027571183043,0.9186586893332036,0.6788881424086758,0.7984213798497899,0.7519661272127873,1.3738020386662542
3.881189746107292,4.780831186354649,4.964390054270871,13.626410986732811,0.014848843251169948,67.0,423.1920326583435,10532.373703725356,0.9592134454749863,0.3695569720605388,0.7729778180516876,0.7552157733227458,0.970958028214071,0.05448565597791588,0.3722907836817854,1.0581875924889594,1.4191434410893744
2.203855357715834,4.528326515423981,3.7880185190948343,10.52020039223465,0.0065318845054875545,76.0,186.1587084063953,6026.488411593652,0.8093713816841694,0.21145573374012813,0.9684040307259744,0.9772295891662227,0.7738312909356964,0.7565899780210533,0.9584234813048839,1.0119266175271058,0.7843683709899825
8.73579941979137,5.169517415796139,6.2198571812459695,20.12517401683348,0.08492592901749205,39.0,2420.3889769985235,21754.33842131136,1.0142789618373078,0.7633101200460126,0.49756852205352353,0.15580955929603135,0.8874989097043663,0.5183013956054213,0.5889287034273607,0.8652381517298522,1.8254762793510206
7.261649990947021,6.3715149549426044,2.492687295824368,16.125852241713993,0.061474894765946586,53.0,1752.0345008294778,18703.37376982755,1.0326004953373686,0.656258728765879,0.48297417742680615,0.9545177045880577,0.7892443500908681,0.2365805437350874,0.9539639930431777,1.3002655114059634,0.2578202571024253
6.229699180208137,2.6837295239985934,4.164823503988216,13.078252208194947,0.03893330980862745,56.0,1109.5993295458823,16484.304203524902,1.0502096864578863,0.578396638720172,0.8063862960425243,0.9636034011382877,0.6205647914386972,0.8744732584285615,0.17321801339741938,1.0362222022854795,0.9935339775766812
4.51707304331747,14.84075188855448,12.467971793655687,31.82579672552764,0.017522500964969736,60.0,499.39127750163743,12231.914908771696,0.9955023938989014,0.4291899967990069,0.6693494506070594,0.8664199521954883,0.07676886950678352,0.46000755090567846,0.9442291098923868,0.9442571715170294,5.875955928661889
1.807287075791278,4.408379922655167,4.861747485413511,11.077414483859958,0.004671053622266438,75.0,133.1250282345935,4953.437369863346,0.8079111721793735,0.17380481999520514,0.8312400624266066,0.9816785066538443,0.8010568018330759,0.9512687668573081,0.582225007359561,1.0456232956198732,1.220366860775743
2.585846132556716,3.953280628719228,4.6168098438175775,11.155936605093522,0.007927644434534442,74.0,225.93786638423163,7064.846976811781,0.8675797460316333,0.2478893676074309,0.6985805064133107,0.9230482293796054,0.9263826107027467,0.7350314105497131,0.6544385976738187,0.8665949927574208,1.0464211068184808
11.660520927911247,5.334093588727091,1.5081117710977947,18.50272628773613,0.15680671508799002,33.0,4468.991380007716,24793.549912419676,1.0170703129640575,0.8699491197340237,0.6416253884178006,0.7585907191544883,0.1548766564384314,0.6044506264108219,0.9348685267330629,1.3141222292457877,0.21797558813936035
7.216465312977352,2.46798512307802,3.655323722603238,13.33977415865861,0.05637869588550509,52.0,1606.7928327368952,18717.447890929296,1.0676325436259924,0.6567525575764666,0.6506743671745244,0.9720013532839897,0.8300917075981625,0.652225952829451,0.07856367035358514,0.6977673924426451,0.6099854885151421
7.816929779103117,3.376002170333544,2.5862798675075176,13.779211816944178,0.06777424873254237,48.0,1931.5660888774573,19991.98215508358,1.0039897449627437,0.7014730580731081,0.8407193545152857,0.9437314258903992,0.49073357458287226,0.13306801114937616,0.7769078333262569,0.4602612654184144,0.6117229819089758
6.907831635316894,9.459869706045204,8.382526801452148,24.750228142814247,0.04699418804819839,47.0,1339.334359373654,18091.857745024943,1.1142761559362375,0.634802026141226,0.547411930582878,0.20514685229945506,0.8885660734267967,0.6138314214098646,0.630203545009286,1.2150091729529815,2.8974136495989367
2.5543433525679062,4.023881248623874,4.774208449712687,11.352433050904466,0.007618366080889673,74.0,217.1234333053557,6983.35582756175,0.830783215029706,0.24503002903725438,0.7219397216964331,0.9886727967869754,0.7734648015837228,0.8809609573800466,0.6557254727331311,0.7897820378607685,1.2193742363677695
3.895728288226824,4.986126462350115,5.2553936559661745,14.137248406543112,0.014657597862465345,67.0,417.7415390802623,10576.76735759788,0.9550122204722917,0.3711146441262414,0.6200526329735685,0.8679427875759205,0.7170661141396643,0.6329661886615694,0.8627863801166491,0.6060190701332546,1.5860138110924078
4.58284342487061,5.093808581499009,3.549067208300489,13.225719214670107,0.02208070576395291,66.0,629.300114272658,12340.55149877342,0.8819248132432752,0.43300180697450597,0.6419805872598701,0.9075039236350466,0.8870950346587282,0.5219791779981567,0.8597320892317889,1.119771718307263,0.605431036156582
6.128196513422697,3.6597898968432556,3.4194368322314217,13.207423242497374,0.039227606587049164,58.0,1117.9867877309011,16210.392052364612,0.9772210004069519,0.5687856860478812,0.9721108716650488,0.956951463359471,0.6500899976285299,0.7816748731993352,0.4115253388716643,1.0705560440222273,0.6410749058344587
5.696445397605503,2.860293179070907,3.774176257932797,12.330914834609207,0.03286862905753382,60.0,936.755928139714,15171.317999210327,1.0380041626163052,0.5323269473407132,0.9636794739910639,0.9844521834323912,0.8293356219724289,0.5201183698795965,0.11897123056749265,0.6589057687730331,0.7495189918723781
4.491996671552923,3.2291236599711293,4.2884440416982486,12.0095643732223,0.01985789988134096,66.0,565.9501466182173,12128.706514499314,0.9651002602864812,0.4255686496315549,0.4511157271989572,0.9815809367768394,0.9198505815555271,0.34401588099658925,0.46124327965831313,0.4416480218308636,1.0079069791562767
0.9092511011123426,5.324497734181532,5.379087370780101,11.612836206073975,0.001879992025136461,70.0,53.579772716389144,2495.889715893239,0.7990008334745291,0.08757507775063997,0.807726088454595,0.9533899421153677,0.7872772062864177,0.7729255263905146,0.8765579595988446,0.9850594485108322,1.5778548458354313
5.15338755781701,3.7573293996839583,4.202993467136944,13.113710424637912,0.026355006706893603,62.0,751.1176911464677,13816.554324918652,1.0262586187183806,0.4847913798217071,0.8417432397186757,0.8349177603407857,0.8026145034621944,0.6414706872832573,0.655178576520447,0.813307182818628,0.9490930183079866
3.2596272460703553,6.048226269965207,3.967922342980931,13.275775859016493,0.012073190275498974,73.0,344.08592285172074,8865.9013497551,0.8116310322051161,0.31108425788614386,0.6748500424452819,0.8938474925790577,0.925401419625198,0.8467771007996177,0.910790244566506,1.2126241123920647,0.6700996274829727
8.581955970425009,2.749252071108502,3.001676975926168,14.33288501745968,0.08386160003711737,44.0,2390.0556010578453,21442.8408022033,1.083360048282401,0.7523803790246771,0.2730461771522924,0.9627967532904149,0.43725976222981955,0.6194221948068153,0.8008431847482852,0.8848811717914966,0.662401414242785
8.022521599648934,3.8172929199579753,3.8594955350028903,15.6993100546098,0.0674571246636753,45.0,1922.5280529147462,20519.628085975262,1.025489242567498,0.719986950385097,0.40377127974120486,0.9520736762813925,0.09760371144850288,0.09018438174111709,0.8308681319640642,1.033476104720026,1.6248619358707095
3.8203236788447534,4.211657981552014,4.257382621158767,12.289364281555534,0.014944226919626671,69.0,425.91046720936015,10365.732323808983,0.9037370811209277,0.3637099060985608,0.4821346333622117,0.9663283076818505,0.906739469533818,0.38273328864830347,0.31111756261897444,1.1607129949743624,1.0040518411738137
6.54192165228802,5.382094837896635,4.693363204084369,16.617379694269026,0.04398657719989192,52.0,1253.6174501969197,17202.743832035885,1.0378556120379572,0.6036050467381012,0.9659174736506433,0.4658248915320272,0.8935161734998048,0.40600608208504063,0.7180494022991614,1.1088160873988282,1.1599790912469077
2.7572497696508496,4.261807136019934,4.334130039794066,11.353186945464849,0.008788593617890793,74.0,250.47491810988762,7526.600118345524,0.8824894225536613,0.26409123222264996,0.711415309998367,0.964371369668304,0.8731430609906357,0.6990848546100089,0.9020528520201482,0.46911748235275086,0.9702395464979094
7.925220930984003,4.6437946122614635,4.812655125822483,17.38167066906795,0.06868904937000116,45.0,1957.637907045033,20214.30333171967,1.0976650349376016,0.7092738011129709,0.697364304276674,0.49196389147142205,0.8696375691722923,0.5703852291248309,0.1675699005540554,1.1968756294174487,1.1474185550771994
2.107605906007049,4.985036275992016,5.205236005764891,12.297878187763956,0.005717829581895311,74.0,162.95814308401637,5771.879611816124,0.8419667872658346,0.20252209164267104,0.41818224111453234,0.8444216251982477,0.9807386890730393,0.6646389832092936,0.9759921103880911,0.6687930860509328,1.3215272299961613
1.0538244176613802,4.523696835624239,4.638731989343327,10.216253242628946,0.0023682412106548105,73.0,67.4948745036621,2890.5836095207774,0.8137353755402189,0.10142398629897464,0.8438035477769584,0.9762337716206907,0.9239807289088823,0.7222573514454127,0.8257605576642313,0.8941367050986357,1.0898021361675148
7.572278550316938,6.90761377076382,2.939112269548915,17.419004590629672,0.06735047469312604,51.0,1919.488528754092,19357.409637928155,1.0499869523874013,0.6792073557167774,0.2891542319813366,0.9743102404457018,0.8300281929757787,0.6815635770250804,0.5945665050238355,1.471158767847907,0.25764103147023487
1.475586268355205,4.672182359856218,4.432016835537903,10.579785463749326,0.0036095111138612665,75.0,102.8710667450461,4046.4601976450567,0.8046128058274407,0.1419810595664932,0.6754841729040957,0.9841046723864845,0.9544250575740777,0.32073695127547586,0.9332288544617742,0.5331281100884824,1.1100891998440936
6.078611033044985,2.9409959594216244,3.7501192305110567,12.769726222977667,0.03646844534294208,56.0,1039.3506922738493,16126.510485364604,1.093859164686498,0.5658424731706879,0.9460991777293253,0.9762337716206907,0.37919717940040043,0.7222573514454127,0.528045854095222,0.8141882452411076,1.0898021361675148
2.558101888075275,6.466225271985094,3.5327347598988075,12.557061919959175,0.008120426459563082,75.0,231.43215409754782,6984.208473491794,0.8729324046198245,0.24505994643830858,0.7409231472779932,0.9895122390279187,0.9047302788563096,0.10053436039694846,0.674470774965206,1.3208625021330087,0.7822958334670362
5.198806220962468,2.9795332145546065,3.797507799301497,11.975847234818572,0.02636354026129634,61.0,751.3608974469457,13945.763952276413,0.9340654890957432,0.48932505095706713,0.9883876572656548,0.9910604272508311,0.4570231942962514,0.6891192621089085,0.4677903246021255,0.9743069833613975,1.0705106720027846
10.022249214038936,3.639878220244796,4.574295010885608,18.23642244516934,0.1185402094308081,35.0,3378.395968778031,23416.137294251042,1.1575859556385628,0.8216188524298611,0.8014812339526759,0.07467988019100957,0.9062508005653419,0.6700600795636978,0.40784681695919245,1.0262752189053814,0.9272417558084278
1.2971270494104663,5.902279501428262,5.5849217055625155,12.784328256401244,0.002964466696848487,74.0,84.48730086018189,3559.3409230279804,0.8385978020088277,0.12488915519396422,0.9407328680314353,0.8962986382104764,0.9812356813117267,0.9170813024922353,0.23474614121958715,1.208167985834982,1.4231660744969146
2.200263779023137,5.133879316485518,5.849153190665001,13.183296286173658,0.00594350230655426,74.0,169.3898157367964,6025.746031628259,0.8658036293693006,0.21142968532028977,0.539229264866131,0.8332170956268292,0.9384048008284239,0.915205613339093,0.7589028932001599,0.7043072437106235,1.5830216212394745
2.142736220047197,4.710567701536134,5.048309157102886,11.901613078686218,0.00581690557070073,74.0,165.7818087649708,5867.464934176369,0.892165474952151,0.2058759626026796,0.88659888828089,0.95746355449463,0.7536503951729974,0.8691444482933025,0.5229115352386471,1.0601269309688104,1.3874104110126853
7.1131833810085245,2.646396137509974,3.335373824628618,13.094953343147116,0.0552924520364601,52.0,1575.8348830391128,18467.92192125415,1.084267730711856,0.6479972603948825,0.34817141981981603,0.9608115514500808,0.8844661480745015,0.27713720513349255,0.2646462107705774,0.9647616946415476,0.5502253006232793
5.657412502246208,4.315365535454206,4.216533571057703,14.189311608758118,0.03223207206054732,58.0,918.6140537255985,15075.61231706018,0.9665914474964995,0.5289688532301817,0.6102634006548917,0.7423951886134058,0.843856315493904,0.5514914558485443,0.786007162182217,1.055671897430884,0.9393209509880602
8.473173515690359,4.302326057804644,3.9035803481119937,16.679079921606995,0.08294352120411429,43.0,2363.8903543172573,21166.374587173574,1.0889782945227229,0.7426798100762657,0.9324599394883009,0.34126201856570537,0.917292083206083,0.21024904142915923,0.7676409759520884,0.9312931451419026,0.7912599664478623
6.313804634092942,3.418640747347844,3.72161488773837,13.454060269179157,0.041627353998793776,57.0,1186.3795889656226,16659.950806284127,1.0246170530193477,0.5845596774134781,0.9864807983621396,0.9696535189692418,0.845163956354593,0.7727752551398777,0.37091601813825925,0.22446369319809634,0.5987457572329209
7.822257905070529,2.2375550003760383,3.5348247752371824,13.59463768068375,0.06758400419891968,48.0,1926.1441196692106,20004.111085478162,1.068447876425105,0.7018986345781811,0.6958774211549361,0.958898965991929,0.682351344990038,0.6831430227229187,0.08848744462051306,0.8966159082584246,0.6708273402204759
5.880712029342752,4.233872071167397,3.5610428101052634,13.675626910615414,0.03628752086432059,59.0,1034.1943446331368,15602.299941754356,0.997274248929807,0.5474491207633108,0.017216633181512897,0.9840196527328958,0.9201648522094505,0.42878802543704286,0.4871705862335899,1.1752480701374755,0.5897478546326802
4.4914307983909225,3.976481451696232,3.2339587284129068,11.701870978500061,0.020676585126492293,67.0,589.2826761050303,12113.109535510199,0.9500615802492977,0.42502138721088417,0.9635936354332285,0.9796292226023864,0.7495000079288681,0.1685669509990062,0.7569439002026337,0.7234168036182593,0.7259079905895884
8.399358783595268,2.510652884845223,4.471182160812074,15.381193829252565,0.07739460332022205,43.0,2205.7461946263284,21177.962318636834,1.1013961637310974,0.743086397145152,0.712980133714441,0.7454900001256669,0.7338847322268536,0.5805496277373717,0.06286938445587809,0.5529172541944383,1.1015664714762528
0.5295251593129303,7.861737133489796,5.196922831740762,13.588185124543488,0.0010276975103425399,61.0,29.289379044762388,1450.8526142093338,0.7961751998939101,0.05090710927050294,0.9255406657160521,0.924937671781951,0.9058429185626022,0.9386391386200441,0.8496387888160187,1.3499569328010912,1.3080442328347486
3.099619055904177,5.7465856322715,4.014132463564702,12.860337151740378,0.010576702878144434,72.0,301.43603202711637,8447.076556275499,0.8486746150435012,0.29638865109738594,0.773076625262195,0.9707847403703419,0.7706353205909784,0.48649662955726325,0.5914815734106376,1.281159402375759,0.991333304811822
5.394077581736268,4.780258144518117,4.664911820079799,14.839247546334185,0.02859203698456455,59.0,814.8730540600897,14431.364782594092,0.9405381951348837,0.5063636765822488,0.8924841415744089,0.637487548116816,0.9013766559960759,0.4508930314417609,0.8927727739587836,0.6805392927053266,1.1486329833303115
8.59102915286788,4.6485931473556,4.993719099800346,18.233341400023825,0.08320372563759142,41.0,2371.3061806713554,21458.909860445554,1.0517728846415253,0.7529442056296686,0.7491095677697037,0.29176520070467316,0.7194857437550591,0.8884745337202853,0.9811291409305609,0.8180554266726423,1.2460986771622768
9.331285414960968,4.022086041833298,4.93305280197215,18.286424258766417,0.1006786957112493,38.0,2869.342827770605,22605.045759621255,1.1328996761430785,0.7931595003375879,0.7590316899566515,0.12451821736932667,0.966915478582373,0.2290265538656847,0.4416147550386572,0.6901294731472818,1.2205645072249247
4.457646553856721,5.445499700107719,3.8751390383078324,13.778285292272272,0.01992704238613682,65.0,567.9207080048993,12031.81736586777,0.9644411629389483,0.42216903038132525,0.5150850156835987,0.9532047475564398,0.7571321882097698,0.41487287178744336,0.6549346216287995,1.2632851330933728,0.937016331576281
5.938152213895332,3.190737530969046,3.1902615793956897,12.319151324260067,0.03524432509104163,57.0,1004.4632650946864,15779.553728236868,0.9637736649937776,0.5536685518679603,0.6849439025325759,0.9904739746051432,0.5006951012767852,0.09214821202474349,0.75220171294145,0.9501861758401757,0.9472430760079096
7.50722485648898,4.126618855700968,3.1057222581815735,14.739565970371522,0.06317419483497365,50.0,1800.4645527967489,19306.267212687064,1.0260238052096917,0.6774128846556865,0.8474277259283766,0.9336667005786983,0.7471782638884746,0.4515381998408668,0.1366947115605201,1.1889306473593253,0.49884012190450466
4.395811761426641,4.167247828572187,3.8707517006534617,12.43381129065229,0.019603987866140968,66.0,558.7136541850176,11869.324598729234,0.9280337016920093,0.41646752977997314,0.9921681250079617,0.86223034412311,0.9410444769700065,0.19863604898326492,0.6464953748121058,0.6361276986584041,0.8404804966274604
11.00902547035374,1.0160705506870893,2.684141737091604,14.709237758132433,0.1372050419497965,34.0,3910.3436955692,24700.704948648396,1.047070332539964,0.8666914017069612,0.7472422911644526,0.9733229578065582,0.013570088888551601,0.7550598865165621,0.12084404087276668,0.7061486176282215,0.8382532966433125
0.7611360244146368,6.452183167908698,4.489532895480202,11.702852087803537,0.0016233881163416374,69.0,46.266561315736666,2086.4608025063917,0.7968633073795527,0.07320915096513655,0.8856781304291038,0.948249621411708,0.9804793287630116,0.654540077531862,0.8799188038818312,1.2307135965237386,0.9903461366104196
5.853885339313556,4.855680353339524,3.0267322514393467,13.736297944092426,0.03614062322722346,60.0,1030.0077619758686,15533.47967817538,0.9921969498187754,0.5450343746728203,0.8560033479527178,0.9982439394797542,0.6214412049633365,0.6274506977669629,0.6585282019136799,1.1799672739540967,0.544246734427098
7.149557224928652,4.049513366691809,3.239263529662557,14.438334121283019,0.05257678954489403,50.0,1498.4385020294799,18628.372547452,1.0713250196538748,0.6536271069281403,0.920823481061266,0.9622840118864752,0.11857657592768178,0.4569464362403848,0.5258957727962887,1.185982804291053,1.174420255648072
3.217518102689756,5.96131675030678,4.219582815762189,13.398417668758725,0.011477017274187328,72.0,327.09499231433887,8757.281501112691,0.898497784982928,0.3072730351267611,0.3416573120733944,0.9132426529043777,0.9078331859722794,0.7637285505070086,0.8132766499831988,1.2721799707903036,0.8450102694872399
1.102294470344385,4.82275357775247,5.5778346272147585,11.502882675311614,0.0023638731443811002,72.0,67.37038461486135,3026.18690932228,0.8327811732552244,0.10618199681832562,0.9503911558760288,0.9715615009325327,0.9680288490209357,0.36266720403733216,0.2891634385941736,0.7417168301533428,1.6573814075720419
11.318363428728503,2.20428608844252,2.2337597365729276,15.756409253743952,0.14488339672721123,33.0,4129.17680672552,24871.097101871615,1.0787841348297447,0.8726700737498813,0.1345540656303703,0.9065582025884261,0.23912671574423638,0.019593770562901902,0.7957392956618385,0.5148074908062392,0.6877275442365889
0.7977826612457607,4.9250431187081825,4.421653972128399,10.144479752082344,0.0016799249365149166,70.0,47.87786069067512,2187.9209052435094,0.798012338995812,0.07676915456994769,0.8460284200952906,0.9768409621883833,0.9278165986715559,0.3214774872356218,0.9691969406666834,0.9389978096838281,1.1414927993547446
1.5562583413604711,4.401245591114035,4.361981604287327,10.319485536761833,0.003954330011575445,76.0,112.6984053299002,4265.870943160672,0.7692250534151291,0.14967968221616393,0.9357211815665819,0.9585399272674824,0.9436342871218566,0.6330814075783728,0.7891279176518701,0.835922456766915,0.9602400399379167
3.2673054016016185,3.5471158821250213,4.640568915077473,11.454990198804113,0.011111338355296624,71.0,316.6731431259538,8903.126028473036,0.8527601436524413,0.3123903869639662,0.5235636575497944,0.9994041700959538,0.918292472085102,0.1837562035616559,0.31700003318565984,0.6926492918245031,1.2727636077317106
0.3874361441925266,6.583662884586843,6.674907043603309,13.64600607238268,0.000692418023649846,47.0,19.73391367402061,1061.188054966654,0.7678934949441815,0.03723466859532119,0.5481318501964497,0.9944585581064757,0.9379101350273265,0.4932165734120044,0.8135879945271807,0.7253612768385818,2.1948804260167867
6.735714340677709,3.5420969007348075,3.297350068106009,13.575161309518526,0.046013327802638886,52.0,1311.3798423752082,17686.841457784005,0.9925958323960885,0.6205909283432984,0.8424174173533777,0.8643187230377353,0.2901695661811572,0.1291092958850487,0.8853978298456465,0.9379188425527207,1.172779704352111
0.3467890488003006,7.406966262507221,6.7266234306981785,14.480378742005701,0.0006315789473684211,0.0,18.0,949.1169285755175,0.7699083319467741,0.03330234837107079,0.87913946681239,0.9935058708118235,0.9094317458879374,0.8604677482428325,0.41058729628282586,1.1950179353512005,2.1029929426905882
3.5347795569899785,7.307629604279873,6.673721577915631,17.51613073918548,0.01217272709670768,67.0,346.92272225616887,9621.851221871464,0.8958270407812132,0.3376088148025075,0.9324272282825866,0.5293913540262875,0.9574053765360921,0.4754411585097663,0.7531581109511633,1.0727307920456823,2.123052218099723
6.020793200583225,4.5835672175293505,6.112349651186361,16.716710069298937,0.0348654168014471,54.0,993.6643788412424,15996.55532851467,1.0563767104803918,0.5612826431057779,0.7040467169675202,0.5878027571183043,0.9186586893332036,0.6788881424086758,0.2536027692075433,0.8095275117739389,1.7401106062648801
2.2979001057815975,4.663662190400803,4.37719429307253,11.338756589254931,0.0064921690054421865,74.0,185.02681665510232,6288.995239986663,0.8224175878534126,0.22066649964865487,0.9712058893013742,0.933975321047245,0.7461329084509049,0.3152327373655597,0.817431613228366,0.803776540301449,1.2787777764386399
0.6773848185509517,5.272958967916252,4.641735960415669,10.592079746882874,0.0013611114304591001,66.0,38.79167576808435,1857.585203832361,0.7938075287126719,0.06517842820464424,0.869077803086797,0.9952429939887255,0.934244207955827,0.21077492711907558,0.9724697022073338,0.6785866662913287,1.2909928308706609
2.6167399762738253,4.861294092300377,4.619398993554087,12.097433062128289,0.007740308908130156,73.0,220.59880388170944,7153.626332034236,0.9027394464676374,0.25100443270295564,0.7695132165131477,0.9807581557888392,0.6701438761804905,0.4663149410827933,0.958414570539001,0.42619550031774045,1.4089692008134245
2.0230208880441127,7.045054337304031,3.938362529292573,13.006437754640718,0.005388377518620691,74.0,153.5687592806897,5541.413929721872,0.8792121751712717,0.19443557648146917,0.9084111099638683,0.9545177045880577,0.5745718555497495,0.01552625791714124,0.9312154015868735,1.3002655114059634,1.3551651951184294
4.012364844673601,3.826830199455399,3.694875693831038,11.534070737960038,0.01661528006462177,69.0,473.53548184172047,10868.023272726694,0.9007549456046768,0.3813341499202349,0.8492676582359044,0.9905055022401867,0.95160146652184,0.08253035492332073,0.5371798040879072,0.4238074912989247,0.7972186944828934
2.378925194567231,4.258806980399513,4.287562118722563,10.925294293689308,0.006868021803685543,74.0,195.73862140503797,6507.327989893062,0.8722343676575827,0.22832729789098463,0.8209400013794028,0.9811518480184587,0.6721171222757913,0.5260150668309733,0.8219744435980615,0.9991776347091923,1.2223695136071093
1.7339595338963067,4.573235627232705,4.489148024658415,10.796343185787428,0.004436002223275323,75.0,126.42606336334671,4752.294031117405,0.8636611286844341,0.16674715898657563,0.7419350971819919,0.9628199576328105,0.8977194385861799,0.3662595113988029,0.8437491481635215,0.7364173889010002,1.1726905765148041
1.969848751604808,4.355542268779191,4.224478832247881,10.549869852631879,0.005362375545772422,75.0,152.82770305451402,5394.728403899213,0.8024391730672025,0.18928871592628818,0.8565090470563547,0.9564477168840518,0.8795628904422034,0.38835699285130465,0.8234248676428212,0.8348999590276163,1.0464211068184808
9.143197676510024,3.1504114766763007,3.8686580434992743,16.162267196685598,0.09305383463935325,40.0,2652.034287221568,22497.71645436707,1.0503966063516235,0.7893935598023534,0.8461349351314608,0.7581828878052922,0.1548766564384314,0.6128792163131471,0.6432920277572272,0.550709342716188,1.347917265398638
0.31339415942333354,6.602865193017121,6.374949083656731,13.291208436097186,0.0006315789473684211,0.0,18.0,856.9745943585925,0.7734045554190356,0.030069284012582194,0.912913803624023,0.9720013532839897,0.9312787777240007,0.652225952829451,0.8756075458577443,0.6977673924426451,1.9891668211150604
5.9112884640654775,3.986160856843412,3.616155918348683,13.513605239257574,0.03561097092691127,58.0,1014.9126714169712,15693.210211503805,1.0526306045220697,0.5506389547896072,0.5811665838885677,0.826838617460731,0.8755104068696904,0.021204531423015816,0.8269867296077318,0.7023821326563517,0.8167479609726254
1.4832397014239915,4.46466970840842,4.276169270664566,10.224078680496977,0.003679009175446768,76.0,104.85176150023288,4066.2075173994936,0.8335785763579816,0.1426739479789296,0.8543168799703051,0.9747579094969893,0.9248816194549485,0.4194716469383776,0.8579380084155428,0.7767221050725184,1.0223318507706236
3.852590896030529,3.8056517449746767,4.0085928921542155,11.666835533159421,0.01556924689132732,70.0,443.7235364028286,10446.139887646881,0.84608419333554,0.36653122412796074,0.6233305373214714,0.949258215387536,0.9354351310934715,0.5426127007562198,0.6557254727331311,0.7712451255785999,0.7894464450541463
5.452553127414414,3.989728650809857,3.921813138334698,13.364094916558969,0.028185475288817617,59.0,803.2860457313021,14597.654562070633,1.0253027320515518,0.5121984056866888,0.7512857488182549,0.9817560913500174,0.23438760239670586,0.5114473419546984,0.9609452943178937,0.641787865757798,1.4152662513074543
6.977084351531531,3.7844808154142546,3.960104468058452,14.721669635004238,0.049009662453846324,51.0,1396.7753799346203,18255.589998423464,1.0447566326878324,0.6405470174885426,0.6419805872598701,0.8859730808096609,0.33806098751251934,0.329277625284609,0.8597320892317889,0.7350034112153465,1.3667324045071059
2.810652743330206,4.584211851224198,3.8781545919704232,11.273019186524827,0.008918993891709626,73.0,254.19132591372434,7672.321741764071,0.8894645481818882,0.2692042716408446,0.9039416081014495,0.956951463359471,0.6500899976285299,0.2965626347544611,0.8583185223156768,1.0517051156551687,1.124135655942677
5.637623072813913,3.1887501442207284,3.7276435408690904,12.554016757903732,0.032060811460313254,60.0,913.7331266189278,15027.571235756588,1.0109966134142012,0.5272832012546171,0.8515780543675696,0.9887486870363943,0.7573620941971074,0.4917082337467006,0.11897123056749265,1.0730631800404948,0.8092099720219794
2.8959142735989367,3.8887129361897763,4.724373914147138,11.509001123935851,0.009210266214963684,73.0,262.49258712646497,7904.068437234838,0.9131338813652605,0.27733573463981886,0.5577611794092989,0.9888051797934693,0.934183289306699,0.43733454618031714,0.5243740977667859,0.4416480218308636,1.2048209110368555
2.6462479822771896,4.713569994546732,5.431329841910091,12.79114781873401,0.00778284545078188,72.0,221.81109534728358,7234.987773829185,0.8852133088846016,0.25385922013435736,0.24976311911528204,0.9200494165007471,0.9529050151999937,0.3489569459256615,0.6844477655375251,0.5271268448776794,1.5778548458354313
3.655131491555093,3.823809250986012,3.663265795130641,11.142206537671747,0.013922680346883749,70.0,396.79638988618683,9928.560477603309,0.8512005498852803,0.34837054307380033,0.9082230910207293,0.9533920771040737,0.8026145034621944,0.048162270903934046,0.655178576520447,0.8900330358523885,0.9490930183079866
8.824166714107603,4.941686826354912,4.451220895360723,18.21707443582324,0.09034122922467394,40.0,2574.725032903207,21768.050593546486,1.1386755819430354,0.763791248896368,0.6748500424452819,0.12523598299633676,0.9538761033024739,0.17393564204894651,0.8870848260429278,1.0661693754791837,1.02774148120371
4.63283787063407,4.359093199037226,3.9668796931815486,12.958810762852844,0.020984205240254343,64.0,598.0498493472488,12494.889132520118,0.9266781556833965,0.4384171625445656,0.7751006192060866,0.9212113232454135,0.62547045119307,0.3487630996302089,0.6993213380171079,1.0829255498785384,1.134596490429442
6.267704114098008,4.682259360029959,3.8945680009623294,14.844531475090296,0.04087485996018477,55.0,1164.933508865266,16539.0541307726,1.0615698318551605,0.5803176887990387,0.4283265845671524,0.6729314570966927,0.9643754208967208,0.09018438174111709,0.7637136631399688,1.0997193259236784,0.8305523987003127
9.67115405834945,4.36982301204274,4.392375183381804,18.433352253773993,0.11059986763044029,36.0,3152.096227467548,23001.720613022357,1.0302643448607824,0.8070779162463985,0.4821346333622117,0.04981700984845738,0.940079476253812,0.18572688503625878,0.8041471385143719,1.0499043936430201,0.9982582772199429
0.9599233352384907,4.665998122922239,4.218940531069841,9.844861989230571,0.0021306587796648493,72.0,60.72377522044821,2632.7774856779038,0.7776978266402934,0.09237815739220714,0.7948892782391548,0.9866850800040147,0.9168821777123364,0.3710912670464569,0.989577815335896,0.9713857920626812,1.0290522276966025
4.895328736460782,3.7780718245004183,3.0932395394840326,11.766640100445233,0.023867744154495985,63.0,680.2307084031356,13160.004738801783,0.9957633683903139,0.461754552238659,0.9656388064969517,0.9449391729386661,0.4809597624775999,0.20288945563179417,0.9252567465241334,0.8859303193322043,0.8982499593107809
9.317193140304452,5.384608129925584,4.8914278805726585,19.593229150802692,0.1007511274777089,37.0,2871.4071331147034,22571.523273311268,1.0792574360119662,0.7919832727477638,0.979932518059474,0.05790525568477889,0.912917555350089,0.2247803405178062,0.24365161767369048,1.1968756294174487,1.2550144955913938
0.38817218358352484,5.730138083705284,5.233540923091395,11.351851190380204,0.0007277917967814473,49.0,20.74206620827125,1062.4917199721078,0.728765715563584,0.037280411227091505,0.9611026002790647,0.9804509260420328,0.8893458509395239,0.590909627889034,0.9171897002631104,1.0205657924421434,1.4840059335560296
0.33609693889755465,5.365662677812485,4.891248839497886,10.593008456207926,0.0006542863291998599,40.0,18.647160382196006,918.525483284602,0.7631354710104113,0.03222896432577551,0.950287573791595,0.9972771692419587,0.996036559191806,0.5390467895560728,0.9812168109641621,0.9327326323282426,1.2278386591248855
3.4297304532401975,4.896343475636104,3.4423095967934776,11.76838352566978,0.012919767433120934,72.0,368.2133718439466,9321.58065902387,0.8641330938190052,0.3270730055797849,0.7685593671318589,0.9476439739578666,0.8300281929757787,0.23585680238189488,0.932077673871534,1.0754465468512024,0.7428689406838007
3.222007478239488,3.574238629929586,4.3516123450413975,11.147858453210471,0.011068382513999202,71.0,315.44890164897726,8777.889018822181,0.863425040880753,0.3079961059235853,0.6754841729040957,0.9679812918538433,0.8909593269192997,0.3024652302145632,0.4477227201532361,0.88442742024808,1.1100891998440936
2.9656681177860467,7.643648532303612,3.3295140009869955,13.938830651076653,0.009660922946012783,72.0,275.3363039613643,8090.197328821064,0.8812836940990286,0.28386657294108997,0.9277943829452654,0.9866850800040147,0.2917738691141587,0.3710912670464569,0.989577815335896,1.474993555887387,1.175068713949376
4.778572888848222,5.40433304214651,3.834890393848044,14.017796324842775,0.02317976290572919,64.0,660.6232428132819,12857.113805424742,0.8956225293504256,0.45112680019034185,0.73364561439309,0.9731503692136346,0.7110684880873146,0.8573339303384198,0.5159756380117302,1.2770748969444163,0.7822958334670362
9.88302079046002,3.01820101294402,3.761790339465085,16.663012142869125,0.11227345276959397,37.0,3199.793403933428,23440.819110271448,1.0878382298277087,0.8224848810621561,0.6180734048660766,0.5907409907029492,0.4570231942962514,0.4393267398099008,0.682962312161524,0.688392935568952,1.0598989036482829
4.8098394284031265,3.5478597474510636,3.975384511534376,12.333083687388566,0.023573818654085827,65.0,671.853831641446,12933.340295407,0.9779960269601522,0.45380141387392986,0.687676918190629,0.9583714964076628,0.9062508005653419,0.7124508818628169,0.5238406140648755,0.6556453467617063,0.7159679981253841
1.9489023888911314,4.245377003623407,5.031847533854731,11.226126926369268,0.005066010662316858,75.0,144.38130387603044,5341.03720440314,0.8475436349073077,0.18740481418958385,0.9491742569064372,0.9624608841994381,0.9812356813117267,0.1987043140317578,0.23474614121958715,0.613973551424307,1.4231660744969146
4.546816317003988,3.306957818467522,4.4308494724479655,12.284623607919475,0.020417896753229393,65.0,581.9100574670377,12268.289484675932,0.983421899519567,0.43046629770792744,0.539229264866131,0.9714199845265634,0.7764781178828902,0.915205613339093,0.6073861589178053,0.7043072437106235,0.9928402364808022
7.7686281588315635,2.3962057641963934,3.4527792684182805,13.617613191446237,0.06412373542449347,47.0,1827.5264595980639,19965.09857459334,1.0174075536786686,0.7005297745471347,0.88659888828089,0.9696281625623921,0.17917202340015914,0.8532293357790651,0.5229115352386471,0.706750566818062,1.0525816378868025
4.861796046255936,3.9546834367931103,3.151478066861366,11.967957549910412,0.02480227941145807,65.0,706.864963226555,13053.033074921303,0.9770304831168728,0.4580011605235545,0.9553727091795932,0.9971457224444376,0.6473162318855455,0.7524461100257762,0.8523391319212129,0.9647616946415476,0.5502253006232793
2.2748175188657584,5.871436065370295,7.039441485588927,15.18569506982498,0.005971259054561602,73.0,170.18088305500567,6232.924324034473,0.8801147765451813,0.21869909908892887,0.7626843496100907,0.9059274147293807,0.8960941193714929,0.8325399186736215,0.3294179021509416,0.30865401953276583,2.250656724260738
6.1740682203393105,3.070717785732251,3.302423595491473,12.547209601563033,0.03936033135261878,57.0,1121.7694435496353,16328.513065243082,1.0492299898266648,0.5729302829909854,0.9822364219526405,0.9761382231750081,0.7669366881067712,0.21024904142915923,0.27730399378303394,0.6747923932064164,0.6914594312476456
10.586113434831878,3.0619170868616488,3.405946278644274,17.0539768003378,0.12912715033127475,34.0,3680.1237844413304,24188.507958241287,1.0310870421131926,0.8487195774821504,0.9864807983621396,0.42447115751858255,0.2038004976119393,0.6258025842335373,0.7790993953586698,0.6911994141906441,1.054668817299897
0.199594101691834,8.658628900073541,6.108931310690623,14.967154312456,0.0006315789473684211,0.0,18.0,543.349174477509,0.7182630261286077,0.019064883315000315,0.707426623135873,0.958898965991929,0.9744949014598491,0.8538032712281453,0.9655712077280316,1.3185969157794788,1.7341952340760391
9.153143770904785,2.9394963840081045,3.3369178714359515,15.42955802634884,0.09807601057833026,42.0,2795.1663014824126,22338.867422310544,1.1486981778517595,0.783819909554756,0.017216633181512897,0.8693254492248188,0.8498553013486807,0.43541844254990736,0.611284574064615,0.12994368031192538,0.49339658764509764
7.744635930712343,2.695138525562789,1.962157269981342,12.401931726256473,0.0657082758630936,48.0,1872.6858620981673,19850.057249746744,1.099460795591076,0.6964932368332191,0.9635936354332285,0.9730290764033367,0.04070623290278219,0.18036548817695508,0.825066212161998,0.966855128032982,0.7259079905895884
1.6175421785518902,7.121583359030323,7.1725282339142815,15.911653771496495,0.0037220874640630707,73.0,106.07949272579752,4440.257571080466,0.8471539002181404,0.15579851126598127,0.9099081307081696,0.7393358134106348,0.986554740870456,0.5819682272031198,0.6907806523074379,0.6119839494797505,2.338873154756766
9.204668652100043,2.3114258276728004,2.402805577888126,13.918900057660968,0.09737710635703649,41.0,2775.2475311755397,22494.710857416707,1.1332335316017796,0.7892881002602353,0.7516838806273654,0.9977808061381304,0.0016244705219239375,0.9386391386200441,0.7782465030007936,0.5682384520640311,0.6620149652176845
10.303440756400876,4.4195367116718245,4.237271464124968,18.96024893219767,0.12489390557969374,34.0,3559.4763090212714,23720.320853585155,1.1594859962067294,0.8322919597749178,0.773076625262195,0.11115054397689095,0.7706353205909784,0.7283353495056485,0.6989566066520444,1.088409528990448,0.870908595124523
1.5299803603773223,4.8703451495067425,5.53964629177651,11.939971801660574,0.003592264560943938,74.0,102.37953998690223,4198.258590289722,0.8490344665590551,0.1473073189575341,0.7679950576482173,0.9459103630833521,0.8979131343380966,0.4508930314417609,0.46504847271936856,0.8863667761688117,1.6660334134783183
5.443265473561971,3.086630049926877,4.3149206499271875,12.844816173416035,0.028671560070650245,60.0,817.139462013532,14563.571318962597,1.014289840639264,0.5110025024197402,0.7491095677697037,0.953767444610685,0.7194857437550591,0.4032761705562512,0.27438127676120005,0.8180554266726423,1.1733900156853587
1.86631537835471,8.043592916676161,3.976334850394716,13.886243145425587,0.005204684560616036,77.0,148.33350997755701,5108.177040110674,0.8309727540912076,0.17923428210914646,0.775184512926357,0.9815837269711963,0.8200495206837708,0.9145687570139545,0.8185785098471201,1.498894042836003,0.7744259160350868
11.104075020727038,3.037325418267024,3.8572614037691437,17.998661842763205,0.13849240446493616,32.0,3947.0335272506804,24746.088367418928,1.0696057202532567,0.8682838023655765,0.6007912968573301,0.547726849904338,0.3359879900898882,0.41487287178744336,0.6572412284905497,0.36511403182029945,1.22256116843955
5.641329107430714,2.7102665849462815,4.207461869924602,12.559057562301598,0.030771764441271887,58.0,876.9952865762488,15063.648278644248,0.9701231068479509,0.5285490624085701,0.7217421996442895,0.9904739746051432,0.7431459205338543,0.09214821202474349,0.033384516273728515,0.8830353143957834,1.2154116469610887
8.749205283915126,3.480570310109317,4.669845009454852,16.899620603479292,0.08148675082966564,41.0,2322.3723986454706,21920.84632567852,1.1304389812857072,0.7691525026553867,0.8681320419003642,0.9374966557006629,0.008711386565680823,0.08158571923061597,0.1366947115605201,0.8961228767411105,2.100282010812406
8.211904132733663,3.822384342359501,2.7825459930391228,14.816834468132285,0.08248262930336897,49.0,2350.7549351460157,20549.196339197453,1.0698455069027069,0.7210244329542966,0.7177799777060487,0.9986483709987565,0.9248867407562907,0.62219946042736,0.6274154415704354,0.6361276986584041,0.1169434545938115
8.379460742280207,2.204273580562803,2.7525556371055835,13.336289959948594,0.07801307450170718,44.0,2223.3726232986546,21125.90063310225,1.02781384435206,0.741259671336921,0.7809635679197936,0.9733229578065582,0.3553002971671887,0.06251821997005319,0.3563547091543158,0.9282486891048705,0.8382532966433125
3.64776556421737,3.742050378853296,4.97850261123462,12.368318554305286,0.013470859332449599,69.0,383.9194909748136,9914.159656408867,0.9097054402175634,0.3478652511020655,0.2116436130078031,0.9394331962543572,0.8498490341470782,0.9135418760009285,0.7023865133826966,0.7994648414612522,1.2107471180055884
9.806540339090105,1.5436172647642494,3.373900626771385,14.72405823062574,0.10811574176773268,38.0,3081.2986403803816,23471.33155492098,1.134640084798817,0.8235554931551221,0.7144654642778009,0.9982439394797542,0.09307993052293007,0.6274506977669629,0.16793120248525362,0.6368792321894856,1.1524034270068686
7.962605359696916,3.2011069116180164,3.6605753350439527,14.824287606358885,0.0680541990502024,45.0,1939.5446729307682,20350.80887751985,0.9993488282922458,0.7140634693866613,0.9587222678932785,0.7697892342848077,0.149277021887126,0.6515619784616209,0.7112244314433138,0.9882646261540518,1.2573786793039177
7.925602825023899,3.6864680626138107,4.120877730905555,15.732948618543265,0.0654890062090364,45.0,1866.4366769575374,20330.463992623656,1.0054075951195678,0.7133496137762686,0.8177039587118572,0.8762802398646069,0.11309522978684383,0.4156188170809032,0.6901117386724143,0.6106006447627417,1.6124220454067117
2.9920881019333416,3.4444792956230503,4.456344139267224,10.892911536823615,0.010001162016633135,73.0,285.03311747404433,8159.261978302698,0.8266807606024803,0.2862898939755332,0.9300947203928319,0.9596643714123093,0.9680288490209357,0.6226144798526219,0.2891634385941736,0.7417168301533428,0.9629891975759053
8.387255070784125,3.8137228457807613,2.8803536753884806,15.081331591953367,0.07942454839364389,44.0,2263.599629218851,21080.321497898796,1.1374806452342838,0.7396604034350455,0.5667150975858113,0.8352842755526594,0.4913444534429323,0.08426795946644922,0.721474780880804,1.1026711599434347,0.7593479153151215
4.463023099575303,3.8603134198091396,3.906001776025264,12.229338295409706,0.019597709012112115,65.0,558.5347068451953,12051.84633577309,0.9836015445023742,0.4228718012551962,0.7784292236323105,0.9287246509622588,0.5890784286426864,0.48604414511988464,0.8616583120952008,0.9299625395371081,1.0898021361675148
1.648213567325428,6.169477116153317,3.7989808044391955,11.616671487917941,0.0042725938562762815,76.0,121.76892490387402,4516.417322727722,0.8045027973680325,0.1584707832536043,0.9357211815665819,0.9208080112584398,0.8746689152160564,0.09794686389058072,0.9811564386524861,1.1902631533562062,0.9602400399379167
4.4246686663913986,3.9324053797565233,3.942077739265803,12.299151785413725,0.01976420597424259,66.0,563.2798702659138,11944.198943264815,0.9747044586587323,0.41909469976367775,0.63474063888877,0.8867459976106302,0.9498166448956096,0.1837562035616559,0.699015725538267,0.6926492918245031,0.8720158215944762
2.622841893752936,8.518068198588944,4.907352661351594,16.048262753693475,0.007432940398208148,71.0,211.8388013489322,7175.175669641755,0.9174073260618543,0.2517605498119914,0.9563257341391642,0.9944585581064757,0.1487646322813163,0.15801648920255584,0.8135879945271807,1.3880628044439258,2.1948804260167867
2.6471091933984776,4.193955240672424,4.94218356155368,11.783247995624581,0.007873724015816137,73.0,224.4011344507599,7236.4068503194085,0.8674166513957048,0.25390901229190904,0.8018201345386423,0.9877657368585809,0.8716986689923443,0.33975911529847214,0.3966938070993231,0.5363500758954935,1.4189011675658234
7.355613723725578,4.113632374639093,2.798016658851725,14.267262757216397,0.06251194951057377,53.0,1781.5905610513526,18931.049281299875,1.0108662714569299,0.6642473432035044,0.317658255261991,0.9935058708118235,0.9427222849283106,0.2174559853588658,0.9552647747602405,0.40940852604579714,0.26325757409422224
9.62311583261384,3.5377762150975105,3.4450353459915903,16.60592739370294,0.11114038973090523,39.0,3167.501107330799,22894.274006694028,1.0943048666010864,0.803307859884001,0.8186439186856136,0.5293913540262875,0.7200972630311171,0.8786637421397713,0.6394688851748314,0.9358602141542876,0.4945014987256027
7.383359536254956,4.6161524397674825,4.628293076221715,16.627805052244153,0.05784916984131176,47.0,1648.7013404773852,19099.46307869838,1.0565464491669834,0.6701565992525748,0.7051895711448336,0.42363270680553744,0.9038602251742405,0.02045921682624441,0.7984213798497899,0.8709253682366256,1.250073003922747
2.3321231196282612,4.648179177318189,5.674930593745654,12.655232890692105,0.006468004252666681,73.0,184.3381212010004,6383.68507583695,0.8880771719572464,0.22398895002936667,0.955687679126358,0.90495740858438,0.8729919031451068,0.9362753650951299,0.40749775837978297,0.6375258932672585,1.5505981703134024
0.3871804844911507,6.848224557158726,4.946842155197624,12.182247196847502,0.0007451915289254296,49.0,21.237958574374744,1059.0807782973038,0.7698560097070763,0.037160729063063294,0.8241897508103758,0.9851956493759719,0.9404766894730402,0.7565899780210533,0.9336034382744376,1.2280066371880074,1.223415013267013
5.127309593002651,4.215324164465158,4.124622512446041,13.46725626991385,0.02511390734602274,61.0,715.746359361648,13773.12052865459,0.9454444124232534,0.4832673869703365,0.3640853134746559,0.9582801591823997,0.6701438761804905,0.07807423205260128,0.9876448031435263,0.42619550031774045,1.2643370425675657
4.324002714338297,4.393270096830017,4.481820952809038,13.199093763977352,0.018020699377860692,65.0,513.5899322690298,11699.406533176123,0.9285057224061602,0.4105054923921447,0.9084111099638683,0.9901046938470643,0.5745718555497495,0.5800860450496786,0.28795038632548997,1.1296087351620574,1.3551651951184294
7.074420635680188,4.366524825064396,3.726337931222261,15.167283391966846,0.0541373202190928,52.0,1542.9136262441448,18393.73577164197,1.0147082692092328,0.6453942376014725,0.7736954811051238,0.6863732360937015,0.95160146652184,0.25945701480533667,0.8448132054577963,0.4238074912989247,0.680353641117204
1.6356280622007908,4.448674617508301,4.546649906500283,10.630952586209375,0.0040854321213921055,75.0,116.43481545967501,4484.962804513999,0.7887508994454449,0.1573671159478596,0.5472048486400294,0.9698074361938909,0.9039185171998722,0.30232899366113075,0.8219744435980615,0.9542256286025581,1.2223695136071093
10.160107851666787,2.376443252204168,2.269830319943239,14.806381423814194,0.12034293632761094,37.0,3429.7736853369115,23746.614324652433,1.078848962983482,0.833214537707103,0.836033105284768,0.8826024750451681,0.17129451004123342,0.4317393802764154,0.5989105634184666,0.46536633232010605,0.6211264531873786
8.710909197117553,4.45394587778952,1.9004851595153585,15.065340234422433,0.08983099277212922,44.0,2560.183294005683,21551.825775016292,1.101020250604462,0.7562044131584664,0.8565090470563547,0.9651928036911784,0.20861855614112967,0.6073936808944226,0.8234248676428212,1.191668747895658,0.3637375382783645
10.588144885017384,2.9313319404933864,2.970524747345732,16.490001572856503,0.1285478351309553,35.0,3663.6133012322257,24261.111151310914,1.0643951684806365,0.8512670579407338,0.4149186621504757,0.7209866160477623,0.38167914691701466,0.052026368558156955,0.8765274922544407,0.16544663299970797,0.8948397311765071
0.687144374565143,5.460533255528793,5.743854765364768,11.891532395458704,0.0013402399180778598,66.0,38.19683766521901,1885.348143985557,0.7997764102718968,0.06615256645563358,0.43990370736980106,0.9375990377544494,0.9536231803366969,0.652225952829451,0.8902745112767838,0.9385336774616322,1.6455785023323322
0.7447543065345287,4.741026565855908,4.357841118174085,9.843621990564522,0.0015920452802510843,69.0,45.373290487155906,2041.256928982714,0.7954974984336548,0.07162305013974435,0.8709367605024018,0.9886937032157067,0.9783938189867966,0.6060385475788019,0.9566510836899563,0.9723674393718253,0.9463142331260705
3.0931553446635394,4.012333716518005,3.963318297371404,11.068807358552949,0.01091372247120473,73.0,311.0410904293348,8422.645004042379,0.8921626813660947,0.29553140365060976,0.8543168799703051,0.9782822165075373,0.9283167895250352,0.6794042349530591,0.6506916287488145,0.8191259449683077,0.7338218405569652
13.361877045518467,2.5497688419930693,1.700386933522152,17.612032821033687,0.18302703094346787,29.0,5216.270381888834,25759.116961365577,1.0314442117756926,0.9038286653110729,0.9659560357533433,0.45184799011553944,0.13618093038673185,0.20834506141068027,0.6557254727331311,0.7739237577781095,0.45915037986741236
7.856637166251189,3.250062999911253,5.418708033806753,16.525408199969196,0.06574846944862243,45.0,1873.8313792857396,20136.934214609864,0.9974237516064883,0.7065590952494689,0.7512857488182549,0.6021098488720678,0.7908893958323794,0.8468685674027843,0.03461067543291796,0.8465346771418143,1.4152662513074543
4.592638906461409,4.112788655940111,4.889729930128522,13.595157492530042,0.02044647849556579,64.0,582.724637123625,12395.070491884246,0.9254257017174805,0.4349147541012016,0.3546702372922743,0.8786830193455147,0.8640564267559583,0.8595015372237318,0.8597320892317889,0.2966997866279204,1.1540836054625543
11.452338459963883,2.821181375176881,2.5420424738684826,16.815562309009245,0.15352691938375077,34.0,4375.517202436897,24571.827883695587,1.1157658863064035,0.8621693994279154,0.9195621180339268,0.5888152988598354,0.8076819778913465,0.2965626347544611,0.14312765068013045,0.7960524863155354,0.20696459754598173
4.028442699200632,3.5641003089233583,5.55188056960635,13.14442357773034,0.015549925046189014,66.0,443.1728638163869,10928.779876313445,0.9202170347993234,0.38346596057240157,0.30600837359691113,0.9441266070670027,0.9240398735090225,0.5201183698795965,0.11897123056749265,0.6778067595993424,1.56980119357664
12.018283972321704,3.204650875585045,3.8148238352392623,19.037758683146013,0.16244724511039418,31.0,4629.746485646234,24926.656627937893,1.0430614810706405,0.8746195308048383,0.4670553461500734,0.00896805672347989,0.934183289306699,0.7541397441594391,0.4346144754107867,0.9274873675321555,0.5003347806234002
5.5675207304988925,3.982292147581271,3.2577246286021144,12.807537506682278,0.03323480143724059,62.0,947.1918409613569,14818.431947392146,0.9475113967546548,0.5199449806102507,0.6936950090244101,0.9807554786678617,0.7872772062864177,0.7834449794834217,0.8570213629920127,0.9850594485108322,0.44157032838147003
7.416084180353703,3.030112560606347,3.658927232681813,14.105123973641865,0.05684836142208607,48.0,1620.1783005294528,19230.981958327844,1.000749403690087,0.6747712967834332,0.6066691263586126,0.9533920771040737,0.4078120955147615,0.03283210684968474,0.5430438450343251,0.853334041748957,1.257549197127724
0.14229852637293106,24.86178506468561,18.925627469143624,43.929711060202166,0.0006315789473684211,0.0,18.0,386.2499774801756,0.755282448288502,0.013552630788778091,0.9346406879550316,0.9730676852146941,0.925401419625198,0.506310861444218,0.1693141244179316,1.2126241123920647,8.331105097340966
1.6013956830063913,4.558427935171912,4.459573554428238,10.619397172606542,0.004031440163183631,75.0,114.8960446507335,4389.648076327682,0.8481465461714822,0.15402273952026954,0.41347784591074893,0.9904229210814667,0.9524370685839525,0.38574686659049473,0.7132737795670672,1.0771198137132405,1.0978066347366742
0.19079607201905274,9.958454389930678,5.555448368861876,15.704698830811607,0.0006315789473684211,0.0,18.0,518.8429688641908,0.7453340794110053,0.018205016451375115,0.8812667892596683,0.987315638717682,0.9988842379989907,0.6207668199321905,0.7637136631399688,1.5589192165239905,1.526460975181148
10.35023240396129,3.021343220763599,3.902549161070061,17.27412478579495,0.12635252750572393,35.0,3601.0470339131316,23802.189910203277,1.0789707019099855,0.8351645582527466,0.4821346333622117,0.29876920991758305,0.8572782924646464,0.38587134596411954,0.41232600123604723,0.9186407358290094,0.7598250988261768
3.210452772800356,4.985965167377207,4.5575241962380915,12.753942136415654,0.010692229556671009,71.0,304.72854236512376,8751.31813567393,0.9210217360083147,0.30706379423417296,0.8460284200952906,0.9358651178870631,0.7564156974016977,0.3214774872356218,0.9691969406666834,0.11265678026071413,1.338622476493256
4.766770496220059,5.334651078655227,3.1859414815107874,13.287363056386074,0.024297546732761247,66.0,692.4800818836956,12803.032439848967,0.9425950521997742,0.4492292084157532,0.748570310028148,0.9752367546799631,0.852836049853112,0.4562609469465972,0.8023739522835612,1.1594575955442166,0.484309046540659
13.008630635868265,1.5551321304735435,1.7805642370693526,16.34432700341116,0.17944330645537157,31.0,5114.1342339780895,25655.259539090093,1.0081306521051343,0.9001845452312314,0.46187260774858296,0.9764987204478011,0.3029781436887897,0.6235409675800819,0.24365161767369048,0.8921329205554642,0.19784689930199573
1.4889279000933013,4.44547906296997,4.2953443687264885,10.22975133178976,0.003729408063321433,76.0,106.28812980466084,4081.8114821656004,0.7734306808457974,0.14322145551458246,0.7177884486582522,0.9804509260420328,0.8773479981489182,0.6953675049079692,0.9042341392383673,1.0205657924421434,0.9692836917265417
3.7004164764762795,3.2892480072324934,4.215882936759704,11.205547420468477,0.014724125434783183,71.0,419.6375748913207,10038.379290758607,0.9239128061647025,0.35222383476345986,0.997714335024158,0.9989119685162222,0.9528848349309282,0.9833745377983032,0.04865317354471288,1.0360572069071317,0.703339597111726
4.482789840860617,3.1795230899659592,4.092722245687702,11.75503517651428,0.02056013140012016,67.0,585.9637449034246,12091.23139318338,0.9625997185646998,0.42425373309415365,0.856076045340024,0.9991594609617301,0.8507955360081182,0.9649590605767144,0.3109279863048494,0.8295253171402608,0.735407471104951
3.1731357402970115,4.342528127171501,4.492081489432349,12.00774535690086,0.010655021107972496,71.0,303.66810157721613,8649.779863749285,0.8420207406890076,0.30350104785085213,0.2784149142086326,0.9440748734320141,0.8524209832820389,0.24109077573719762,0.9332288544617742,0.7642392667254561,1.2434435310959966
6.917521670816149,3.71396099529017,3.5315676537307685,14.163050319837087,0.05000802769480395,51.0,1425.2287893019125,18069.8694288104,1.07136111998939,0.6340305062740492,0.8709367605024018,0.7204458851030782,0.6365035066058344,0.018582272496271313,0.7850086107880497,0.9723674393718253,0.9870268217334779
0.9502657502375601,6.984341909389725,4.2360833455244284,12.170691005151713,0.0021938523717791878,73.0,62.524792595706856,2604.7552605864917,0.736354771117891,0.09139492142408742,0.7022750956691816,0.9895122390279187,0.9816542730919252,0.8495589802224961,0.8759291252363116,1.3208625021330087,0.7822958334670362
10.855565688896316,2.615006969506369,3.361460774705713,16.8320334331084,0.13487728813143832,33.0,3844.002711745992,24447.451261809,1.0233597126077292,0.8578053074318948,0.9883876572656548,0.4475458119363861,0.08507121069022161,0.8208956917783976,0.6574791856840367,0.9743069833613975,1.0705106720027846
5.742592543484026,3.180662378316809,3.727414098998705,12.65066902079954,0.03246513274634465,58.0,925.2562832708226,15301.317290283136,1.0455607319247997,0.5368883259748468,0.687676918190629,0.9583714964076628,0.6728560795241448,0.08199681110681412,0.5238406140648755,0.8214679619801688,1.0496726677778612
8.712840008167412,7.468153588084071,3.432167828891902,19.613161425143385,0.09199236407965485,43.0,2621.7823762701632,21453.951500035793,1.100476133443598,0.7527702280714313,0.34360151529733685,0.5088226033108266,0.9812356813117267,0.54577626071846,0.626437458390397,1.4886507241728109,0.37936872167668145
1.238952597813437,5.385153029296505,5.789812933414901,12.413918560524843,0.0027100779144687117,73.0,77.23722056235829,3401.650691441923,0.8334950691837532,0.11935616461199729,0.6977955432783379,0.9714199845265634,0.7413381919183852,0.8181733537433296,0.7644746014540305,0.9327635141988608,1.8054300697720196
0.4910407118840507,7.511867915858837,4.981308478606499,12.984217106349387,0.000938009944308686,58.0,26.73328341279755,1345.438118152584,0.7383729565984599,0.047208355022897684,0.9051968569979046,0.9696151251820678,0.855943861806275,0.5968520172905838,0.872734223884044,1.294935672849853,1.3874104110126853
6.813651233081798,4.524730723238957,3.8298468047096743,15.16822876103043,0.051106628287422066,53.0,1456.538906191529,17773.039479729614,1.006163254907943,0.62361542034139,0.9553727091795932,0.6393418246433642,0.946864705820124,0.7524461100257762,0.8378143012095578,0.9647616946415476,0.5502253006232793
1.6095411478443145,3.9264077216764703,5.043161644033061,10.579110513553847,0.003987883683164555,75.0,113.65468497018982,4413.830720465163,0.797680434697975,0.15487125334965485,0.979004309420094,0.9761224113918189,0.9310649666992908,0.8064902565977392,0.29752740411326384,0.891785959041627,1.2421768538876865
7.844785100492242,2.5017143863041755,3.3481042402950254,13.694603727091444,0.0658620699271392,47.0,1877.068992923467,20108.630835137796,1.0487253528576854,0.7055659942153613,0.7173258890345778,0.9745674424051203,0.38648606622914417,0.22945632345621397,0.3058784239274882,1.039728192610939,1.0408336188131417
15.425427885900401,3.126183250165067,2.7612339109279276,21.312845046993395,0.2117870719051534,27.0,6035.931549296872,26119.188952570563,1.1230702486816226,0.9164627702656338,0.43601748978891,0.2332309114127381,0.7392596598243524,0.7837349253833463,0.6058232203637262,0.5409755928049282,0.18603270207644496
5.552363547272768,3.7110228104937777,3.50493982241109,12.768326180177636,0.031160184099297338,60.0,888.0652468299742,14812.645297748175,1.0309061130286823,0.5197419402718658,0.6485584267320674,0.958898965991929,0.5656609841528235,0.7638028056691237,0.9655712077280316,0.8050634425009451,0.7831213484470156
5.183894463216278,4.789249661411702,4.267807961281687,14.240952085909667,0.02567249945714936,60.0,731.6662345287568,13912.816685536993,1.0164704746071094,0.48816900651006995,0.6755381925008646,0.9840196527328958,0.5227408931155286,0.42878802543704286,0.4871705862335899,1.1752480701374755,1.3401663183494286
10.46128568018733,5.958266456594716,3.8257703729408528,20.245322509722897,0.12981434511679243,34.0,3699.7088358285846,23866.90624531296,1.0050940806498496,0.8374353068530863,0.9635936354332285,0.20013491895340407,0.7495000079288681,0.7766934359543465,0.3264724060941846,1.3553409991394227,0.677315622087348
3.726596018935501,3.7795750356299367,4.0825923901602845,11.588763444725721,0.014547878148368576,70.0,414.6145272285044,10114.752928867223,0.8926577357058455,0.3549036115392008,0.49690074584107613,0.9900636913112725,0.9143537704650556,0.5695077122148486,0.7269833744293747,0.5529172541944383,0.8384509796842368
7.195631106822396,9.86893104250121,4.1456678523034665,21.210230001627075,0.05639587744698396,49.0,1607.2825072390428,18640.64149055716,1.0993800147270005,0.6540575961599003,0.5880299323217275,0.517989997140969,0.7309601999119122,0.9386391386200441,0.9263982097923963,1.7457730363463582,0.8294423210549695
8.78897047628002,3.303089955166805,4.319182459077087,16.411242890523912,0.08898686570762047,41.0,2536.1256726671836,21758.802957727516,1.0691650939803183,0.7634667704465795,0.773076625262195,0.44101072462808844,0.8978044341647407,0.48649662955726325,0.07336705711901514,1.0734587934171373,0.8990886153382878
17.880676648253193,1.6291029928263392,2.1059864323582165,21.615766073437747,0.22924910742750448,24.0,6533.599561683878,26882.82064470924,1.0480312411928707,0.94325686472664,0.5016192559375459,0.43252752393605387,0.09869339572502811,0.4508930314417609,0.46504847271936856,0.6045666604531115,0.5867188006234683
9.774393409519783,3.6024832623409826,4.891013342309528,18.267890014170295,0.1117568054911183,36.0,3185.0689564968716,23180.316571908174,1.079672066352042,0.813344441119585,0.7491095677697037,0.04265962626790809,0.9774123499621122,0.25907913095856944,0.27438127676120005,0.8180554266726423,1.1733900156853587
4.404142531391477,5.702359768737108,4.265301390650466,14.371803690779052,0.018891977835657957,65.0,538.4213683162518,11902.419068948018,0.9868223341420115,0.417628739261334,0.7922456451919524,0.9881976690927461,0.740550330863724,0.2290265538656847,0.032107327357030147,1.3648506153086326,1.2205645072249247
2.354683884610739,5.725625360733186,3.9785554921317434,12.05886473747567,0.007017520941181459,75.0,199.9993468236716,6437.578071454662,0.8473643894401038,0.22587993233174253,0.8517082607133185,0.9746770827883164,0.8494728819378969,0.41487287178744336,0.6057174530132907,1.2454420537646866,0.937016331576281
5.991318152591434,2.9930689763149037,4.263577896129941,13.24796502503628,0.03502485221167758,57.0,998.2082880328111,15922.266644352325,1.0794833787914002,0.5586760226088535,0.8155352756379739,0.9946179162930197,0.529627285358484,0.8259977106358753,0.40222022604811525,0.611881233237979,1.155707103822821
1.966551580288563,4.096915028879607,4.369112644170828,10.432579253338998,0.005427861284654879,76.0,154.69404661266404,5383.698418504088,0.8473573318001387,0.1889016988948803,0.8681320419003642,0.9336667005786983,0.9792344037242686,0.5672636374173696,0.6351570897653527,0.9785361381401283,0.9479450120672857
2.8836818995954134,4.141511681281286,3.955750987130617,10.980944568007317,0.009603323884725502,74.0,273.6947307146768,7864.777700740713,0.8391491921411381,0.2759571123066917,0.9664319777170614,0.9683998001130444,0.9410444769700065,0.3781790600333208,0.6464953748121058,0.6361276986584041,0.8404804966274604
8.470834219421793,2.1898141196148653,3.211942691816966,13.872591030853624,0.07794422753190432,43.0,2221.410484659273,21359.44805151932,1.0385688798619364,0.7494543175971692,0.7809635679197936,0.9947542927455714,0.1118989033410478,0.22182119255549992,0.3563547091543158,0.9282486891048705,1.233446793091927
0.2202760943207156,9.974307029959046,5.204038228954551,15.398621353234311,0.0006315789473684211,0.0,18.0,600.0051516019565,0.7454324555908451,0.021052812336910757,0.9038453457077156,0.9595662474253707,0.9804793287630116,0.376138892537331,0.9440731820083782,1.5333018761139328,1.4665857154074318
8.00229624446168,2.8270083104513555,2.9313065140924954,13.760611069005533,0.07199311520620849,47.0,2051.803783376942,20341.159216937063,1.0682713981957934,0.7137248848048092,0.26706949669732294,0.990192587823765,0.6214412049633365,0.2932681420734599,0.6585282019136799,0.9566404831903434,0.5870008042040409
14.917533217954185,3.1584812247430234,2.8596321255628294,20.935646568260037,0.20402894490688053,27.0,5814.824929846095,26057.988871827107,1.0895413918743206,0.9143153990114774,0.920297067848729,0.0681538660378127,0.5931963056508585,0.7776924498182722,0.5258957727962887,0.6471073678720352,0.36123794029351153
6.262083097669025,4.809631932413489,5.350387934027171,16.422102964109687,0.03838217160692346,53.0,1093.8918907973186,16572.82733118987,1.080043240190474,0.5815027133750832,0.3416573120733944,0.6463644856257041,0.7910353948969923,0.5161965112791062,0.8801271518193752,0.8142853605862155,1.5478194556540261
5.925165839659738,3.844131972755701,2.751489147910638,12.520786960326076,0.036669746915975424,59.0,1045.0877871052996,15716.378178326082,0.9908129513950477,0.5514518659061783,0.8129400526675004,0.9970065412542402,0.5878668155804522,0.2475504080684403,0.9277291444636481,0.753182097918176,0.5891499269133007
2.451745134986207,7.72024853072328,3.3960592642533545,13.56805292996284,0.007630991361231236,75.0,217.48325379509023,6696.871249299276,0.8571488001718773,0.23497793857190444,0.898388940058663,0.957802711949862,0.8663654041650083,0.019593770562901902,0.7342697432334748,1.4525736619834564,0.7864424254934557
5.169477461258372,5.0472457651968305,4.049317979410373,14.266041205865573,0.02584604878433007,61.0,736.612390353407,13871.872506722102,0.9921155863250998,0.4867323686569159,0.722143202614549,0.990662067692135,0.5449280578686585,0.47466674157145605,0.4317235508493401,1.2478278369797824,1.1927310615497086
1.5568388195810534,4.121315970968136,4.4091773906502745,10.087332181199464,0.003956141146124491,76.0,112.750022664548,4267.459224736927,0.7708951936181994,0.14973541139427815,0.6557915614206827,0.9896100029558336,0.9436342871218566,0.692054180528773,0.7891279176518701,0.8888847732087068,0.9602400399379167
2.6970420361743725,3.9913680877662068,4.9457706478966585,11.634180771837238,0.00821943115035084,73.0,234.25378778499896,7369.254872585038,0.8658437452995007,0.25857034640649257,0.1433607993488254,0.9994041700959538,0.8594447145090963,0.7395700659041649,0.7880753226827428,0.6926492918245031,1.2727636077317106
2.147433663110314,4.307283437152457,4.593540344131049,11.048257444393819,0.005977637970918778,75.0,170.36268217118516,5878.564000585083,0.8435145976675044,0.20626540352930114,0.5481318501964497,0.9765358616854752,0.9379101350273265,0.4932165734120044,0.8135879945271807,0.5130362863453419,1.1272678091610637
0.6319701969259294,5.354719132186935,4.983047788340026,10.96973711745289,0.001240255262506681,65.0,35.34727498144041,1733.297472435386,0.7487146055922093,0.06081745517317144,0.8579161329577102,0.9877657368585809,0.8716986689923443,0.4754841784940401,0.9490277536470447,0.8053895996087705,1.4189011675658234
1.150934539427429,6.5500540825138165,5.720453871222906,13.421442493164152,0.0025009754685725812,73.0,71.27780085431857,3159.471308712897,0.8400634934148213,0.11085864241097884,0.39478147482075676,0.9637912855487193,0.9427222849283106,0.6333651813357862,0.3858464249157715,1.2708363355359198,1.6449257882418031
1.4363437611375323,9.532420034973084,3.610674073110946,14.579437869221563,0.003606135384676954,76.0,102.77485846329319,3936.763630105728,0.8043452653013371,0.13813205719669222,0.9252930365958001,0.9943472794827344,0.7200972630311171,0.418635729365625,0.8306404431834302,1.6882064482435237,0.8959163623848116
6.882392381259063,3.8893237562583836,3.8985699205360933,14.67028605805354,0.0477470010971138,51.0,1360.7895312677433,18033.946685274037,1.0507685188802207,0.6327700591324223,0.8515456592313607,0.8339995236280539,0.25169804353215053,0.6462500317161441,0.9638222725236204,0.5952254450319878,1.2989016234331907
0.8989067618211654,4.739540462422229,4.997762123426991,10.636209347670386,0.0019067705131586522,71.0,54.342959625021585,2466.4158949334396,0.7938051712829574,0.08654090859415578,0.39443072961702985,0.9844751193427552,0.9660361513957684,0.5985045363568277,0.9238550861363876,0.803776540301449,1.2787777764386399
2.925719182676106,8.68958826589512,3.8866087673599057,15.501916215931132,0.00990281579378208,73.0,282.2302501227893,7975.92508677732,0.8425399369126189,0.2798570205886779,0.31007487770810416,0.9836239194020715,0.830936114621091,0.6001147179955766,0.7608576936743259,1.6494907214495227,0.8264839405445379
6.849854928431309,3.752244550994206,3.294882794596379,13.896982274021894,0.0499935680399492,53.0,1424.8166891385522,17901.43542070729,1.0311567823072676,0.6281205410774487,0.7872509495433521,0.9807581557888392,0.6701438761804905,0.48650847903262484,0.22688469600184025,1.146367057135774,0.6609890199555091
4.1364850618146844,3.1926041390254163,3.7821548080456453,11.111244008885746,0.017414494992497184,68.0,496.3131072861698,11194.584219606086,0.9287668266578473,0.39279242875810827,0.7746232796670197,0.9960533958007102,0.9279116255244604,0.01552625791714124,0.09284434513390627,1.047058614755208,0.887220445519457
7.903995566352944,2.9856116381748383,3.7736746150043436,14.663281819532127,0.06593479458355542,46.0,1879.1416456313295,20253.737766418202,1.1316087821071334,0.710657465488358,0.47716172538833057,0.9711825432319915,0.38698197475798957,0.4148184677159497,0.6918339186340922,0.4238074912989247,1.1738970537362645
13.232240360541528,3.8766637967451762,2.4837685649136816,19.592672722200387,0.18655933367227126,31.0,5316.941009659731,25278.927480507304,1.0655479867996098,0.8869799115967475,0.5226867620042273,0.3658883605088603,0.8550140737724131,0.5879853353599183,0.8219744435980615,0.9544743680243528,0.040428345965100476
3.9570946610141378,4.416295700487863,4.841159702453178,13.214550063955178,0.015629893586555258,67.0,445.45196721682487,10728.40626850845,0.9643660825193694,0.37643530766696315,0.9902375461301373,0.7612852613459572,0.9948174377674948,0.347768672616735,0.18308675851219436,1.0791001886665348,1.2163830451222166
3.535264930934312,4.028804280178096,4.066036108659801,11.630105319772209,0.013304156536971645,71.0,379.1684613036919,9606.668865857702,0.8996376329542726,0.33707610055641063,0.8565090470563547,0.9564477168840518,0.8795628904422034,0.6222657075431935,0.7065847261186673,0.6011575019797921,0.8473358102909012
8.084792484545275,4.014450823653134,2.9930541539928543,15.092297462191265,0.07670417263770685,47.0,2186.068920174645,20397.97793138577,1.0910073992114484,0.7157185239082726,0.8461349351314608,0.7581828878052922,0.8058860658913569,0.44814729744286774,0.7782718783694798,0.8849496191876938,0.38304099923249524
4.721389204055282,3.3433134065702026,3.7490939080869516,11.813796518712437,0.022602479781733065,65.0,644.1706737793924,12711.326371443014,0.8986057195051591,0.44601145162957945,0.26703743127510327,0.9838518256812808,0.9241890728828538,0.2351164857878506,0.6139489147646959,0.8440040038066463,0.7765774856375565
2.049416413532972,5.922231308913771,3.9778701908749903,11.949517913321733,0.0059218089581647634,76.0,168.77155530769576,5606.279725563814,0.8309882028614536,0.19671156931802858,0.8759437082698805,0.9867861794206076,0.9168821777123364,0.6883693458568918,0.6362331474094931,1.242507118800029,0.7660621692572818
1.7740305403815788,5.150424100710432,4.934245352758458,11.858699993850468,0.004539338772662741,75.0,129.3711550208881,4863.004728447978,0.795692429856845,0.17063174485782379,0.8538429302794504,0.8523262011646939,0.9248816194549485,0.6414861620927417,0.9629726990900288,0.7767221050725184,1.2571304629223796
11.698484992359008,3.0866107389639392,4.017580867584111,18.80267659890706,0.15429103506631864,31.0,4397.294499390081,24875.86173172418,1.0687806758255225,0.8728372537447081,0.8104137684379312,0.039607987576849135,0.7862904811485512,0.6086951058107153,0.3518080041144529,0.8986775736802877,0.7894464450541463
0.9101982517681277,4.719215049834723,4.347313176071555,9.976726477674406,0.0019790491209772543,71.0,56.40289994785174,2496.586299427982,0.786520703377757,0.0875995192781748,0.8079053111421136,0.9945313236702321,0.8703816497138581,0.4800077788867368,0.9609452943178937,1.0067746959409194,1.0967610069277915
8.800832872067062,4.6467604879385895,2.8788152922639916,16.32640865226964,0.09493780545690464,44.0,2705.7274555217823,21574.12574557063,1.1132200853651464,0.7569868682656361,0.398009791064891,0.7853933207479413,0.8870950346587282,0.5219791779981567,0.7581934405490687,1.119771718307263,0.22189089601554723
9.122118613171764,4.688436963927664,3.5555813326864234,17.36613690978585,0.09955915472149111,41.0,2837.435909562497,22158.890491533937,1.1392103674657472,0.7775049295275066,0.9039416081014495,0.42046457923369596,0.7337117070963901,0.8995654010069055,0.9517155081960427,1.0517051156551687,0.5301383232300205
4.491146732019106,3.189021444218791,3.7892878157465937,11.469455991984491,0.02000919860497371,65.0,570.2621602417507,12124.934693110705,0.9091841575455605,0.42543630502142826,0.9636794739910639,0.9704193678891939,0.8163342733810037,0.00716798495363502,0.11897123056749265,1.0443413702913418,0.9967495029970177
1.0172283307220937,5.697817775317961,5.585447463525855,12.300493569565909,0.002145414578485193,72.0,61.144315486828,2792.8376700905824,0.7894242702850468,0.09799430421370464,0.731452374468553,0.9888051797934693,0.934183289306699,0.5005219344205424,0.2531560531347421,1.1584898055512354,1.641319594653965
0.7797141877811996,5.359272114346739,5.375050731159644,11.514037033287583,0.0015635384298639352,68.0,44.56084525112215,2139.741566191838,0.8088672054357391,0.07507865144532765,0.9769216506004268,0.9533899421153677,0.7872772062864177,0.7729255263905146,0.8093473686085324,0.9850594485108322,1.5778548458354313
1.592117901795956,4.664558198650851,4.811400719778641,11.068076820225448,0.003949416364105729,75.0,112.55836637701329,4365.61946808336,0.815707119623632,0.15317963045906524,0.8484456676328425,0.9514173845396869,0.8026145034621944,0.9478515824844427,0.9048888507875938,0.7704943449620711,1.1985811868702756
1.3350375423729481,5.103082588855444,4.649060445656834,11.087180576885226,0.0031909395217910455,75.0,90.9417763710448,3661.351349744751,0.8072649168380164,0.12846846841209653,0.6748500424452819,0.9722587233736777,0.8568523467323107,0.9107814885624322,0.8512225952035603,1.1058221999897158,1.082412936703542
5.290871995926814,3.6338745198177413,4.297669341341643,13.222415857086197,0.027617405464806503,60.0,787.0960557469854,14168.330012510358,0.9937820911380454,0.4971343864038722,0.41347784591074893,0.8309798656928384,0.8694129719337913,0.38574686659049473,0.7132737795670672,0.8622719734764392,1.027473844845109
1.8440188255221244,5.860337419638605,4.428701871894064,12.133058117054794,0.005067168958315343,76.0,144.41431531198728,5048.7329958447035,0.8097914133906174,0.1771485261699896,0.36879671373380507,0.9778095119257388,0.9643754208967208,0.9790279595291073,0.6946556499906265,1.2716848205162632,0.8305523987003127
0.588665403597508,8.332353229343095,4.35343203376621,13.274450666706812,0.0012192906311172397,64.0,34.74978298684133,1612.5259086755093,0.7236900945873603,0.05657985644475471,0.7544303511442122,0.9663283076818505,0.9742695674080031,0.6879703680684113,0.9778935123209083,1.4591995898426324,0.9178082391626354
1.241092520750848,4.539842758046784,4.549470352509433,10.330405631307064,0.0028855060565778127,74.0,82.23692261246767,3404.729409301464,0.7802835967819063,0.11946418980005137,0.8460284200952906,0.9768409621883833,0.8492047686066773,0.6610463759594648,0.8552085904008625,0.9389978096838281,1.1414927993547446
11.20793154558568,4.089792603765513,4.696134813463503,19.993858962814695,0.14251349219409773,31.0,4061.634527531785,24671.438306182245,1.0300217102054052,0.8656645019713068,0.711415309998367,0.07395071994643443,0.6386346670237922,0.6990848546100089,0.8225070718305034,0.46911748235275086,1.2255042985950357
8.887035165169321,3.092733180729489,3.143345602968985,15.123113948867795,0.09519815355784934,44.0,2713.1473763987065,21788.03184770878,1.073402742924411,0.7644923455336413,0.9105253505448782,0.789536957277586,0.847452297418615,0.7183545421987368,0.24365161767369048,0.8921329205554642,0.30539970581569253
6.3248245592806365,6.247669035810891,4.4055888596114485,16.978082454702978,0.04006845883536492,53.0,1141.9510768079,16704.34853106209,1.104040985128922,0.5861174923179681,0.7177884486582522,0.6763920002609853,0.582386375897701,0.5854710335771407,0.9072410930642878,1.25327711224006,1.2588541033139662
7.970113259119243,2.821849020033799,3.0413799213446806,13.833342200497722,0.07043508923942045,47.0,2007.4000433234826,20295.17872739694,1.1373403951932233,0.7121115342946294,0.5685442736555306,0.9568345741181097,0.33468632128158937,0.8395862846178811,0.7919660519075448,0.9937978737169482,0.704400905318054
4.419481898620817,4.026589840204991,3.153712008915238,11.599783747741046,0.020060861263760648,67.0,571.7345460171784,11927.50636570016,0.9176467048573361,0.4185089952877249,0.764789483309856,0.9991594609617301,0.6618393623193991,0.26702999259662746,0.9690608161281684,0.8295253171402608,0.735407471104951
2.829692311379465,3.9810985334328963,4.336883560901045,11.147674405713406,0.009173867606644903,74.0,261.45522678937976,7722.593119357271,0.8171401871698284,0.2709681796265709,0.6754841729040957,0.9903092873657755,0.8006576153465604,0.9239221814222736,0.85214956491784,0.6637295784357575,0.9531657012468546
4.3111376962149865,4.178271562466983,4.810973728843325,13.300382987525296,0.017687632777458526,65.0,504.09753415756796,11667.514507715066,0.9927044821056933,0.4093864739549146,0.5379760712456401,0.9825383360771741,0.5093054584941635,0.7353065389164005,0.7756590178430367,0.9632814771377718,1.5215809356517056
12.31669338956384,1.8528546815113063,3.600813889132678,17.770361960207826,0.1634824062675165,30.0,4659.2485786242205,25454.662427590676,1.145181741371624,0.8931460500909009,0.4076263185469256,0.5966325976740976,0.485402248595155,0.8495589802224961,0.23721193288703535,0.6359643399725097,0.7822958334670362
9.80658938243187,3.6378322079202157,4.726701563192048,18.171123153544134,0.11316902092476881,36.0,3225.317096355911,23220.949416672567,1.014786895395452,0.8147701549709673,0.8433338066804177,0.14738798247467455,0.9294588760177735,0.6891192621089085,0.4677903246021255,0.5727817726406736,0.9744668156287108
5.0663980066112355,3.2587167863368642,3.9884386012687365,12.313553394216836,0.026057844332442636,64.0,742.6485634746151,13589.45336471797,0.9742476622025714,0.47682292507782353,0.9183595683924878,0.9583714964076628,0.9075271088502368,0.7124508818628169,0.2626515001219515,0.6556453467617063,0.7159679981253841
7.444922255903136,4.158400425754775,3.4726769622389777,15.075999643896889,0.060711960253287345,49.0,1730.2908672186893,19193.460332732968,1.0489612403586306,0.6734547485169462,0.8761043734215026,0.6136399154395689,0.725821249222726,0.1987043140317578,0.9153267769439102,0.9778488717837415,0.7911864172915104
1.8776912121978915,4.190261195247221,4.224951871836404,10.292904279281515,0.005049720544658149,76.0,143.91703552275726,5143.1996194407775,0.8063273438887193,0.18046314454178167,0.8692010360863411,0.9809220660543332,0.9784259923698101,0.27297596422701226,0.6821040872106297,0.6416038361311891,0.9957019453558331
3.3054690304784633,4.262303439454073,4.621127617132278,12.188900087064816,0.011245152676359772,70.0,320.4868512762535,9004.499662786082,0.928592937786129,0.3159473565889853,0.8023904588019262,0.9774548897915413,0.7536503951729974,0.27987134433182265,0.34088361893709884,1.0601269309688104,1.3874104110126853
0.10866610714802659,31.888050246787984,3.4925253669939273,35.48924172092994,0.0006578461688120374,1.0,18.748615811143065,291.42160968058215,0.6255522057586524,0.010225319637915163,0.7338254171333735,0.976733084671602,0.9344267892823831,0.6480039367148834,0.8523391319212129,4.447586623405927,0.5502253006232793
2.184158447234426,3.926392531011203,4.321984749949612,10.43253572819524,0.0063110169855554905,76.0,179.86398408833148,5975.1930236306725,0.8296386176845839,0.20965589556598851,0.8517381110847392,0.9746988422251114,0.9310649666992908,0.7076138625165834,0.606262243263941,0.891785959041627,0.9131155031209834
14.188172927708974,4.010743338678764,2.160862473053231,20.35977873944097,0.1920736750278159,27.0,5474.099738292753,26028.28161879169,1.125824484266176,0.9132730392558488,0.9644050391206705,0.12176476750575105,0.1270290461244179,0.1753510696191301,0.6830519032171035,1.1782720501093813,0.6914594312476456
3.2421215333284117,3.249214800932731,4.230343056463179,10.721679390724322,0.011258819242980708,71.0,320.8763484249502,8830.291609473488,0.8671137300335264,0.30983479331485925,0.8033176606477329,0.9674712968306006,0.9308234188500055,0.18986333752846146,0.21557823547735777,1.0054321661339976,1.054668817299897
8.372512544718262,1.8646566881244402,3.6202622590506506,13.857431491893355,0.0780207814793787,45.0,2223.592272162293,21102.18418092745,1.1095921150613777,0.7404275151202614,0.7073504583493913,0.974270003936131,0.5656609841528235,0.7638028056691237,0.012992130734700957,0.8050634425009451,0.7831213484470156
0.9539337740690929,4.849594638950956,4.057928948407149,9.861457361427197,0.0021891045417604164,73.0,62.38947944017187,2614.653579809547,0.7964173313810357,0.09174223087051042,0.9698508380776389,0.9992010244868694,0.9393639968606461,0.6528738012303651,0.9691395670442049,1.0078420841329518,0.8139743263069352
0.5977769281795953,5.773697067117828,4.623107459761294,10.994581455058718,0.0011691960631509662,64.0,33.32208779980254,1639.0704583958545,0.75152568504401,0.05751124415424051,0.9881021410708104,0.9685874522936935,0.8580726912560055,0.1685669509990062,0.9422048325696079,1.0523941044779306,1.3758792603674541
8.512789192234484,3.9865504419846216,2.883594093667014,15.382933727886119,0.0902164038222356,48.0,2571.1675089337145,21063.354068815337,0.9442419297401756,0.7390650550461522,0.49690074584107613,0.9900636913112725,0.9324611795355073,0.85211430283489,0.8123636685362653,0.5529172541944383,0.07245658160125856
6.026049195861933,3.84825460358122,4.022183418977448,13.896487218420601,0.03514153048700183,56.0,1001.5336188795521,16014.01715225064,1.0458697518848445,0.561895338675461,0.5124991835408281,0.9705537047626938,0.4325450761262294,0.3778747842159563,0.9225438385900807,0.5653743779252427,1.3080442328347486
5.2911331415851,2.9863900432277317,4.018889979744234,12.296413164557066,0.02754488790663937,61.0,785.029305339222,14173.394674650355,0.9784788716537673,0.4973120938473809,0.773076625262195,0.9579529677748273,0.7505129934390583,0.4275749835336715,0.35614371554371005,0.8365480030164762,0.991333304811822
5.114296431510857,3.8541527654364667,6.059796339502049,15.028245536449372,0.024480081618408693,60.0,697.6823261246477,13742.880454714494,1.0132634129880407,0.4822063317443682,0.4733642739591322,0.7934552347553363,0.8979131343380966,0.7383771457477617,0.030784465309739217,0.9009220500679476,1.73470693227424
6.395893368671969,2.92222438542947,4.50546160592765,13.823579360029088,0.040682186579213304,54.0,1159.4423175075792,16889.429525251373,1.1052251445291883,0.5926115622895218,0.5650769216724654,0.953767444610685,0.6286422275573299,0.8104515925153865,0.248420897475641,1.031654346570801,1.1733900156853587
8.40483708166496,2.250474869504663,4.307179816611251,14.962491767780874,0.0762305299543388,44.0,2172.5701036986557,21253.996641537793,1.0060964388804359,0.745754268124133,0.6172784569833045,0.9815837269711963,0.4103532442891915,0.8820297651088637,0.18324801965419424,0.5224173956672862,1.2205645072249247
4.500152694542786,2.922366855536291,4.315163750969431,11.737683301048508,0.020080715377672125,66.0,572.3003882636556,12149.796351757876,0.903762960844703,0.42630864392132894,0.44876991599676785,0.9927499386287088,0.9769170776286652,0.41487287178744336,0.2598813921410964,0.4137215646749133,0.937016331576281
8.560364684598797,5.881590197662552,4.3991116424328975,18.84106652469425,0.08430139571803173,42.0,2402.5897779639045,21342.178024813817,1.0716954565613601,0.7488483517478532,0.4894603517792108,0.35382067249397875,0.8016609510073838,0.823822293786757,0.8969246165942376,1.2493698388350123,0.9033746467599171
3.6843405491517984,3.1470188700862782,3.9700232737610004,10.801382692999077,0.014576106248701358,71.0,415.4190280879887,9996.46644106626,0.9224310387655525,0.3507532084584653,0.8546213726729054,0.9958587405245649,0.9792344037242686,0.5672636374173696,0.15942941796638088,1.0018837317540092,0.7205209117403033
3.724962136325295,7.109633846665232,2.860506489268925,13.695102472259451,0.014635837005720298,70.0,417.1213546630285,10107.073831580312,0.9240129605576034,0.35463416952913374,0.9664319777170614,0.9822175787476031,0.48099278345839014,0.11940425748844063,0.8994646176405285,1.4227858833437916,0.8404804966274604
3.8176983084606566,4.305512956689607,4.691197718717281,12.814408983867544,0.014512574998098441,68.0,413.6083874458056,10364.469368702556,0.9374599289171328,0.3636655918843002,0.010371590500981687,0.941610533280539,0.9604567179298014,0.06251821997005319,0.31890227425520745,1.1428700404046443,1.2924550320035175
3.5243303096524774,4.15264960497487,3.797766302609832,11.474746217237179,0.013399134264083038,71.0,381.8753265263666,9575.313751885291,0.8797018610829308,0.33597592111878216,0.8856781304291038,0.9836173785646204,0.7634915205896621,0.7800398560672652,0.8699942166832209,0.6942570145228313,0.7674754503771872
1.4398804197424042,5.458690627229499,4.322315739030712,11.220886786002616,0.0035838316150375153,76.0,102.13920102856919,3947.275727644788,0.7866547016109671,0.1385009027243785,0.8560033479527178,0.9783286697503711,0.9229463419083237,0.6705565062415374,0.6585282019136799,1.1799672739540967,0.9479029295934289
3.8612085763927544,4.564848443635523,3.229198022212027,11.655255042240306,0.016784700714985334,72.0,478.36397037708207,10448.740678092314,0.8513633503508455,0.3666224799330636,0.8861263356513323,0.9939209061912797,0.943019082926705,0.4569464362403848,0.89634197106539,0.9918666587626979,0.4334570331302654
5.283858787315972,3.932680795706938,3.654733339504435,12.871272922527346,0.029116876028566437,63.0,829.8309668141435,14128.58444352476,0.8944124592241365,0.4957398050359565,0.5784499032997503,0.9366747120726832,0.8551967138029222,0.7637285505070086,0.8219187324006717,0.8284528806581237,0.5804847448154993
2.8737075494578637,4.1562634700450864,4.059431824892816,11.089402844395767,0.009339673088305269,73.0,266.1806830167002,7840.31063096539,0.894233058757101,0.27509861863036456,0.9300947203928319,0.9849270762238435,0.8774123216517503,0.2143461626504335,0.2891634385941736,1.106640783400371,1.0199256294432835
2.101015801182886,4.329674985814973,4.984573235673408,11.415264022671266,0.0057002780757797735,74.0,162.45792515972354,5753.644803655325,0.8620406724065592,0.20188227381246754,0.6143640870233545,0.957802711949862,0.7855442963685189,0.9183234075202074,0.7623879089848471,0.9880699809869875,1.305069862977585
0.8617279426135777,4.548560316198557,4.742751567064031,10.153039825876165,0.0018543540957315708,71.0,52.84909172834977,2363.7187956640696,0.7477445950341415,0.08293750160224805,0.8686670283512758,0.9886417144986057,0.9239807289088823,0.8596501272962156,0.8257605576642313,0.8941367050986357,1.0898021361675148
1.6379651742311727,4.207152716321521,4.055217450636141,9.900335341188836,0.004194146200659531,76.0,119.53316671879664,4489.404605068237,0.7990639041585569,0.1575229685988855,0.8153035621311393,0.9896100029558336,0.9436342871218566,0.09786988465440905,0.7328870828564684,0.8888847732087068,1.0193844193312254
4.761074860832479,3.301343256201542,4.047995301102908,12.110413418136929,0.022165113241365372,64.0,631.7057273789131,12824.849203320027,0.9609111653550708,0.449994708888422,0.5235636575497944,0.9994041700959538,0.6617608132942475,0.5306878085664288,0.6626926871715688,0.9465734846629015,1.0642300240605165
9.415580596090932,5.8526289422559685,4.414496583591968,19.682706121938867,0.10232735483784952,38.0,2916.3296128787115,22776.59260927706,1.0117840993494183,0.7991786880448092,0.9799228824512723,0.40018456465651553,0.6263566120453816,0.6815831560780768,0.06221884100623021,1.405767251057541,1.123940510118155
0.771597135342748,5.7744190123156365,4.393503779813495,10.93951992747188,0.0016194182480427093,69.0,46.15342006921721,2116.048778802886,0.7701343257310056,0.07424732557203108,0.8579161329577102,0.9843364890108104,0.8716986689923443,0.4754841784940401,0.9490277536470447,1.128599142239544,1.122379609638633
5.451418264750983,4.919453007199883,3.792962416727135,14.163833688678002,0.029458636152948223,60.0,839.5711303590243,14572.633592414859,0.9802969302716836,0.5113204769268371,0.8304093266906878,0.9730561208058112,0.5753300731951471,0.6333651813357862,0.3858464249157715,1.2708363355359198,0.9678857211844951
2.2812684665257636,9.496059637207493,3.5888256248370385,15.366153728570296,0.006945389685890609,76.0,197.94360604788235,6234.090441559967,0.855799621851057,0.2187400154933322,0.8889326388302077,0.97749885443483,0.7200972630311171,0.7709235898191584,0.8306404431834302,1.6882064482435237,0.7318089480820635
4.277144670445156,3.69892042984692,4.927846929356868,12.903912029648943,0.017967161421656625,66.0,512.0641005172138,11569.832509482509,0.9751319633938671,0.4059590354204389,0.8515456592313607,0.8339995236280539,0.9708767341450911,0.6462500317161441,0.2933956862497453,0.5952254450319878,1.1581641696843463
2.3946164533822794,3.5965585266301052,4.999116442138392,10.990291422150776,0.006886884607667528,74.0,196.27621131852453,6551.169652268761,0.846989876027314,0.2298656018339916,0.39443072961702985,0.9844751193427552,0.9660361513957684,0.5385023680436286,0.352364118240326,0.8062640729969894,1.2787777764386399
7.465449402872121,4.427159676862682,3.03995569653238,14.932564776267185,0.05888091135631275,49.0,1678.1059736549134,19303.47484337261,1.0638202386301492,0.6773149067850038,0.3585596022293749,0.9978485614652078,0.17493906097639456,0.4832029557714274,0.9584234813048839,1.2238971488235328,1.0053474699694895
9.225620235246653,3.3791335970548637,3.2484927353618005,15.853246567663318,0.10403555470568002,43.0,2965.0133091118805,22275.467853695925,1.0909085013858733,0.7815953632875763,0.9277044520585337,0.8238359975251197,0.9076602843232072,0.9553543070235401,0.31805428817495796,0.42619550031774045,0.2104175863339357
0.8386523055095639,6.488753139539826,4.822702158119445,12.150107603168834,0.0017709819707913176,70.0,50.47298616755255,2300.790945971835,0.7527004819071541,0.08072950687620473,0.614716578812203,0.9742466737181696,0.9447742220676633,0.6220211989096275,0.7280215989500577,1.2644915492185076,1.2041719531494177
6.241448389831897,2.8819841993516797,3.549244354096631,12.672676943280207,0.04054014371838997,57.0,1155.3940959741142,16483.47147738577,1.0513051500366435,0.5783674202591499,0.13321284392628419,0.9578591938032193,0.95160146652184,0.08253035492332073,0.42278421119085774,0.7756234280735694,0.6800443118024182
5.460659528822141,4.1016916722564565,4.595642788582697,14.157993989661296,0.030201531396384713,60.0,860.7436447969643,14577.046596779534,1.0453689647416777,0.5114753191852468,0.5472048486400294,0.6796952951194719,0.9552689682101522,0.93593731094922,0.8219744435980615,0.9542256286025581,0.8691820856866421
5.266680743817574,4.992368825529527,3.8767323314167914,14.135781900763893,0.02860203329021792,61.0,815.1579487712107,14084.201260209595,0.9701212237897894,0.4941825003582314,0.8080887310055145,0.7161229137563877,0.9784774579295746,0.3662595113988029,0.8437491481635215,1.0674783602922275,0.7225135893875967
2.929690291740106,4.249043827679599,3.582306020064349,10.761040139484054,0.009832080821853493,73.0,280.21430342282457,7988.1464379826475,0.8538973121766802,0.2802858399292157,0.9818348812049874,0.9564477168840518,0.8795628904422034,0.018812561005267958,0.7540415827951022,0.8348999590276163,0.857916797148973
5.19622108787147,7.206377936604183,3.518268705281864,15.920867729757516,0.025994680457742423,60.0,740.848393045659,13940.929398022243,0.996253072095613,0.48915541747446467,0.7521991794776736,0.9812299681711265,0.2548416583766894,0.30636026454876897,0.7782718783694798,1.4768364962738674,1.282635709507185
8.410493905630723,2.9011416661237255,2.736346210084529,14.047981781838978,0.08591979582656085,47.0,2448.714181056984,20940.0263490769,1.058019409527561,0.7347377666342771,0.11933455139679605,0.9838518256812808,0.9977471963158865,0.19995246853373638,0.39315636104757823,0.8440040038066463,0.1791544948837318
8.927482152479572,2.593325353261316,3.666472697084002,15.187280202824889,0.08760580416138705,41.0,2496.765418599531,22184.414579713393,1.0380367396138084,0.778400511568891,0.6562149389673343,0.959846991653183,0.11189121036306704,0.5590720444076479,0.5356769233989845,0.5361206665616891,1.3159944488012782
2.3923511773312027,4.166350686500214,4.248775851487139,10.807477715318555,0.007081617321189607,75.0,201.8260936539038,6540.949191046134,0.8757934155717335,0.22950698915951348,0.38284834662953493,0.9747579094969893,0.8962212482156332,0.4194716469383776,0.9731731353711406,0.7767221050725184,1.0223318507706236
0.8956250179197179,6.9767627320932375,4.648138370910304,12.52052612092326,0.0019372356946448924,71.0,55.211217297379434,2456.8104022664597,0.7642487127116279,0.08620387376373542,0.8038763743872006,0.9886727967869754,0.8286978698266169,0.9097334197768283,0.7973101543873078,1.3356455969302807,1.117166369016545
8.814953475496207,4.890863421845607,5.009769297369309,18.715586194711122,0.08962967505068381,40.0,2554.4457389444888,21773.37188608054,1.138236781692187,0.7639779609151066,0.8079053111421136,0.08828353237242492,0.9833046194829774,0.621055103987367,0.9609452943178937,0.6739105191995807,1.0967610069277915
10.286455700215246,5.0347423733967505,2.8410076202633396,18.162205693875336,0.1286407051825387,36.0,3666.260097702353,23560.187790649903,1.0358981115744927,0.8266732558122774,0.8857074300320007,0.3269671717617513,0.8441359655870541,0.08811068867099137,0.7512946328662687,1.119771718307263,0.38853884433617925
4.222028007390451,4.7492720732387825,3.827921896839014,12.799221977468248,0.017639830723707443,66.0,502.7351756256622,11424.945193364412,0.9428074900767325,0.40087526994261097,0.5951011945421569,0.956951463359471,0.553816271549983,0.4031905109352908,0.9631580773928964,1.1088012378522352,1.124135655942677
4.509611998183723,4.182135901104304,3.0533169798276174,11.745064879115644,0.02144888121407097,67.0,611.2931146010226,12151.965425451817,0.8807710299819054,0.4263847517702392,0.9646641570943038,0.9814779082465839,0.8861863949083747,0.00716798495363502,0.7225494770966252,0.7987063688784217,0.5670350395009836
8.569993184643181,2.701374448422464,2.106390115365278,13.377757748430922,0.08432106369375723,44.0,2403.150315272081,21401.323170825195,1.0471860129619002,0.7509236200289542,0.7557296260805687,0.9888051797934693,0.2602574896257569,0.20869152870948138,0.7125649215451909,0.9318257750278902,0.5622453187026171
8.363919111729745,4.075142987972669,5.912599538073212,18.351661637775624,0.07681870210335641,42.0,2189.3330099456575,21094.3595839161,1.0305645285530765,0.7401529678567053,0.9769216506004268,0.2898309398491268,0.8906668266557163,0.7729255263905146,0.06389318505219854,0.8459444568310717,1.5778548458354313
3.827355074242049,4.32562780932732,3.278850433002733,11.431833316572101,0.015617260929648248,70.0,445.0919364949751,10375.130831510807,0.8687493939532637,0.3640396782986248,0.8225860197297501,0.9763223770526873,0.8466320440111909,0.08556709689230091,0.9048888507875938,0.7704943449620711,0.6980839076634302
1.5440504191613307,4.198262755502925,4.38710439562987,10.129417570294127,0.003894477342914654,76.0,110.99260427306764,4232.0884628649,0.8405639022164834,0.14849433203034737,0.9567657735283304,0.9967551667544705,0.8149104270478179,0.9107814885624322,0.8058380639394794,0.8564669239281697,0.9904109464359152
5.6037400665097215,3.889065312560736,3.6534782111150177,13.146283590185476,0.031791675891820276,60.0,906.0627629168778,14939.015003738372,1.0293191765004484,0.5241759650434517,0.30420760346882436,0.960902607773759,0.7706758201259266,0.38574686659049473,0.7132737795670672,1.0771198137132405,0.8018606669967712
3.140954293846572,3.6777946592947774,4.065452620442271,10.88420157358362,0.011023030449727743,73.0,314.15636781724066,8554.437659984964,0.8420446084226024,0.3001557073678935,0.36879671373380507,0.9778095119257388,0.9598433227898596,0.48177007037518504,0.6946556499906265,0.9166122131027967,0.8305523987003127
7.831215306974621,5.091824085887309,5.410867415274358,18.333906808136287,0.06595762237675573,45.0,1879.7922377375385,20050.722914790982,1.0356390169017435,0.703534137361087,0.4821346333622117,0.32511800284342784,0.906739469533818,0.46898014896795226,0.9425835201268746,0.634953857411481,1.4455940344260516
0.8643939433044688,5.325143145930077,4.801459099558327,10.990996188792874,0.0017797890288625625,70.0,50.72398732258303,2372.5319453377747,0.7774666325721569,0.08324673492413244,0.8460284200952906,0.9859707752095764,0.7547931101284289,0.3214774872356218,0.9691969406666834,0.9389978096838281,1.5029208433866441
2.947810124438275,6.227414464926074,3.598868911502836,12.774093500867185,0.010348193724031582,74.0,294.92352113490006,8030.310828699602,0.8137469667518361,0.28176529223507374,0.6235283774949407,0.964371369668304,0.9663170733461841,0.3788688813214168,0.7809365245084934,1.2636723614652223,0.6376502396812498
10.977117486588254,3.097942991231494,4.192916957804946,18.267977435624694,0.1400017647470784,33.0,3990.050295291734,24330.590016267233,1.1115009248494263,0.8537049128514819,0.9157351610468827,0.06659585108900978,0.847452297418615,0.7183545421987368,0.24365161767369048,0.9874711483323395,0.7761638712012671
10.645652952666504,3.702403008692406,3.732695146648332,18.08075110800724,0.12856626415180383,33.0,3664.138528326409,24321.661084336964,1.0866828544463558,0.8533916169942795,0.900425314494323,0.43643230860170235,0.09863566529588297,0.4289129607480976,0.9042341392383673,0.4560265348884709,1.3904947356367892
2.6993418666118525,4.868942485027016,3.7888396144387024,11.357123966077571,0.008508400899743961,74.0,242.48942564270288,7370.277155878877,0.8773043718169071,0.25860621599575007,0.7358776951925429,0.9776765146884322,0.6866540432046703,0.40387699153349765,0.9630830011583376,1.103480856137212,1.0028715137258266
9.990553444487459,4.614339568206957,3.7611022055479726,18.36599521824239,0.1187883480932421,36.0,3385.4679206573996,23351.452697888297,1.1553758113030212,0.8193492174697647,0.8005863431799193,0.15862686723157338,0.9378157963853507,0.07814855372403595,0.9690608161281684,0.4531139250291787,0.735407471104951
13.72568818098507,3.8220528453704388,2.5534254231206543,20.101166449476164,0.18988683399919756,28.0,5411.77476897713,25692.15918118752,1.0849804355056494,0.9014792695153515,0.6754841729040957,0.16888156152482892,0.6400554817713973,0.3348577864661103,0.9332288544617742,0.5331281100884824,0.34220628345026505
3.877639946646145,4.263926012435653,3.9621151736855436,12.103681132767342,0.015436441548708624,69.0,439.9385841381958,10516.347445144145,0.8714411971933037,0.3689946471980402,0.8339975584088407,0.893319488499481,0.727158246423104,0.6060385475788019,0.987805980590302,0.7864131727896075,0.9463142331260705
5.014702657633314,5.634727828223507,4.7216112254698475,15.371041711326669,0.02496735322841637,61.0,711.5695670098665,13461.979707776163,0.9992993799648675,0.4723501651851285,0.7634989238069575,0.6296120238713369,0.963260880250652,0.6015994362218545,0.6783653079028876,1.182340841910205,1.0644174162381748
6.211291993469126,2.803808631130381,3.6631309934309613,12.678231618030468,0.038664746691119994,56.0,1101.9452806969198,16446.551853075074,0.9716827757416516,0.5770719948447395,0.7752537562076176,0.9978801282378404,0.4570231942962514,0.6891192621089085,0.5572542431651304,0.8781406105468843,0.9816429399076041
1.381883052420894,5.141606489736702,4.205667145683359,10.729156687840955,0.0034043370711908925,76.0,97.02360652894043,3788.3873691065314,0.7973606848164846,0.13292587260022917,0.9183595683924878,0.9810085709297065,0.9075271088502368,0.5956569789656837,0.7367972244496288,1.1168247818430603,0.9358706402893251
0.7686519484270121,5.707827970584825,5.396896265525311,11.873376184537147,0.001552721686786965,68.0,44.2525680734285,2108.9434049597226,0.8168392425846622,0.07399801420911307,0.5107686593463197,0.9665164507820917,0.9812356813117267,0.5938202256987898,0.5913323989525836,1.1370817263689925,1.4667422533269372
2.9851827751110696,4.0485242664451055,4.391002554209012,11.424709595765187,0.010049157111494214,73.0,286.4009776775851,8139.490992054078,0.8262383123691314,0.2855961751597922,0.8692010360863411,0.9809220660543332,0.9075575279687524,0.9028983728915725,0.6821040872106297,0.3997487578968624,0.8796317241882727
7.6625387141056285,4.5238546151695225,4.730033435026062,16.916426764301214,0.06294568101417784,46.0,1793.9519089040687,19698.009378609582,1.0628929465598886,0.6911582238108626,0.88659888828089,0.47851848563131083,0.6304586590217253,0.8175231308218965,0.9353745859319188,0.8310513835113131,1.2496776715081848
5.68204447574237,3.9340143174935998,2.699834477248768,12.315893270484738,0.03393198354845883,61.0,967.0615311310768,15113.207779626367,0.9748368115451151,0.5302879922675918,0.9508869351640021,0.9654480885688191,0.6473162318855455,0.14731743331904856,0.8442474592792532,0.9647616946415476,0.5502253006232793
1.7272297480679208,4.251357560754625,4.563583322480704,10.54217063130325,0.004438969040053406,75.0,126.51061764152206,4734.136535788749,0.8085373924214556,0.16611005388732453,0.8517381110847392,0.9746988422251114,0.9310649666992908,0.5051829005297077,0.6466188103402656,0.7321899059626744,1.121389181130608
0.5436076554402857,7.533955970381831,4.34129196156126,12.418855587383376,0.00110786880720338,62.0,31.57426100529633,1488.744179963332,0.7345959269111484,0.05223663789345025,0.9851945819773075,0.9761382231750081,0.9265819712433556,0.7029573169439896,0.9665459935625476,1.3453131823490896,0.954011762921537
2.906972259663704,3.3208056994096933,4.332656454463186,10.560434413536584,0.009377903355964423,73.0,267.27024564498606,7931.844067778752,0.9044188437323378,0.2783103181676755,0.8033176606477329,0.9886104065466781,0.914871046117741,0.18986333752846146,0.21557823547735777,0.9824637184526417,1.1274821528214813
4.331591867077499,3.845026758396668,3.5788091823353403,11.755427807809507,0.019206525542458164,67.0,547.3859779600576,11702.378942196368,0.8736601892057783,0.4106097874454866,0.6485584267320674,0.9980034175893934,0.628986977907132,0.7638028056691237,0.9692471879251683,0.8967368405287117,0.7831213484470156
5.875773343072286,4.047807599029442,3.7686108940364824,13.69219183613821,0.03380705578657044,57.0,963.5010899172576,15634.915177872934,1.0446610901413351,0.5485935150130854,0.9698508380776389,0.9992010244868694,0.47814427148560745,0.34478311937786854,0.1267960881466782,1.19450196419647,1.1548315240162754
3.0109224875400655,3.57043412146334,4.048714647846324,10.630071256849728,0.009967337218142752,72.0,284.06911071706844,8210.084452067675,0.9158612360537596,0.2880731386690412,0.8679777528822084,0.9844284360626997,0.8406852061535814,0.1366727398107973,0.4308989875480703,0.9926689207208217,1.0793293334317777
9.736185964866722,1.8323890276174506,2.8595394521166613,14.428114444600833,0.10787490128853842,38.0,3074.4346867233453,23341.365753699534,1.0049239541853712,0.8189952896034924,0.49690074584107613,0.9619342767383539,0.05277033505786011,0.34739641738198745,0.5620011303046889,0.9813053564690017,1.0528331086571194
1.96432905892074,4.361387356392836,4.2513908702591285,10.577107285572705,0.005443068337682701,76.0,155.12744762395698,5377.750808790143,0.8207418189681471,0.18869301083474188,0.9932085132660443,0.9906650748788012,0.9058429185626022,0.7233494012174879,0.7782465030007936,0.5653743779252427,0.9004399136797723
10.861636029720204,4.14375045344023,3.7850338927675766,18.79042037592801,0.13807620275995441,33.0,3935.171778658701,24200.671368843126,1.1485334780708443,0.8491463638190571,0.9394838204135678,0.007809849664620505,0.7505129934390583,0.4275749835336715,0.851620323074273,0.9341778156099774,0.7853700377185628
2.440177259515947,3.532562840310128,4.668821087569789,10.641561187395865,0.007231793718269041,75.0,206.10612097066766,6672.438442244456,0.8272263826536099,0.2341206470962967,0.969221739166825,0.9767169949960169,0.9873626157176659,0.5870476149338536,0.22083563564868292,0.651637884995069,1.0732043553233872
8.49596443052719,2.580596974565258,2.8127850326433697,13.889346437735817,0.08171246230114365,44.0,2328.805175582594,21306.556560083794,1.0128569686019524,0.7475984757924138,0.7491095677697037,0.953767444610685,0.33629711726059164,0.5817755667266961,0.5794465861371856,0.8180554266726423,0.6847473035549605
1.0519403513709642,5.030039880868033,4.5444398783731765,10.626420110612173,0.002323242345120105,73.0,66.21240683592299,2886.5466223098206,0.7744382741056518,0.10128233762490599,0.9033321767971054,0.9888861223595458,0.8486210995040069,0.4625820669368407,0.9905844912198754,0.6001110940056997,1.2216909181520275
8.041483612632014,2.858086531835225,4.26578811726998,15.165358261737218,0.07215920642485785,45.0,2056.5373831084485,20426.796149429,1.03183130188443,0.7167296894536491,0.44876991599676785,0.5904775788315563,0.9447769157781322,0.41487287178744336,0.2598813921410964,0.8541215561498794,0.8683154797141839
3.1606562508336977,3.2279693189195378,4.396873137134745,10.785498706887982,0.010943816885878612,72.0,311.89878124754046,8610.57345207471,0.8392341370731554,0.30212538428332314,0.4894603517792108,0.9766918464435875,0.9670342575220481,0.582567946349609,0.40222022604811525,0.8830353143957834,0.9472430760079096
5.863113186749587,3.458639731370601,3.5758150040289016,12.89756792214909,0.03569350859816005,59.0,1017.2649950475615,15567.999303790557,0.9811371834454945,0.5462455896066862,0.6141912061889204,0.9546317256226157,0.7870671728254878,0.6527666250036926,0.6351570897653527,0.8810184672774861,0.6394091552538308
0.7074160662250576,6.245843484060057,4.4452145912121575,11.398474141497271,0.001506897362402724,68.0,42.94657482847764,1938.776342378354,0.7481462628715407,0.06802724008345101,0.9664319777170614,0.9590974904103423,0.978900130053064,0.7903520221244209,0.9272480029396926,1.1833894050446854,0.9164038865164734
5.977313346879327,2.3950600201662637,4.196506643516744,12.568880010562335,0.03604063232307701,58.0,1027.158021207695,15867.710558475697,1.0078372235133348,0.5567617739816034,0.010371590500981687,0.9942794160074654,0.8734419405774336,0.6513992192441422,0.31890227425520745,0.8486543198486765,0.8550993213249471
3.790502493011646,3.7355710836718727,4.19994455452963,11.726018131213149,0.014501977313930041,69.0,413.3063534470062,10290.83300441541,0.9263616177742917,0.3610818598040495,0.8825464399515206,0.9835952166050217,0.6763019635176735,0.6287392158011859,0.6426541709631975,0.6942570145228313,1.1069839095343426
3.588921235918556,3.5809370175460336,4.141628877222358,11.311487130686947,0.013467827195138633,70.0,383.83307506145104,9753.406705708678,0.8561506040082536,0.34222479669153255,0.9229797236842268,0.9783286697503711,0.7953997171252069,0.6705565062415374,0.5335789298056967,0.7592808810607528,0.9479029295934289
0.6315014033467606,6.596251299320624,4.821126632253052,12.048879334920436,0.0012961200398676786,66.0,36.93942113622884,1730.5704216502695,0.7750866443369981,0.06072176918071121,0.8861263356513323,0.9939209061912797,0.9957004312973505,0.9096288222098109,0.5393801806480368,1.3197960734728407,1.0407146916919174
2.314308923930273,4.409968751162533,4.050882796790537,10.775160471883343,0.00703156504949268,76.0,200.39960391054137,6325.248059689965,0.8220676063741258,0.2219385284101742,0.8388505275107798,0.9366747120726832,0.9636403794252048,0.6538199742262537,0.8219187324006717,0.9973450392584315,0.7654271685370952
3.9225100344529444,4.262017863214112,3.7228076479548426,11.9073355456219,0.015957929791101052,69.0,454.80099904637996,10630.409763565613,0.914340939820853,0.37299683380931975,0.9300947203928319,0.9940137691094075,0.8255734756638139,0.32024398882706734,0.2891634385941736,1.1378061642881632,0.8429537947700947
2.3620220024850007,4.288138701840912,4.212393412143894,10.862554116469806,0.006839777406084545,74.0,194.93365607340954,6461.320533405988,0.8411558129478058,0.2267130011721399,0.8878004564156512,0.9799888669159024,0.7855442963685189,0.3285447395965915,0.7623879089848471,0.7446379264227387,1.1510954259717847
2.120024971490993,3.9993670717006573,4.633410822746739,10.752802865938389,0.005908482266567612,75.0,168.39174459717694,5803.028999886831,0.861816189855164,0.20361505262760812,0.8542325797941096,0.9654635988451707,0.8493060624870024,0.8596501272962156,0.6330558261157442,0.9004990248412812,1.0898021361675148
3.288073609550289,3.81127089912549,3.6078690726027314,10.707213581278511,0.011970720055886615,72.0,341.1655215927685,8946.393506245073,0.8379325458444751,0.3139085440787745,0.8592185579832394,0.9896100029558336,0.9436342871218566,0.09786988465440905,0.5323918834492686,0.8888847732087068,0.7696272808413926
1.7771401160502323,3.9179375920454307,4.819426298635214,10.514504006730878,0.004532301199901966,75.0,129.17058419720604,4871.924409782848,0.7981499949692191,0.1709447161327315,0.778577375483552,0.9870562954483418,0.918292472085102,0.43540939798759315,0.35861120566560234,0.9986803398125037,1.288611597810693
8.211067820199114,2.678936083989153,2.824251637564988,13.714255541753255,0.07470212794123007,46.0,2129.010646325057,20806.019972927683,1.0260598356245816,0.7300357885237784,0.8386232034502513,0.9798081564050586,0.20420782331217935,0.7595028810585164,0.7159486169572716,0.5130362863453419,0.7530522922260205
0.4205167448590199,5.347133044841444,4.920366868158275,10.68801665785874,0.0008195470874010757,54.0,23.35709199093066,1150.68034734753,0.7443899772675472,0.040374749029737894,0.8799243123073021,0.9843364890108104,0.9778295878556361,0.8817239823624902,0.9490277536470447,1.045904644170748,1.122379609638633
0.2607248815381835,7.66235653261826,5.692349826187883,13.615431240344325,0.0006315789473684211,0.0,18.0,711.6425372349801,0.7421806171997289,0.024969913587192284,0.7547300269933874,0.9834107080942985,0.9427222849283106,0.6333651813357862,0.9025695340640089,1.235699795490337,1.6449257882418031
6.490014343304785,2.8329603089995654,3.1337572893342744,12.456731941638624,0.04231929776101552,54.0,1206.0999861889422,17108.974677532926,1.0928120602779863,0.6003149009660675,0.9445171978319256,0.9899576798727543,0.1822776432042954,0.5305274540831318,0.7152569523566062,0.8219617990230064,1.0465784822723783
2.780506170928029,6.3987703840826065,4.473711888744473,13.652988443755108,0.008998204328225885,73.0,256.4488233544377,7587.027816642593,0.8785405775480232,0.2662115023383366,0.6285156193361814,0.8339995236280539,0.9708767341450911,0.6747799719191734,0.7243008305658232,1.2974874544155746,0.9515438042243831
0.7434441092656434,4.716248252658472,4.44928451699196,9.908976878916075,0.0015719485263697526,69.0,44.80053300153795,2038.2003351079761,0.768344268726849,0.07151580123185881,0.9029653970355018,0.9825282952705978,0.9660361513957684,0.5749652510212486,0.9238550861363876,0.9520827244156971,1.0167361852844357
7.679268367792796,2.346884068022806,4.454984026812629,14.481136462628232,0.06460415727604185,48.0,1841.2184823671928,19711.556513935007,1.0372826895923322,0.6916335618924564,0.30369293656849605,0.7592813976484317,0.929516072103296,0.9253842062992033,0.09207949362385881,0.7301198880162598,0.7843683709899825
19.00328762385699,1.5850879423885675,2.866224316930687,23.454599883176247,0.23603980934491828,22.0,6727.134566330171,26981.701105882832,1.1310643109412397,0.9467263545923801,0.9573599239799883,0.011396067764782858,0.12331587993720994,0.4663149410827933,0.19054812926707976,0.42619550031774045,0.9148042856920906
1.2702254562422333,4.885859507962089,4.389836711358894,10.545921675563218,0.0030813285766808003,75.0,87.81786443540281,3482.0832376439253,0.8187330352867244,0.12217835921557632,0.9432961122072098,0.9960533958007102,0.9874641863263027,0.752219193059533,0.5153425118023336,1.1171187499372008,0.887220445519457
1.5653709765507346,4.626782672013239,3.9018644713003123,10.094018119864286,0.004090626605802729,77.0,116.58285826537778,4288.653824849866,0.7828738719844626,0.15047908157367954,0.984555235184087,0.9905055022401867,0.95160146652184,0.4470187709826595,0.8695122518927362,0.8445778491476985,0.7972186944828934
7.840860799212074,6.846409400652417,4.581921873076505,19.269192072940996,0.0688848931545431,45.0,1963.2194549044784,19978.880593668946,1.1157951373863149,0.7010133541638227,0.9232168201929017,0.1905167039859681,0.9918619771163434,0.40061493232116563,0.8219744435980615,1.2869399673788382,0.9831488361577208
2.536382844131212,3.821422812163063,4.163378773949665,10.52118443024394,0.0077721202744194485,75.0,221.50542782095428,6931.262504655453,0.8047964649395472,0.24320219314580538,0.87337608982013,0.9952875717496419,0.8977194385861799,0.45588290606081233,0.5763039225852867,0.7364173889010002,0.961676137238241
8.761304727545642,1.604210428713703,3.233097324199834,13.59861248045918,0.08604093229281289,43.0,2452.166570345167,21815.50538199901,1.0923820002407303,0.7654563291929477,0.8727899980837531,0.9913650560464707,0.22817274131098952,0.900004115095704,0.1375374740039853,0.9596525453863198,0.8630063764340221
2.0544188076778243,4.261953226818915,4.055309592164986,10.371681626661726,0.005722241067072114,76.0,163.08387041155524,5623.302475613947,0.868804146814902,0.19730885879347182,0.8605276669301325,0.9799656632913624,0.8058860658913569,0.4891909972908186,0.8948267140530342,0.849834032000667,0.9939243524452204
6.866947281066176,3.2023183257493817,2.6478532078879438,12.7171188147035,0.04952229202944663,53.0,1411.3853228392288,17957.124674226987,1.0405186201667178,0.6300745499728767,0.9181089317108331,0.9959744591425093,0.32691244375638995,0.2351164857878506,0.6139489147646959,1.050310834624547,0.7765774856375565
0.6736431842213441,6.629172502866359,4.256340023229671,11.559155710317373,0.0014038783242933972,67.0,40.01053224236182,1846.5288109443907,0.7296125684030824,0.06479048459454002,0.8703561759474295,0.9844796650702046,0.9168821777123364,0.4864849397430787,0.9619035482277899,1.2486859807581119,1.0058767876552337
3.5882848649008316,4.298199025579887,3.2579090887578497,11.144392979238567,0.013977262909455645,71.0,398.3519929194859,9743.042018100063,0.851237933459329,0.34186112344210745,0.7988273848575428,0.9979773861975592,0.7804879544303671,0.22105339407979502,0.9691978659308048,0.8368482545127476,0.7039521299762184
0.9949989365747347,5.423736554300869,4.160057255685085,10.578792746560689,0.0022704087154471544,73.0,64.7066483902439,2728.1170576262616,0.7818466501479273,0.09572340553074603,0.9659560357533433,0.9914742220395532,0.9690112024943749,0.4858683937794591,0.7490383277051977,1.1277101822685476,0.9013668599411426
1.4147149449869638,4.570048047411857,4.268218330534558,10.25298132293338,0.0034465857663264245,75.0,98.2276943403031,3879.0632672526795,0.8327104183331049,0.13610748306149753,0.8079053111421136,0.9945313236702321,0.8703816497138581,0.4800077788867368,0.9609452943178937,0.6981546279837434,1.0496213103809242
4.485583965527115,3.649778823654584,3.77691250543077,11.912275294612469,0.021079946722113534,67.0,600.7784815802357,12093.126471024596,0.8672872722122396,0.4243202270534946,0.6391314025148523,0.9788826476501384,0.9611357377475372,0.627160504121594,0.5441879728223286,0.7842272266851047,0.605431036156582
8.12852571338032,3.2773276909547646,3.2618311826977466,14.66768458703283,0.07141576072877119,45.0,2035.3491807699788,20673.49094362667,1.1104028583082641,0.7253856471447955,0.3375237089343711,0.956951463359471,0.2247053490629337,0.2965626347544611,0.8583185223156768,1.0654929951587733,1.124135655942677
1.1718737620951087,4.87715951897395,4.078706163283618,10.127739444352677,0.0028100206970022,75.0,80.0855898645627,3212.7842130763443,0.75188726564511,0.1127292706342577,0.9636794739910639,0.993413150045665,0.9460249497818393,0.6026204705354442,0.8333495915442367,1.0443413702913418,0.8346535395332495
2.0000729982943892,3.874099061577553,4.724824937262816,10.598996997134758,0.005387303472069317,75.0,153.53814895397554,5478.545671855477,0.8109874662637574,0.1922296726966834,0.8859571642831052,0.9980395356499272,0.784293834323692,0.9059567645841751,0.5243740977667859,0.999307167732959,1.1837154482602723
11.602171489701956,2.8812657071390464,2.43172581250817,16.915163009349172,0.1514400453730181,31.0,4316.041293131017,24929.071760196333,1.0623647627697297,0.8747042722875906,0.9616022741969141,0.40762179875547944,0.08249721064572646,0.46543198861628193,0.8773345058253397,0.8439000339471139,0.7595872344330221
0.7366020653296271,6.204864018601091,4.603544838950273,11.54501092288099,0.0015187029982588016,68.0,43.28303545037585,2020.189597656144,0.7701576495699508,0.07088384553179453,0.8815371391615892,0.9968349255942395,0.8026145034621944,0.721259944870047,0.8915425843720521,1.191738360156572,1.1985811868702756
2.647429450484839,3.742135409588397,4.076281818322404,10.46584667839564,0.008263955246427724,74.0,235.5227245231901,7230.6617500026305,0.8580091075567138,0.2537074298246537,0.8834525808275299,0.9967551667544705,0.7799757186879438,0.563781384901778,0.64936569569249,0.9488061212607142,0.9904109464359152
1.0980911326927023,4.896183547496152,4.433794503067185,10.428069183256039,0.0024959995569670827,74.0,71.13598737356186,3012.3755390295755,0.7611688187453935,0.10569738733437108,0.761357678727906,0.9808549201982377,0.9643133712520697,0.38574686659049473,0.7132737795670672,1.0771198137132405,1.0810183302204388
1.7643781343322622,4.135224131771307,4.261302162259848,10.160904428363416,0.004767173935013501,77.0,135.8644571478848,4832.284973320312,0.7780096339636533,0.16955385871299342,0.919820929149979,0.9908909095492588,0.9244766970136319,0.8728119964357465,0.6832249042970318,0.9676904984202883,0.8305523987003127
0.5772300472664375,5.249972346849644,4.4648591361977354,10.292061530313816,0.0011757938938463648,64.0,33.510125974621396,1581.4031069556265,0.7376594954635239,0.05548782831423251,0.8218617219232413,0.9981098487287735,0.9552432007174719,0.6592739800493073,0.9893342569408464,1.066356298190056,1.0040518411738137
9.786396129559101,1.774556977763825,3.171658949031867,14.732612056354794,0.1092733439711667,38.0,3114.2903031782507,23400.70864772634,0.9991988474380205,0.8210774964114506,0.27091744650596294,0.9768409621883833,0.19570321483016162,0.5401571804454883,0.5561165507987694,0.9389978096838281,0.9906132928618092
2.155744442321455,3.9956544330253156,4.028955335729431,10.180354211076201,0.006194083864381813,76.0,176.53139013488166,5897.756683491024,0.8500459340244572,0.20693883099968505,0.9388677606472255,0.9929049309787082,0.8731430609906357,0.48540948819967544,0.6552502751984095,0.9275255556121407,0.9138285227563081
7.936992623438574,3.0429037164909083,3.0456887790444798,14.02558511897396,0.0689154473539857,46.0,1964.0902495885928,20255.98406198543,1.0533176096137176,0.7107362828766818,0.9386252394482215,0.789536957277586,0.13665054686792555,0.7337255891340407,0.9154886916534178,0.960277855636174,0.938600649525954
4.2898270644557535,3.9258507206871265,3.5322416985949237,11.747919483737803,0.018445694831978644,66.0,525.7023027113913,11596.512215211102,0.9829010770028538,0.40689516544600357,0.7177884486582522,0.9804509260420328,0.5707891000488372,0.39571557727207096,0.9042341392383673,1.0322519741818081,0.9628018290481588
5.570001672485059,4.249894124451721,2.7963265061144296,12.61622230305121,0.033139083540219647,62.0,944.4638808962599,14828.534859982787,0.9218569632497914,0.5202994687713258,0.8757177031854553,0.9776765146884322,0.6927556346688801,0.40192192313474695,0.9943325759642531,0.8843832862890821,0.4573988808386602
3.6892649508855833,4.123177248695349,3.6493095984045043,11.461751797985436,0.0146168551303616,71.0,416.5803712153056,10009.701887389228,0.903063090575746,0.35121761008383257,0.8301699723609394,0.9759942977610045,0.7126498795545566,0.8297901605197118,0.9338537586126483,0.938321519443786,0.7216537607862712
0.9171712910051006,4.919196775772522,4.64783811980335,10.484206186580973,0.0019922022350809905,72.0,56.777763699808226,2515.7991521749536,0.7925651093523506,0.08827365446227907,0.7979015261925426,0.9804498232225366,0.9544250575740777,0.6119060773332162,0.9955273857757029,0.6180854691725663,1.1100891998440936
4.705181912386099,3.5657444226327515,3.579587961319748,11.850514296338597,0.023584378834365802,67.0,672.1547967794254,12648.402577763649,0.924509539919815,0.44380359921977713,0.6794368457950172,0.9886937032157067,0.9783938189867966,0.6060385475788019,0.46475996943207065,0.9986066930971527,0.4965790265536878
1.6049205713392298,4.417441892325655,4.255186804187221,10.277549267852105,0.004238967628906413,77.0,120.81057742383275,4396.443885013948,0.7817830420838033,0.1542611889478578,0.7022750956691816,0.9861697133895342,0.9816542730919252,0.8495589802224961,0.8759291252363116,0.8635207371074096,0.7822958334670362
6.837209773634173,2.7308424987521276,3.8963383053796568,13.464390577765958,0.04768904432868906,52.0,1359.1377633676382,17923.76515808224,0.975388228778111,0.6289040406344645,0.717478441023488,0.9569256971774968,0.4570231942962514,0.6891192621089085,0.4677903246021255,0.9439812719757312,1.0815361031600168
3.0511171797294128,5.512521129015224,4.407679278294828,12.971317587039465,0.010269267055155368,72.0,292.674111071928,8316.970084931421,0.8874043144351849,0.2918235117519797,0.7443111653196857,0.9810085709297065,0.9075271088502368,0.5586866930245389,0.08329203718604761,1.342594003477115,1.022883638856658
3.7064269731931816,3.6464689024478028,4.4983405712036575,11.851236446844641,0.014004303733790557,69.0,399.1226564130309,10066.346314097913,0.9585513165264431,0.35320513382799695,0.29499974531850826,0.9921926781038727,0.8323343775703052,0.7190166709481465,0.7771166150022163,0.613973551424307,1.0660653544392664
7.844432768154216,2.4053121836351536,3.0734922471505115,13.323237198939882,0.06535545413634947,47.0,1862.6304428859596,20122.04745234197,1.0879670692410903,0.7060367527137533,0.8886143973288996,0.9931334927422075,0.0007088347437693709,0.7620917023388005,0.6821040872106297,0.6416038361311891,1.0752528218389914
1.6606645746347908,4.831666592167172,3.934927382632943,10.427258549434907,0.004332147582597,76.0,123.4662061040145,4549.834946132464,0.8346982304450596,0.15964333144324436,0.8755265435335167,0.9925422428855173,0.7536503951729974,0.6575612762213711,0.983911905268589,1.0601269309688104,0.9253210394110534
2.8682356796693207,5.013502608387163,3.730842850078502,11.612581138134985,0.010089450492299151,75.0,287.5493390305258,7813.554268718037,0.8250730203304436,0.27415979890238723,0.7489934463226124,0.9971457224444376,0.9292774208038435,0.8614215705344029,0.8523391319212129,1.0876595070768047,0.5502253006232793
4.841315657539019,2.7975789817530936,3.877567585048837,11.516462224340948,0.023691144719333458,64.0,675.1976245010036,13016.77511399385,0.9877314176914976,0.45672895136820524,0.787408515087515,0.986151322873947,0.9310649666992908,0.3854797513383754,0.07402026663349837,0.891785959041627,0.7711053304042261
7.134563949367523,2.5071563112701796,3.8632627609834853,13.504983021621188,0.05369622863888172,51.0,1530.342516208129,18565.088996983617,1.067685368322964,0.6514066314731094,0.056036369841312994,0.9761382231750081,0.7669366881067712,0.5007784532364752,0.45862328260766205,0.8312064088666777,0.8304177091461735
6.34976163926918,3.1880310189526115,2.796444295080337,12.334236953302128,0.03995327519244316,54.0,1138.66834298463,16786.172599481033,1.0203147394527348,0.5889885122624924,0.8033176606477329,0.9886104065466781,0.00844643325341865,0.18986333752846146,0.9934793734607715,0.9824637184526417,1.1886514048113836
4.261301015727994,3.4505331431847113,3.8153313445920998,11.527165503504804,0.01799292657950138,66.0,512.7984075157893,11526.52836082962,0.9713881780125594,0.4044395916080568,0.8653581902727481,0.9826975849920432,0.6843065526068304,0.22110095738556063,0.5479735163931452,0.8967368405287117,1.0601266467733956
1.2476316088473212,4.763729981677285,3.961586249966467,9.972947840491074,0.0030797773508419064,76.0,87.77365449899433,3418.9629162151973,0.8094067545452647,0.11996361109527008,0.9286938779420038,0.9971814018590244,0.9393639968606461,0.6528738012303651,0.9467857184751869,1.0078420841329518,0.7617643617223395
3.665680035752865,3.8902222262670323,4.207595392573376,11.763497654593273,0.013765433019670861,70.0,392.31484106061953,9959.195777596211,0.904176572063028,0.3494454658805688,0.525450224553387,0.9989846498808512,0.6381772928976103,0.8715313686365223,0.9891165220323467,0.6927469573158858,1.05494125883077
1.9021643946433577,5.4669495069487475,4.11075222759729,11.479866129189396,0.005179490125052754,76.0,147.6154685640035,5209.282267447784,0.7938092122842322,0.18278183394553627,0.8749392938653172,0.9900636913112725,0.9491633314867283,0.29414818358941003,0.38026722149556336,1.241643638389856,0.9591676574912844
1.171544983536639,4.6752924766340715,4.082475907399396,9.929313367570106,0.002776440774306656,75.0,79.1285620677397,3212.1402282879153,0.7927963595879296,0.11270667467676895,0.9932085132660443,0.9867999134513232,0.9058429185626022,0.5426512156955942,0.9351990631214115,0.8968054668817496,0.9004399136797723
8.951567505489493,2.270685811484558,3.230028810163856,14.452282127137906,0.08995607804408019,41.0,2563.7482242562855,22144.41171555628,1.116108388927655,0.7769969023002204,0.721728800262019,0.9579529677748273,0.24676329696364097,0.5314383974611007,0.23572532853883188,1.0729974700271991,0.9825101725276095
8.44004056676232,4.116679162737156,4.638854260622657,17.195573990122135,0.0803373784526305,42.0,2289.6152858999694,21184.05250554481,1.0013015494545303,0.7433000879138529,0.969221739166825,0.3429452804326112,0.8723302311285446,0.5150208924722047,0.627926181451318,0.651637884995069,1.0732043553233872
7.536753042929448,3.5171010250576256,3.9003697848742007,14.954223852861274,0.061151738533030166,48.0,1742.8245481913598,19429.22806223048,1.0254183638006038,0.6817273004291396,0.7491095677697037,0.696477975013157,0.6833207335028503,0.38970241490331675,0.7006749951411106,0.8180554266726423,0.9639769894858157
2.582426838872852,3.755358422369396,4.372554739541153,10.7103400007834,0.007876737569719277,74.0,224.4870207369994,7056.418572270292,0.8612756045926252,0.2475936341147471,0.9033321767971054,0.9693331712374283,0.8486210995040069,0.542547331985978,0.49814075992030793,0.9488829913573471,1.0789396896318717
1.7771443023155276,3.843542147858288,4.575338257004809,10.196024707178625,0.004669875729140149,76.0,133.09145828049424,4869.091888200389,0.8249320375062392,0.17084532941053995,0.5204879535739655,0.9763366289790033,0.9939197361990918,0.5912196951798255,0.638045686536798,0.8531619662241692,1.0295181084698894
1.1790194282887827,4.617755007708812,5.22960142032081,11.026375856318404,0.0026433140206039004,73.0,75.33444958721117,3235.8379819452184,0.7725037111745019,0.11353817480509538,0.4894603517792108,0.9640885348387523,0.8826155057961355,0.9029948071941318,0.8234604507749749,0.9824722967345005,1.3518803812579772
4.0769711130576916,3.377566116303856,4.7024874520975,12.157024681459049,0.0163536217307395,67.0,466.0782193260757,11046.685891996325,0.9850485503389537,0.38760301375425704,0.8681320419003642,0.9336667005786983,0.7901421563507749,0.6406558284445333,0.2298428052534619,0.9785361381401283,1.2320399487076958
6.650418723032087,4.392248329586188,3.80907365917275,14.851740711791024,0.04432843030335317,53.0,1263.3602636455653,17497.494607575223,1.005725593081433,0.6139471792131658,0.8666846782863501,0.9892251271632304,0.29089482912578324,0.6811833046639082,0.3321797166533078,1.2322356869754536,1.2085890621270612
1.9950255206097955,4.367955253505228,3.738064635837357,10.10104540995238,0.005753449151686853,77.0,163.9733008230753,5457.670607104641,0.8255578998660295,0.19149721428437336,0.9254695609467467,0.9942794160074654,0.9759256254946859,0.36792709389226297,0.7453172207845544,0.9935713893271991,0.7165287029118019
1.7555747916482687,4.356187332683256,4.1816962449881006,10.293458369319627,0.004648469330152232,76.0,132.4813759093386,4809.52848814288,0.8057527724035922,0.16875538554887298,0.9059206010778085,0.9759919000832047,0.995525944823348,0.3205636006126888,0.7296074209793759,0.6584745856333241,0.9401436446990594
0.681224234264516,5.135882538954907,4.9227455184044375,10.73985229162386,0.0013681357602506733,66.0,38.99186916714419,1868.193472365167,0.7929550169606209,0.06555064815316376,0.8560033479527178,0.9876748684871387,0.8384500090801963,0.7542932847466287,0.8956404343303636,1.0228119065701673,1.3098026419615478
8.341999959942747,3.1903954723555445,1.8374960944210241,13.369891526719314,0.08068970916511935,46.0,2299.6567112059015,20952.055305289774,1.0059042337664197,0.7351598352733254,0.780331608625237,0.9939209061912797,0.21247227563845195,0.3448354780347356,0.992559656226702,0.818405757889948,0.4334570331302654
4.049962578824765,4.617442899694147,3.3403444608692983,12.00774993938821,0.017102261212873733,68.0,487.41444456690135,10962.219192875276,0.8959921429423228,0.3846392699254483,0.9743810946656993,0.9366747120726832,0.7121011450318714,0.30787731134742236,0.8219187324006717,1.0718777562704203,0.7687603878027085
8.314077082320383,2.590306210055269,3.1344725181758326,14.038855810551485,0.07582487014405632,44.0,2161.0087991056052,21012.768030599225,1.127608553456568,0.7372901063368149,0.858793412953664,0.8775264591695825,0.0061461399669673344,0.9826171071972245,0.8550358901398494,0.7417168301533428,1.0045733226799691
9.493118675980021,1.602976571374398,2.6753925263958434,13.771487773750263,0.10333813629285259,40.0,2945.1368843462988,22952.183585557563,1.0838529584127978,0.8053397749318443,0.9436946144444962,0.9768485116531077,0.08287464365904329,0.7845121641485068,0.2467663348059076,0.7446379264227387,0.7698045017092863
1.0945856754597523,6.591380051021277,4.094721124399686,11.780686850880716,0.002579432260765162,74.0,73.51381943180712,3000.6630577265796,0.7873451453839255,0.10528642307812561,0.8117330482811242,0.9886945182013507,0.9214337297539711,0.6677166966624856,0.8891852059319945,1.2698011414210277,0.842258702639251
2.2845978080610854,4.740252533882355,4.2604787854883766,11.285329127431817,0.006923917557459883,76.0,197.33165038760666,6243.846101718834,0.8481232082037045,0.21908231935855557,0.7987890465558475,0.8937605205581474,0.9707385379035501,0.9367756593107837,0.9999932057597036,0.9585125541307775,0.750477336161298
0.6595477340330391,5.12078440141581,4.784179749799974,10.564511885248823,0.0013204921836502382,66.0,37.63402723403179,1808.6985022843398,0.7616187197696567,0.06346310534331016,0.9105150311526262,0.9870562954483418,0.918292472085102,0.43540939798759315,0.894065782516255,0.8239082890318601,1.288611597810693
3.002433972007759,5.784251075378122,4.423333653510871,13.21001870089675,0.009890995415000893,72.0,281.8933693275254,8188.485420651315,0.8762723248974043,0.28731527791759,0.5231796988949636,0.9765358616854752,0.6703085328593836,0.9107025702963216,0.8368388637313514,1.2488276569318368,1.1272678091610637
12.366141252992357,3.4594985024097475,3.4062110375559187,19.231850792958024,0.16541018643722416,29.0,4714.190313460888,25315.5333227876,1.1170810085690799,0.8882643271153544,0.8342639947847462,0.09530205431323335,0.3562473705973369,0.6968685345259827,0.9563698832151638,0.7691544868135181,0.8710810331300092
4.725918187305044,3.7617285657329997,3.719288241971466,12.20693499500951,0.022238045745345325,64.0,633.7843037423418,12725.586649528399,1.008926800138547,0.4465118122641544,0.6777584422568379,0.9637912855487193,0.5538676240294212,0.7885265621929676,0.9881174377086595,0.8387406575757002,0.907621791668138
6.450872614915029,2.97168699067565,2.932621609742607,12.355181215333285,0.04221404892281425,55.0,1203.1003943002063,17008.26563923251,1.0503131512220858,0.5967812504993864,0.9445171978319256,0.9905576435996991,0.1822776432042954,0.5305274540831318,0.7152569523566062,1.0290125752152401,0.9493449837740933
4.42874276441454,3.874098133241798,4.718334402612161,13.0211753002685,0.019284053906237004,65.0,549.5955363277546,11964.049317867913,0.926721357891355,0.41979120413571624,0.15220236450553715,0.8339995236280539,0.9413313394049602,0.4497568910962352,0.609567158046595,1.037658605500908,1.1581641696843463
2.3062227452343684,3.7000485730242434,4.39376974299958,10.400041061258193,0.006723529556950933,75.0,191.6205923731016,6307.690220360911,0.854675922370316,0.22132246387231266,0.6838386659101031,0.9691062065541972,0.9683246054399015,0.4383261427676309,0.5230301578378392,0.8823541272300062,1.0167361852844357
4.428778624471374,3.6453770099804936,3.9431209605225876,12.017276594974454,0.02004104006888332,66.0,571.1696419631746,11952.087892074254,0.936798122368318,0.41937150498506154,0.17903882000146898,0.9713275569031082,0.8104497369855386,0.7565899780210533,0.9227193580039739,0.9953794567229279,0.7843683709899825
3.487889651046223,3.9215805821132483,4.596833760720359,12.006303993879829,0.012325991957837562,69.0,351.29077079837054,9493.009619924704,0.8568982296647786,0.3330880568394633,0.8383953637463443,0.9707071156581747,0.7644362319807348,0.3518611521742881,0.4390150810650585,0.763354131618569,1.3326098311488166
4.378686244236193,3.346983582621374,3.958571115416046,11.684240942273613,0.019220150456935176,66.0,547.7742880226525,11830.328789006571,0.9036161010255016,0.41509925575461654,0.8167239672477571,0.9861287043529914,0.6729211571944571,0.760572319790348,0.5922086504923514,0.9483737398261003,0.9269151871470038
2.169662409708277,4.072792984447467,4.18294022210644,10.425395616262184,0.006294518203481852,76.0,179.3937687992328,5934.497713679688,0.8664057876983409,0.20822798995367325,0.15640988891683527,0.9905055022401867,0.9687657219225271,0.5515409107497196,0.9894258258427889,0.8445778491476985,0.8687663661183098
2.5461746313546976,4.530828557117527,3.5814862709354864,10.658489459407711,0.008229368810404704,76.0,234.53701109653406,6950.00055604642,0.8305814447741735,0.2438596686332077,0.9438009169529675,0.98312603861482,0.9715393764842184,0.30232899366113075,0.8219744435980615,0.8580221872399849,0.660692418444194
4.44214255538206,3.764557686677172,3.847299106477035,12.053999348536266,0.020779354111938188,68.0,592.2115921902383,11979.329852295548,0.8683329351280181,0.4203273632384403,0.8165109643342389,0.9952875717496419,0.8977194385861799,0.9451346898856026,0.5763039225852867,0.7364173889010002,0.5784058329600752
2.8635893562523136,6.657767676031941,4.237869434695505,13.759226466979761,0.009530666300901701,73.0,271.6239895756985,7809.272082078105,0.8494364814453059,0.2740095467395826,0.8565090470563547,0.8181278100147632,0.8795628904422034,0.8144790952508547,0.9909716012003962,1.2575237057112985,0.8683568506281167
1.292637664618692,4.400599474964085,4.8317765226523015,10.525013662235079,0.003014773553920464,74.0,85.92104628673322,3545.838171805887,0.8422556105180259,0.12441537444932937,0.8134998301191761,0.9799656632913624,0.8588742260375433,0.8302046289709833,0.7283176232858459,0.939087080528539,1.2042716281947974
7.733511803630099,3.152256895543229,3.419144366436737,14.304913065610066,0.06411343991810994,47.0,1827.2330376661334,19858.93522671936,1.089197541033757,0.6968047447971706,0.8192375133286034,0.8108488891394545,0.2179469490539656,0.6990970137918826,0.8903418269949522,0.9234890069993757,1.0580524109376115
6.0246004517273,4.62897927754189,4.319695658616178,14.973275387885367,0.03666931936244367,56.0,1045.0756018296447,15976.761378997704,0.993930417402643,0.560588118561323,0.825032206817227,0.6831263063331049,0.9168821777123364,0.2469267044289873,0.32471093768694526,1.157821497667435,1.0290522276966025
1.7785342646589155,4.496374229521401,4.126586524557572,10.40149501873789,0.004836903321968161,77.0,137.8517446760926,4870.532375343164,0.77455346968235,0.17089587281905838,0.847224975076511,0.950251572711426,0.9674909999095412,0.6413491100964758,0.8570836273129039,0.9908259318074941,0.8126383583989574
2.2808612427536383,4.426222559840711,3.728002999790132,10.43508680238448,0.0070133193464384114,77.0,199.87960137349472,6233.308294038946,0.7716462507614823,0.21871257172066477,0.9659560357533433,0.9847916860458807,0.9810949343384859,0.46124786308443744,0.7490383277051977,0.9605615705256536,0.665111250868792
3.2681456674757245,4.292907572514507,3.7687869765601807,11.329840216550412,0.011757187648316578,72.0,335.0798479770225,8893.169400252358,0.9038656688448777,0.31204103158780205,0.9147545907639094,0.9967674803730283,0.6509451926235927,0.8895351742774087,0.8002769555716881,1.0594635856700045,0.8255820576532038
3.6378728224805172,4.305699785278614,3.8234922584191735,11.767064866178305,0.014591503398949648,72.0,415.857846870065,9868.59894307633,0.8823775806906238,0.3462666295816256,0.8907143296348896,0.9788826476501384,0.9611357377475372,0.7243027962127061,0.43829963067252453,1.0770143398504501,0.605431036156582
4.701823278242806,3.673923635053259,3.5085838728085705,11.884330786104636,0.022050855658839158,64.0,628.449386276916,12666.244350540075,0.9212847537072164,0.4444296263347395,0.8502254185113112,0.9942623748033699,0.6500899976285299,0.2965626347544611,0.5549386480217693,1.0517051156551687,0.9037709847904978
6.979668037599419,3.22642953169084,2.452302685855236,12.658400255145494,0.051649842748386576,52.0,1472.0205183290175,18204.44922252283,1.0585567775539373,0.6387526042990467,0.9636794739910639,0.9803876016577281,0.12065995614028413,0.6026204705354442,0.8333495915442367,1.0443413702913418,0.7369730900217615
2.2490584683838466,4.3148930513002695,4.3829929445893985,10.946944464273514,0.006495838277763074,75.0,185.13139091624763,6153.125612474417,0.8110252862871598,0.21589914429734797,0.8764423877770711,0.9919917005339363,0.784293834323692,0.9059567645841751,0.6138076371912846,1.0779226858710842,1.0094286717697192
2.305274964546308,8.119599404888593,5.919009522477673,16.343883891912576,0.006398708318106655,73.0,182.36318706603967,6309.27769745112,0.9025226435147468,0.2213781648228463,0.8985573322384096,0.6397491025028489,0.9724361645719825,0.9250328274201871,0.7983089201823047,1.3113063236481497,1.5778548458354313
2.7402170461347475,4.272198463036033,3.8054252737388063,10.817840782909588,0.008898148089384467,74.0,253.59722054745728,7477.209810677621,0.8857425317010986,0.2623582389711446,0.8571917545364566,0.9893833391020969,0.8026145034621944,0.5649731199766576,0.9048888507875938,0.7704943449620711,0.8314781640272191
7.419131342836012,2.8690733506759067,3.694715426328985,13.982920119840903,0.05713866003361903,49.0,1628.4518109581425,19228.247299156606,1.054771246985613,0.6746753438300563,0.5814971453497249,0.9716246119217481,0.33520205647297796,0.470741724068935,0.6327399630376566,0.8564669239281697,1.1743265950651067
2.1580722240262715,4.415048866344891,3.7111749530613105,10.284296043432473,0.006367947048575569,76.0,181.4864908844037,5902.263601893501,0.7776903938522064,0.20709696848749126,0.6836363565441128,0.9942474474549976,0.9268627300430928,0.3428776183173849,0.9388435248572962,0.965599688235711,0.7593906458150421
4.643528770596841,3.210204169167014,4.138438470740769,11.992171410504625,0.021556918540413514,65.0,614.3721784017852,12516.202875833733,0.9057993809463988,0.4391650131871485,0.919820929149979,0.9880165560158668,0.7040065346906554,0.9815761277793604,0.30493995007175356,1.034061283811527,0.8923152306012527
0.7825371755158118,5.085673042843904,4.31842335967088,10.186633578030596,0.0016767789427242503,70.0,47.78819986764113,2145.5270886645662,0.7603541437003597,0.07528165223384443,0.9098630847268103,0.9848645157142643,0.902314258062652,0.6347139291862485,0.9893342569408464,1.0490641160137621,0.9906136353306518
1.8747849849414984,4.502294613013719,3.867395118227826,10.244474716183042,0.005108149834083277,76.0,145.58227027137337,5133.470994189246,0.843929179764527,0.1801217892697981,0.8460284200952906,0.9733496108076587,0.9278165986715559,0.16986643858610567,0.9003164977876585,0.8260507357923301,0.909166604327325
5.1898202324453475,3.261218338056909,3.7492254602159507,12.200264030718206,0.026484112567475838,62.0,754.7972081730613,13915.219453271342,1.023235989825287,0.48825331414987166,0.808868342084928,0.9808662102104629,0.5709247227875811,0.575490829684281,0.6552502751984095,0.8399541650950653,0.9792584688868553
1.651703076933746,3.843542147858288,4.68522394022375,10.180469165015785,0.004234760608594182,76.0,120.69067734493419,4527.137295654796,0.7904908761961073,0.15884692265455425,0.5204879535739655,0.9763366289790033,0.9939197361990918,0.7337255891340407,0.638045686536798,0.8531619662241692,1.0295181084698894
5.167091989708307,3.3434948583935737,3.7694804014094174,12.280067249511298,0.026998781923107337,63.0,769.4652848085591,13844.834279625275,1.010033488359139,0.48578365893422015,0.7177884486582522,0.9807718499017187,0.7627089109180791,0.6953675049079692,0.5501442939495816,0.8648290926001065,0.7548436661044269
1.2031737438168533,4.706261327437231,4.803702323333067,10.71313739458715,0.002751638616957979,74.0,78.4217005833024,3300.7988946244004,0.831699825442246,0.11581750507454036,0.7568683814325143,0.9832871923143685,0.8584184591529526,0.7967749888975927,0.9086919847209929,0.7277816850581778,1.2054750297361587
1.4876768631240456,4.4982064737016225,4.5351269888438575,10.521010325669526,0.0036149344541469555,75.0,103.02563194318823,4079.7985274278426,0.8354078350543349,0.14315082552378394,0.8026830044380475,0.9874836558522602,0.7126498795545566,0.8297901605197118,0.9338537586126483,0.9918127213824968,1.1992726176571855
1.0893455054685757,4.552449066547747,4.979894894375197,10.62168946639152,0.0023860666183577665,73.0,68.00289862319634,2989.6543650218277,0.8145786043050423,0.10490015315866062,0.938911999593353,0.9804498232225366,0.9544250575740777,0.33536522369467964,0.46141438394552864,0.8566982839422459,1.38357269147531
5.678648822922671,3.3369177793196934,3.8936131971308976,12.909179799373263,0.031885820897667456,59.0,908.7458955835225,15140.484423898459,1.0150828804823175,0.5312450675052091,0.7646696539306657,0.9552924889842678,0.4392505866244094,0.9814690994822823,0.7248599342151263,1.0282725883094865,1.008919211000788
7.087468779744795,2.8000810565858707,2.8020792753110126,12.689629111641679,0.05215194787471948,51.0,1486.3305144295052,18482.40267547972,1.0041389972873083,0.6485053570343762,0.7022750956691816,0.9904519516001747,0.07564507612677895,0.5041322203493037,0.9732579043315656,0.9144045880571894,0.9864771800831607
7.44326838286036,2.9390645878031476,3.0576261657249026,13.439959136388412,0.05933712194817868,49.0,1691.1079755230924,19230.700949209608,1.1095231179230591,0.6747614368143722,0.319669282575057,0.9911001834912617,0.4570231942962514,0.3008834836891116,0.8526744583177941,0.9743069833613975,0.8114913388749816
5.743893063258123,3.868773610357948,2.9040667711249086,12.51673344474098,0.03288695569747667,59.0,937.278237378085,15299.605528012875,0.9853837527959507,0.5368282641408026,0.9183595683924878,0.9937632826131398,0.012836392656185192,0.9937417066021182,0.9950715009543037,1.1168247818430603,0.9358706402893251
0.9975346569055599,5.43332334380229,4.327982848430742,10.758840849138593,0.002206074340185268,72.0,62.87311869528014,2736.64101372434,0.7658938083192666,0.09602249170962597,0.8959950735071867,0.9624608841994381,0.94634715250934,0.1987043140317578,0.7841356733697933,1.1037807367664905,1.1223103708614435
4.110248503168973,2.9706728295490725,4.307606472570188,11.388527805288234,0.016940445403660038,67.0,482.8026940043111,11131.400566190992,0.9045095450473528,0.39057545846284186,0.4975274744425937,0.9707055494117768,0.9784259923698101,0.27297596422701226,0.2581466851834293,0.6416038361311891,0.9957019453558331
8.256386687937669,3.3722818077556758,1.619379058430995,13.248047554124339,0.07761236417725188,46.0,2211.9523790516787,20819.241293192492,1.0917980177113888,0.7304996944979821,0.80244194432906,0.9963711873363014,0.058203469971845556,0.12002792169960813,0.9353123530427163,1.0728510271746865,0.5607494879846247
8.229362047977148,2.6141807163767403,2.642938706720636,13.486481471074523,0.07706888642332946,46.0,2196.4632630648894,20780.634944028934,0.9974403713291478,0.7291450857554012,0.8189353396894231,0.9941021466374214,0.26442362917516293,0.9147278636074028,0.6331990591684956,0.9899633696808392,0.5502253006232793
3.178033683776969,3.8619456522509474,3.9606272679048615,11.000606603932777,0.011136381816326573,72.0,317.38688176530735,8655.07115909459,0.8533522554430862,0.3036867073366523,0.6955679268950267,0.973366377723235,0.8430352601892628,0.49378407791521645,0.7401536024886975,0.9433309911844039,0.8888184607685572
12.124899803015419,3.5431965840550497,3.2982887414018127,18.966385128472282,0.16282404637414363,30.0,4640.485321663094,25099.494227799078,1.0966969463797756,0.8806840079929501,0.9644050391206705,0.04795578819789892,0.6876356672529523,0.21024904142915923,0.6017601052142374,0.7283122926647878,0.6914594312476456
3.401052782212018,5.443739086877987,4.222596801388798,13.067388670478804,0.01210236327435878,70.0,344.91735331922524,9254.60752919083,0.923489353424309,0.3247230711996782,0.26369405245939126,0.9850444415852763,0.8197069961584104,0.2660831728780999,0.6921773903090049,1.2374608482390004,1.1274821528214813
3.90064993826852,3.7352554604135517,4.193514260018757,11.829419658700829,0.015069292662785757,68.0,429.47484088939405,10585.586366997864,0.8966192723524864,0.37142408305255664,0.7673602192063126,0.9883647762505091,0.6843065526068304,0.23776707062339714,0.5479735163931452,0.9106417929107011,1.24857800048733
4.800437720996484,3.381286059983416,3.310883927223533,11.492607708203433,0.022598243482311466,63.0,644.0499392458768,12926.65083823177,0.9115496230383102,0.4535666960783077,0.9160661513467582,0.9888555421905707,0.26835760778342144,0.6528738012303651,0.9243080053577081,0.9986045986242986,1.0398648807413728
6.638602835113269,2.705244036924296,3.3493998881628997,12.693246760200465,0.04522723870207983,54.0,1288.9763030092752,17451.14534530413,0.9707429567471125,0.6123208893089168,0.7244414593962079,0.987466089877449,0.6045111025013277,0.10561558548207106,0.38589018626271654,0.9000675992984231,0.9030418817657067
0.9333222007292719,6.105630131595779,4.233275905350793,11.272228237675844,0.0020586473494787682,72.0,58.67144946014489,2559.9509263622576,0.7550183463027715,0.08982283952148272,0.9008759283390965,0.9970590763006106,0.9491633314867283,0.29414818358941003,0.6514569844353713,1.241643638389856,1.035120559461972
10.305786620659067,3.962715262550159,3.635787986124998,17.904289869334225,0.12091933186097563,35.0,3446.2009580378053,23990.318642045244,1.0272836748698184,0.8417655663875524,0.3966180738912338,0.6620623617646246,0.10119694261905166,0.5770641101329131,0.8783801920475248,1.1281620721801198,1.2867129550137708
3.35557548808294,3.2736769007600044,4.308606487628784,10.93785887647173,0.011878138949352692,71.0,338.52696005655173,9134.788312185283,0.8453415934855932,0.32051888814685203,0.7453278545456136,0.9807645272713299,0.9186544616729596,0.2834586465320143,0.278941759213693,0.8490216546055696,1.066358132135517
4.465865729315328,3.504232562463683,3.791851566338204,11.761949858117216,0.01992243046816454,66.0,567.7892683426894,12058.022839060392,0.8866455726008918,0.42308852066878566,0.8634470030003627,0.9767169949960169,0.5850549996727097,0.7476010825901216,0.7353377800589507,0.92002980217916,0.9347141077595094
9.477283475687688,3.9517190524783112,4.218296003063607,17.647298531229605,0.10447652533935561,38.0,2977.580972171635,22804.52633523548,1.1406954653404833,0.8001588187801923,0.5642440872353964,0.30707830612505593,0.7194857437550591,0.4758542694176918,0.9576809778559829,0.8180554266726423,1.0165570542082127
8.624595790111734,1.9241511648663638,3.055106629638303,13.6038535846164,0.08335983864302748,43.0,2375.7554013262834,21560.91208091761,1.118328528305082,0.7565232309093898,0.9033321767971054,0.9804587479601661,0.16873500310491696,0.9803806038002162,0.34167449092971225,0.8869818940610761,0.8056338020300196
6.9541765312944115,3.162964920123591,3.4296012276477805,13.546742679065783,0.049277987124734274,51.0,1404.4226330549268,18188.638043012794,1.0901332885158683,0.6381978260706244,0.5204879535739655,0.9763366289790033,0.29476408257231856,0.36899067519573436,0.8916576806396173,0.8531619662241692,1.1339199918519953
12.019881320281296,5.1188411178129485,3.692427129964549,20.831149568058795,0.15852792254029868,30.0,4518.045792398512,25167.012996959606,1.0417645409001415,0.8830530876126177,0.9050868116646642,0.08626856472736844,0.48870442784774637,0.44095777745037845,0.40222022604811525,1.3039881247945702,0.9811819703763467
2.1320139803997513,3.489444450037388,4.440033062984577,10.061491493421716,0.006041960477183523,75.0,172.1958735997304,5834.663047777081,0.8235653188128474,0.20472501922024847,0.7197122004887405,0.9829789969973223,0.9792344037242686,0.5672636374173696,0.4056317210500552,0.9785361381401283,0.9805828337224547
17.70302050241843,2.0790217248068417,2.856137544481184,22.638179771706454,0.22567436576447267,23.0,6431.719424287471,26855.475508104555,1.0901335404508143,0.9422973862492826,0.6580652504285215,0.09219175334668839,0.02524139053690444,0.3781790600333208,0.6464953748121058,0.6361276986584041,1.038666716093477
1.8755667351547143,4.231617061083453,4.246370564243004,10.353554360481171,0.005034443759255158,76.0,143.48164713877202,5137.5930526761595,0.8028024289300392,0.18026642290091788,0.8655829634513019,0.9788585921243695,0.9759256254946859,0.2805323765013988,0.7012063118971301,0.6181369322273995,1.0058833807158267
3.674389169684986,3.930565342408615,3.968091326127631,11.573045838221232,0.014710386524370058,71.0,419.2460159445467,9969.04830608218,0.8418502274594366,0.34979116863446247,0.9059206010778085,0.9783108021885663,0.995525944823348,0.7474687456761371,0.5167964258420551,0.6584745856333241,0.6331449322014171
4.343680501788761,3.335577529531388,4.168773942724775,11.848031974044925,0.019090177922315404,67.0,544.0700707859891,11737.213825481354,0.875052609667141,0.41183206405197736,0.3794242006915952,0.9876748684871387,0.8384500090801963,0.7542932847466287,0.5483790290590308,1.0228119065701673,0.8706692758517649
10.160904812043949,4.07506880642072,1.8634307451316703,16.09940436359634,0.12201522398915038,38.0,3477.433883690786,23666.97121043929,1.069779681702899,0.830420042471554,0.7862862520492373,0.9939209061912797,0.1597560970201496,0.4569464362403848,0.3006995665621208,1.2959839034008678,0.4334570331302654
0.9388210351831321,4.846471678047173,4.5592539687043425,10.344546681934649,0.002052334041422001,72.0,58.491520180527026,2575.098802348651,0.8011463679554667,0.09035434394205794,0.8685035177779123,0.9366747120726832,0.9636403794252048,0.48288868746270047,0.916912725378422,0.9973450392584315,1.1078494006697626
2.0944991532614257,4.733301501353447,3.9612308436762267,10.789031498291099,0.0060877333491678185,76.0,173.50040045128281,5729.356699762297,0.8144027201139409,0.20103005964078233,0.9300947203928319,0.9596643714123093,0.9294750756114444,0.6226144798526219,0.9721283148688632,0.7417168301533428,0.7707665305756661
2.5445437603069165,3.90399874388965,4.535477983682439,10.984020487879006,0.0076318150622719716,74.0,217.5067292747512,6955.171952090714,0.8689671580642137,0.24404112112598994,0.5499829708273279,0.9785795473336272,0.9265968926413759,0.37152111547513106,0.5981740765305208,0.7446379264227387,1.1510954259717847
1.7830941174741,3.721763140007945,4.765748481707361,10.270605739189406,0.004655866385451591,76.0,132.69219198537033,4886.3219991263195,0.7981884832007492,0.17144989470618666,0.785158514877654,0.9909956990328677,0.9239807289088823,0.8596501272962156,0.4569330136535317,0.9323976276966683,1.0870100327130947
7.4710471611209845,2.6882179876086947,2.4419624880515776,12.601227636781257,0.05873734028850846,49.0,1674.0141982224911,19322.333083413974,1.0836268642717792,0.6779765994180342,0.7369945975342497,0.9939447009258271,0.015551987451552507,0.09786988465440905,0.9406565004688042,0.8888847732087068,1.0193844193312254
0.6410828950474919,4.9115651268882985,4.826922791698404,10.379570813634196,0.0012802515883198772,65.0,36.487170267116504,1757.649299500027,0.7986638974465219,0.06167190524561498,0.8871439263937541,0.9937566500020685,0.918292472085102,0.5302121232005028,0.8178841198975941,0.9487108668036819,1.272325937454064
3.318091949542594,4.0511281093054645,4.135758933005006,11.504978991853065,0.012014302199321704,72.0,342.4076126806686,9027.947928399137,0.8820069090627939,0.3167701027508469,0.5481318501964497,0.9765358616854752,0.9379101350273265,0.6359639425711515,0.8135879945271807,0.5130362863453419,0.8228022727934503
4.281739395195589,3.617612947689268,3.9680916370595085,11.867443979944365,0.019401790194255423,68.0,552.9510205362795,11560.484347737656,0.9115806937870538,0.4056310297451809,0.8799243123073021,0.9755227372700249,0.9692648784587614,0.8647776979650568,0.21596086254922964,1.045904644170748,0.6015922404066876
4.108526514099041,3.924018676971329,3.7689815639603257,11.801526755030695,0.017905481081279043,69.0,510.30621081645273,11110.856469704748,0.8748723144422559,0.3898546129720964,0.31287319191682206,0.9937123216889707,0.8666795832186405,0.7885265621929676,0.8715861434037236,1.0168267539762224,0.6377071274453536
1.4763868782820413,4.014742817329251,4.650439841552814,10.141569537164106,0.0036348053827880275,75.0,103.59195340945878,4048.165522080981,0.808559507904481,0.14204089551161336,0.846829757582123,0.986345490768328,0.9623721937019298,0.6650165519726885,0.43153876900826615,1.0290125752152401,1.0737235085170047
2.425987920672844,4.40628164000544,4.420541665373254,11.252811226051538,0.007098964469197924,74.0,202.32048737214083,6634.233274026875,0.8856916868758331,0.23278011487813596,0.8408751784223332,0.9765383922846388,0.7542237498543733,0.6462500317161441,0.8690645160242366,0.5952254450319878,1.1581641696843463
4.433347430827085,5.607035572446903,4.914236441680057,14.954619444954044,0.019196803234667402,64.0,547.108892188021,11974.555447334084,0.9870462144629991,0.42015984025733627,0.8795373569970489,0.6338193785987297,0.9682605871680103,0.24196333056077263,0.6338608399483996,1.111706750945708,1.3099958068135855
1.2604517354095408,5.0461114716690805,4.228256208892696,10.534819415971317,0.003027737287526835,75.0,86.2905126945148,3456.0377695296397,0.7901476920935567,0.12126448314139086,0.911074582037998,0.9821891438718596,0.9184134953655395,0.5972517724637839,0.7705706856976402,1.0946335659380904,0.937474961810814
3.378879560968137,3.7646518667188618,4.678459648133754,11.821991075820751,0.011680289232252712,70.0,332.8882431192023,9201.454760471619,0.896931261033406,0.322858061770934,0.9293268979607621,0.9957407860682495,0.7096095637696803,0.596274595481438,0.36991162447171066,0.763354131618569,1.3326098311488166
0.7591432771676148,4.661745486475846,4.763797998344895,10.184686761988356,0.0015962709315137655,69.0,45.49372154814232,2081.6564136089746,0.769762189896025,0.07304057591610437,0.6137202542113694,0.9859795082437325,0.9874641863263027,0.752219193059533,0.9548957787838206,0.8265790284929637,1.0813219877376348
0.6397810377161742,4.984147260974763,4.7033790979566295,10.327307396647566,0.0012842706808390818,65.0,36.60171440391383,1754.2323260581438,0.7419652580341703,0.06155201144063663,0.9518732712912359,0.9905055022401867,0.9553474950419394,0.40489335546586414,0.8345335249584547,0.8445778491476985,1.2237527110561208
2.0277339572428534,4.110617672547637,4.48445679339031,10.6228084231808,0.0056063112921217444,76.0,159.7798718254697,5550.9454897455535,0.8688006875048507,0.1947700171840545,0.8272602883460861,0.9876492755208954,0.9186017178798482,0.6897525596435519,0.4173873501499198,1.072450037670893,1.0158768696379603
2.5302397451381995,3.6752155814879846,4.533912009965668,10.739367336591853,0.007749037418547636,75.0,220.84756642860762,6914.539466563861,0.8026739808318681,0.24261541987943375,0.9081508196963046,0.9596995811769375,0.9669304119747797,0.7462570345159592,0.41660196892106016,0.760645071494463,0.961676137238241
5.113219044497183,3.4842138745062234,3.4359269234938328,12.033359842497239,0.026125719002471463,62.0,744.5829915704367,13716.35030917028,0.9395672838833788,0.48127544944457123,0.9063877607560017,0.9564477168840518,0.6742880941609247,0.20549763222314943,0.5342276423225925,1.0200993300978984,0.8712268434033454
7.341438269932247,2.7739601102281526,2.469073804884889,12.58447218504529,0.057924553256106945,50.0,1650.8497677990479,19009.954219380743,1.018252191424792,0.6670159375221313,0.9519369959043144,0.9962982054044527,0.1651132420279574,0.4891909972908186,0.6814899868243098,1.016102082077413,0.7392249909128843
4.232581999649877,2.9425206500964993,4.369416165049289,11.544518814795666,0.018107266788663784,67.0,516.0571034769179,11447.927147116012,0.9072833920471448,0.40168165428477237,0.31949178768601083,0.9838518256812808,0.9241890728828538,0.7197764382758518,0.38732535832239057,0.8440040038066463,0.9008192387734777
2.0153216140572727,4.61349232257861,4.86425153805061,11.493065474686492,0.005289990093962154,74.0,150.76471767792137,5521.994074911837,0.8656001618505,0.193754178067082,0.7948892782391548,0.9791944836761188,0.7594241326057312,0.40642312703700934,0.661798216802056,0.8918512523961553,1.476716253446917
2.1706228347359704,3.803168957571034,4.35742992561874,10.331221717925743,0.006154385269951887,75.0,175.39998019362878,5939.622147825866,0.8735119642342105,0.2084077946605567,0.926247303573328,0.9887202017096388,0.9248816194549485,0.4931383728298815,0.49122242119533877,0.7767221050725184,1.0223318507706236
3.7029504791250765,4.291631728804594,3.40765699842674,11.40223920635641,0.01487085641744325,71.0,423.81940789713263,10045.071094926132,0.8374237585687179,0.3524586349096888,0.9624033233424215,0.9802032282337118,0.7966606722135532,0.46124786308443744,0.7490383277051977,1.0297288007030838,0.665111250868792
4.853583174860779,4.524756766732972,4.273748525063592,13.652088466657343,0.023494984299772117,63.0,669.6070525435053,13050.86342611323,0.9699920417890527,0.45792503249520106,0.8079053111421136,0.7016039216655945,0.8703816497138581,0.4800077788867368,0.9609452943178937,1.0067746959409194,0.9871952583008934
1.727188075483568,3.7867333296741847,4.552454461775524,10.066375866933276,0.004475866623206462,76.0,127.56219876138417,4733.030713270515,0.8360652160514646,0.16607125309721105,0.8866787922519014,0.9935297756647655,0.9534310721491538,0.5939952969826238,0.43829963067252453,0.8742008795069487,1.0581276248509228
0.9022499743260125,5.30974302444097,4.213103485169813,10.425096483936795,0.0020239411136801894,72.0,57.682321739885396,2473.336299473242,0.792975774252517,0.08678372980607867,0.8209276962279827,0.9918878767372924,0.9989813547168279,0.5390967581477927,0.8515346172465987,1.0984729230357668,0.8780196587327591
2.205500212036638,4.134759988649627,3.9924016479233506,10.332661848609614,0.006345889647484152,75.0,180.85785495329833,6033.433675203013,0.8710858446110595,0.21169942720010573,0.9636794739910639,0.986716367764524,0.752190665785045,0.6026204705354442,0.8333495915442367,0.8902841136172852,0.9684238950113357
1.020299160433715,4.263858333305183,4.969346654281539,10.253504148020436,0.0022499556112785674,73.0,64.12373492143917,2799.5270056124723,0.7629576879061446,0.0982290177407885,0.7392501469941077,0.9761362300483833,0.9611517939555294,0.8087340545873727,0.6157492826432625,0.999307167732959,1.1837154482602723
3.3723483238485383,3.1509968320910504,5.1465698956817345,11.669915051621324,0.011668758364564866,70.0,332.55961339009866,9183.679840001734,0.8847895598584626,0.32223438035093804,0.6367851236829845,0.982671548669262,0.8745626312801252,0.7729255263905146,0.04588990089361389,0.9850594485108322,1.3311696550103114
5.615878255671748,3.2365555197964424,3.716228756793349,12.56866253226154,0.03154443708355601,60.0,899.0164568813464,14979.767018247434,0.9787350615514929,0.5256058602893836,0.1797964218371665,0.9844131740556622,0.8026145034621944,0.20041559847789148,0.7257650455174435,0.8158077249673643,0.8738469513709273
0.47383906496601447,7.552114069060371,4.754070523144811,12.780023657171196,0.0009385587534847428,58.0,26.74892447431517,1297.096114671578,0.760161893120123,0.045512144374441336,0.8936147574423682,0.9730684870887875,0.9512428592129091,0.9107814885624322,0.870207466197052,1.3635457516845562,1.0534733536831098
1.9245048492889005,4.90579990619328,3.945079424152812,10.775384179634994,0.0054354293010037795,77.0,154.90973507860772,5266.573013873614,0.8226779688345904,0.1847920355745128,0.45362093601324327,0.9818074853402544,0.9810466702860787,0.508672841343224,0.9388435248572962,1.076549822486661,0.7593906458150421
6.818609905070694,3.4404567166504125,4.474983509918505,14.734050131639613,0.04931418649897651,52.0,1405.4543152208305,17828.42379207376,1.000858599547895,0.6255587295464478,0.416414899036498,0.6604867482229502,0.9244766970136319,0.8865460743517515,0.5875442117933254,0.980072941024948,0.8305523987003127
2.419085289118157,4.322376136578745,3.964469602005471,10.705931027702373,0.0073435558199624554,75.0,209.29134086892998,6611.424016827909,0.8407759406489199,0.23197979006413716,0.9098630847268103,0.988827041240983,0.8193233411069412,0.5971661916325298,0.6906767207639778,1.0490641160137621,0.8865120927314791
1.0970744213583272,5.013742866076838,4.584119414578101,10.694936702013266,0.002473590934814648,73.0,70.49734164221746,3009.5431039875134,0.8117414967414818,0.10559800364868469,0.9580754679524536,0.9689713856436771,0.8262506464656034,0.7671538192290733,0.8242138316483746,1.058718852745002,1.1414927993547446
8.021544596754339,2.4669268214341438,2.8836867342345625,13.372158152423044,0.07018202726013517,46.0,2000.1877769138523,20443.008798128387,1.0631715498127845,0.7172985543202943,0.7812330336778746,0.9535672473006963,0.187596618679725,0.46478837555852176,0.6552502751984095,0.9616251484697274,0.9138285227563081
11.219164527047132,4.343442243317655,2.9190863323327463,18.481693102697534,0.14525104318919693,32.0,4139.654730892113,24571.634977332098,1.0301310491204223,0.8621626307835824,0.9823389889998856,0.2214515798084794,0.36772481268772683,0.4147957612421831,0.862238514606936,1.1126470749660555,0.7416607026624851
1.8516000801535535,4.084263251442879,4.556469123832334,10.492332455428766,0.0048943752184012895,75.0,139.48969372443676,5072.696066757611,0.8379482325820629,0.17798933567570566,0.7554739869749366,0.9838152622856593,0.8773479981489182,0.679785598802566,0.6045880373741764,1.0205657924421434,1.09969843801517
2.452150351514991,4.609765714700045,3.8948220313343835,10.956738097549419,0.007650765968350893,76.0,218.04683009800044,6698.1145663966,0.8460135767057074,0.23502156373321403,0.9667627940774648,0.9794191538972503,0.8584184591529526,0.7650499755829533,0.9630830011583376,0.6582123460850493,0.74606164945956
3.088257541687102,4.206762041009773,3.632249594519337,10.927269177216212,0.010829327936014653,73.0,308.6358461764176,8411.319919629444,0.8537878720348454,0.2951340322676998,0.9204847764799762,0.9822316371159315,0.7126498795545566,0.7091922686518569,0.9304887527103415,0.9409349208674223,0.7717519079289943
10.612947989747429,1.8157962260155096,2.8108345062688254,15.239578722031764,0.13065482565156294,35.0,3723.662531069544,24224.374359768946,1.02540257850456,0.8499780477111911,0.8086519381177357,0.8167944315277446,0.4487158299023314,0.3433693606516567,0.054856314046555554,0.6465539955673192,0.6448634164661398
0.6403077321038914,4.662771195192005,4.7485828152029335,10.05166174249883,0.0013118011954933388,66.0,37.38633407156016,1754.8311065069759,0.7854608137598856,0.06157302128094652,0.8377505949378535,0.9930810311293162,0.9376668685976005,0.9020871854902693,0.9093098000906714,0.9774954600664132,1.0653202943958062
4.610637746037493,3.284484236753533,4.123319154330969,12.018441137121995,0.021490566903067766,65.0,612.4811567374313,12426.655460360455,0.919500329227961,0.43602299860913873,0.5196083850696112,0.9810116663786713,0.8384063757044459,0.8495589802224961,0.5440315501375153,0.8635207371074096,0.8053682933045039
5.886900076629687,3.0391196345458265,3.790800042491516,12.716819753667028,0.03402551499378744,58.0,969.727177322942,15664.436729036552,0.9934996695104151,0.5496293589135632,0.9776084693924332,0.9777808988397559,0.4570231942962514,0.6405308288245142,0.5029731285343464,0.6509475350038478,1.0705106720027846
3.2012859391808397,4.423233713454291,3.7971081938718174,11.421627846506949,0.011372915953916598,72.0,324.12810468662303,8715.473518214563,0.844643687499711,0.3058060883584057,0.9505929792861417,0.8953384202875116,0.8971775136473953,0.28218642242622183,0.8391428534366793,0.9130008562960996,0.8376371810089447
1.4233866387667458,4.506123193439385,4.163404311819225,10.092914144025357,0.003557224836769991,76.0,101.38090784794474,3901.254415958016,0.8274507921910277,0.136886119858176,0.8730625145722506,0.983991906496149,0.9996065838247696,0.42304091493136536,0.8169237556087976,0.7611675739743073,0.8912192540523627
7.394740774805008,2.783316156817209,2.7313417397418505,12.909398671364068,0.0575760336848753,49.0,1640.9169600189462,19156.549005532193,1.0267595595019727,0.6721596142291998,0.6588683311237656,0.9791458248465879,0.17379467825092132,0.1296674268925897,0.8884292345958004,0.9466711080029322,0.9957019453558331
5.448244252237952,3.3806513732347954,3.757506631788078,12.586402257260826,0.029482771308002927,60.0,840.2589822780834,14560.902334249804,1.0450567508917357,0.5109088538333264,0.2639216049137343,0.990361019299041,0.5744529788919418,0.6993944589774154,0.983911905268589,0.9864063262474232,0.9253210394110534
1.7532628584811742,5.130759389232065,4.091145457424286,10.975167705137526,0.004859236071784355,77.0,138.4882280458541,4799.320235318421,0.7924059391882602,0.16839720123924282,0.8454684493766809,0.9749849332410143,0.9875814019826027,0.8614215705344029,0.8044260396378703,1.0876595070768047,0.6879249538126562
15.22264908304874,1.9892546365630777,3.3932307853273787,20.605134504939198,0.20392249453750508,25.0,5811.7910943188945,26406.563733974177,1.0086663878082847,0.9265460959289185,0.6640474755437398,0.14249147126139117,0.3392880449793515,0.6003734618717564,0.32331553553031744,0.9347274182870045,0.9131155031209834
3.8782941439596708,3.8456651661651047,4.219965135482912,11.943924445607689,0.015011972618121995,68.0,427.84121961647685,10523.377743886947,0.9520007165948131,0.3692413243469104,0.9987243988067868,0.9873750178971199,0.7669366881067712,0.21024904142915923,0.04952202738435163,1.1035608619458561,1.190945216617163
2.618681739942666,4.370700203161128,4.066595529063423,11.055977472167218,0.008349464996917673,75.0,237.95975241215368,7149.5421402394295,0.8444656747315746,0.2508611277276993,0.8033176606477329,0.9831723485629515,0.8729774879501184,0.8008498710948515,0.910713783306579,0.6334576674331127,0.7998290345773782
1.4285372531989158,4.399416648554373,4.117351006184633,9.94530490793792,0.0035277615323310485,76.0,100.54120367143489,3916.6847798106437,0.7821071492069183,0.13742753613370678,0.8653581902727481,0.9826975849920432,0.9707999056109726,0.22110095738556063,0.7962293235298401,0.8224238992914767,0.9774335570919472
0.6195905149548799,5.445466751457903,4.6083551443059605,10.673412410718743,0.0012809560072217312,65.0,36.50724620581934,1697.5245956792878,0.773629244141648,0.05956226651506273,0.6200984956150769,0.9992010244868694,0.9895388663441976,0.8349594263377434,0.9249587459688952,1.12454662890208,0.9706390666527156
9.403340710707141,1.8388058158431417,2.8072659240347972,14.04941245058508,0.10048984025341867,39.0,2863.9604472224323,22852.071202396895,1.0630222603486243,0.8018270597332244,0.6361907300757959,0.9844284360626997,0.09154073488098169,0.5529545755675047,0.5097668080026913,0.8458735856830002,0.9145161549852112
4.110795875276679,5.435674175365346,3.201507748336723,12.747977798978749,0.016957742903959166,67.0,483.29567276283626,11131.07102070828,0.9357218832278417,0.3905638954634484,0.9008759283390965,0.9880658551549151,0.2958230178410698,0.4963321779042713,0.9698193199658134,1.241643638389856,1.035120559461972
1.6245383223519045,4.031331600560988,4.3871592390840615,10.043029161996955,0.004171535508370929,76.0,118.88876198857149,4452.004071564085,0.8263140798331716,0.1562106691776872,0.7708949875494873,0.9889673102482918,0.9736771140316286,0.5426512156955942,0.656541192474122,0.8274059985669031,0.9777388710582642
2.953608606261437,3.760393481713805,4.349098628438704,11.063100716413945,0.009588043541123489,72.0,273.25924092201944,8058.9910812545295,0.8448300540550187,0.28277161688612384,0.7453278545456136,0.9986425798167375,0.7505056288140804,0.5575051309711603,0.6037260691283268,0.9453066715571068,1.15214372991408
1.8045805979969372,4.5266284304619875,3.8152497559062373,10.146458784365162,0.004842416675478809,76.0,138.00887525114604,4942.9965326596575,0.7928638603695446,0.17343847483016342,0.969221739166825,0.9851318252053736,0.8537877381060509,0.26892542896534344,0.9249156075415302,0.7925172247606622,0.9186609723247043
5.373683907163915,2.9411730417491198,3.715039242327883,12.029896191240919,0.028680291631966844,61.0,817.388311511055,14378.405581260695,0.9613724344681945,0.5045054589916034,0.9534390007166011,0.9841626406514365,0.7194857437550591,0.36906764401235054,0.27438127676120005,0.7884658949370431,0.894066009837033
3.981566151722149,2.925988998552105,4.5234647971166,11.431019947390855,0.015759840640599633,68.0,449.15545825708955,10795.040466154293,0.9676085102589909,0.3787733496896243,0.7790932609403043,0.9926255320424769,0.8486210995040069,0.48659159881758823,0.07501835303345161,0.9241052094533178,1.148702790276639
2.107455033192013,3.485293318270971,4.3603372620509795,9.953085613513963,0.005909964866848257,75.0,168.43399870517533,5768.603021738786,0.8195315541344277,0.20240712356978197,0.7820538630364943,0.9863235769725733,0.9939197361990918,0.3272713701960421,0.33543195611965504,0.944572133436832,1.0222432970852307
8.6671330614338,2.1805303355513486,2.8573676135377393,13.705031010522887,0.08487498790495211,43.0,2418.9371552911352,21614.71587483695,1.1306693869305233,0.7584110833276123,0.7512467753016204,0.9869155294100909,0.31242155407674876,0.582567946349609,0.40222022604811525,0.8830353143957834,0.7251170619285521
1.0715351561099726,4.8164822544371635,4.354378045378851,10.242395455925987,0.0024888301377785846,74.0,70.93165892668966,2938.231837909688,0.7553729981234567,0.10309585396174344,0.5558554406744323,0.9937570967973837,0.9786007144017443,0.7161209499891816,0.9063594622490181,1.0613383075576508,0.8957694926876547
8.03329330993042,4.761024007380299,4.73235617892258,17.526673496233297,0.07196948287582285,44.0,2051.130261960951,20389.028955434198,1.1206781973417694,0.7154045247520772,0.895989908304554,0.2798773331693354,0.9410444769700065,0.5914314745612553,0.9632294443677917,0.6866268733349727,1.0282033567335223
1.8610987439247504,3.7544043299936085,4.400194251583317,10.015697325501677,0.005071042058491576,76.0,144.52469866700991,5096.852379386243,0.7791396963607669,0.17883692559249975,0.9254695609467467,0.9881190598637214,0.9759256254946859,0.7540271046003113,0.4385417590287449,0.972951803269938,0.8942107574381462
2.7757291396342727,4.074842547758918,3.8227948290701894,10.673366516463378,0.008810064560246057,73.0,251.08683996701262,7577.562984056685,0.8723866369591954,0.26587940294935736,0.9065576923460634,0.9759919000832047,0.6790681252251927,0.3205636006126888,0.8218063328000418,1.0060185203150216,1.0590197220416124
0.3188307287392058,7.270105063169897,4.70671998192143,12.295655773830532,0.0006333129901930996,1.0,18.04942022050334,871.1174880867106,0.770892946879719,0.03056552589777932,0.9846891101247699,0.9965267012743496,0.9550222512839595,0.20651731504177528,0.8956404343303636,1.2443609412745937,1.3098026419615478
0.579909463932789,4.893494124707867,4.491654862870235,9.965058451510892,0.0011763987462138077,64.0,33.52736426709352,1588.9201181412066,0.7338192000729324,0.05575158309267392,0.9395797527069873,0.9846329651111592,0.9627408970536515,0.5935037859964539,0.9779713182793283,0.9918666587626979,1.0361795227740518
6.296892115789821,3.2049011143043953,3.102219057510611,12.604012287604828,0.03959061793218976,55.0,1128.3326110674082,16654.43290195952,0.9783178521791638,0.5843660667354218,0.8985053725048987,0.9366747120726832,0.12785417019032208,0.48288868746270047,0.916912725378422,0.9898045667621458,1.1078494006697626
2.5496160462908173,5.037699567025674,4.736890242791064,12.324205856107556,0.00761951491900671,74.0,217.15617519169123,6970.289427298851,0.8206196519699931,0.24457155885259124,0.8350299999311382,0.9970975620616743,0.865405069343408,0.6226144798526219,0.08367994917388555,1.2344446197261096,1.2122194317646109
1.0692454761027985,5.291230104762972,4.433045545611856,10.793521126477627,0.0023935766781428055,73.0,68.21693532706996,2933.381496802176,0.7963540109129976,0.10292566655446232,0.8422723277200518,0.9835258628097918,0.7855442963685189,0.6571259580180012,0.9517878224759305,1.0837274630794367,1.1510954259717847
1.8239458216303908,3.778357860937594,4.441774748962609,10.044078431530593,0.004871272674380315,76.0,138.83127121983898,4996.0067367951815,0.8352329906132863,0.1752984819928134,0.9278009535207021,0.9920510131329271,0.9434795387140608,0.681073412161352,0.4817989149943852,0.8941367050986357,0.9767094610063616
1.0254897471963438,4.290951902322257,4.432441295677179,9.748882945195778,0.0023131758299654586,73.0,65.92551115401557,2812.87064622286,0.7533510402988631,0.09869721565694246,0.8318480632806905,0.9930851989194035,0.9548719726702803,0.5648631047167758,0.755276739733637,0.9944651871786989,1.0193844193312254
1.8923495365343592,4.132354975984567,4.075122332267671,10.099826844786598,0.005127239262498892,76.0,146.12631898121842,5182.671911235795,0.8085992331145148,0.1818481372363437,0.8745462659936649,0.9932774814929585,0.9199656021399979,0.3017420538801116,0.7089387528554535,0.8099244277654614,0.9676270232151962
4.604802554627944,4.2973614155141835,4.2167953064344585,13.118959276576586,0.02149517433046189,65.0,612.6124684181639,12409.998118578847,0.8854893794501051,0.4354385304764508,0.5481318501964497,0.802802693366336,0.9379101350273265,0.5846784576370619,0.7636023899509602,1.043275564420145,0.8574547517670048
0.635790929088693,5.168611890897131,4.654144447923875,10.4585472679097,0.0012914463832468918,66.0,36.806221922536416,1742.7829628456354,0.7589506956720568,0.06115027939809247,0.8799243123073021,0.9843364890108104,0.9195468612856535,0.6867118321846718,0.9180499032448703,1.045904644170748,1.122379609638633
2.5288995800146923,5.88938590910495,3.706120778510613,12.124406267630256,0.00820055283307498,76.0,233.71575574263693,6901.958791416981,0.8492316980971248,0.24217399268129758,0.9002040986806279,0.9800956288523567,0.8657560502825703,0.7811694148397345,0.8582506859047457,1.1926460422562113,0.6377071274453536
1.8622673949087936,3.8440713752759663,4.566238608374752,10.272577378559511,0.0049429724168831134,76.0,140.87471388116873,5101.409298818738,0.8562301711352194,0.17899681750241184,0.9209485851873597,0.986345490768328,0.9560273597336297,0.5600380339983791,0.43153876900826615,0.788667882522073,1.0737235085170047
7.489975968115322,4.985314186472248,4.974916490273602,17.450206644861172,0.06069412981877648,47.0,1729.7826998351295,19302.619173102656,1.0389662583078947,0.6772848832667598,0.951605245227798,0.2748104062921606,0.9261921663206926,0.6264446914839121,0.8690645160242366,1.0155457058410882,1.1581641696843463
1.5794404413966505,4.7503393717241105,3.9821285154160737,10.311908328536834,0.004156470108866456,77.0,118.45939810269401,4326.701230012698,0.7862185458506907,0.15181407824605958,0.9029653970355018,0.992763713927452,0.9660361513957684,0.5587776114680312,0.7519250275844179,1.0514314520910295,0.778087140674736
9.93182406137846,1.841633590555373,3.5163435176419946,15.289801169575828,0.1115007924757866,37.0,3177.7725855599183,23607.411434211925,1.149644102843725,0.8283302257618219,0.3679454192295542,0.9772295891662227,0.022864037030824957,0.9313792308590862,0.5425530504815115,0.931675868813326,1.1699822990510391
4.535933397032249,3.8929603922389497,3.718785476674577,12.147679265945776,0.021665822641460657,67.0,617.4759452816287,12219.327648620498,0.8954575521404485,0.42874833854808764,0.9293268979607621,0.9248994203193612,0.9621540118447174,0.596274595481438,0.5196627352943765,0.9290621256359721,0.5869651243935436
0.5949301556843618,5.722625130207985,5.128346135086809,11.445901420979155,0.001181381918956839,64.0,33.669384690269915,1630.6654061857357,0.7800650538930753,0.057216330041604764,0.7355933949386301,0.9874344093491446,0.9874641863263027,0.8423020732614219,0.6105667811202947,1.1657651053493132,1.2297844344744888
1.1999733077918602,5.30319661680249,4.0345814014377614,10.537751326032112,0.002877779779326289,75.0,82.01672371079923,3289.526622826306,0.8122919090169094,0.11542198676583529,0.9094462988328151,0.9905055022401867,0.95160146652184,0.4470187709826595,0.8010235257015276,1.1110625416903674,0.8686454266720469
6.1674304460030775,4.328291628192972,3.5930881606070746,14.088810234803123,0.038577421949905794,56.0,1099.456525572315,16322.462593553357,1.0853894776197963,0.5727179857387142,0.44030575918997367,0.9961991471343528,0.5260380563705246,0.6897525596435519,0.7313212480840691,1.1716584075117265,0.8799999424098903
3.5659676253062824,4.559876704447214,3.8758986574196275,12.001742987173124,0.01368609533108518,71.0,390.05371693592764,9685.25806029231,0.881852798569176,0.33983361615060736,0.42782221394833836,0.9933979906262277,0.9165419724515128,0.45588290606081233,0.5763039225852867,1.1432953375531596,0.7820645757208915
1.362485866335161,4.109719263787138,4.462843508450435,9.935048638572734,0.0033604376306654213,76.0,95.77247247396451,3734.767459808583,0.8191554957630981,0.13104447227398539,0.5255332575156537,0.9953059718561745,0.9588531604786458,0.8787176840516627,0.8332398426570963,0.9908558622541952,0.9003080471941747
1.371366156799109,4.573739986632751,4.35588442427522,10.30099056770708,0.0032696766912076866,75.0,93.18578569941907,3761.6637628070234,0.7880307710113459,0.1319882022037552,0.8605276669301325,0.993399205833789,0.8058860658913569,0.4891909972908186,0.8948267140530342,0.849834032000667,1.1546968245309208
7.075497863472995,2.3697689413027296,3.1055239573807483,12.550790762156472,0.05220007535080929,51.0,1487.7021474980647,18441.487010021523,1.1106967216656254,0.647069719649878,0.981238414457053,0.9986010842681785,0.27397299797798713,0.6070584594187032,0.4202922654448514,0.960215223448428,0.9008192387734777
1.952605388106695,3.724758777288128,4.3849859074901945,10.062350072885017,0.005356012125890413,76.0,152.64634558787677,5346.060446332297,0.8539289567559852,0.1875810682923613,0.7948892782391548,0.981293039987213,0.9636206161318417,0.5775986514398533,0.501314133392645,0.9713857920626812,0.9674913006231849
1.6161279819171108,4.216714129956837,4.280232753568123,10.113074865442071,0.004116185184525904,76.0,117.31127775898825,4429.734543700899,0.8093233269873902,0.15542928223511926,0.8271502136863383,0.9959780437352441,0.9162491064671101,0.4410442409466357,0.7561760653195738,0.7767221050725184,1.0223318507706236
0.7690711255969767,4.746766761806367,4.39169972404977,9.907537611453115,0.0016252897780423179,69.0,46.32075867420606,2108.728833956289,0.7876901394305588,0.07399048540197505,0.9659560357533433,0.9847916860458807,0.9358316857635106,0.46124786308443744,0.8912138683870203,0.9605615705256536,1.0631603474017854
1.017684654393097,4.438338377217047,4.489124735728379,9.945147767338522,0.002301707030821264,73.0,65.59865037840602,2791.1899851208996,0.7599179722806627,0.09793649070599647,0.7870041063204158,0.9906793567533325,0.9443084363362302,0.7374956984309408,0.8057732313013565,1.0188963669526823,0.9894169794260987
1.4925416722454794,4.9256165414860895,5.207511318667628,11.625669532399197,0.0035332052363431566,74.0,100.69634923577996,4095.0271167439205,0.8248096957291826,0.14368516199101475,0.8866787922519014,0.9763235414325391,0.8255681148730689,0.7017921947916119,0.43829963067252453,1.0678537638092942,1.4729996408233719
1.1015394567263923,5.464705450599374,4.160810847758434,10.727055755084201,0.002582943965552023,74.0,73.61390301823266,3020.171901609133,0.7757633910567708,0.10597094391610992,0.8884119726045357,0.9918878767372924,0.9232759687467963,0.6558255523918176,0.8515346172465987,1.128334038251006,0.8780196587327591
1.2123662189506488,4.174984995889951,4.4318207689704465,9.819171983811046,0.0028508335534648674,75.0,81.24875627374873,3325.288446536733,0.7541237342900539,0.11667678759778011,0.766096244002272,0.993413150045665,0.9460249497818393,0.6026204705354442,0.7483649262887797,0.9699771663397287,1.0100494503006532
1.3441655267743986,4.114316530740905,4.466889352928439,9.925371410443741,0.003302748288858856,76.0,94.12832623247739,3684.6348907410393,0.8187466464958986,0.1292854347628435,0.5255332575156537,0.9953059718561745,0.9611517939555294,0.8787176840516627,0.8332398426570963,0.9908558622541952,0.9003080471941747
2.4059902935725574,4.384966680005051,3.941630569893639,10.732587543471247,0.00732795598611092,75.0,208.8467456041612,6575.778732531318,0.8125162362146018,0.23072907833443224,0.9769216506004268,0.9852522008607606,0.7872772062864177,0.7729255263905146,0.9167453084158942,0.7224716852759305,0.8375211088632781
2.46637235841722,4.710134633008846,4.509213433710119,11.685720425136186,0.007325768395123756,74.0,208.78439926102703,6743.30258058278,0.8443778062111613,0.23660710809062385,0.8218787506918769,0.9893833391020969,0.8026145034621944,0.7263057785266975,0.45605737415733316,1.1407765739130156,1.1216103144577687
3.410985912356011,2.911531301056037,4.383204123653288,10.705721337065336,0.012483877769198966,71.0,355.7905164221705,9276.263612724282,0.9179866789481501,0.32548293377979937,0.6696215288956686,0.9967551667544705,0.982332038306155,0.6860590955483294,0.13862284777402933,0.8564669239281697,0.879537710251463
1.0048335570822813,4.297247730071442,4.473775666903341,9.775856954057065,0.0022670638635020257,73.0,64.61132010980774,2755.951355710338,0.7548441746461999,0.09670004756878378,0.786537281114762,0.991457083877824,0.9765988195567188,0.6466629387582079,0.7787564049216216,0.965599688235711,0.9859903287210727
2.4395080518004026,3.5423495128040274,4.503298404799815,10.485155969404246,0.00734707309010281,75.0,209.39158306793007,6667.763292493206,0.8716143165902833,0.23395660675414756,0.919820929149979,0.9954265742200857,0.9659306131453639,0.7070336991455776,0.08918264745182392,1.0640377578074591,0.9644269226479523
2.4060216440781366,3.831987481851668,4.547937620967113,10.785946746896919,0.007096113751813428,74.0,202.2392419266827,6579.5367712594325,0.8296895691593554,0.23086093934243623,0.7886084124731257,0.9848645157142643,0.902314258062652,0.6347139291862485,0.3435560808176855,1.0490641160137621,1.079248713821765
2.4274220451504727,3.86847759662429,4.717005580745077,11.01290522251984,0.0072191533552968205,74.0,205.74587062595938,6637.069699929324,0.8229444156633562,0.23287963859401137,0.8460284200952906,0.9613702639248471,0.9872314972170447,0.7083182486220411,0.07000974832767903,1.101158002316252,1.0492301530562709
1.8128621881360472,3.9956544330253156,4.259939065404274,10.068455686565638,0.0048228208826232,76.0,137.4503951547612,4965.975902511826,0.8317368269099854,0.17424476850918685,0.9388677606472255,0.9929049309787082,0.8731430609906357,0.5969495799168671,0.6552502751984095,0.9073224689316162,0.9898974169056425
0.8819342368955053,6.1688168054189045,4.4740274544527905,11.524778496767201,0.0019240365294889697,71.0,54.83504109043564,2418.6023434887984,0.7819789986756942,0.08486324012241397,0.5204879535739655,0.9915019326954145,0.9939197361990918,0.4990514255784032,0.7545526119486338,1.2615326008421182,1.0295181084698894
2.459748833039886,3.9022816856472122,4.395990602121935,10.758021120809033,0.007299991389269637,74.0,208.04975459418466,6725.016658901097,0.863439600974742,0.23596549680354725,0.7177884486582522,0.9939039102586855,0.7752403066224443,0.6833889878565108,0.7067095470482785,0.9677063781250228,1.1096951139228302
2.5212529248811393,3.7992856749720194,4.65037637018067,10.970914970033828,0.00756261541463692,74.0,215.53453931715222,6891.052980318322,0.8960318981906488,0.24179133264274813,0.555389760347159,0.9776765146884322,0.8584184591529526,0.7650499755829533,0.6429940236524312,0.9327326323282426,1.119817660913705
0.6804514918212682,4.909564460141002,5.091480620609822,10.681496572572092,0.0013584525653054275,66.0,38.71589811120468,1866.3306747299953,0.7779294147796668,0.06548528683263141,0.6237533558793207,0.9815502316187708,0.9489295342285493,0.5479757937839432,0.821092776449137,0.9918127213824968,1.3661788923915008
0.41303350649749243,6.524127829043002,4.8463534712320575,11.783514806772551,0.0007955607112535098,52.0,22.67348027072503,1130.2794817309464,0.7535121905337869,0.039658929183541976,0.83998490473172,0.9551705314988542,0.9953996537844662,0.5058176669095178,0.9955273857757029,1.1576447104011023,1.2181853388858266
2.3818076539605295,3.8088096390972734,4.155885267032527,10.34650256009033,0.007185731293481645,75.0,204.79334186422687,6511.103053284801,0.8013213236610938,0.22845975625560705,0.8376209731393558,0.9930851989194035,0.9410437366404067,0.5648631047167758,0.5445505963385521,0.8774055674666537,0.874247288059558
5.734000506715375,3.015415799586513,4.032157420963849,12.781573727265737,0.031899428741382095,58.0,909.1337191293898,15292.878417484424,0.9768714287135877,0.536592225174892,0.7989917981672174,0.9926138095163979,0.5714191000394246,0.336094404045324,0.33488596028138534,0.8635207371074096,1.1999087646790625
6.060153347715768,3.404318344959336,3.825570916388659,13.290042609063764,0.036525130158917125,56.0,1040.966209529138,16080.807944091015,0.9927931889370798,0.5642388752312637,0.7781739069130393,0.9919749906107806,0.4570231942962514,0.7752204623762148,0.4677903246021255,1.0894070648125815,1.0305836728222806
0.9002865716573922,5.1745412209968915,4.410960430843285,10.485788223497568,0.0019886117328414177,72.0,56.6754343859804,2468.8776516084467,0.7540407304135773,0.086627286021349,0.9049884773473563,0.9979341174264232,0.9597601444684878,0.6501050492659289,0.7077170999840385,1.1168247818430603,0.9716117029367588
2.2026174106080383,4.017443074395905,4.093552405006812,10.313612890010756,0.006404558319191035,76.0,182.52991209694449,6024.932457231103,0.8360186072649868,0.21140113885021417,0.8531837045446937,0.985338733391786,0.9653203649830266,0.3907601200773162,0.6168093199425788,0.8030309360345607,0.8912192540523627
0.9657069280861775,4.6722850633569255,4.1968909966871975,9.8348829881303,0.002156639544395098,73.0,61.46422701526029,2648.3106818603815,0.7951513906671495,0.09292318181966251,0.906481439289015,0.9933222113699611,0.9784259923698101,0.27297596422701226,0.7487063157797483,1.0389423759710992,0.9957019453558331
5.326885891743995,3.5792608346429184,3.4604341170996036,12.366580843486517,0.027416927012081323,60.0,781.3824198443177,14269.403876155691,1.0468087412557576,0.5006808377598488,0.7226688225060535,0.9901563664979727,0.2570455554187092,0.46666195969929447,0.983911905268589,0.9308030270768786,1.185615882587694
1.2070685445700156,4.985990755858816,4.328991288334625,10.522050588763456,0.0028474114621625103,75.0,81.15122667163155,3310.447995554261,0.7623652049582869,0.11615607001944776,0.8861200628120833,0.9937470062830815,0.818902121310685,0.8614215705344029,0.8803951969054622,1.0876595070768047,0.9823839593711323
1.257329957046299,4.587436700422864,4.529853660730436,10.3746203181996,0.002961875465145948,75.0,84.41345075665951,3448.406282270678,0.8079149310258431,0.12099671165862028,0.3290465538693801,0.9925528857319553,0.988442541617945,0.4718499205218867,0.7664412654570003,1.0765124784254376,1.068029948803337
2.596840067125305,5.941070014966797,3.606717304082325,12.144627386174427,0.008439073565546346,75.0,240.51359661807086,7087.292822805402,0.8282568558262553,0.24867694115106673,0.9745103915905584,0.9761382231750081,0.9890306224435919,0.21024904142915923,0.46366308223110253,1.2576465267533563,0.6914594312476456
0.7147295094594811,6.092060297125095,4.259863655281811,11.066653461866387,0.0014789041218762472,68.0,42.14876747347304,1959.8438272983988,0.7582186130195826,0.06876645008064557,0.8684619534739293,0.9984519360589402,0.914871046117741,0.18986333752846146,0.8538358782138015,1.1786993774270398,1.1274821528214813
1.4215292432881215,4.317949060401992,4.46030990119655,10.199788204886664,0.0034866076275724468,75.0,99.36831738581473,3897.994513321993,0.7722380388064687,0.13677173730954362,0.7868848638751539,0.9924259081545816,0.9347985305909986,0.6544507981009455,0.8191419045209514,0.7109228748534395,1.011584952595138
0.7980076959712475,4.4273656467136835,4.780797739848505,10.006171082533436,0.001693711304256458,70.0,48.270772171309055,2188.5942557863173,0.7496183586897589,0.07679278090478306,0.678381301372508,0.9950867498069655,0.9393639968606461,0.8887768877299623,0.8520428612986245,0.996999281337327,1.0827429943555709
1.8599601159805872,4.0110134618798945,4.404933987265515,10.275907565125998,0.004936021193977781,76.0,140.67660402836677,5095.192305655508,0.8447926460076691,0.17877867739142134,0.8679777528822084,0.9855785521056951,0.8406852061535814,0.632791019115528,0.6511886577563474,0.9926689207208217,1.0793293334317777
3.8579824666816163,3.0625538893342372,4.16943563210705,11.089971988122905,0.015077829953671927,69.0,429.7181536796499,10468.521750382411,0.8844876132663153,0.3673165526449969,0.9058122293911046,0.9946480218742281,0.8662585003445927,0.29414818358941003,0.17693009748015553,0.7843882760720666,1.035120559461972
1.840148042749277,4.138765087644346,4.186223630553238,10.165136760946861,0.004987693335900445,76.0,142.14926007316268,5039.768872595492,0.7857566172342128,0.1768339955296664,0.8373293134235293,0.9904278589116446,0.9189829005061398,0.6140634278268026,0.7317349866042684,0.8968054668817496,0.9004399136797723
0.9272307314149666,4.622164633634556,4.2393365059114965,9.78873187096102,0.0020457114533945974,72.0,58.30277642174603,2543.1280294605535,0.757354095376327,0.0892325624372124,0.7453278545456136,0.9873808112901384,0.9715338810750206,0.28433909348748143,0.9470388301349553,0.9507296031613088,1.0198260247715831
1.0601664783381481,4.684860373021118,4.553196599355873,10.298223450715138,0.0023765123326470795,73.0,67.73060148044176,2908.2135045768573,0.8090836893063721,0.1020425791079599,0.7729372784503916,0.9873651741722261,0.9014479978748654,0.6015629522639713,0.9361264871015197,0.7925172247606622,1.1176944629781915
6.935523230409184,2.8765762068004928,2.670630660415181,12.482730097624858,0.049720737003882326,52.0,1417.0410046106463,18130.88097023079,1.0717578518054807,0.6361712621133611,0.854073445312299,0.9841626406514365,0.1008150452748553,0.34035100681326624,0.8341703039250703,1.0190665078860428,0.9645136662216753
7.639476225945535,2.9259232948468634,3.1735076922047205,13.73890721299712,0.0628317171499459,48.0,1790.703938773458,19655.130630458287,1.074103967083196,0.6896537063318697,0.7319677381301567,0.9361494948902529,0.30123714386216516,0.6341857808809978,0.6760891203984665,1.0299128785244305,0.8855117999935933
0.6157071632780068,4.767580104016353,4.4877424478108745,9.871029715105234,0.0012707902779923248,65.0,36.21752292278126,1686.918944822362,0.7649269563887027,0.05919013841481972,0.7820538630364943,0.9934752420503986,0.9939197361990918,0.663500474480254,0.9988433842908373,0.9652091185777758,0.9745927721125636
1.9974421816870886,3.812084677092029,4.356482325714319,10.166009184493436,0.005540393508465225,76.0,157.9012149912589,5468.004948523701,0.8439104770612856,0.1918598227552176,0.7374192063363056,0.9868044485172804,0.9670342575220481,0.582567946349609,0.5702984778558138,0.8830353143957834,0.9472430760079096
0.9327509656310469,4.487464209000696,4.507155899915979,9.927371074547722,0.0020614745570978737,72.0,58.7520248772894,2558.220261343968,0.7634974176604968,0.08976211443312168,0.8339104318701922,0.9879270928492278,0.9084536082926359,0.7854767173161441,0.9020288214452711,0.9785361381401283,1.0162812049456207
7.900894032770031,2.6193294416862294,2.763890093717651,13.284113568173911,0.06782051061332195,47.0,1932.8845524796757,20209.141422199446,1.0084977845011247,0.7090926814806823,0.8436775211299611,0.9875581077872695,0.11838606334238566,0.6853253983399702,0.7694398969357485,0.6361276986584041,0.8404804966274604
7.098994854224008,2.5103656491128836,3.8736333541790398,13.48299385751593,0.05245682946119368,51.0,1495.01963964402,18505.788449817574,1.0035814680278976,0.6493259105199148,0.44319293207787125,0.9852158211805229,0.5335485177900225,0.7540271046003113,0.5000378407274837,0.972951803269938,0.9647450057198173
4.620546430121348,5.272621066831263,4.003307281840659,13.89647477879327,0.021179911485501315,64.0,603.6274773367875,12457.516387478905,0.9444780999864019,0.43710583815715454,0.6544184495098567,0.9759919000832047,0.6615928161446557,0.6843385373720784,0.5443846560143981,1.2757809591254123,0.9847698687940785
0.6999715817134828,5.077343708309955,4.432235450937213,10.209550740960651,0.001458956488912157,68.0,41.58025993399647,1918.9015711307968,0.7610583394868661,0.06732987968879989,0.7733291468114581,0.9937159191770331,0.9618198914812477,0.49398977034193275,0.9220630235242865,1.0556526516484233,1.0454106527807228
0.9839412922195565,4.37926392033351,4.43334303546909,9.796548248022155,0.0022045520916938745,73.0,62.82973461327542,2698.3101613385443,0.805890870908417,0.09467754952065068,0.8044990197558517,0.9916179447658047,0.9627408970536515,0.5935037859964539,0.7860731020386096,1.0093650631997586,1.0011081369991528
0.7964976983806692,4.661174902851253,4.523812478609429,9.981485079841352,0.0016782929106626929,70.0,47.83134795388675,2184.3543236650667,0.7997155781561562,0.07664401135666901,0.7781959348613512,0.9944234330886883,0.9636403794252048,0.3770539055752104,0.7992190882009202,1.0107943021331722,1.1345476542726236
0.587134423893456,4.719431691508387,4.544914614251212,9.851480729653055,0.0011978557529846317,64.0,34.138888960062005,1608.5386646638553,0.7587878793573272,0.05643995314610019,0.8142880172915674,0.997188455921685,0.9726453137353729,0.7060661272132277,0.9721283148688632,0.9936061067402497,1.0077951702701968
2.326867437048694,4.018800531582068,4.1069858737869485,10.45265384241771,0.006883279665783556,75.0,196.17347047483133,6363.279238175319,0.8048115961290102,0.22327295572544978,0.9506923394090475,0.9880702018797539,0.8288466188044086,0.6315983062970589,0.7052074772821018,0.8464265866965712,0.9357883422154689
1.0204235107677646,4.46560692318782,4.271432669004816,9.7574631029604,0.0023129287129968865,73.0,65.91846832041126,2798.5634270033497,0.7681965542077753,0.09819520796502981,0.9370209559863506,0.9876447590249442,0.9970458571918702,0.36526521029811604,0.7672471264088645,0.8941367050986357,0.9767094610063616
2.3102172775143623,3.887765767800632,4.190139093042214,10.388122138357208,0.0068062802420614564,75.0,193.97898689875151,6318.198610491775,0.8057884272298863,0.2216911793155009,0.766482005521564,0.9946825373901178,0.8392011065260533,0.6838345047233942,0.7214407746134808,0.9595492031807826,0.9463142331260705
0.9229838296573182,4.919746557798062,4.947941695110563,10.790672082565944,0.0019515067565169498,71.0,55.61794256073307,2532.9224365284513,0.7936265674723281,0.08887447145713864,0.8745462659936649,0.989286514222137,0.8609336729488979,0.5900285901718016,0.7932519728301582,0.8099244277654614,1.3618671098631085
0.7590392251782524,4.735369043946978,4.647421581906595,10.141829851031826,0.001592933902025539,69.0,45.39861620772786,2081.4863098349765,0.7621898547884335,0.07303460736263076,0.6796475266447188,0.983797824473253,0.9458918602127322,0.6673827160366923,0.9430150927096206,1.0099621172404953,1.0986190509067084
0.8779394737984441,6.292141871703276,4.153425718313239,11.323507063814958,0.0019620765902454806,72.0,55.919182821996195,2406.6676419457735,0.7741326965983153,0.08444447866476398,0.8799243123073021,0.9958839714335466,0.9195468612856535,0.6873974804792411,0.9180499032448703,1.2171280037918657,0.8686863451865454
0.8854724210544377,4.654222584491197,4.302806138746673,9.842501144292306,0.0019409571697279963,71.0,55.317279337247896,2428.0250654702204,0.8002066101211023,0.08519386194632353,0.8577774586361154,0.9923104864302932,0.9353735337084944,0.510616824567542,0.895542013314157,1.0168267539762224,0.9978264263241883
0.9190819693021653,4.634502431696133,4.431063353029176,9.984647754027474,0.0020409177833147244,72.0,58.16615682446965,2520.293211020496,0.7722942111964702,0.08843134073756126,0.9139614379360158,0.986345490768328,0.9711881368633425,0.6650165519726885,0.7730320591557559,1.0290125752152401,0.9639935387534218
0.6717838265998154,6.3077125899851785,4.477278870109333,11.456775286694327,0.0013704828959555748,67.0,39.05876253473388,1841.957914744346,0.746839603489278,0.06463010227173144,0.8690946508499656,0.9853106207313764,0.905054992322564,0.4109724276858169,0.8690645160242366,1.1964436240769656,1.1581641696843463
2.0137912507950637,4.466200421079499,4.432240617872118,10.912232289746681,0.005556027950841216,75.0,158.34679659897466,5512.9047686453805,0.8678876334755221,0.1934352550401888,0.13260188297942888,0.9825282952705978,0.9660361513957684,0.5042751988026086,0.7639636177769132,1.105012327399506,1.0167361852844357
2.799853972122231,4.121596211683069,4.4443953323645236,11.365845516169824,0.009072161413958772,74.0,258.556600297825,7641.030716626484,0.8274326083774479,0.2681063409342626,0.7546115839223676,0.9772295891662227,0.9567261740915219,0.7072775521665525,0.19158401815309278,1.133795530408934,0.9380658760435807
4.522550794889864,3.221606388863198,4.570582096655827,12.31473928040889,0.01987033980648496,65.0,566.3046844848213,12213.758845450717,0.9131892594202072,0.4285529419456392,0.7499191985467669,0.9929869467137468,0.7096095637696803,0.8481635523832969,0.36991162447171066,0.763354131618569,1.155119306947432
0.6453336924474542,4.904964002869755,4.417522623796029,9.967820319113237,0.0013206834294770418,66.0,37.63947774009569,1768.6879977540334,0.7902998208188061,0.06205922799136959,0.9526135356349468,0.9925048565636155,0.9396268038114688,0.44310585125204366,0.9548957787838206,0.9206574376171217,1.0813219877376348
1.7377651352886507,4.50407703363542,3.98046732732851,10.222309496252581,0.004696506887621936,77.0,133.85044629722518,4758.818480376099,0.8107868465872451,0.1669760870307403,0.8705197051315895,0.9905055022401867,0.9472664123591791,0.549480469891731,0.8695122518927362,0.8445778491476985,0.7972186944828934
4.2538719741196624,3.4781400818233648,4.022389863808602,11.75440191975163,0.01780865167330472,66.0,507.54657268918453,11510.635522094344,0.9283009289038581,0.4038819481436612,0.8272602883460861,0.9971071201830684,0.5241563915966302,0.6897525596435519,0.6645810759663245,0.9982633194994879,1.1357806104667483
2.621332186078306,3.784207071437585,4.166402785266174,10.571942042782064,0.008169910942650798,74.0,232.84246186554773,7160.574644085589,0.8122941821357241,0.2512482331258101,0.8361603490946522,0.9845782113489557,0.8977194385861799,0.45588290606081233,0.5763039225852867,0.8204259634332329,0.961676137238241
5.398279199863757,3.259157093090506,3.3720565404820886,12.02949283343635,0.02840048083007685,60.0,809.4137036571902,14447.858609972134,0.9932058103798203,0.5069424073674433,0.8323467602123475,0.9979045460963205,0.37676535295697233,0.2674504792105045,0.7348412483074327,0.9908558622541952,1.1012856262702266
1.1560782554273166,4.357902778843164,4.302797604483727,9.816778638754208,0.002710712704885554,74.0,77.25531208923829,3170.3857512629975,0.7674743461539163,0.1112416053074736,0.8605276669301325,0.993399205833789,0.9673758468213752,0.5470800473282809,0.7813117091351408,0.9168071454727622,0.9474121539812872
1.2872994631639683,4.334006483892006,4.363249334231501,9.984555281287475,0.003045758569435445,75.0,86.80411922891018,3530.621663676926,0.8084738477972643,0.1238814618834009,0.8242059654946423,0.9838518256812808,0.9241890728828538,0.39091932632293713,0.7265110970575791,1.0057534181151135,1.0808595038298145
1.1874559176815842,4.042663317584849,4.6483297532313825,9.878448988497816,0.0027698627904161454,74.0,78.94108952686014,3256.6161129022357,0.8137231543180051,0.1142672320316574,0.7948892782391548,0.9844440093860779,0.9806806719410491,0.7397173722702909,0.6141119184384884,0.9713857920626812,1.0290522276966025
2.0767752310610628,4.254594018488952,4.050821069706995,10.38219031925701,0.005887063011457078,76.0,167.78129582652673,5683.363360967838,0.8268559032115567,0.19941625827957327,0.9097436749155833,0.981844335432646,0.9162491064671101,0.4410442409466357,0.7561760653195738,0.7767221050725184,0.9008229881011385
0.8030921127714931,4.683812776559251,4.69072017572584,10.177625065056585,0.0016891080132094868,70.0,48.139578376470375,2202.595715341259,0.7996817346535391,0.0772840601874126,0.8178050624128712,0.9861094580477493,0.927698364619987,0.6092674208028876,0.8430938005084717,0.9605615705256536,1.1609169782502713
3.177372056769234,3.511942857099416,4.0541656432812445,10.743480557149894,0.01096880046187378,72.0,312.6108131634027,8655.21944234268,0.8973154700143563,0.3036919102576379,0.9461030388615095,0.9874435784827011,0.8167122065462229,0.422425932555818,0.4662077025727303,0.8837666672813933,0.9894169794260987
1.4436526866243122,4.234065315487859,4.338165737847589,10.015883739959762,0.003600302515226303,76.0,102.60862168394964,3957.3769789019643,0.8016334769532397,0.13885533259305138,0.8866787922519014,0.9887897483872907,0.9333536097612257,0.7006856860475652,0.7403396518567531,0.9035124638945295,0.9333563943163146
1.262987923299502,4.384729138685182,4.235918207302057,9.883635269286742,0.003027128026736977,75.0,86.27314876200384,3463.1850488289488,0.7867981656044054,0.12151526487119119,0.8209276962279827,0.9890519755439791,0.9303661039820009,0.5390967581477927,0.8515346172465987,0.9498398657550018,0.9525367058157244
0.8618160815301424,4.510939839988244,4.576711036931752,9.949466958450138,0.001854082161642876,71.0,52.84134160682196,2363.9883486436156,0.745241340822954,0.08294695960153037,0.8932624507896633,0.9866572471647337,0.9460249497818393,0.5875127461826317,0.7687903360002923,0.9873103027262791,1.0935854965588505
6.5379851280430765,2.7122698571241797,3.196167277485078,12.446422262652334,0.04326695756709883,54.0,1233.1082906623167,17220.893508184243,1.0257903611982153,0.6042418774801489,0.8484108702554876,0.9953059718561745,0.3011867189638082,0.4005340570568731,0.6198321667980613,0.9908558622541952,1.010904662089712
1.4179809577762126,4.110550579577979,4.42877223032828,9.957303767682472,0.0034839711632469305,75.0,99.29317815253752,3888.1422079263407,0.7682433897471102,0.13642604238338038,0.7464727800451981,0.9852522008607606,0.9194838623173796,0.6775372472405934,0.7605778181026844,0.996745519528409,1.0019770239151486
3.56649435852374,3.4259741588696446,4.318019077818769,11.310487595212154,0.013114300010511828,70.0,373.7575502995871,9696.129087163552,0.9040787251090732,0.3402150556899492,0.8571917545364566,0.9892168695073397,0.8133112488837585,0.5173229474953743,0.39232342238319423,0.7704943449620711,1.0784488200314253
0.3894254565107319,6.530121204291792,4.787458234087863,11.707004894890385,0.0007581394431057597,50.0,21.60697412851415,1065.1598513438805,0.7400689116530885,0.037374029871715106,0.9567657735283304,0.9967551667544705,0.9349957363524347,0.8132622673165564,0.9111192618423218,1.2032902764310471,1.1266002305440947
0.7179802725773731,4.660622757245035,4.63410041349218,10.012703443314589,0.0014944528901055666,68.0,42.59190736800865,1968.4910497712408,0.7764298609352484,0.06906986139548213,0.6737570752678869,0.9875310357927267,0.9765988195567188,0.6078182548842421,0.9307762507603556,0.965599688235711,1.0856906264980184
3.3257705125073698,3.9089834190831834,4.092408189087869,11.327162120678423,0.011670438561983501,71.0,332.6074990165298,9055.606181094054,0.8467835983109502,0.3177405677576861,0.8938773837215079,0.9908909095492588,0.6643717102537328,0.557809074404391,0.589056719935752,1.0376407346874656,1.1030308806233888
3.714797164996201,4.457003218000195,4.117955688662555,12.289756071658951,0.013979809426640927,69.0,398.4245686592664,10089.410334699758,0.9592091678949879,0.3540143977087634,0.67076094513227,0.9891294966733476,0.5150355567774082,0.8063613746126546,0.8899909134629065,1.0824493337069279,1.157063878273028
0.5678910863751402,4.909945278455029,4.8747971940261,10.352633558856269,0.0011325747494812357,63.0,32.278380360215216,1556.2080684181453,0.7417391536734133,0.05460379187432089,0.8460284200952906,0.9855997739108591,0.9278165986715559,0.8965490976333728,0.9616480205401066,0.9389978096838281,1.1414927993547446
3.2160090463816413,3.8810989879598052,3.7287769129230326,10.825884947264479,0.011238294788590794,72.0,320.29140147483764,8758.153251696102,0.8793629255722293,0.3073036228665299,0.9090515126204775,0.9929049309787082,0.6963832262762768,0.4096530888967469,0.789640511393387,0.8507929529876201,0.9518364312851482
1.1613306262275773,4.411596686142298,4.7841329598638,10.357060272233674,0.002650241319981637,74.0,75.53187761947665,3186.329069265539,0.7616586851649001,0.11180101997422945,0.5204879535739655,0.9909249838941228,0.9273170553144491,0.7337255891340407,0.8642019726129746,0.8531619662241692,1.1528669235410964
8.560238019352006,4.376908153053723,4.189642558206096,17.126788730611825,0.08174994397966354,42.0,2329.873403420411,21438.77551586294,1.060350898482218,0.7522377373986997,0.7956116059253738,0.5818252657960258,0.3978156434481761,0.8331186717633282,0.7703193360086533,1.1076156125943126,1.1902412569380267
0.4681884686856661,5.462226608584261,4.6913725292138775,10.621787606483803,0.000930132737746989,58.0,26.508783025789185,1281.5027909042224,0.7515436967325421,0.044965010207165694,0.7754395987815956,0.9932058074129341,0.9999744785221979,0.7854891926250016,0.9630830011583376,1.089168867577136,1.0236326298525658
1.6661153226287666,4.162820797671955,4.312427913662511,10.141364033963233,0.0043447679718003835,76.0,123.82588719631093,4564.8852554304885,0.8307059522023649,0.16017141247124522,0.8026830044380475,0.9866904655623385,0.8653594768888834,0.8297901605197118,0.8147094197280706,0.9969520100055678,0.933359294017543
1.3485481937792738,4.0673713370471045,4.299869191102705,9.715788721929083,0.0032874951343441604,75.0,93.69361132880857,3697.458394788101,0.7932228044015105,0.1297353822732667,0.8025277375051451,0.9984207862380752,0.976415745215459,0.4905510596419448,0.6560060545555205,0.9630937372993789,0.9565706059770278
1.7513202443217641,3.575724665766171,4.520014851036711,9.847059761124648,0.004572946378793387,76.0,130.32897179561152,4798.687838697472,0.8321357480315443,0.16837501188412182,0.7519789184461748,0.9984207862380752,0.976415745215459,0.5410604481937086,0.3955922777025807,0.9728768560093952,1.0397857056233608
2.2506702903572138,3.955952582868585,3.9839940557681093,10.190616928993908,0.006731091832319764,76.0,191.83611722111328,6153.950250805356,0.7835575065903968,0.21592807897562652,0.8149391891648254,0.9912458458465258,0.9728854530080737,0.5074271099225547,0.596767909869563,1.0002133334935608,0.7822958334670362
7.719040527989303,3.5203842759825688,4.3850982692456775,15.62452307321755,0.06443125054557133,46.0,1836.290640548783,19799.28752970508,1.1395725281085638,0.6947118431475467,0.5543228484787658,0.6113273657105223,0.8126331213380101,0.38620261272491085,0.4677903246021255,1.0329620020164167,1.0705106720027846
9.565024121307651,3.856542757345558,3.1682363188835523,16.58980319753676,0.1067312246430158,38.0,3041.8399023259503,22949.715636905403,1.1065983034188145,0.8052531802422949,0.8888035547149614,0.5987939109357554,0.327299419376878,0.6501050492659289,0.6892710545661788,1.1168247818430603,0.821479605703952
7.017907481612897,2.9619063469697386,3.760791784395655,13.74060561297829,0.050260055318781964,51.0,1432.411576585286,18340.598370833424,1.0376597057157924,0.643529767397664,0.5331602045303702,0.997179872956923,0.27270978290026293,0.8612037344067505,0.8169237556087976,0.7611675739743073,1.1239710911387175
0.756704391615361,5.184364338367419,4.5123802867198775,10.453449016702656,0.0015999138594480274,69.0,45.59754499426878,2074.691939150476,0.7788782591237502,0.07279620839124477,0.906481439289015,0.996620441831659,0.9731333169726314,0.5761895762624396,0.7063636588437106,1.1047276774681052,1.0404519458542696
9.80672015270753,4.362654081772334,4.506538658403921,18.675912892883787,0.11232979028918194,36.0,3201.3990232416854,23230.533964449645,1.140599533114592,0.81510645489297,0.8761324695928068,0.1520283051251755,0.7536503951729974,0.5572131269484553,0.9016522330954787,0.5857574021201355,1.0875747113181644
8.018232132830502,2.084920681324843,3.2312877941007443,13.334440608256088,0.06959232639041883,46.0,1983.3813021269368,20454.714515193424,1.0479995407425546,0.717709281234857,0.8861200628120833,0.990239324605522,0.13221960859017556,0.8614215705344029,0.38915410585233895,1.0195066487034663,0.9823839593711323
1.7937360259399493,5.496438181747587,4.454855573116068,11.745029780803605,0.0047739518789375775,76.0,136.05762854972096,4913.3362866538255,0.8379412321036055,0.17239776444399388,0.3290465538693801,0.9988575472786541,0.882404540737929,0.8673496524147762,0.8154981548503719,1.2214482795877006,0.9702977933946126
0.8121769776113722,4.682220590797197,4.818996908863449,10.313394477272018,0.0016996558905644078,70.0,48.44019288108562,2227.876307565044,0.7916007833096411,0.07817109851105418,0.35054101078598154,0.9996366200182013,0.9908872499209793,0.45745646998368006,0.8138394914768095,1.0340686775724717,1.2223660062804758
2.845341137946481,3.1684538198574783,4.4352728770678125,10.449067834871773,0.009127016102496702,73.0,260.119958921156,7765.128909390171,0.8985246481651223,0.2724606634873744,0.683706486306473,0.9886104065466781,0.9503019741797982,0.36152794278344846,0.21557823547735777,0.9824637184526417,1.0762031114089265
4.21677279729347,3.663087142992024,3.8563051996696704,11.736165139955164,0.017628535400410043,67.0,502.41325891168617,11412.043466477051,0.9199510125799536,0.4004225777711246,0.8653581902727481,0.9826975849920432,0.536103015975391,0.6301048943247177,0.7962293235298401,0.8224238992914767,1.0663122709902129
0.7119959000431233,6.842038156942777,4.239532919412971,11.793566976398871,0.001545761592094063,69.0,44.05420537468079,1950.862533083131,0.7333385287560246,0.0684513169502853,0.9698508380776389,0.9992010244868694,0.9551317396564236,0.8491529656663026,0.8816036805073177,1.2748395598172069,0.8139743263069352
1.4139270019322798,4.575266017166635,4.3905955259003004,10.379788544999215,0.003432944584796309,75.0,97.8389206666948,3877.2880816226643,0.8141323194059663,0.13604519584640928,0.8589173998093054,0.9740041827042053,0.8406852061535814,0.632791019115528,0.937845111936169,0.8251788807674454,1.0793293334317777
10.47952113389786,2.2269764141944908,3.4018562396086183,16.10835378770097,0.1258998787712767,35.0,3588.1465449813863,24140.572398023538,1.0372839180357187,0.8470376280008259,0.7144587812961154,0.6766686323354723,0.2990386109942861,0.5210777188249506,0.4551002072435859,0.7843882760720666,1.0021197735393228
2.8588808673873176,4.176506964816241,3.789213598012383,10.824601430215942,0.009559284910161621,74.0,272.4396199396062,7797.327168238016,0.8059074131812232,0.2735904269557199,0.8872665432294209,0.9946721781601344,0.8430125744307502,0.5426512156955942,0.8016076363626602,0.777530958772457,0.7904601418419137
2.039118456475976,4.711866425072118,3.5681911046249333,10.319175986173027,0.005988849897789047,77.0,170.68222208698785,5576.25140763023,0.838884024950838,0.19565794412737647,0.8711709566058885,0.9873808112901384,0.9733089040981594,0.28433909348748143,0.9470388301349553,0.9507296031613088,0.6673278315705238
2.259670093738721,3.7629850765569843,4.191042035887442,10.213697206183147,0.006615494191194856,75.0,188.5415844490534,6179.770458838118,0.8637248087377787,0.2168340511873024,0.969221739166825,0.9851318252053736,0.9476919209482488,0.48513154897625727,0.44918974774683096,0.8912351425756855,0.9186609723247043
2.1461189665693374,3.8900235415044886,4.116319641267416,10.152462149341243,0.0061759218440508665,76.0,176.0137725554497,5870.999742516673,0.8651655878428997,0.2059999909654973,0.7652589637459839,0.992648884050563,0.9232863073641998,0.5192709385143339,0.6390959815150524,0.9920661919412854,0.894066009837033
2.3189108183727907,4.254318160484601,4.292378818341152,10.865607797198544,0.00669135949558521,75.0,190.70374562417848,6344.25083264703,0.8210139565373522,0.22260529237357998,0.8903426742575311,0.9888861223595458,0.8226875924024889,0.46144708665323264,0.7569224791403834,0.5895919984361775,1.1018589096964355
0.628414719776305,4.925879556741552,4.454646599618945,10.008940876136801,0.0013008170293399375,66.0,37.07328533618822,1722.0822665104092,0.7267378771687664,0.06042393917580383,0.9403533157616932,0.9887924724833225,0.9939197361990918,0.6217559363934346,0.9988433842908373,0.8545676974170267,0.9745927721125636
7.065693036192225,4.682878573655989,4.647874624210383,16.396446234058594,0.053485011682647694,50.0,1524.3228329554593,18374.291641171098,1.0566959488385217,0.6447119874095122,0.7374192063363056,0.4684771122045165,0.938803440933509,0.7863569036831208,0.7074521083984238,1.0816185335819772,0.9334110734043399
1.0249314188007095,4.5020498140613565,4.4241240127001085,9.951105245562175,0.002330794074974178,73.0,66.42763113676408,2810.772215977505,0.7740169875063818,0.09862358652552648,0.8339104318701922,0.9871881128508379,0.9715529228221823,0.6528422348437916,0.7648659073666668,1.0244127152266833,0.9634755616082629
2.0054492326199593,4.44876826759709,4.10485294853665,10.5590704487537,0.005592181535158699,76.0,159.37717375202294,5489.431383912721,0.8386619648825758,0.1926116275057095,0.8960049744650157,0.9683998001130444,0.9410444769700065,0.3781790600333208,0.5831177860064178,1.0630548458974032,0.9291324525387843
6.4689243829563265,4.035376002324209,3.752416905044148,14.256717290324683,0.042663615758991,54.0,1215.9130491312435,17047.250068420326,1.043097068372102,0.5981491252077308,0.8062959214836596,0.9893199795909647,0.5161023088336875,0.8073519028804702,0.2612364413670345,1.2093003225548882,0.9151694043674956
3.2845842101118845,3.8405213811915315,3.88968624824763,11.014791839551046,0.011809027333288405,72.0,336.55727899871954,8938.327926041407,0.8874684102429893,0.3136255412646108,0.8389477620522988,0.9759919000832047,0.923947133222848,0.3205636006126888,0.5768396763467682,0.7608932949131413,0.8402355605055405
0.9025544297804791,4.564520625662807,4.259689878918619,9.726764934361904,0.0019726340797388414,72.0,56.220071272556986,2475.226308958223,0.7977852393248638,0.0868500459283587,0.6693026743782211,0.9949901121106225,0.9800321929679852,0.22523957551458818,0.9220630235242865,0.9803113539946509,1.0454106527807228
0.8822178217861354,4.477544906562343,4.586808215889989,9.946570944238466,0.001916822448840194,71.0,54.62943979194553,2419.591611785029,0.776999868524818,0.08489795129070277,0.8453307390154896,0.9916179447658047,0.9867349036977292,0.5935037859964539,0.6709091746999487,1.0257612245442211,1.0552653940101098
3.2627812842023394,3.384771952864121,4.019942431383646,10.667495668450107,0.011618855589715798,72.0,331.13738430690023,8881.348153640301,0.8799560869576006,0.31162625100492286,0.7796654726789095,0.9975288826708388,0.926888782918394,0.3770539055752104,0.3756644571742117,0.8928640118015763,0.8798111612103963
12.29649469507008,2.375506526443531,3.316059720049802,17.98806094156341,0.16298110544578268,30.0,4644.961505204807,25414.029735435302,1.046844476382859,0.8917203415942211,0.6236882404082753,0.42744034065233794,0.28594335620147504,0.7060661272132277,0.5899657868161527,0.9354569856360397,0.892408127415127
2.3565622810312905,4.244908728252787,3.8849185317127546,10.486389540996832,0.0071315023771354215,76.0,203.24781774835952,6440.954930806267,0.8416817856820348,0.2259984186247813,0.6297816778390383,0.9943557633585477,0.8288466188044086,0.6214058499778439,0.9787169064024653,0.9841585790480982,0.8289897416099876
1.8185665911066777,4.097724474195125,4.209593584144228,10.125884649446032,0.004979063273031343,77.0,141.90330328139328,4979.8919551036215,0.769784796721662,0.1747330510562674,0.9920690816543934,0.9881900426655829,0.9946242221673682,0.6745496911282891,0.558203474102998,0.8941367050986357,0.8131387847535896
1.2645581601284115,5.688095559840171,4.315244364609276,11.267898084577858,0.003055469945204611,75.0,87.08089343833142,3466.858117634665,0.8029688204453099,0.12164414447840931,0.7007973085736195,0.983977161058882,0.9402291818941277,0.7271274784973603,0.7937325384200243,1.189921851329781,0.9072241824605785
1.4714716291193892,4.364972460747722,4.23125385759406,10.067697947461172,0.003636184412063024,75.0,103.63125574379619,4034.152211415215,0.831241141759948,0.14154920040053384,0.7414696388708328,0.9921751765372098,0.9294455576414945,0.3268428925269753,0.8497392144972995,0.8099244277654614,1.0325137815002776
7.28526422721394,2.7113437782865084,2.7465877769463662,12.743195782446815,0.05576811387833248,50.0,1589.3912455324755,18910.781832015535,1.073130227906382,0.663536204632124,0.7979229254626601,0.983797824473253,0.1211067814878598,0.4217192712243526,0.8356036449240641,0.913152820527142,0.9427808416275898
1.5384885125395487,4.128211790107395,4.4945204111425605,10.161220713789504,0.0038843648305565744,76.0,110.70439767086238,4217.510819015118,0.7720158042020943,0.14798283575491641,0.8775754466135348,0.9843364890108104,0.9734067127620036,0.6867118321846718,0.6519114589849262,0.7584237018274007,0.975505059588877
0.8029002504631991,4.424177577503956,4.420199393236113,9.647277221203268,0.0017227460182382547,70.0,49.098261519790256,2201.481298595927,0.7785684893562252,0.07724495784547113,0.7595275334976613,0.9990630766331001,0.9936524006498482,0.47674784636673134,0.8233266005296296,1.0005859637922394,1.0129937238117872
1.113429023835262,4.284328987683291,4.316917757274417,9.714675768792969,0.0025807175994351462,74.0,73.55045158390166,3053.1512176029496,0.8171235249865686,0.10712811289834911,0.7958885956450944,0.9949780223961527,0.9711881368633425,0.5150500396673211,0.7730320591557559,0.9800302114025756,0.9639935387534218
0.7832653302489543,5.328953369189932,4.690520487759433,10.80273918719832,0.0016408564642990476,69.0,46.76440923252286,2148.2500864156136,0.7745609911781339,0.07537719601458294,0.5628438919619122,0.9903428698762123,0.9158817651957558,0.6462500317161441,0.9546742841266962,1.0882709310946537,1.1581641696843463
1.9292551669714677,3.9856945783972297,4.385165492735925,10.300115238104622,0.00522967751688471,76.0,149.04580923121424,5283.315182641139,0.8447848925348,0.18537948009267152,0.9029653970355018,0.9885156217671807,0.8415769876308485,0.7602256239259859,0.6830374127706861,0.8927730627619757,1.0167361852844357
1.7325960210707927,3.9556103492851777,4.3393548499419845,10.027561220297954,0.004586832737744366,76.0,130.72473302571444,4746.301459530449,0.8184116989256633,0.16653689331685786,0.6281596554456309,0.9984367345381632,0.942360399232997,0.7058561948968918,0.7213649476867764,0.9569808308026484,0.9184500109105818
7.211185273062166,3.9580917768832347,4.5256232810575225,15.694900331002923,0.05600915308463734,49.0,1596.2608629121642,18695.7300381719,1.0742068268557106,0.6559905276551544,0.7419666607836249,0.4938674457230352,0.9828920956811223,0.596274595481438,0.6251704623686823,0.8496339648826166,0.9021479048161183
0.991798908336264,4.528532249333725,4.40106616666164,9.921397324331629,0.0022600671697757292,73.0,64.41191433860828,2719.3723687223305,0.7810747740141516,0.0954165743411344,0.811354236157023,0.9925048565636155,0.9396268038114688,0.8566706449166113,0.918962202776882,0.9705787957594896,0.9029799853250795
2.487974059585182,4.2613113605829085,3.855881992873306,10.605167413041396,0.007386122635168759,74.0,210.50449510230962,6802.769921254366,0.8252961377590149,0.2386936814475216,0.984555235184087,0.9914414876676451,0.5591877594687321,0.4470187709826595,0.9284454968528477,0.8445778491476985,1.1496254180908871
1.3452311511583845,4.011026313017016,4.480889351395388,9.837146815570788,0.0032790371021239454,75.0,93.45255741053245,3688.34392389893,0.7926315650224025,0.12941557627715544,0.8127359708963424,0.9876492755208954,0.9981936050905839,0.6685702055095197,0.5526022839897065,1.0120873204950116,0.9541523098627636
6.2741736835671365,4.21457242857929,4.351690679675582,14.840436791822007,0.040403202419883114,55.0,1151.4912689666687,16564.20992412025,1.0704534034367188,0.5812003482147455,0.847423446008971,0.6103743813821854,0.8977194385861799,0.49119039723425995,0.6780965700700254,1.0269396206572385,0.961676137238241
0.8400890698436186,5.2269344460157905,4.595472681859583,10.662496197718992,0.0018394670569649046,71.0,52.42481112349978,2303.1930854810244,0.7773345265771134,0.0808137924730184,0.5255332575156537,0.9961578146651799,0.9945087106595395,0.8787176840516627,0.8332398426570963,1.1307380102333582,0.9385975012198307
1.8096489452659565,3.798999838064307,4.402299657069805,10.010948440400067,0.004873944246509535,76.0,138.90741102552175,4956.5039641992835,0.7997864933789615,0.1739124197964661,0.9138900168192041,0.993399205833789,0.9771626115572505,0.734678375072747,0.465392299065301,0.9168071454727622,0.9024995111786414
1.6703701004595148,4.6588968376645985,4.2901745827537265,10.619441520877839,0.004271718448416876,76.0,121.74397577988098,4578.034949150866,0.8361697340237678,0.1606328052333637,0.6816395469573329,0.9939896434169373,0.8815964342300819,0.39091932632293713,0.7265110970575791,1.0748336743170444,1.0808595038298145
1.7715886179265943,4.540958969207234,4.4494378984536525,10.76198548558748,0.004668789442603943,76.0,133.06049911421238,4853.545404110672,0.8208342801817736,0.17029983874072535,0.8521613630052707,0.9026840325988744,0.9168821777123364,0.6765204791669519,0.9178729705698604,0.9713857920626812,1.0096390092937768
7.561527549215535,4.459596984224588,4.448246249718042,16.469370783158165,0.06344570595345346,47.0,1808.2026196734237,19419.550992190878,1.0503148778479536,0.6813877541119606,0.8820436619490037,0.37720043108941437,0.9878245240165747,0.6528271387187601,0.8009521371212176,0.9639508364606533,0.8310064812661802
0.837760718154641,5.926133759053162,4.392168419429225,11.156062896637028,0.001813821023126109,71.0,51.69389915909411,2297.4269545952934,0.7477402582553133,0.08061147209106292,0.763897564048709,0.9963720964365732,0.9358316857635106,0.5919265481544681,0.8224900304762571,1.2031347900099332,1.0102519660822984
6.889914604676614,3.3151885392239366,3.3449990630807562,13.550102206981308,0.049192003093933165,52.0,1401.9720881770952,18020.681178535535,1.043935774194216,0.6323046027556328,0.7675936809479103,0.8590347497639995,0.3534928735238335,0.5017525928325687,0.9203045556141796,0.9760530898315132,0.9847343033174862
0.8725729708346732,5.007705083710933,4.337971085606184,10.21824914015179,0.0019064846904609549,71.0,54.334813678137216,2392.717900622669,0.7861218858430699,0.08395501405693574,0.8866787922519014,0.9887897483872907,0.9333536097612257,0.5520310503222267,0.8604704154409739,1.066407410202804,1.001059423597182
1.4103887464637146,4.307993522115629,4.342440552136309,10.060822820715654,0.003403948347574417,75.0,97.01252790587088,3868.1519049219187,0.7946733698815265,0.13572462824287435,0.5289441506400208,0.9996034390375739,0.9303661039820009,0.23646091442397044,0.8343401807916874,0.9498398657550018,1.1240489933268454
8.427587834429705,3.9643865861229455,4.770435222711241,17.162409643263892,0.0812672445982488,42.0,2316.1164710500907,21094.292090992858,1.153561325947369,0.7401505996839599,0.766096244002272,0.2279457651348208,0.9981936050905839,0.6685702055095197,0.5526022839897065,1.0120873204950116,0.9541523098627636
8.821326837391693,3.7313607145159273,4.505338584344315,17.058026136251936,0.08977148198581987,40.0,2558.4872365958663,21808.15758992869,1.0132697065417593,0.7651985119273225,0.5255332575156537,0.23685559145265034,0.9611517939555294,0.13617632723791417,0.578719705771934,0.9936232176484743,1.0628447556073062
11.863946259194424,2.224779663501032,3.8878033071244995,17.976529229819956,0.15549030687018384,30.0,4431.473745800239,25167.671891537568,1.0051126923036269,0.8830762067206164,0.7464727800451981,0.3359306502795101,0.47117303689034085,0.6775372472405934,0.26600318549124946,0.9871086747800724,1.0019770239151486
9.098622420923036,3.815048528758511,4.048365057931979,16.962036007613527,0.09472656576187492,39.0,2699.7071242134352,22315.226201970163,1.0235435988691486,0.7829903930515847,0.7660022531902191,0.4664327862529294,0.5247035115022983,0.5649731199766576,0.9048888507875938,0.7704943449620711,1.0944844103047222
10.116861523183639,3.641244596953762,4.706876780821187,18.46498290095859,0.12112195854648541,35.0,3451.975818574834,23521.85044969011,1.0983016168530197,0.825328085954039,0.7168797126902149,0.07208535154481877,0.9117216414417948,0.9107814885624322,0.3857248319398725,1.0411839921875266,0.8929226905915995
1.764615995183284,4.328111861885682,4.7669126325178945,10.85964048958686,0.004505812381976036,75.0,128.41565288631705,4837.063601867136,0.8306681092360323,0.16972152989007494,0.786537281114762,0.991457083877824,0.8555848204515376,0.6466629387582079,0.6714210927833166,0.727077653774963,1.2408802132928063
7.9808872142765095,2.3044485483937747,3.272036174224575,13.55737193689486,0.06841948589344324,46.0,1949.9553479631322,20392.049923233968,1.0429729156872174,0.7155105236222445,0.6742763796868583,0.9983232395227819,0.06577303617851493,0.8653808388056001,0.6832249042970318,0.9688715093766875,1.065871193173407
9.1037804627915,4.604422768069974,4.520486538928753,18.22868976979023,0.09718824179130016,39.0,2769.8648910520546,22210.42132571412,1.043538020455874,0.7793130289724253,0.8561434154435256,0.08808791474597188,0.8848054193723779,0.5212350947755823,0.9893342569408464,0.9727661967360479,0.9906136353306518
15.928104156417254,2.736569993167663,3.3729495747110665,22.037623724295983,0.20882664798823986,24.0,5951.559467664836,26613.01518743214,1.148451868373989,0.9337900065765663,0.2012551604340984,0.18576760080422283,0.05979733004053622,0.3147577422518804,0.9243782011222593,0.9389978096838281,1.2795738094572644
8.944354898771811,4.27089414057208,4.5508522144007095,17.7661012537446,0.09302604096238529,40.0,2651.242167427981,21977.052493115545,1.0688735451642277,0.7711246488812472,0.9388677606472255,0.16798769612728648,0.8731430609906357,0.5969495799168671,0.7928701289717917,0.9644319142117819,0.9893443475980579
0.9963662971629597,4.322011625278838,4.6936825111672515,10.012060433609049,0.002224748077972825,73.0,63.40532022222551,2732.74971025756,0.7978005117862055,0.0958859547458793,0.7726909060910886,0.9763366289790033,0.9939197361990918,0.7337255891340407,0.7369090463184998,0.9193374453801242,1.0437359354736953
1.7705740752831938,4.226233967948164,4.394969453191244,10.391777496422602,0.004577065854208122,75.0,130.44637684493148,4852.092680008586,0.8524605440349946,0.17024886596521355,0.7177884486582522,0.9951347584136839,0.8773479981489182,0.3485415177914387,0.6409036038903482,1.0205657924421434,1.1525444966639924
1.8075319825985199,4.601256759046879,3.9846108593638787,10.393399601009278,0.004956246432764284,77.0,141.2530233337821,4949.364786649164,0.7744898550628737,0.17366192233856714,0.6893060416775879,0.9776765146884322,0.9112600905844238,0.6416361631505597,0.9865752255066398,1.0145350106483955,0.7974131861662146
9.293948429467019,2.5276313850822074,4.379382989109641,16.200962803658868,0.10050727497618417,39.0,2864.4573368212486,22553.66474740166,1.1157295569085854,0.791356657803567,0.8026830044380475,0.4701679709050147,0.8107232985337123,0.8297901605197118,0.05175089178836778,0.9969520100055678,0.8726403023168157
2.202864756918997,3.8027839196873714,4.397702741360591,10.40335141796696,0.006245049648082009,75.0,177.98391497033725,6028.856385604064,0.8066394005757279,0.211538820547511,0.639479226746919,0.9922817385492014,0.8814195004562174,0.495329880952469,0.6155769132729976,0.9944651871786989,1.0843006031563847
0.9134190337509888,4.3074695984902105,4.565356963590741,9.78624559583194,0.0020172939306454495,72.0,57.49287702339531,2505.032351509534,0.7589271654705789,0.08789587198279065,0.8958933778220504,0.9974649685757802,0.9725444829940431,0.7616716428816475,0.6834028994366019,1.0124601819758587,0.9911592729984573
4.630360958219932,4.284463699468492,4.457894758654251,13.372719416342676,0.021523518054426188,64.0,613.4202645511464,12474.647844374347,1.0040751053941528,0.43770694190787185,0.8557219110392724,0.7268436719007565,0.9508278544841502,0.6495948872911719,0.7635430397304594,0.9180082937414913,0.9366819817889729
0.6731877607481218,4.80780614380727,4.570689649554247,10.051683554109639,0.0013814548978532053,67.0,39.37146458881635,1845.543674338501,0.7637653557568964,0.06475591839784214,0.711568064469302,0.9927075297412347,0.9424221853988771,0.5501657831665091,0.9932163184349374,0.9743069833613975,1.1118549592398423
0.9695593106047761,4.190232274799624,4.535051397148783,9.694842982553183,0.002162722312042478,73.0,61.63758589321063,2658.9864470259704,0.794297869408548,0.09329777007108668,0.8054682990806743,0.9974903821517237,0.9760287131172102,0.669132147132182,0.7077170999840385,0.9947302818403556,1.0086324487996121
4.913135184527455,4.4999756163345594,4.047914941225658,13.461025742087672,0.024250726883365895,63.0,691.145716175928,13199.667861976854,1.0022287015185767,0.46314624077111766,0.8730625145722506,0.725962754677695,0.9965327952723568,0.12319888915071509,0.8169237556087976,0.7611675739743073,0.8912192540523627
7.442429835948742,6.950450814919873,4.709553044723234,19.10243369559185,0.06027470768655321,47.0,1717.8291690667663,19184.153213982718,1.0679450928651801,0.673128182946762,0.8098936668847071,0.21986303138836893,0.9784259923698101,0.27297596422701226,0.958904729185321,1.254018848184727,1.116197368303511
0.9067331931016147,4.628237250897039,4.3108765297076115,9.845846973706266,0.0020194628510667185,72.0,57.55469125540148,2486.096306745141,0.7792336219241426,0.08723144935947864,0.8197127630665884,0.9970025579925342,0.9604875522437798,0.6388802149572002,0.9437746916714452,0.919459726875812,0.9253210394110534
0.6151543515560104,4.768564930517045,4.593683469915973,9.977402751989029,0.0012680006411934864,65.0,36.138018274014364,1685.4548524133647,0.7612648004518711,0.059138766751346133,0.894167130860895,0.9884096312909432,0.9599295026246891,0.8614215705344029,0.9772693972033858,0.9719204618092738,0.9823839593711323
3.97958291997237,4.671370139618158,4.306404856506102,12.95735791609663,0.0161846040758052,67.0,461.2612161604482,10780.92521276221,0.9600159044665053,0.37827807764077925,0.7539950070455262,0.7591978590464525,0.9534715438896249,0.36675850545916433,0.8329373975825279,1.0430696562035409,0.9847327806748565
0.7060039307324778,4.793043053972215,4.547170751395885,10.046217736100576,0.0014629499335285612,68.0,41.694073105563994,1935.7623145303132,0.754936589063661,0.06792148472036187,0.7137816572738396,0.9996366200182013,0.9906298971491229,0.43274150586002735,0.8138394914768095,1.0340686775724717,1.0984024473511345
2.5034355984444074,3.378217461177893,4.57692013709094,10.458573196713239,0.007520525222673278,74.0,214.33496884618845,6843.107023522601,0.8460906216834948,0.24010901836921406,0.33455693271863196,0.9991928136932374,0.9550440785418133,0.5424501637664257,0.4902927285694705,0.9148416758545319,1.0762031114089265
0.8111727179210388,5.158501399773442,4.368006818109863,10.337680935804343,0.0017532633674608204,70.0,49.96800597263338,2223.855141762037,0.8005094110268793,0.07803000497410656,0.8653581902727481,0.9970792686566878,0.9707999056109726,0.5573567751601975,0.7909921425304767,1.0961948891522244,0.9774335570919472
0.7313729299731724,4.786857965887341,4.270752633207115,9.788983529067629,0.001564147730718601,69.0,44.57821032548013,2004.4313529986616,0.7857523322704797,0.0703309246666197,0.9698508380776389,0.9992010244868694,0.9393639968606461,0.6528738012303651,0.9691395670442049,0.9700374199764998,0.9233132258393226
2.24853466598363,4.410288952167145,4.2962977649390455,10.955121383089821,0.006524432381713894,75.0,185.946322878846,6150.900800698407,0.8251630594696701,0.21582108072625988,0.6468260394018488,0.9855785521056951,0.8831754159916474,0.632791019115528,0.6511886577563474,1.0868418456586633,0.9766255305154479
2.184834615664532,4.006480191041205,4.227551567537875,10.418866374243613,0.006204314788929949,75.0,176.82297148450354,5978.650058101586,0.8521343530035821,0.20977719502110828,0.6815954338320966,0.9983921095001106,0.8662585003445927,0.44469450557908213,0.7610016461131435,0.8333063449944795,1.035120559461972
8.47924592321623,4.575005810121709,4.4660279520966375,17.520279685434577,0.08303675324746661,42.0,2366.5474675527985,21172.56410758316,1.098409253751939,0.742896986230988,0.9932085132660443,0.1829507214426639,0.9979746078374927,0.4264825731447703,0.6967951156524139,1.0240322312344814,0.9004399136797723
0.9671984531148745,4.51125961134154,4.254536091786272,9.732994156242686,0.0021528461273333708,72.0,61.35611462900107,2652.6235931650376,0.7872799968942475,0.09307451204087851,0.6944007607229745,0.9956416311085935,0.9715338810750206,0.3017806882350449,0.9170498658997669,0.9507296031613088,1.0198260247715831
7.948818334635088,2.6721760171901483,2.502139258543282,13.123133610368518,0.06844510714191501,47.0,1950.6855535445777,20309.835319885256,1.017279487895822,0.7126258006977283,0.6783279279925564,0.9851318252053736,0.07200843705726567,0.26892542896534344,0.9249156075415302,0.7925172247606622,0.9186609723247043
1.751676289234606,3.907261500928989,4.350258609818823,10.009196399982418,0.00459761533411225,76.0,131.03203702219912,4799.006769636721,0.8493901124590132,0.16838620244339372,0.7727341551397549,0.992648884050563,0.9232863073641998,0.5561511258896251,0.641854266936387,0.942820763989922,1.0021228732644856
3.487714564836465,5.006016034917429,4.671963983900423,13.165694583654318,0.012565847767825534,69.0,358.12666138302774,9486.011591921586,0.9073164651057679,0.3328425119972486,0.7172237836970623,0.7329099059947491,0.9457005928834591,0.27064745355635916,0.9107983594763287,1.0159372279847034,1.2216909181520275
5.041755786940146,5.910538496143085,4.527437765992312,15.479732049075542,0.02549893250124919,61.0,726.7195762856019,13525.332091809363,1.0135191224713112,0.4745730558529601,0.6642784854678856,0.6158293461674705,0.9886571976398297,0.5218047446319302,0.8286982038682593,1.2014436509573776,0.9745927721125636
10.921900770974478,2.431767614298564,3.1303664683994032,16.484034853672448,0.13572204508537272,33.0,3868.0782849331226,24552.118524572168,1.0565411247943435,0.8614778429674445,0.690136389448069,0.6225981913418974,0.2034129397401898,0.3142705793389814,0.627720844646514,0.7721073307300097,1.039603406548033
0.7492348732095019,4.725729794008192,4.5763604483890274,10.051325115606721,0.0015780700775616194,69.0,44.97499721050615,2054.328419091417,0.7644736973601828,0.07208169891548831,0.8339104318701922,0.9958752932919779,0.9845228517727124,0.59289112370786,0.7470192946376979,1.0399369975163397,1.0544711890712888
5.787462775910658,3.9202007078023353,4.612131605572814,14.319795089285808,0.03380371763646074,57.0,963.4059526391311,15395.189286128154,0.9744253952484921,0.5401820802150229,0.4697546852155656,0.6656166619551386,0.9410444769700065,0.7055093075551394,0.7197919620129724,1.0160966430776015,0.9743972897258448
5.667724232698247,3.1447333184889885,3.7372565087383904,12.549714059925627,0.03210671423107926,59.0,915.041355585759,15107.849129030341,1.0147940124824315,0.5300999694396611,0.7847588003447702,0.9881190598637214,0.6565306923028706,0.5364917598782531,0.34793883397220193,1.0438794331992591,0.8942107574381462
4.558452017906804,3.6151439231363973,3.4305946406888417,11.604190581732043,0.020742709840078095,65.0,591.1672304422257,12297.195515296598,0.9077099198353668,0.43148054439637185,0.7923737855554667,0.9957616910125373,0.6594565204445056,0.17268591917639387,0.7519285483459598,0.8182267594973827,0.9080742386048133
6.64892222456279,3.858133409749891,4.465489562338091,14.972545196650772,0.04566256797196353,52.0,1301.3831872009607,17453.594587917225,1.0550288681216036,0.6124068276462185,0.573811395106284,0.6118865475841031,0.9099449284036693,0.36745849455591106,0.6867023197681128,0.9009396965253968,1.0454106527807228
0.5219236564352772,5.321946733290826,4.582904369755069,10.426774759481173,0.0010386535372124235,61.0,29.60162581055407,1429.422479269722,0.7693568641193178,0.05015517471121832,0.8044990197558517,0.9983393603123643,0.9627408970536515,0.5935037859964539,0.9589741281397629,1.0635263323372834,1.0825626724805821
0.9358659342851046,4.564225363951707,4.517378567383384,10.017469865620196,0.0020363823665013013,72.0,58.03689744528708,2567.2141140854746,0.7969891979884874,0.09007768821352542,0.7781959348613512,0.9961549288989154,0.9583428185081209,0.3770539055752104,0.7992190882009202,0.882458856294779,1.1345476542726236
2.369223540416427,4.27652592897259,4.4052910918419315,11.051040561230948,0.007108245367053968,75.0,202.5849929610381,6476.412863155492,0.8465297421457236,0.2272425566019471,0.8424930319128036,0.8987606423744863,0.9726453137353729,0.7060661272132277,0.6821248336303253,1.0155615752910487,0.9106561973741734
5.150317287060203,4.389464117360986,4.461855888140663,14.001637292561853,0.026572497816034022,61.0,757.3161877569696,13805.789560867768,0.9511945439485271,0.48441366880237785,0.9506923394090475,0.6754698997458386,0.9545487041220642,0.6192152852667107,0.7648371848539051,0.8464265866965712,0.9357883422154689
6.9535933122064995,4.376778525364953,4.6483045997885695,15.978676437360022,0.05093827612305051,50.0,1451.7408695069396,18132.351580947292,1.132375036905056,0.6362228624893786,0.9370209559863506,0.4309431099534192,0.9805205368057263,0.36526521029811604,0.6802218920657487,0.8941367050986357,1.058962526839263
6.2422784000728875,4.814645512560664,3.374591898982603,14.431515811616153,0.0386846427940657,55.0,1102.5123196308725,16523.334756097116,1.0311113465571609,0.5797661317928813,0.4290506719861473,0.9936835436683908,0.3094733328551682,0.2548218003141465,0.9481912735229595,1.1950556400375678,1.153728629187269
2.4825024485615503,3.5654669727316373,4.241351289536178,10.289320710829365,0.007438848261505971,74.0,212.00717545292017,6785.868329352279,0.8679625659357083,0.23810064313516768,0.741113358121447,0.9917327621007733,0.9294455576414945,0.2155744417499852,0.41737390720873235,0.9555591166955235,1.0651451479398628
0.8973281114507038,5.717759828774389,4.691216603261505,11.306304543486597,0.0019543665423548255,71.0,55.69944645711253,2461.0748922819553,0.7839887546477462,0.08635350499234931,0.7089171770976197,0.983797824473253,0.992466996133604,0.6827322132080943,0.6015767195039071,1.2110926002646418,1.0657907877546373
1.1501597135138202,4.470390258928392,4.326977757600853,9.947527730043063,0.002669052389261703,74.0,76.06799309395853,3154.250105649997,0.8105312219542437,0.11067544230350866,0.6975287145199709,0.9843364890108104,0.9495150441387791,0.4678533552723028,0.9280033401282723,0.9033100978775142,1.0089084199398677
1.3442972733129848,4.176819688475199,4.218144932972438,9.73926189476062,0.0032743516696667726,75.0,93.31902258550302,3685.8228635279247,0.7929343137980956,0.12932711801852367,0.8940040903864404,0.9984207862380752,0.9356181291347918,0.4905510596419448,0.7057896699095877,0.9729886388839246,0.9565706059770278
0.8145979862162763,5.346417322287622,4.774156834458489,10.935172142962386,0.0016934474111769972,69.0,48.26325121854442,2234.895758604294,0.7758544777872471,0.07841739503874716,0.46004518331067307,0.9986033041766628,0.9711881368633425,0.2866759297199981,0.7730320591557559,1.1017457236701778,1.2878403747226415
2.415906776744273,3.473275585459385,4.293924733390933,10.183107095594591,0.007189506836893355,75.0,204.90094485146062,6605.032045029273,0.8537040465389661,0.2317555103519043,0.5628438919619122,0.9903428698762123,0.9617812383847725,0.3141848820856815,0.4723079026041157,0.9812237338160918,1.021104435899117
7.976223906228602,5.18808843940671,4.570030933881618,17.734343279516928,0.07108883744087399,44.0,2026.031867064909,20263.461919389905,1.1334687838245676,0.7109986638382423,0.3873364976340731,0.2791776000793875,0.9890573624969344,0.2570498475527659,0.8481023633167911,1.1324464012531772,1.0333749457098271
2.0820929665430263,3.957793475148784,4.269807538202508,10.309693979894318,0.005760106180666067,75.0,164.1630261489829,5700.861626826884,0.7972447785990193,0.20003023252024155,0.7375562141971979,0.9966879707869589,0.893613579007807,0.28494050939396376,0.5497643933648532,1.0179926779230275,1.0943250853249449
2.3166940653740387,3.601848721383592,4.23069194635049,10.14923473310812,0.006904790741421634,76.0,196.78653613051657,6333.772666090318,0.8520482455027483,0.22223763740667782,0.9243681077037811,0.9957407860682495,0.9688286823681947,0.596274595481438,0.36991162447171066,0.9287251939172463,0.8722850954153891
0.9726311216574322,5.077990887674683,4.509454795364753,10.560076804696868,0.002144776130228359,72.0,61.12611971150823,2668.217061856208,0.7607784380301609,0.09362165129320028,0.6648825144372899,0.9958810327660476,0.9396268038114688,0.4982701129517259,0.7891515121163604,1.0942256998313693,1.1003693708352968
2.1384074985776946,4.052946759030367,3.923117298962052,10.114471556570113,0.006241989554636307,76.0,177.89670230713475,5848.559401733768,0.8497723636849913,0.20521261058714976,0.984555235184087,0.9905055022401867,0.9532418166674298,0.4470187709826595,0.5809539452557101,0.9788443208358082,0.7972186944828934
6.317332465090377,4.28281732944206,4.40930952233306,15.009459316865499,0.0411460277101302,55.0,1172.6617897387107,16665.73519523208,1.0541042525164046,0.5847626384291957,0.8005972409211459,0.5931910258609014,0.9538939615198657,0.5304319045270096,0.7872160827405911,0.8042134120971975,0.9188513867426513
0.6185771582026419,4.839038815150238,4.601842522752797,10.059458496105677,0.0012569747469551307,65.0,35.82378028822122,1695.450043681289,0.7361806130049064,0.05948947521688733,0.7259321229476279,0.9895724438464997,0.9900668806676741,0.5314093102214116,0.977948933586034,0.9227743745713834,1.0881490193668304
8.272679958974567,2.8045222695065677,2.9295077485768415,14.006709977057977,0.07466912429344645,44.0,2128.070042363224,20957.865314826122,1.0111096876032297,0.7353636952570569,0.5479683359681082,0.9953059718561745,0.07819643917769736,0.45283272027323274,0.7584141332632381,1.0622540233045092,1.0425597345599664
0.9984017525471275,4.385277018102737,4.455159434143443,9.838838204793309,0.0022771648674512457,73.0,64.89919872236051,2737.4945375309026,0.7839360638647596,0.096052439913365,0.8605276669301325,0.993399205833789,0.9673758468213752,0.8457491231652517,0.794998828764927,0.9936463095778969,0.9065375289015734
6.361808200506815,5.312004304696428,4.586816451873332,16.260628957076577,0.041653786879097696,53.0,1187.1329260542843,16769.757968502396,1.0627767984983487,0.5884125602983297,0.6814697117244966,0.4614213979260142,0.9533598897136153,0.39091932632293713,0.9962372270706934,1.0766146347887162,1.0590373699940017
6.898915671728126,4.675770357916347,4.61725766434101,16.191943693985483,0.0503794497102344,50.0,1435.8143167416804,18007.172537626113,1.0233505995831838,0.6318306153553022,0.5903686137364946,0.39308176563857944,0.9950268982764646,0.3710912670464569,0.989577815335896,1.007250432296064,1.0290522276966025
1.2616438278731847,4.4373294461451955,4.096456236170667,9.795429510189047,0.0030699858174770655,75.0,87.49459579809637,3458.840931541599,0.7619943491916076,0.12136283970321399,0.8271502136863383,0.9982038113205776,0.9967862340293399,0.4410442409466357,0.8083033822000889,0.9217363694716296,0.8559982490548439
2.034462294167493,5.176603636900794,3.9908695520712394,11.201935483139525,0.005652099258002629,76.0,161.08482885307492,5568.861106402242,0.8665624843734313,0.19539863531235935,0.5590398734026358,0.9853847953491339,0.8498865304587921,0.29602841803556745,0.9058750134802424,1.1382550844525112,0.9952692226976456
9.163230661579247,4.404877452464265,4.8391859945676785,18.40729410861119,0.09814147304705163,38.0,2797.0319818409716,22290.46559151152,1.1579541378207967,0.7821215997021587,0.7613846052597049,0.08848419744093816,0.9443084363362302,0.7374956984309408,0.6728401879310417,1.0507224453274917,1.0017078721836716
1.1385386601775698,4.479159263225084,4.310075975835853,9.927773899238506,0.0026762384826503733,74.0,76.27279675553564,3121.8565942578084,0.7800653875967279,0.10953882786869504,0.8866787922519014,0.9927459611537733,0.9500786505159882,0.7006856860475652,0.846161584970603,0.9035124638945295,0.907271996781768
0.7080310244813529,5.382643548938075,4.5085471676481905,10.59922174106762,0.001462000950525872,68.0,41.66702708998735,1941.5079379340425,0.7477063377951448,0.06812308554154535,0.8260816795958238,0.9890519755439791,0.9782492577320021,0.33574863000158284,0.7733282318490957,1.0989147822478644,1.1301967563306192
5.478060653392641,3.1150887426572704,2.924902889155388,11.5180522852053,0.029349793640700724,60.0,836.4691187599707,14644.769714882934,1.0337919137774558,0.5138515689432608,0.9863394670785515,0.9987879466813152,0.22491613036753988,0.17165247752985519,0.7728158768019535,0.9915038912172496,1.066422036274722
8.920889990765277,4.852099552116126,3.7599519577214076,17.53294150060281,0.09137948465786488,41.0,2604.315312749149,21986.674168123744,1.147033771148322,0.7714622515131138,0.7240801622084572,0.5631574862891507,0.4575441150895919,0.8787176840516627,0.8332398426570963,1.1933064343017865,0.9003080471941747
6.462650791397442,4.717153505547,4.853049916639134,16.032854213583576,0.043296306481623095,53.0,1233.9447347262583,17003.63149217265,1.0694856385996192,0.5966186488481632,0.8269172525611261,0.4146835594914854,0.9950235574357418,0.6775372472405934,0.9160587174779287,0.996745519528409,1.0339781259271903
2.1259096361075533,3.456664076962003,4.268120893975521,9.850694607045078,0.005930643797523489,75.0,169.02334822941944,5819.119721648502,0.8596493339111052,0.20417963935608777,0.8571917545364566,0.9992315150456113,0.9855754810029158,0.057367037837347756,0.18431334346628792,1.0094311245427803,1.0917023723180108
1.0689042092137822,4.385028777665414,4.389569594115778,9.843502580994974,0.0024431809142002286,74.0,69.63065605470652,2931.5028154089373,0.7888300079503571,0.10285974790908552,0.7599191718809507,0.9984106101638797,0.9665627034203433,0.5529510905726847,0.8459920994718885,0.8564669239281697,0.9904109464359152
8.719693438638796,3.26149085498208,3.0707687060151443,15.05195299963602,0.0847653325340773,41.0,2415.811977221203,21727.278390133713,1.1485788560862633,0.7623606452678496,0.786537281114762,0.7122772809447706,0.12941078960122832,0.20840370699190053,0.959878527029679,0.965599688235711,1.1471054693471592
8.106007815650853,6.10612210348401,3.756024099112934,17.968154018247798,0.07400162847248248,45.0,2109.0464114657507,20525.13448953569,1.0898555996431853,0.720180157527568,0.919820929149979,0.5585244107634835,0.5440870271402596,0.8728119964357465,0.8053355937626367,1.3109319915660298,0.8305523987003127
0.7259603631684917,5.550225879628965,4.304846766182666,10.581033008980123,0.0015247479479151504,68.0,43.455316515581785,1990.4469420304788,0.7361644571705245,0.0698402435800168,0.9098630847268103,0.9848645157142643,0.9525450510475428,0.3789708322611854,0.8802273618222126,1.1126714016557815,1.036656194129792
4.218526053894979,3.3945413344617705,4.012451928808512,11.625519317165262,0.017675404755456845,67.0,503.74903553052013,11416.169704822501,0.9127409910389579,0.40056735806394744,0.6104423783125847,0.992639567067275,0.7458259802490699,0.3214774872356218,0.5878884998537852,0.9389978096838281,1.0581658347551
2.1860638310579357,3.777493376710102,4.277605777821448,10.241162985589485,0.006303041888146898,76.0,179.6366938121866,5980.801196126894,0.8208722582250697,0.20985267354831208,0.9388677606472255,0.9837228221486368,0.9369818239132204,0.5969495799168671,0.4823309841182179,0.9073224689316162,0.9291670179538016
7.554176736157486,5.805445907031078,4.738035945682587,18.097658588871152,0.06226743832433821,47.0,1774.621992243639,19429.381486277904,1.048641411161015,0.6817326837290493,0.7871682267410097,0.36311873795840055,0.8909804922223806,0.7086191266394183,0.7369090463184998,1.2093544311319677,1.0437359354736953
4.271480199868766,4.2462227757395805,3.7958598400384624,12.31356281564681,0.01793257005896947,66.0,511.0782466806299,11554.535994452277,0.9949581991020341,0.40542231559481673,0.5946869592915416,0.9967534022931398,0.6138108049958392,0.13541016538579242,0.7672865956973511,1.072446733667232,1.1537023522081844
5.579118565391175,2.972128962551146,4.038026331043999,12.58927385898632,0.03078603508683147,59.0,877.4019999746969,14896.230309591947,0.9453178027535731,0.5226747477049806,0.1620794936250991,0.9967995232539592,0.7327660967719974,0.5196011818694385,0.672258637691026,0.9275251634770494,0.9757489992712269
6.155385445758379,4.10817129120527,4.1918192571743615,14.455375994138013,0.038805035768945284,55.0,1105.9435194149405,16283.96897628432,1.0033538109621392,0.5713673325012042,0.7824717427238417,0.6503529634729764,0.8653594768888834,0.45272003043728365,0.797490297351831,0.9969520100055678,0.933359294017543
6.587202718713005,3.943803932990779,4.82096838926054,15.351975040964323,0.04497771660516414,52.0,1281.864923247178,17297.916761664703,1.112433315840014,0.6069444477777088,0.5914048899037673,0.5269551873504204,0.9548719726702803,0.7681187671789501,0.7019243417563598,0.9944651871786989,1.0193844193312254
0.6551483847089129,4.81225103151053,4.4158654973477605,9.883264913567203,0.001357092052107689,67.0,38.67712348506914,1795.5342546918919,0.7631060912656417,0.06300120191901375,0.9102828409050352,0.9990630766331001,0.9936524006498482,0.47674784636673134,0.8233266005296296,1.0302507321171395,1.0129937238117872
4.274344089818864,3.681438586902943,4.085817857371627,12.041600534093433,0.01882427452445144,67.0,536.491823946866,11549.81854063157,0.9014987875774199,0.40525679089935335,0.9268474394736086,0.8701068334014916,0.9867453333778137,0.5074271099225547,0.39055024033685354,0.9261993548639431,0.7822958334670362
0.7798127173716171,4.887693493652547,4.356124375195006,10.02363058621917,0.0016666807863027872,70.0,47.50040240962944,2138.16141012524,0.7531635373418686,0.07502320737281544,0.711568064469302,0.9959315985492299,0.9424221853988771,0.5501657831665091,0.9932163184349374,1.0373062311218222,1.0031987746625521
0.8303105763632311,4.369978508426718,4.61046605549353,9.81075514028348,0.0017876863186403794,70.0,50.94906008125081,2276.7167108980148,0.8037017549588531,0.07988479687361455,0.6990779736809895,0.9988711075828768,0.9745747413116055,0.7131628406018202,0.8286483380291791,0.9645615116210857,1.0321754251329556
6.662874010746722,4.582599390201098,4.876516403232424,16.121989804180245,0.0465839325631893,52.0,1327.6420780508952,17461.7321457413,1.1187717620027262,0.6126923559909229,0.8698153499634118,0.4166872049300079,0.9904097683630912,0.8362801628089234,0.8169237556087976,1.0122646240367386,0.9832050908916043
9.629752681123826,3.9976320521753177,4.533189463598843,18.160574196897986,0.10956503851281302,36.0,3122.603597615171,22938.257083045097,1.0578071010603927,0.8048511257208806,0.8590547832882117,0.0009299891290940332,0.9784259923698101,0.27297596422701226,0.5908626420737428,0.9626247581187208,0.9957019453558331
5.335038743473755,3.644712821782414,3.4301874560471153,12.409939021303284,0.02778484898382785,60.0,791.8681960390937,14288.759947942612,0.9572889458691981,0.501359998173425,0.589175448933922,0.9989513452940665,0.3966811635421743,0.3340940229270661,0.9437746916714452,1.02532886201643,1.0856307518616863
5.642008700736595,5.088397120451397,4.526927556938533,15.257333378126525,0.031988959491271646,58.0,911.6853455012418,15035.161315549283,0.99719944054302,0.5275495198438345,0.894167130860895,0.6100078216997493,0.7999007547241825,0.8614215705344029,0.9772693972033858,1.0767624052842353,1.0128869180978386
1.0135192738063181,4.241114893778212,4.49752801575141,9.75216218333594,0.0022987540965160444,73.0,65.51449175070726,2779.5146471235453,0.7690013726724465,0.09752682972363316,0.7720539822693837,0.9970599274533842,0.9680891902974136,0.7534446315868082,0.7664412654570003,0.9929307571564676,0.963575586178794
0.759277126933021,4.593189874581945,4.629365826719624,9.981832828234591,0.0016114189365643663,69.0,45.92543969208444,2081.572627730875,0.790405371390547,0.07303763606073245,0.6769265217314072,0.997682700030278,0.9906298971491229,0.7363604589972822,0.8138394914768095,1.0340686775724717,1.0173724873436245
2.615344175581175,3.122868182786053,4.5590356802609975,10.297248038628226,0.008130338896047827,74.0,231.71465853736305,7144.662890538923,0.809982704213477,0.2506899259838219,0.7223071173838285,0.9886104065466781,0.9847022972237545,0.6987593920534224,0.21557823547735777,0.9016621134104916,0.9738812410546798
5.118414745920151,5.208501732755389,4.495345728851339,14.822262207526878,0.026492899617036936,61.0,755.0476390855526,13717.751761171337,0.9868941268853215,0.4813246231989943,0.8653581902727481,0.6285479322287464,0.9729966920841372,0.7304547808131093,0.8396368891668002,1.0897345474975957,0.89078862552243
3.6254197627200244,6.33323817718523,4.348855686637101,14.307513626542356,0.013861073086125011,69.0,395.0405829545628,9845.139871456158,0.888712913914312,0.34544350426161957,0.9698508380776389,0.7221087864657352,0.9393639968606461,0.5743315557490527,0.8870666652241621,1.2138157518672468,0.9448398709467467
1.7506632418732924,3.918264907601365,4.2584592634421705,9.92738741291683,0.004575666432179038,76.0,130.4064933171026,4796.779493672534,0.8322639214883091,0.1683080524095626,0.6910858114138377,0.9973588458293342,0.9290452903392742,0.3488351674043001,0.6511886577563474,0.9926689207208217,1.0333001549820504
1.8017489514362228,4.143808933677945,4.211199490694349,10.156757375808517,0.004848521330809442,76.0,138.1828579280691,4934.785567242187,0.8089796873434439,0.17315037078042764,0.8896642318913366,0.9978331606218139,0.920353786054835,0.6548531047709704,0.706718564838469,0.8333063449944795,0.8958337661108811
1.2425835430272534,4.665753731458699,3.8611627659844587,9.769500040470412,0.0029539479103888027,75.0,84.18751544608088,3407.631584510738,0.7750894306008642,0.11956602050914869,0.9932085132660443,0.9894018691558976,0.9010735459749161,0.08430985028940624,0.9351990631214115,0.8382603333225755,0.976614977706121
5.427467113145001,3.4768567810750755,3.1181573197091126,12.02248121392919,0.029696036398826075,61.0,846.3370373665431,14505.944192169492,0.9448581527423017,0.5089804979708594,0.7745920191026747,0.9956416311085935,0.5453830794419923,0.3017806882350449,0.8057493015442081,0.9507296031613088,0.7975933665497479
2.080856215638322,4.252372186675646,3.824169324620422,10.15739772693439,0.005894176746892266,76.0,167.98403728642958,5694.917266342968,0.8045088423186187,0.19982165846817432,0.969221739166825,0.9889301063656949,0.8537877381060509,0.26892542896534344,0.6982453710989408,1.0223855286373547,0.9186609723247043
0.8274185669597227,4.640057627920181,4.356842584034397,9.8243187789143,0.0017883181169167314,71.0,50.96706633212685,2269.0281492602135,0.7418544514347593,0.07961502278106013,0.7727341551397549,0.992648884050563,0.9441922671446255,0.547629081942375,0.9873463706515574,0.9487385054458188,1.0021228732644856
6.541649779795753,4.185765119456295,3.80976919584384,14.537184095095887,0.04429798873591867,54.0,1262.4926789736821,17206.87358341425,0.9804241032871389,0.6037499502952368,0.7000870071126521,0.8096629780700341,0.7019263067208814,0.4625820669368407,0.619239263191292,1.105418371564912,0.894689835138653
2.6209189511113262,3.8752498595158045,3.822285400866387,10.318454211493517,0.008227137103431814,74.0,234.4734074478067,7158.033563600298,0.8300227708993034,0.251159072407028,0.7820538630364943,0.995774563594964,0.8821423343655019,0.17601976771622868,0.631795344534864,1.0081650798348223,0.9174093250569886
1.1282733367334068,4.4418292803171,4.3417407619762045,9.91184337902671,0.0025785894460226707,74.0,73.48979921164612,3095.1076961927547,0.7752183912973708,0.10860027004185104,0.9568718136706846,0.9868044485172804,0.9540694806649096,0.284374565866082,0.702739756686103,0.8830353143957834,1.0853056433329722
4.084406582618094,3.6061575914876123,3.865318707886491,11.555882881992197,0.0167942159690593,68.0,478.63515511819,11061.436920785132,0.9462630981551375,0.38812059371175905,0.8165316600060353,0.9968773694278914,0.5696928562419106,0.7854767173161441,0.8251201094988778,0.8096115481618626,0.978862253378666
12.090387608664301,3.130055518650792,2.6468983995417714,17.867341526856865,0.15997509388302938,30.0,4559.290175666338,25244.513913920022,1.0939546216241833,0.8857724180322815,0.9601650810785062,0.2984849360335431,0.1680171755677401,0.15294079950093836,0.6647086596287903,1.0630548458974032,0.8970827446596408
3.4007865425950197,3.6537855167257502,4.206771050362416,11.261343109683185,0.012037168160362937,70.0,343.0592925703437,9254.87646657193,0.9382157023687344,0.32473250759901506,0.9254695609467467,0.983346612801588,0.6584616163578934,0.5880767518384231,0.5526823526300589,0.9929823245481115,1.1518609219212115
1.7119683182198466,3.661731302955582,4.463942562623689,9.837642183799119,0.004507959351918893,76.0,128.47684152968844,4690.069468370167,0.8255150068033625,0.16456384099544444,0.8637093757755967,0.9987745000731949,0.995525944823348,0.7116708310863673,0.40348501876664455,0.9412899252213642,0.9255356674465984
1.6653294437518285,3.8104342934566104,4.307285322712014,9.783049059920453,0.00426573132968727,76.0,121.5733428960872,4563.8929027216545,0.8532349149060847,0.1601365930779528,0.7264577381167217,0.9964666200880735,0.9800321929679852,0.22523957551458818,0.504391689959403,0.9803113539946509,1.0573996587016032
1.7192018791033414,4.380490730941075,4.383830590820761,10.483523200865177,0.004442160017512678,76.0,126.60156049911132,4711.474571309627,0.8220140185676594,0.16531489723893428,0.6363001546722555,0.9967604587573301,0.9506408278990502,0.34593627683734307,0.5318504108132267,1.0783547012838706,1.075897224849656
9.458726072071089,4.657577255538888,4.6515604458970214,18.767863773507,0.10619642852113752,37.0,3026.5982128524192,22678.905929065877,1.0966151034176752,0.7957510852303816,0.655659127177587,0.04721417632825797,0.9636403794252048,0.7795813532634328,0.7707097558841246,1.0666522322178302,0.8735123642738554
7.839406665786715,2.0630104735344896,3.0027551770461605,12.905172316367366,0.06579842097031548,47.0,1875.254997653991,20093.65714599699,1.098707747845912,0.7050406016139295,0.8936156410139274,0.997188455921685,0.08358841307979836,0.6396100561146224,0.49331079467630873,0.9936061067402497,1.0077951702701968
5.5006336724683775,4.100371443464853,4.126872009999399,13.727877125932629,0.03034120232454654,59.0,864.7242662495764,14687.674054419786,0.9653355190561855,0.5153569843656065,0.8445718536142595,0.7725079597125871,0.8288466188044086,0.4951319301557424,0.603021462753623,1.0490079283418163,0.9357883422154689
11.602483679861933,2.599479976529065,2.8085230122577283,17.010486668648724,0.15019678490318533,31.0,4280.608369740782,25032.78902662021,1.0514652005246554,0.8783434746182529,0.7258906527314822,0.5847457562995254,0.031469192811621305,0.6970764834742988,0.6750048170453664,1.0575801630104509,0.8992886832752163
6.3201978329110595,3.0761076082319216,2.9124049947859496,12.308710435928932,0.039905138173434385,55.0,1137.29643794288,16710.570264730635,0.9950044198610046,0.5863357987624784,0.7394269553310313,0.9982144295393794,0.13113917705720746,0.30665138183096546,0.9566510836899563,0.9965531185132219,1.0802282372010619
6.66937418201301,2.929916452672792,3.3147572593774806,12.914047894063284,0.04473246569352469,53.0,1274.8752722654535,17536.273972106705,1.0800860486132917,0.6153078586704107,0.8134930064821931,0.9978415328266096,0.27192106438345387,0.3365352851894856,0.6661978760834534,0.8099244277654614,1.119380201008748
1.3063886244679581,5.798714422157422,4.088372468853497,11.193475515478877,0.0031862898994840533,75.0,90.80926213529553,3581.2817186530037,0.81117007519316,0.12565900767203522,0.8028921466888337,0.9973770177385811,0.9887597306659145,0.3324080674110684,0.5901857669142171,1.2297414100385406,0.9025280009779681
1.3286655731340573,4.446552024975549,4.128101611754466,9.903319209864073,0.0032768076892058465,76.0,93.38901914236662,3642.2977806264144,0.7685939983461132,0.12779992212724262,0.6975287145199709,0.998922262571699,0.9995594155542877,0.4678533552723028,0.8749522396735018,0.8593960802201681,0.8573220612966113
0.8104646111054523,4.697282382739139,4.263686169958946,9.771433163803536,0.0017569683122752072,70.0,50.07359689984341,2222.2070348971592,0.7398114129354866,0.07797217666305822,0.8685793388667982,0.9904342819046863,0.9663384233063068,0.4905510596419448,0.9480130986298633,0.9773682417827068,0.9565706059770278
8.345360239793502,3.310652267208962,3.318171074058722,14.974183581061185,0.07739557338715554,44.0,2205.7738415339327,21044.944306457768,1.0994196017777365,0.7384190984722024,0.6225628687996558,0.8619897886371273,0.2606568780024354,0.8127837375426542,0.7730320591557559,1.0775889405116155,0.9124620498252947
1.2260414584942299,4.364243757935182,4.428471350683834,10.018756567113247,0.0028864576216209863,75.0,82.2640422161981,3362.1864306576385,0.8245926683775465,0.11797145370728557,0.5628438919619122,0.9903428698762123,0.9023142119887768,0.6792361550640429,0.97725901523801,0.9622771268032926,1.021104435899117
2.035412207007153,3.6685724513841933,4.433287657377586,10.137272315768932,0.005634221731223872,76.0,160.57531933988037,5571.918608332513,0.8655885748097673,0.19550591608184256,0.6313346926558727,0.9971777998239287,0.9751824389417173,0.4818877097118316,0.3906936866948798,1.0339981408620584,1.0167361852844357
11.822443925907182,3.791787099157998,3.331062350579412,18.945293375644592,0.15384553041830265,30.0,4384.597616921626,25191.79506249519,1.0234580531038553,0.8839226337717612,0.6261097998674977,0.4727725566086878,0.08698727837615738,0.7396412039760767,0.7108706352446175,1.1762226170152967,1.0797720886568545
13.142132221917876,2.835280668180805,3.3239204173793833,19.301333307478064,0.17723699800122622,28.0,5051.254443034947,25771.779422186715,1.0568903183379994,0.90427296218199,0.9243681077037811,0.2760609244844515,0.19856849812307853,0.9801714477993289,0.36991162447171066,1.0967440394109307,0.8722850954153891
1.0541212537035423,4.673772372425749,4.8973269631608165,10.625220589290109,0.0023320118888068542,73.0,66.46233883099535,2892.455537807057,0.7774916956992881,0.10148966799323007,0.8577573212178289,0.9925048565636155,0.8759672696810878,0.8566706449166113,0.8166372816563023,0.7048735619727531,1.2131317178097434
0.6816424784185136,5.474204295395093,4.389761788168643,10.545608561982249,0.0014173189488688876,67.0,40.3935900427633,1868.6161216575094,0.7350243560652042,0.06556547795289507,0.6845063773917273,0.9905055022401867,0.9721014522796119,0.4470187709826595,0.9781225107492255,1.1028949138736959,1.0329909204364993
0.8772583239111345,4.671589301652109,4.276430519923077,9.82527814548632,0.0019324413495362546,71.0,55.074578461783254,2405.6343868059903,0.7396827805826218,0.0844082240984558,0.6671259147965977,0.9876492755208954,0.9981936050905839,0.43047981975069116,0.9556888063571252,1.0120873204950116,0.9541523098627636
2.9572656501763257,4.130376941640575,3.820867285823507,10.908509877640409,0.009879007844858095,73.0,281.5517235784557,8063.787359541378,0.8587848352997627,0.28293990735232905,0.6252775555294138,0.9779496627397085,0.7471149996215699,0.45539556712909607,0.977948933586034,1.0068714399619942,0.9337873965863519
1.5474255578303715,4.109719263787138,4.1158169809147775,9.772961802532286,0.003909441938402108,76.0,111.41909524446008,4241.290051869984,0.8333518749947512,0.1488171948024556,0.5255332575156537,0.9995833455720592,0.9588531604786458,0.2156797549998251,0.8332398426570963,0.9908558622541952,0.98881883804808
1.0191417813465689,4.794102005674193,4.061571130653173,9.874814917673936,0.002320485513513267,73.0,66.1338371351281,2794.7432149238125,0.7770170457123575,0.09806116543592325,0.8605276669301325,0.993399205833789,0.9789344723193821,0.2216636455232221,0.8274947419276707,1.0400894887812444,0.9474121539812872
9.928552842629607,2.9242044500141136,4.901890552319506,17.754647844963227,0.11578275185630785,35.0,3299.8084279047735,23369.225084543934,1.0034112463446747,0.8199728099839977,0.7549524047289591,0.07882956453217627,0.9519811639182785,0.5729580784152204,0.05145844192650417,0.9963245518176933,1.0808595038298145
4.97965167465027,4.493878671700955,4.255324372244644,13.72885471859587,0.02458014646629039,62.0,700.534174289276,13374.097453084345,1.012231520893368,0.4692665773012051,0.7694178948442217,0.7126106796928215,0.8384754745993522,0.4229808131225897,0.9946604845357047,0.937023276632738,1.0290522276966025
0.7323558650788036,4.813460964468129,4.380343949502618,9.92616077904955,0.0015846137197083985,69.0,45.16149101168936,2006.982329497643,0.7478073566715546,0.07042043261395238,0.9977992367053077,0.9969727588489332,0.9949761818862661,0.8195205157389833,0.9128546819951444,0.9427584181677,0.8559982490548439
0.7238551482034902,4.761106750644391,4.6191641243173525,10.104126023165232,0.0014873772244678417,68.0,42.39025089733349,1985.2613474520608,0.7532154696347798,0.06965829289305477,0.9659560357533433,0.9847916860458807,0.9590538192137206,0.3498527037138768,0.7378249786512265,0.9692399110086327,1.1987220371775766
7.031692127170581,2.8475362347679174,2.6101654137997645,12.489393775738263,0.051418394547378087,52.0,1465.4242446002754,18352.334549558436,0.9972656798043377,0.6439415631424013,0.8461652325676459,0.9914323079883803,0.1218294407551126,0.33129676711863054,0.8788560603450232,0.8314599156474989,0.9167467972981491
12.407346445380778,3.0032190971802395,3.160380417707521,18.57094596026854,0.16542906660109316,29.0,4714.728398131155,25401.733700069868,1.121834492237701,0.8912889017568375,0.7752396089715892,0.24460484658215198,0.1934946225065871,0.7006856860475652,0.846161584970603,1.0185833841567837,0.907271996781768
6.201202480375405,2.92803197253396,2.833287553522377,11.962522006431742,0.03837646207315854,56.0,1093.7291690850184,16418.391046464356,1.0657539870502364,0.5760838963671704,0.9561656854768882,0.9911716748739616,0.046579243907035495,0.5390967581477927,0.8515346172465987,1.0130484003698692,1.0355624465153173
0.8508288477991182,4.426996733944033,4.548505562349215,9.826331144092364,0.0018436883949047279,71.0,52.545119254784744,2333.332718909364,0.7583150890165471,0.08187132347050399,0.766096244002272,0.9926114728298936,0.99680128627196,0.6026204705354442,0.7483649262887797,1.015577554814369,1.0229474838020218
9.174723169018415,4.5180070125199014,5.051467307995805,18.74419748953412,0.09808555587062573,38.0,2795.4383423128334,22345.441585174354,1.035241845839047,0.7840505819359422,0.5255332575156537,0.02028278586588983,0.9611517939555294,0.4518990712390682,0.8332398426570963,0.9908558622541952,1.1998482742533954
5.677027206650342,3.1226152737409114,3.538490797916585,12.338133278307838,0.03184006040231519,59.0,907.441721465983,15136.18451705379,1.0438582314943412,0.5310941935808348,0.7464727800451981,0.9852522008607606,0.4255162093988454,0.5895448402878232,0.7605778181026844,0.9771027943586665,1.0019770239151486
8.989831061849731,3.173713451380813,4.5793694882558835,16.742914001486426,0.0938677396461581,40.0,2675.230579915506,22060.425659579312,1.0825634421031085,0.7740500231431338,0.8571917545364566,0.2506906697197482,0.9656088588100822,0.4783080548183823,0.18431334346628792,1.002084661536452,0.9590433371165696
2.2792467588148932,3.589356295092509,4.5882335738496876,10.45683662775709,0.006510456123085034,75.0,185.54799950792346,6236.936986769366,0.8148446016240098,0.21883989427260933,0.8036770832813703,0.9984106101638797,0.8950888731440433,0.5529510905726847,0.3127351284792236,1.0106934655698914,1.1412442451631515
7.790735573149922,5.069819726688009,3.371472489399379,16.23202778923731,0.06619319322347339,47.0,1886.5060068689918,19961.102061634738,1.0174215090819896,0.7003895460222715,0.5876178592163323,0.9144002496921354,0.41851104931822547,0.6466629387582079,0.5484317768760089,1.318539526885401,0.8604059766638912
2.3243280386389538,4.800335263292835,4.234702305907802,11.35936560783959,0.007000051470156032,75.0,199.5014668994469,6353.235176124913,0.847262667542963,0.22292053249561097,0.7198352780951792,0.9238257069038396,0.9941084177871315,0.6427487348437677,0.6832249042970318,1.0907291676286661,0.8305523987003127
1.7193366426662982,4.704606816464237,4.319548634950112,10.743492094080647,0.004498047574140707,76.0,128.19435586301014,4710.404902596186,0.8476690268561085,0.16527736500337495,0.5368954490776875,0.906555594097845,0.9881557363144279,0.38569879652994177,0.9893342569408464,1.0265914226095,0.9906136353306518
1.39541467656691,4.9250431187081825,4.615851878368686,10.936309673643779,0.0033527454521672597,75.0,95.5532453867669,3827.355756670582,0.7775071612638929,0.13429318444458183,0.8460284200952906,0.8946899496453786,0.9278165986715559,0.5414710140975,0.9691969406666834,0.9389978096838281,1.1414927993547446
0.7110975363581443,4.688688111971153,4.48624818407614,9.886033832405438,0.0014981864309560927,68.0,42.69831328224864,1949.4084390379926,0.7317536743759059,0.06840029610659623,0.7619092514683817,0.9983094926405268,0.993338922669548,0.6213902129288889,0.865210139785112,1.0262100919491814,0.9898974169056425
0.7095956021013669,4.79620218250555,4.721257456244224,10.227055240851142,0.0014763322741401677,68.0,42.07546981299478,1945.4558074371082,0.7661029120864972,0.06826160727849502,0.7726909060910886,0.9763366289790033,0.980453978388725,0.7337255891340407,0.8586176319111838,1.0243004112845957,1.075199633524826
1.3948012905470095,4.44547906296997,4.16193928617699,10.002219639693969,0.003426882634912194,75.0,97.66615509499754,3824.2345057929497,0.7842687808143008,0.13418366686992805,0.7177884486582522,0.9989811761469725,0.8773479981489182,0.5321803491147035,0.9042341392383673,1.0205657924421434,0.9692836917265417
1.0160061226085573,5.170482527112268,4.37895576658185,10.565444416302675,0.002274883577691148,73.0,64.83418196419773,2786.6847721105087,0.80273961372703,0.09777841305650907,0.746942868989151,0.9969549843305847,0.8584184591529526,0.6424371205799576,0.9271705038560542,1.091989166683556,1.0580556762411373
0.909716560259995,4.389327590687207,4.4157150544665384,9.714759205413742,0.002003002640932539,72.0,57.08557526657736,2495.025791953093,0.7491740198361886,0.08754476462993309,0.8026830044380475,0.9924530877474483,0.9721553554926865,0.5374269475533779,0.8147094197280706,0.9969520100055678,1.0064554342722412
6.403489420247066,3.1006035481541265,2.5960901166910118,12.100183085092205,0.041450610319392525,55.0,1181.342394102687,16894.758351760487,1.098580620578437,0.5927985386582627,0.8740567794467161,0.9930851989194035,0.00702045231197479,0.48720551085794045,0.9755223465071019,1.0326826463836571,0.9738360600426033
1.3434262137294517,4.2889424556276685,4.529503994374027,10.161872663731147,0.00324730604093111,75.0,92.54822216653665,3684.2011945002437,0.7598189857103035,0.12927021735088573,0.6242924116213746,0.9446548283726552,0.9936524006498482,0.5932609120733828,0.8233266005296296,1.0005859637922394,1.0129937238117872
5.247900073965551,4.162459325298324,3.5311015026227306,12.941460901886606,0.027815327370080065,62.0,792.7368300472818,14051.624676640922,0.9651890210729784,0.49303946233827795,0.7347758628272745,0.999111022053966,0.6532082662054296,0.596889935419394,0.5616416300512749,1.1247479587447051,0.7822958334670362
9.137506327709746,4.079101020460967,4.51589174140229,17.732499089573,0.09771348731105695,39.0,2784.834388365123,22274.926448020276,1.0228268491285104,0.7815763665972026,0.6566822421072276,0.1311237945700664,0.9522966927592414,0.3136375139771475,0.7037589744131999,1.0129886089334772,1.0031987746625521
1.6038829474972751,4.055199880701869,4.225117365866255,9.884200194065398,0.004086749959649925,76.0,116.47237385002288,4396.019927776866,0.810424015494607,0.15424631325532864,0.7520317443853103,0.9875465684013034,0.9352307934160144,0.3595193083174573,0.7077170999840385,0.9947302818403556,1.0086324487996121
0.3978015583752916,6.148067184306085,4.999688661175216,11.545557403856591,0.0007672005684958552,51.0,21.865216202131872,1088.3089895284297,0.7598630510755209,0.038186280334330865,0.8730625145722506,0.9992336839141487,0.986495588738218,0.7617992833561944,0.7607780891160727,1.1716485828810859,1.201602154062158
1.1295129571419,4.397727736959531,4.3504612254575665,9.877701919558998,0.0025951151832275016,74.0,73.96078272198379,3098.1502390714513,0.7855202208537858,0.10870702593233163,0.7344241336580287,0.987475893229677,0.9459549166955685,0.4022582503217838,0.8175726698861798,1.0043294745262845,1.0506779044638224
1.9977854334050391,3.306643566826351,4.76677220287142,10.07120120310281,0.005474150079775398,76.0,156.01327727359885,5470.846569011042,0.7950059895486634,0.19195952873722957,0.8494552981238214,0.9892389087424774,0.9774740859646222,0.8406912858529336,0.1757303740721773,1.0092478238840485,1.0383249387318312
0.7015213861482968,4.911620609963745,4.652775270148598,10.26591726626064,0.001470056990058412,68.0,41.89662421666474,1922.913268525141,0.7744910875483615,0.06747064100088214,0.6266547285106423,0.9884927547991011,0.9599295026246891,0.8614215705344029,0.9772693972033858,1.0486644511814465,1.0106205963193817
10.776380899910722,3.1073477040614375,4.8505637424426,18.734292346414758,0.1339776060181975,32.0,3818.3617715186288,24248.39730448302,1.0976981456493082,0.8508209580520358,0.8284042259036548,0.03343539773528037,0.8119862131880244,0.7534446315868082,0.21347426005333603,0.9929307571564676,1.1133686433725245
1.0882004586326244,4.141770652014891,4.704302745252756,9.93427385590027,0.002489171914686311,74.0,70.94139956855987,2984.640463572206,0.784833943841734,0.10472422679200723,0.7197249891742695,0.997682700030278,0.9906298971491229,0.8179090575174586,0.5667306464718513,1.0340686775724717,1.0173724873436245
6.760476904520185,3.473479619858867,3.825282495826401,14.059239020205453,0.04705777955291756,52.0,1341.1467172581504,17725.67180211548,1.033487936913273,0.6219533965654555,0.8003052579898938,0.8069899529693679,0.5096170971049161,0.6322256250101393,0.8083927856234004,0.9016621134104916,1.0185600743881054
1.8074949994968281,3.7522669554772285,4.754682641803653,10.31444459677771,0.004743985429083378,76.0,135.20358472887628,4952.9258248576025,0.7930387014102068,0.17378687104763518,0.7954038482887191,0.9826975849920432,0.9707999056109726,0.7423197080789632,0.4260693820988416,0.8224238992914767,1.0812323313020027
0.6729096334361491,5.091749590607137,4.5191435343731206,10.283802758416407,0.0014079997366142434,67.0,40.127992493505936,1844.3134013827569,0.7411413401586034,0.06471275092571077,0.8723538741070713,0.9992010244868694,0.9793565787180738,0.7354465985397929,0.8230875912867627,1.076813422061299,0.9752730824995188
12.941513899883478,2.2810080147500056,3.0887063707109106,18.311228285344395,0.17390161373898783,29.0,4956.195991561153,25724.97193570109,1.0199591062533766,0.902630594235126,0.5457280934386499,0.47497396518355506,0.21458397773474813,0.8539471782706604,0.5801235814414331,1.0182331003698741,0.7941168997051102
7.162438004256977,4.297430667062852,2.940807726922352,14.40067639824218,0.05351224090066847,50.0,1525.0988656690515,18646.055228932793,1.0035082874748078,0.6542475518923787,0.7058616120786908,0.9797600760849449,0.23313072922257427,0.22806193198846492,0.70351728470736,1.213168068402656,1.0064621519811112
6.539766573738336,2.519982454423418,3.1444346959177216,12.204183724079476,0.04322632075832041,54.0,1231.9501416121318,17226.84697415828,1.0254313884449329,0.6044507710230976,0.9906776866349624,0.9993945334271804,0.23330146252775918,0.4824538775339608,0.5113839917834487,0.9851881309147639,1.0199470353720135
8.10979635082438,3.036733148252406,2.760475919678192,13.907005418754977,0.07194885005638944,46.0,2050.542226607099,20607.587951066518,1.1490034430375267,0.7230732614409304,0.6891278734328677,0.9956416311085935,0.21328890093915953,0.3017806882350449,0.5785910682168536,1.095480667063439,0.8903518491016618
1.96773811015222,4.469293703025007,4.533449724307919,10.970481537485146,0.005269928044207139,75.0,150.19294925990346,5390.248558934089,0.8198608667226329,0.18913152838365224,0.4747446019590345,0.9839475755959335,0.8537877381060509,0.49098576553997664,0.7976900757457688,1.039764952727591,1.1850252093657603
1.2072418765797264,4.496398466541285,4.458846684400408,10.162487027521419,0.002811860656244961,74.0,80.13802870298139,3311.284193213873,0.7996959789618941,0.11618541028820607,0.7727341551397549,0.9936211801662371,0.9441922671446255,0.4843852054597848,0.6613905039838837,1.0458641289250594,1.0725298399875873
2.796330643748619,4.069600130210125,4.278398837657252,11.144329611615996,0.008881770651629409,73.0,253.13046357143816,7633.60276586744,0.8812966131003374,0.2678457110830681,0.6282359225643088,0.9888861223595458,0.8486210995040069,0.4625820669368407,0.8117496789406351,0.6001110940056997,1.0601305412785438
6.155173407122367,3.1355472942149425,3.249136579308358,12.539857280645668,0.037783618801835776,56.0,1076.8331358523196,16311.921077144882,0.9836901576414508,0.5723481079699958,0.6238886494879758,0.9943637219193315,0.21794158646413786,0.6255941439206735,0.9988433842908373,0.9857238086788338,1.0389684247023192
1.0106016114223582,4.400855224796615,4.46109384300312,9.872550679222094,0.002274919823508698,73.0,64.83521496999789,2771.9794967183243,0.7507592328810442,0.0972624384813447,0.6856098797133984,0.9988264753632747,0.9540694806649096,0.6298193383608091,0.8947674578180121,0.8830353143957834,1.0087818779896356
6.447997464035308,2.4670413150532498,3.8460148276412025,12.76105360672976,0.04201830188491747,54.0,1197.5216037201478,17005.540056484522,1.0408142192527343,0.5966856160170008,0.7955393449120548,0.9879270928492278,0.603468383021843,0.5444002466583485,0.15682318658660588,1.0188648538655372,0.9787449564568371
11.354193589315644,3.5548365810652376,3.4817558476168973,18.390786017997776,0.14567699551332217,32.0,4151.7943721296815,24768.37538615174,1.0902193333608325,0.8690658030228681,0.621106016362668,0.33067464385670586,0.40777310566202063,0.5223056888439453,0.7657770168967696,1.0733287899481236,0.9291324525387843
0.9375461480990867,5.13974308374729,4.352766895070042,10.43005612691642,0.002114263878050334,73.0,60.25652052443452,2570.6920220315346,0.7462861303414163,0.09019972007128192,0.7564580032168813,0.9958437203798997,0.9661503234766613,0.7540271046003113,0.8646379327413033,1.09021357101181,0.8942107574381462
2.335808498404215,3.817476767548021,4.113185124915882,10.266470390868118,0.006940141689915878,75.0,197.79403816260253,6387.327827880535,0.794729275819958,0.22411676589054508,0.6467461946015933,0.9933459267524678,0.995525944823348,0.2480795212698479,0.40348501876664455,1.0465885807208053,0.9255356674465984
0.8195359881255111,4.466806539823695,4.471821312641781,9.758163840590989,0.0017653943365211033,70.0,50.31373859085144,2247.0413770381447,0.7980593928882173,0.07884355708905771,0.6389632991901514,0.9975878433630828,0.9800321929679852,0.5776098710269701,0.9220630235242865,0.9709816840439642,1.0118194188913536
5.312868492013587,3.4595087517651124,3.8447837445203876,12.617160988299087,0.027388001499462394,60.0,780.5580427346782,14235.9943716417,0.9527917840368496,0.49950857444356844,0.6428485201126026,0.9916179447658047,0.4386460019137526,0.5935037859964539,0.7843520323600603,1.0093650631997586,1.1467943989748877
1.3526724379592707,4.338377644748368,4.227073402752267,9.918123485459905,0.003263632027854892,75.0,93.01351279386442,3709.031252027649,0.8346750883251909,0.13014144743956663,0.7690056480367028,0.9944234330886883,0.9078128164546961,0.3770539055752104,0.8430196831814291,0.9247989612045262,1.0337963889244906
2.1362695007990737,3.9574707919587717,4.311863160207787,10.405603452965632,0.00603132261846968,75.0,171.8926946263859,5846.898084330472,0.8142406049825679,0.2051543187484376,0.9447845553531277,0.9890150340200395,0.8322324627485364,0.7060661272132277,0.666312447050112,0.8241604315840614,1.0077951702701968
2.848414644046833,4.02808507383269,3.6859381548140124,10.562437872693536,0.00949470084923076,74.0,270.5989742030767,7767.625017598348,0.8839786469662234,0.27254824623152096,0.953213781379735,0.9880702018797539,0.8288466188044086,0.4135857447015831,0.7085890274220688,0.971911565883004,0.8044179600879167
11.882125118608402,4.4864768477243855,3.825646699969479,20.194248666302265,0.15532137192475445,30.0,4426.659099855502,25148.130211801817,1.0919634900078201,0.8823905337474321,0.5884512317139692,0.2220028277427506,0.3552520226267283,0.5770054441459539,0.7672471264088645,1.17611364714246,1.1213231056021282
0.8973218470787432,4.849339324184821,4.525970232791047,10.27263140405461,0.001988325404356397,72.0,56.66727402415731,2460.5207012321735,0.760540497664462,0.08633405969235697,0.7450498584162301,0.9874404870853287,0.9684893181347645,0.8355212068074724,0.8488068521934177,1.0587121406390283,0.9463142331260705
1.816945165469979,4.437568602039008,4.140197447410572,10.39471121491956,0.0048727250919129795,76.0,138.87266511951992,4976.171339234775,0.8508127170640755,0.17460250313104472,0.5664289903186226,0.9632579026236905,0.9705417706338795,0.3268428925269753,0.9650280352263131,0.8099244277654614,0.9407947205447353
0.9038410223679919,4.790158061303466,4.303902739596075,9.997901823267533,0.0019618060436195337,71.0,55.91147224315671,2479.182091260421,0.780422533570495,0.0869888453073832,0.9202413907916678,0.9817629001848214,0.8928379057794831,0.3652032086464982,0.9430150927096206,0.943548352032828,1.0986190509067084
0.6515247873345613,5.122731740548421,4.511537241183613,10.285793769066595,0.0013469842812411602,66.0,38.38905201537307,1785.664059954092,0.7531034100450619,0.06265487929663481,0.6975287145199709,0.998922262571699,0.9693423091023339,0.6363718417289639,0.9437706663260068,1.0695320358521103,1.0213376294559033
12.670421692171836,2.600362627118484,3.6134912952988008,18.88427561458912,0.16924781795509555,29.0,4823.562811720223,25572.460544867736,1.0153799677864601,0.8972793173637802,0.2676104377973684,0.28250705164471135,0.5103700401050372,0.3470601333082801,0.6560060545555205,0.9559652648885049,0.9565706059770278
0.7470357747178511,4.778589901526275,4.267998379506261,9.793624055750387,0.0015932025534268833,69.0,45.40627277266617,2047.6435098570053,0.7931764875122542,0.07184714069673703,0.9674346880702751,0.9949780223961527,0.9521245461370107,0.5150500396673211,0.9534530605909892,0.9272227176232324,0.9639935387534218
0.913877962338157,4.568474986334495,4.264473899192079,9.746826847864732,0.0020097744653504125,72.0,57.27857226248676,2506.555690151748,0.7473081833575053,0.08794932246146484,0.9006116437979834,0.994555634991823,0.9023142119887768,0.48612910979110346,0.910490753519631,0.9902384044933497,1.021104435899117
2.6353849601990365,3.6921919519316386,4.13755329127842,10.465130203409096,0.008176195609047266,74.0,233.0215748578471,7198.7111251232855,0.8574124974006881,0.2525863552674837,0.9250162022328702,0.9937589911032697,0.8316624975789315,0.4454415427522441,0.5351751869911232,0.8840220366692746,1.0167361852844357
1.7750560313564616,3.845765833197299,4.3406298683937,9.96145173294746,0.0047390863735641995,76.0,135.06396164657968,4862.321403986477,0.8014615134151342,0.17060776856092902,0.7180823403159059,0.9989369488028967,0.942360399232997,0.7058561948968918,0.6214813472076995,0.9999232283005828,0.9184500109105818
0.5852258342618315,5.318993489574666,4.504272646733541,10.408491970570038,0.0011682437433993933,64.0,33.29494668688271,1603.7933001922368,0.774190486179559,0.056273449129552164,0.8373240469046449,0.9912573704462705,0.979671538861247,0.2417822120740719,0.8675374032268346,1.0565695145927152,1.1659704119932082
1.8458043031231783,5.616953708633393,4.044831529710935,11.507589541467507,0.005011806784270495,76.0,142.8364933517091,5054.1884582956945,0.8528971956980238,0.1773399459051121,0.811354236157023,0.9925048565636155,0.8151720325019919,0.6898946249514342,0.8091711720643595,1.1946141329179585,0.9029799853250795
3.593004554108616,3.1456529660757733,4.222286572901353,10.960944093085743,0.013452777719205718,70.0,383.40416499736295,9763.076268534931,0.9240522743128479,0.3425640795977169,0.677919625590248,0.9905055022401867,0.893486828198691,0.4470187709826595,0.3403798420440717,0.9092561105678949,0.9788915946277879
2.9064241818555443,3.7404791110570415,3.9382464666460675,10.585149759558654,0.00965235669630097,74.0,275.09216584457766,7926.400099339412,0.8700348787519514,0.2781193017312074,0.6671259147965977,0.985627997968808,0.9981936050905839,0.08925499984601515,0.538482993039638,0.732782071689595,0.8891967642858232
0.9287708536013386,4.272672533767893,4.5573454667696245,9.758788854138857,0.0020392576433667193,72.0,58.118842835951504,2547.6666169157875,0.747510014662031,0.08939181111985219,0.9219879182191127,0.9968801258086862,0.9644012780513553,0.6074161992106183,0.6446757441003095,1.0023651581874633,1.0566442244646126
1.4175653249037292,4.487777702739557,4.468429809039729,10.373772836683015,0.0033875281757661576,75.0,96.54455300933549,3888.112851087976,0.833146701156931,0.13642501231887635,0.5658412856155877,0.9842750953386268,0.903704226478891,0.2156797549998251,0.8332398426570963,0.9908558622541952,1.2215694875356564
2.0253646916249854,4.251785256507928,3.7977660018328385,10.074915949965751,0.00577631683752128,76.0,164.62502986935647,5541.870564833048,0.8289079563785678,0.19445159876607185,0.8605276669301325,0.9925049462955906,0.9730016076911809,0.22253894313123368,0.7226271870977167,0.9168071454727622,0.8063503681874913
7.482837323485125,3.8352140472942784,3.496620417634034,14.814671788413438,0.06047455565319953,48.0,1723.5248361161866,19308.83755025974,0.9938214827560338,0.6775030719389383,0.7745746324606968,0.7485036187761731,0.5546648195315772,0.39091932632293713,0.7689580615876205,1.0516742065743983,0.8938197291190564
7.400042465229316,4.836221128728506,4.193544143654687,16.42980773761251,0.058338371350512216,48.0,1662.643583489598,19126.30236248067,1.1217883876924977,0.6710983285080937,0.5462115386219034,0.5303866834459794,0.7937371442393688,0.010182056756448454,0.8978103618367892,1.0759504141619958,1.148552243871202
8.736272070565374,3.247658017353137,3.758045184814992,15.741975272733502,0.08631102458011128,41.0,2459.8642005331712,21735.55154320115,1.001182077834826,0.7626509313403912,0.5658931317618857,0.6440841228624236,0.5319710156482851,0.4410442409466357,0.8083033822000889,0.9217363694716296,1.0006080264624426
7.378349543698809,4.526845193893902,4.756126105822061,16.66132084341477,0.05873748561282474,48.0,1674.0183399655052,19055.909797052165,1.1192017072444804,0.668628413931655,0.7589025060566708,0.34598383818177325,0.9683043143416623,0.4960985790965052,0.8523072207009722,0.9605615705256536,1.0631603474017854
1.3733863755593703,4.2020987763678095,4.371098854815211,9.946584006742391,0.003375269277185767,76.0,96.19517439979437,3765.164186624972,0.8002189651798368,0.1321110240921043,0.7870041063204158,0.9906793567533325,0.968528637121733,0.6456592038052023,0.6634332300912348,1.0188963669526823,0.9377070844546322
1.0041985610918087,4.535840384784926,4.361170162909838,9.901209108786572,0.0022927377383809957,73.0,65.34302554385837,2753.378079046436,0.787242437075552,0.09660975715952408,0.7053582404254541,0.9927459611537733,0.977582017819923,0.7006856860475652,0.9376590543598127,0.9211435637511101,0.907271996781768
1.4271121968119727,3.945501051355148,4.378358433937999,9.750971682105119,0.0035373422808459435,76.0,100.81425500410938,3912.4129221831167,0.7928661009643055,0.13727764639239007,0.6707383133487186,0.9964103472586303,0.9990968912005441,0.5390967581477927,0.6382844778026706,0.9498398657550018,0.9525367058157244
12.763499157124526,2.7396502231379234,3.3060558681386376,18.80920524840109,0.1708114810912634,28.0,4868.127211101007,25580.93762513188,1.114132168923539,0.8975767587765572,0.766096244002272,0.15710285470367769,0.389529412781923,0.12176637630269838,0.5871930769126824,0.9906532763001885,1.0100494503006532
0.8384136151064674,4.575448711816047,4.482210386233534,9.896072713156048,0.0018083951157186191,71.0,51.539260797980646,2299.4156715226964,0.7417414402268983,0.08068125163237531,0.7781049603599633,0.9953059718561745,0.9930929425846364,0.4987973777745482,0.7536141585361217,1.029172459939471,1.0352129373017291
7.936498605724634,4.311740505879628,4.592920291511772,16.841159403116038,0.06974194045884886,45.0,1987.6453030771927,20213.654707919774,1.0438506743251967,0.70925104238315,0.7464727800451981,0.3355856320924393,0.9194838623173796,0.35045254057394093,0.7854093532016768,0.940374277962289,1.0774407935727002
2.8089204129104117,3.346241817102628,4.623428367099713,10.778590597112753,0.008901565846498692,73.0,253.69462662521272,7667.5992702050735,0.9087881921455231,0.26903857088438854,0.8571917545364566,0.9783081521866209,0.899787936539018,0.6094526632477083,0.18431334346628792,1.0094311245427803,1.1219555947520918
1.0883842190549402,4.385028777665414,4.293184617893382,9.766597614613737,0.0025175913511691233,74.0,71.75135350832001,2984.3144160549705,0.8155961300312523,0.10471278652824458,0.7599191718809507,0.9930315606040724,0.9665627034203433,0.5529510905726847,0.8459920994718885,0.9858995582694277,0.942026516191862
0.9916802355518315,4.242232678578553,4.424461036114488,9.658373950244872,0.002230991509999646,73.0,63.58325803498992,2719.9179532201715,0.7470715930436946,0.09543571765684812,0.7288097661499504,0.9993482208048086,0.9779550512926796,0.5821364123645568,0.7787564049216216,0.9995738855939063,0.9859903287210727
0.9217695393840291,5.053262129169299,4.657729874697852,10.632761543251181,0.0020201476940034852,72.0,57.574209279099335,2527.980930453495,0.8087828788622721,0.08870108527907,0.7220093062990657,0.9908909095492588,0.9061100239082367,0.8728119964357465,0.841019595152456,1.0898310848171608,1.0589984124720693
0.8355043485504896,4.672237689601354,4.383955969958991,9.891698008110833,0.001799222377357469,71.0,51.277837754687866,2291.0002354091384,0.8059280686186822,0.08038597317225048,0.8979490506326546,0.9835766384253236,0.966859587004533,0.4311900038895173,0.8808761841624896,0.9278431376363545,1.0393312011481393
0.8245177196862032,4.753055643426133,4.2927815248783014,9.870354887990636,0.001758438099085792,70.0,50.11548582394507,2261.2984973729467,0.7763609797372839,0.07934380692536655,0.7794949836271909,0.9999938592702503,0.9249092145237396,0.290039936992449,0.9691969406666834,0.9389978096838281,1.0922486837265835
7.242935323938547,2.7185898850916788,2.9066682745747023,12.868193483604928,0.05481332144314305,50.0,1562.179661129577,18820.767875173955,1.0926937952142657,0.6603778201815422,0.7619092514683817,0.993509809267839,0.2331593636927214,0.22238484743504655,0.6707037056299432,1.018619311872246,0.9898974169056425
6.8048550085419945,3.04970703226532,4.068945742319095,13.92350778312641,0.047141173996185136,52.0,1343.5234588912763,17847.10232903018,1.007194683847628,0.6262141168080765,0.5530621710975413,0.93020419684331,0.5161249382521358,0.7337255891340407,0.640626558766173,0.8239288138027856,1.0911554676018946
0.8001357293819338,4.803831492069961,4.705563326096677,10.309530547548572,0.0016725854325461674,69.0,47.66868482756577,2194.7642864892127,0.7854764195522891,0.07700927321014782,0.7177884486582522,0.9989811761469725,0.9231817871227206,0.5321803491147035,0.9140819879842433,0.8416579007993059,1.2036834002225794
0.8746731538637816,5.005975534436139,4.374863148223015,10.255511836522935,0.0019181094097245428,71.0,54.66611817714947,2398.2831837678787,0.7951424186966473,0.08415028714975013,0.805987274856181,0.9776765146884322,0.9379756255367199,0.6403925719373971,0.9630830011583376,1.0497338757737305,0.9795436957827546
1.3120545492378821,4.24081802086578,4.317859663501779,9.870732233605441,0.003152764965195146,75.0,89.85380150806166,3598.226871623854,0.7662719486032898,0.12625357444294225,0.7016339251318269,0.9870534785084859,0.938163687255507,0.4849959571030635,0.8147094197280706,1.002563561131557,1.0064626080920034
7.304694152040555,2.6932174607982198,2.8151513011894695,12.813062914028244,0.05601969387711647,50.0,1596.5612754978195,18959.694553613288,1.0213646469849302,0.6652524404776592,0.8318480632806905,0.9930851989194035,0.07011381031470687,0.5648631047167758,0.755276739733637,1.0263235371776052,0.9699301925297297
7.361172804700873,2.5600438904290606,3.078703041963609,12.999919737093542,0.056680673761968156,49.0,1615.3992022160924,19088.327287729437,1.0547023981163102,0.6697658697448925,0.7624057150634392,0.987705768103983,0.23432072222756783,0.30171076782286377,0.6250118663187486,0.9759224895524143,1.0394088462782451
2.1861930336991575,4.1665663008244085,4.634120907324273,10.986880241847839,0.006187181411234876,75.0,176.33467022019397,5983.390376684074,0.796448654059078,0.2099435219889149,0.8149391891648254,0.8808437929604422,0.9922843051200114,0.5112220746832601,0.596767909869563,1.0002133334935608,1.0855421340312432
5.8784957574131,3.246874888759455,2.962886461614106,12.088257107786662,0.03425060695180542,58.0,976.1422981264545,15635.963822987975,0.9964836100223262,0.5486303095785254,0.780478179563801,0.9959315985492299,0.15472086680772812,0.5015939270372427,0.9932163184349374,1.0174456136183734,1.0154667538579232
8.587810313238986,4.325764657213402,4.830804109657049,17.744379080109436,0.08392189479941065,41.0,2391.7740017832034,21419.410314381836,1.0831564424374096,0.7515582566449767,0.8054682990806743,0.22659720892116697,0.9384515989344819,0.47759234386942256,0.7077170999840385,0.7724352754872519,1.113337213944607
8.80283346979572,2.813704328980066,3.161629177819447,14.778166976595234,0.0872607804461786,42.0,2486.93224271609,21875.337447439975,1.0398313774985772,0.7675556999101746,0.784258481798515,0.7906635672502197,0.26331895717230236,0.43502009730267993,0.751403966418473,0.7611675739743073,0.9733566750439753
2.8284606517266067,3.8576191618087954,3.9003140896653004,10.586393903200703,0.009132158978099063,73.0,260.2665308758233,7718.742932146109,0.867174467290132,0.27083308533845996,0.7607580557043356,0.9933222113699611,0.7997242372724817,0.27297596422701226,0.7487063157797483,0.9150023779291101,0.9957019453558331
0.6839505618157633,4.752439822808279,4.366612867239565,9.803003251863608,0.0014255611139883577,67.0,40.628491748668196,1874.840891635256,0.7445797661596331,0.06578389093457039,0.8212392843625579,0.989592676001742,0.987327510038833,0.41714397964229843,0.9601332730734025,0.9735917712060527,1.0181230638384804
1.148653529054078,4.4017803030303355,4.274136837893262,9.824570669977675,0.002672149622572346,74.0,76.15626424331187,3149.926115606228,0.8157574365901838,0.11052372335460449,0.6512491401666877,0.9884096312909432,0.9599295026246891,0.41968233867233035,0.8855870320248252,1.0074372616955773,0.9914046526510063
1.415374376319694,4.279993885154916,4.248548664219928,9.943916925694538,0.0034746265854789307,75.0,99.02685768614953,3881.0150167630422,0.7702022452196826,0.13617596550045763,0.7720539822693837,0.993784099262546,0.8858908096365551,0.5352976146547023,0.8656861738670816,0.9351295076797435,1.0023926816928452
2.7591595137319067,4.263960080166365,4.759515711833727,11.782635305731999,0.008791520456770716,73.0,250.5583330179654,7531.292908277774,0.8855434454819957,0.26425589151851836,0.7197249891742695,0.8338163625226337,0.9906298971491229,0.8179090575174586,0.764100070837475,0.8707304309696762,1.0173724873436245
1.051500429940659,4.762454335270982,4.452740549325302,10.266695314536943,0.0024014578604232006,73.0,68.44154902206122,2883.65576685194,0.783482936209352,0.10118090410006807,0.7223071173838285,0.9950289780090003,0.956657889640387,0.6987593920534224,0.7726530748045057,1.072690661124671,0.9738812410546798
7.414599050917817,4.562273377650904,4.471439881474606,16.448312310043327,0.059814981153423756,48.0,1704.7269628725771,19122.595576518284,1.1281733237441016,0.6709682658427468,0.7784130505586437,0.3660046410794252,0.9825730767173161,0.3228281267494602,0.7962293235298401,1.0282819408247434,0.9774335570919472
1.1627317736857226,4.547241547742624,4.11800077956956,9.827974100997906,0.002740934913405244,75.0,78.11664503204945,3188.304824705588,0.7777209699768145,0.11187034472651186,0.730234419932922,0.9924090028592006,0.9393639968606461,0.4462575257553053,0.9691395670442049,0.9700374199764998,0.9233132258393226
12.457522412267162,3.264532007907333,3.3671715090478282,19.089225929222323,0.16550805930568924,29.0,4716.979690212143,25454.93690072494,1.0229511706260972,0.8931556807271909,0.6810833392622366,0.15237102777865352,0.2800358798659821,0.25029888318569155,0.8801709259791375,1.0083965069702532,1.097456611044601
1.037010006451497,4.361579852069948,4.407700725133173,9.806290583654619,0.002355464121956464,73.0,67.13072747575922,2844.101307327566,0.7739541499665109,0.09979302832728301,0.8683771550057531,0.9989423035559412,0.9390571023991413,0.6548531047709704,0.807544246132956,0.914926593882349,0.9867207708315284
1.9314598620391548,4.122752021403403,4.198985415983225,10.253197299425782,0.005236928331533701,76.0,149.25245744871046,5289.322518004419,0.8468188647259997,0.18559026378962876,0.824545141922874,0.9998586169175668,0.8232089961366503,0.5754265085359409,0.8099787404434701,0.8382603333225755,1.015903057797778
1.0983489054706266,4.565820378717431,4.066889558786,9.731058842974058,0.0025272628951792954,74.0,72.02699251260992,3012.1445176206958,0.8005261522929713,0.1056892813200244,0.9074382170752677,0.9929479199628632,0.9350537004331102,0.22835034170393742,0.8941373803879717,0.8978403531365005,0.9899674372500025
4.675145458196119,2.7809516532062144,4.416652448726568,11.872749560128902,0.02161056336037761,65.0,615.9010557707619,12600.401639772259,0.9476995806751676,0.44211935578148276,0.6673535809394541,0.9851318252053736,0.8537877381060509,0.7886696782593802,0.2030112980273292,0.7925172247606622,0.9569744977657839
7.182781026085615,3.3203038733298373,4.21632712925774,14.719412028673192,0.05501413698040695,50.0,1567.902903941598,18653.058602738063,1.0434774396353417,0.6544932843065987,0.841482437118501,0.6699741248748623,0.8083079518457291,0.6192798576246076,0.43110276625993904,0.9735835169530693,0.9137664194706376
1.2791087387454247,4.635400273011583,4.147652913976049,10.062161925733058,0.002991248324924395,74.0,85.25057726034525,3509.053956129747,0.778011859380391,0.12312470021507883,0.7887292047735733,0.9952025128911497,0.8068514371608614,0.21624426425938853,0.9549752690932436,0.9960736384882458,1.1602252217801743
4.278569503856052,4.153902728504709,3.7547382888975593,12.187210521258322,0.01832975805353042,66.0,522.398104525617,11571.107949284144,0.8798160819989835,0.4060037876941805,0.7299692374062009,0.9994463622697363,0.5563974822844167,0.6803745106456219,0.7787873609373251,1.0941954755818781,0.9750698393481869
8.727039776942412,4.5149095829336945,4.562866609919533,17.80481596979564,0.08812127188971995,40.0,2511.4562488570186,21611.648487496375,1.081113707691161,0.7583034557016272,0.7737899347889039,0.11749845262236824,0.9862650969277988,0.2865539482006829,0.8755089930859097,0.9550466792801267,1.0087818779896356
6.382608510756719,2.897485634643756,3.571663483970402,12.851757629370878,0.04107251005120302,55.0,1170.566536459286,16855.785217153054,0.9641435703457691,0.5914310602509844,0.6371984613224576,0.9879270928492278,0.4037868720102148,0.6492153135932681,0.7256578397511634,0.9744927467225073,1.0006988504796714
9.0268654583769,4.181839266470049,3.798085945481767,17.006790670328716,0.09347100221759506,40.0,2663.9235632014593,22173.576008505086,1.0795406334172848,0.7780202108247398,0.7315438077155425,0.45105212276733886,0.5710224702240576,0.24975429381333836,0.850859619876758,1.0630548458974032,1.050916630523631
6.930022748312706,2.7756399498720477,2.777149683528624,12.482812381713376,0.04935110933855978,52.0,1406.5066161489538,18127.06035377772,1.037769154373363,0.6360372053957095,0.7767971543560364,0.9881190598637214,0.046142000335780864,0.4568541889198535,0.9286226933116272,0.9845782438674759,1.0246263811781011
1.3077106885190848,4.469314026575712,3.9568959461673,9.733920661262097,0.0032087312414236626,76.0,91.44884038057438,3585.0547126947267,0.760686721764605,0.12579139342788515,0.8197943015540811,0.9949888062181445,0.9824208795170258,0.2802252318484818,0.8423389829937896,0.979156889460087,0.8641996345261038
9.517510908596002,4.100474745587493,4.712400933404157,18.330386587587654,0.10658201684300354,37.0,3037.587480025601,22795.69089767697,1.1435949862513175,0.7998488034272621,0.7629270376946679,0.027139373284701063,0.9478766058643182,0.44583933703541284,0.6753834889320732,0.9803113539946509,1.0454106527807228
2.196720099239429,4.464228039273886,4.4472364344422,11.108184572955516,0.006299156529825479,75.0,179.52596110002614,6010.1335051392425,0.8363216907700358,0.21088187737330674,0.7009818588793871,0.8794010274822731,0.9689521150988697,0.5596794900683301,0.9126709750983795,0.9080870145201534,0.9962639238323154
0.9410615948673668,4.444525096724811,4.48923764654371,9.874824338135888,0.0020777991531899503,72.0,59.217275865913585,2581.1731885068766,0.7619783201009772,0.0905674802984869,0.7282493050677302,0.9929070218567143,0.9609256695331022,0.5795957288456581,0.8154435656783297,1.0111660831222458,1.0370357458047597
2.073219442017171,3.2854980751375087,4.459538873849048,9.818256391003727,0.0057847472661479915,76.0,164.86529708521775,5674.920909873995,0.8505209724192616,0.1991200319254033,0.8862451174406358,0.997188455921685,0.9805481866640667,0.5191193129895721,0.21001904411846528,0.9936061067402497,1.0090551482803853
1.6288830008215969,4.143099961312536,4.245894596444081,10.017877558578213,0.004169033952270493,76.0,118.81746763970905,4464.433565419595,0.8046265857251625,0.1566467917691086,0.8881934068484545,0.9989142520899793,0.8029863489025676,0.7087002061441778,0.7888407706298255,1.0061041227493794,1.0112033909037428
1.1459440949232154,4.407531913144002,4.190956143558328,9.744432151625546,0.002697848228077703,74.0,76.88867450021453,3142.135895096301,0.782510135452645,0.11025038228408073,0.8789459459425322,0.996232150837431,0.9970458571918702,0.43368678309245984,0.7672471264088645,0.9148500536074295,0.9074319393479735
5.660454002746665,3.1380857067420536,3.611477195163177,12.410016904651895,0.03184347468879897,59.0,907.5390286307708,15094.93630049071,0.978375862744923,0.5296468877365161,0.6695608763599169,0.9886937032157067,0.5308190061458566,0.5613075948635825,0.7034434090452116,0.9723674393718253,0.9463142331260705
1.2434875013855717,4.236192491376215,4.256126464686424,9.73580645744821,0.002943871994149078,75.0,83.90035183324872,3410.489401938186,0.7620619488903492,0.11966629480484862,0.7379340381019995,0.999787040524087,0.970511124028097,0.3268428925269753,0.771059034996389,0.9049879052226841,1.0075562127950315
1.6709660200122927,4.054747790530654,4.25228248779554,9.977996298338487,0.004317588564432716,76.0,123.05127408633238,4579.385236805622,0.7941157147606404,0.1606801837475657,0.6975426342392375,0.997732248593617,0.8928379057794831,0.509217319307968,0.7627008595338218,1.0048354066932697,1.0037214935835999
6.995053872401787,2.603610031007475,3.195547968170642,12.794211871579904,0.05113965735433606,52.0,1457.4802345985777,18255.015283757086,1.0969507939555712,0.6405268520616522,0.7582943444790126,0.998922262571699,0.4657021699821824,0.35675074806825513,0.45695567328204884,0.9926752211502556,0.8573220612966113
0.8077276733167409,4.536790962657414,4.399789416326391,9.744308052300546,0.0017513938092799902,70.0,49.91472356447972,2214.6619163191162,0.7397197882470679,0.07770743566031987,0.7638666104091613,0.9996244562131467,0.9790221070970035,0.6433219083055052,0.9074400690271229,0.97603581282916,0.9508825412640878
0.7746381460904351,4.7149070227518415,4.512373702953431,10.001918871795707,0.0016227721358794591,69.0,46.24900587256459,2124.4968548721363,0.7706006264003702,0.07454374929375916,0.7003030408732722,0.9949780223961527,0.9463719631674514,0.39256356409038273,0.9197094166012463,0.9800302114025756,1.1402372863464953
1.2395466346996877,5.279369587518344,4.5151021157653854,11.034018337983417,0.0029232618332131334,74.0,83.3129622465743,3399.3444198760567,0.8069740603349959,0.11927524280266866,0.9006116437979834,0.8799278041880153,0.9900078376123167,0.528836301159669,0.9669614390106733,1.0489252525634252,1.0366415548065575
7.645602533649579,4.348285382951294,4.5613097194985555,16.55519763609943,0.06402868735601432,46.0,1824.8175896464081,19614.75317884781,1.1137390947160535,0.6882369536437829,0.7438526093596628,0.35274712821765386,0.9532569116882117,0.3567753198295513,0.817027247603014,0.9576363104775842,1.0318814063012032
6.304543113650055,3.665376780695846,4.000156204065025,13.970076098410926,0.039821801158275626,54.0,1134.9213330108553,16664.860896379385,1.0167403053944961,0.5847319612764696,0.7101099534627583,0.8172790113467128,0.5911856122461232,0.3665857332820102,0.7468612903943531,0.9999232283005828,1.1386256573325237
8.550854640541433,5.092464500083588,4.462372691577448,18.105691832202467,0.08484979860575576,42.0,2418.219260264039,21298.540755678572,1.0335248805209583,0.7473172194974937,0.7515934779098916,0.19857564261992178,0.9732516374079819,0.5552596400154299,0.8007856040705384,1.099099567402082,0.8722850954153891
0.6758844016891177,4.619599907531539,4.452733239781627,9.748217549002284,0.0014023792089153037,67.0,39.967807454086156,1852.4650356635013,0.7921969292902086,0.06499877318117549,0.7112645236742001,0.9998790107065093,0.9925034344666378,0.46794460426097845,0.918962202776882,1.0017259371359661,1.0357344585648387
1.236788613546926,4.403958710470011,4.217013386411985,9.857760710428922,0.002967845614097672,75.0,84.58360000178365,3390.8869293247535,0.8017223305100899,0.11897848874823697,0.761731273640859,0.9905055022401867,0.95160146652184,0.5695466666113873,0.8695122518927362,0.9819684903612651,0.9101798569426105
1.5682575057436026,3.9230282988275267,4.265909780798876,9.757195585370006,0.003994339273827176,76.0,113.8386693040745,4298.7238539872915,0.7659640096824956,0.15083241592937865,0.6671259147965977,0.9986392712662088,0.9744938389924125,0.43047981975069116,0.6534573530230521,0.987221223760189,0.9621976745814109
0.5424068253100313,4.853739947261602,4.45238045840309,9.848527230974724,0.0010879000525183446,62.0,31.00515149677282,1485.6840297558922,0.7668594431357862,0.05212926420196113,0.9219879182191127,0.9968801258086862,0.9959719141045641,0.4114037752529168,0.9036388147939549,1.0023651581874633,1.0566442244646126
0.8469980996304995,4.526467007790018,4.269741904498231,9.643207011918747,0.0018288792551232702,71.0,52.1230587710132,2322.9869896408964,0.7478879771659998,0.08150831542599636,0.7697787673616759,0.9971619684950163,0.9934967051262252,0.2156797549998251,0.8332398426570963,1.0024610238629663,1.0416766299049725
0.5637951053094684,4.867034359270381,4.434954037753989,9.865783502333837,0.0011403251507620346,63.0,32.49926679671798,1544.4302251752601,0.7622798350811932,0.054190534216675794,0.8601810211709089,0.993399205833789,0.9804629966466142,0.49205633554078276,0.9920116011319264,0.9935155395773563,1.0309043174294064
6.307172146297562,2.988016199512959,3.1502606279182244,12.445448973728745,0.03997288158380916,55.0,1139.2271251385612,16669.09751233471,1.0815042244101605,0.5848806144678845,0.6794549980861917,0.9965307725746422,0.4228436093961213,0.08160014315223135,0.7314369913172623,0.971888397007443,0.999068950661794
0.8711416387822737,4.402743393745892,4.367450340823895,9.64133537335206,0.0018953009922547926,71.0,54.01607827926159,2389.0178573065514,0.7765801961516915,0.08382518797566847,0.8003273159922767,0.9966455149664842,0.9942239546171108,0.3710912670464569,0.7727063438812534,1.0017394664786297,1.0272826572944722
4.369799944055934,3.529315150100772,3.645173615633904,11.54428870979061,0.01890627449694093,66.0,538.8288231628165,11809.837800717141,0.9416263288529664,0.41438027370937336,0.7986420013570711,0.9896962506799485,0.5724802486967211,0.336317017481514,0.7539615097838748,0.9622457662126829,1.0388194683351633
2.8325678580455294,4.6582986198954455,4.3758571705973734,11.866723648538347,0.00911215151271389,73.0,259.69631811234586,7729.972681997045,0.8686974504006456,0.27122711164901914,0.8774878938424219,0.8164167088660554,0.9358316857635106,0.35673311508056155,0.8912138683870203,0.9499513695873505,1.0631603474017854
6.571394272230691,3.7110749472899993,4.362936578492219,14.64540579801291,0.04438022481334213,52.0,1264.8364071802507,17279.435275214415,0.9796248874996654,0.6062959745689268,0.8348291676021417,0.5973793832557704,0.9443084363362302,0.0672326069420664,0.3736909226991788,1.0096382452473245,1.0812405484833283
0.6229110986259146,4.975430447307969,4.4930586961933745,10.091400242127257,0.001270511057544971,65.0,36.20956514003167,1707.212649164322,0.7494469314752713,0.059902198216292,0.7053582404254541,0.9927459611537733,0.9973535864059992,0.4246535324605142,0.9376590543598127,1.0326652194145003,1.069123680854699
1.3157373787397233,4.1753526154491185,4.207893750837731,9.698983745026574,0.003188628316266463,75.0,90.87590701359419,3607.589487855729,0.7920471818241209,0.1265820872931835,0.7686694897574232,0.9980210394880596,0.9990968912005441,0.33023657013449587,0.6382844778026706,1.0164900484606583,0.9525367058157244
1.1042587718365031,4.433651016324086,4.18289036060828,9.72080014876887,0.002575171994427446,74.0,73.3924018411822,3028.0614980428895,0.762982133756,0.10624777186115401,0.8938871875544334,0.993413150045665,0.9932059108266578,0.41979581416041356,0.7368242010693851,1.0099629506221959,0.9134120105586039
1.2220371561970225,3.9694884660745786,4.521909230561121,9.713434852832723,0.0028579821740469845,74.0,81.45249196033906,3351.7017562596448,0.8091181567373614,0.11760357039507525,0.8747479705099324,0.9961185229769778,0.9824833689255036,0.4906464642191091,0.5016315088147605,0.9872548496040745,1.0630565635318368
1.2124584113585866,4.4189381647943895,4.1508503680072195,9.782246944160196,0.0028320633225989485,74.0,80.71380469407003,3325.4181832732697,0.8065825892702068,0.11668133976397438,0.7923985765524568,0.9979134280194566,0.9194838623173796,0.19595330465776511,0.8087124784176346,1.0065849051084537,1.0585623554781796
8.81540031613154,1.9805116805871061,2.99987611132626,13.795788108044908,0.08613690257392986,42.0,2454.901723357001,21951.69943742672,1.052667319074067,0.770235067979885,0.8571917545364566,0.9983667336035852,0.091040724768778,0.3353710733760749,0.18431334346628792,1.0463300364294372,1.1004809282256556
1.377466204640532,3.9861392044745383,4.326980482411286,9.690585891526357,0.003385208478398692,76.0,96.47844163436272,3776.3946837034764,0.8001908998621876,0.1325050766211746,0.7599191718809507,0.9984154680097306,0.9967921111717402,0.5088679593575806,0.6163179051250537,0.9690233362871192,0.942026516191862
0.8700147465815207,4.322036524298547,4.417277696420478,9.609328967300545,0.0018996915702843601,71.0,54.14120975310426,2385.702611505726,0.7858033328889634,0.08370886356160442,0.7809403739708461,0.9995614596476167,0.991650235206278,0.5078217931761624,0.7787564049216216,0.9991941747807842,1.000141434035771
3.241207392346403,3.7234015491544104,3.958183184817075,10.922792126317889,0.011436164477020729,72.0,325.9306875950908,8825.04486806527,0.8577842408826835,0.3096506971250972,0.6815150048279169,0.9908909095492588,0.7884269558819603,0.5328619981229503,0.7325163162812864,0.9874640393716174,0.9250332575119611
1.7836112595684395,4.091485123058102,4.174951820677343,10.050048203303884,0.004768012580790608,76.0,135.8883585525323,4885.744787519555,0.7956238309034873,0.1714296416673528,0.7463753430427587,0.9835766384253236,0.966859587004533,0.4311900038895173,0.7056953030031388,0.9278431376363545,0.9208404709742934
1.8007270011310983,3.4218770456136216,4.568130734672772,9.790734781417491,0.004808426197314788,76.0,137.04014662347146,4933.0985091607345,0.7763959483299184,0.17309117576002578,0.7191228408997308,0.9999938592702503,0.9967626012506317,0.7732730170215665,0.35461450110631365,0.9935955429440679,0.9503220177719216
0.7972393269647183,4.464891730181034,4.3777946371114504,9.639925694257203,0.001714152652066674,70.0,48.85335058390021,2185.7930314626574,0.7799814965916024,0.07669449233202306,0.7368383565261972,0.9997624567259332,0.993338922669548,0.4825811326934634,0.8675010491064844,1.0007966787628464,0.9898974169056425
8.097746384619905,4.352867218271771,4.876786916074192,17.327400518965867,0.0738310384323173,44.0,2104.1845953210427,20509.911745947615,1.0144066058887367,0.7196460261736005,0.6411375393881505,0.2515938942251692,0.976233540619459,0.7336893304082649,0.8712072470244691,0.9005112606855183,1.008420506551353
0.8082252336298622,4.521255647126402,4.347666217199306,9.67714709795557,0.0017409174944076978,70.0,49.61614859061939,2215.9244416961797,0.7906543584277446,0.07775173479635718,0.7177884486582522,0.9942246922912209,0.9974994599957077,0.4215433312883631,0.9042341392383673,0.9878295461118465,0.9949067584198641
0.7867612198121523,4.50348573133536,4.6712321675147725,9.961479118662286,0.001690166012957741,70.0,48.16973136929562,2157.010050658346,0.7698700230584143,0.07568456318099459,0.7482015021078323,0.9776765146884322,0.9856075142054886,0.8950445598489802,0.8920346004082751,0.9898891312319353,0.9795436957827546
11.478743584903262,2.6449096830530356,3.0264379266114347,17.150091194567732,0.14800953498346708,31.0,4218.271747028812,24888.703476566032,1.0813323595147042,0.8732878412830186,0.7988063247906058,0.44123384707044766,0.17411451003337775,0.6613865807120527,0.748937169097837,0.9969520100055678,0.8810889028150495
1.1205561272489937,4.233072110206303,4.342344439330758,9.695972676786056,0.002575494122740726,74.0,73.40158249811068,3073.4325859897976,0.7909068820859391,0.10783973985929114,0.746423299457041,0.9999251858314495,0.9548719726702803,0.41415097472781975,0.755276739733637,0.9988242958812965,1.033120843457148
4.977006853110042,4.349056017313695,4.601493171902881,13.927556042326618,0.02470236911447326,62.0,704.0175197624878,13364.411290024835,1.0027314027427796,0.46892671193069596,0.7809403739708461,0.646336277806931,0.9706880941558128,0.5985090949013712,0.8132282924796611,0.9991941747807842,1.000141434035771
1.1671791420364623,3.9539267551855097,4.683074146731957,9.804180043953929,0.0027266040613670925,74.0,77.70821574896213,3201.2901751554227,0.7522327689581273,0.112325971058085,0.81291336148175,0.9912610386121421,0.9728854530080737,0.9023397073071056,0.596767909869563,1.0002133334935608,0.9896674416930011
12.310426707694601,3.2903587888306993,3.658733537624931,19.25951903415023,0.16399506078492407,29.0,4673.859232370336,25317.84176504751,1.1118340231738206,0.8883453250893862,0.7770705872608299,0.10289915307739339,0.5554243688236575,0.3008520739200596,0.4464301377234913,1.0636973985594464,0.952932654531323
6.125766156469059,3.764983358225723,4.648109121253266,14.53885863594805,0.038103219069543094,56.0,1085.9417434819782,16215.95825357712,1.0739824390701238,0.5689809913535832,0.7590978806689316,0.6554743229448133,0.9760287131172102,0.669132147132182,0.5269140256611855,0.7117807611479727,0.9640459679059612
1.4808265016169684,3.905381744514325,4.388359916625109,9.774568162756403,0.0036805742213234507,76.0,104.89636530771834,4059.4039818680326,0.8362142685089471,0.14243522743396606,0.7190512182207665,0.983991906496149,0.9981045267729615,0.41073562429935667,0.5862822945043609,0.9801394181465217,1.0087745921960467
1.9655607559144932,4.411145352248459,4.1673267535205465,10.5440328616835,0.005457838981487282,76.0,155.54841097238753,5381.224308066572,0.7921795505402791,0.18881488800233587,0.8720308073464191,0.9726699737137737,0.9410204252497401,0.5145697649091218,0.5982575907205064,1.0575698141201935,0.9066969995689274
2.489729460794382,2.9777306070648426,4.634085428131061,10.101545495990287,0.007494986271365948,74.0,213.60710873392952,6804.835763062531,0.8801813250421168,0.2387661671250011,0.8702341474882129,0.989592676001742,0.987327510038833,0.6307004352764015,0.006770859290429421,1.0054946781455676,1.0376004581541123
3.1210668129794312,3.6813417173188876,4.091058981125964,10.893467511424284,0.010680006405219454,72.0,304.3801825487544,8505.150490645306,0.836933884418675,0.29842633300509847,0.036138901279222035,0.9892794768947661,0.9072653292126982,0.24006538947839495,0.8855870320248252,1.0074372616955773,0.9914046526510063
0.9614978783970397,4.250882172419751,4.625593021249859,9.83797307206665,0.0021577018390720394,73.0,61.49450241355313,2636.396443281015,0.8090579658007532,0.09250513836073736,0.7720539822693837,0.9913566726009293,0.9729728296181833,0.9213900056964622,0.7664412654570003,0.9977540922838717,0.9562830809138543
2.669969765202441,3.5946305334908835,4.756272168552776,11.0208724672461,0.008351634772236613,74.0,238.02159100874346,7290.937043367841,0.8956808355254858,0.25582235239887163,0.7197249891742695,0.9075650180348853,0.9906298971491229,0.8179090575174586,0.42943529749973464,0.9218513281556062,1.0173724873436245
0.7571629888150964,4.727216729303824,4.366392020961308,9.850771739080228,0.001631214142912156,69.0,46.489603072996445,2075.427501022291,0.7571253499067792,0.0728220175797295,0.8296140281670247,0.9950289780090003,0.9757737478896428,0.6987593920534224,0.9730276026787569,0.963650938387618,0.916039646477989
2.4866468054542303,4.629482003794875,3.869826727641263,10.985955536890367,0.0075411903092869855,75.0,214.92392381467909,6796.536018596354,0.8137399162198847,0.2384749480209247,0.8653581902727481,0.9995380545093264,0.6498496116680281,0.6560932289153271,0.8705745472249762,1.0904094369670148,0.9833292816886949
8.084114283933367,4.9082870939939545,4.584575078775919,17.576976456703242,0.07279344839665226,43.0,2074.6132793045895,20490.79791440969,1.0965863891202423,0.7189753654178839,0.5885942557892757,0.23912909354866907,0.9393639968606461,0.07818901439318565,0.9891694450416005,1.0183676643004724,1.1566158930996333
1.1156227277048865,4.034281235543778,4.562009705972235,9.7119136692209,0.0025612818002272793,74.0,72.99653130647746,3059.921412320748,0.7894632476385577,0.10736566359020168,0.6910858114138377,0.9973588458293342,0.987053454310481,0.6080205986597336,0.6511886577563474,0.9926689207208217,1.0333001549820504
0.6812115150200975,4.707880099294863,4.433653676827986,9.822745291142947,0.0014194878461718525,67.0,40.455403615897794,1867.3184901642935,0.7417815794054674,0.06551994702330854,0.8683771550057531,0.9909076095747037,0.9947874999648182,0.49017208046375504,0.9099324897375861,0.944658213638996,1.0150202021185666
0.906451935690731,5.60680751574606,3.8511673325397355,10.364426783976526,0.0020037427590551206,72.0,57.10666863307093,2485.81274896367,0.7553019001228424,0.08722149996363754,0.9932085132660443,0.9896440467834128,0.9010735459749161,0.08430985028940624,0.9351990631214115,1.11763172303592,0.976614977706121
3.8098903332420204,3.7528901792666467,3.5776341741227657,11.140414686631432,0.014787481627012789,69.0,421.4432263698645,10339.465312194836,0.917350216342566,0.3627882565682399,0.8892980467659292,0.9929479199628632,0.4550439119536055,0.5814556382127813,0.8980480464728319,1.0105930877000557,1.0362659959007647
8.519128589171562,4.051721566520184,4.474837730563271,17.045687886255017,0.08307631095538419,42.0,2367.6748622284495,21281.682635000892,1.0313745466895823,0.7467257064912594,0.969221739166825,0.24322382370184725,0.9598388754986176,0.26892542896534344,0.44406488682241424,1.0337274050085892,1.00243623455935
1.5081279196190784,4.000111462190129,4.377543438283844,9.885782820093052,0.003771961384501902,76.0,107.5008994583042,4133.999602393727,0.8373889151914901,0.14505261762785007,0.7727341551397549,0.992648884050563,0.9441922671446255,0.547629081942375,0.667373287786531,0.9487385054458188,1.0021228732644856
3.155125034948686,3.9075540559151483,3.7099418919257277,10.772620982789562,0.010706922483671277,72.0,305.1472907846314,8599.112682879955,0.8409592944607316,0.30172325203087563,0.8912655499914546,0.9952025128911497,0.6017549631891096,0.23787437463786004,0.8001531066707723,0.9960736384882458,1.105677793302105
0.43582592629312833,5.733503910578239,4.707109997917439,10.876439834788808,0.0008460853048483755,55.0,24.1134311881787,1192.9861514971028,0.729666908212047,0.04185916321042466,0.7288248788640194,0.9877747039743939,0.9939197361990918,0.4671048041351221,0.9988433842908373,1.085739215707574,1.165254086875433
1.1679913063701788,4.1946501673696694,4.465955794681143,9.828597268420992,0.002721285827376578,74.0,77.55664608023248,3203.0813059696447,0.815735953264288,0.11238881775332087,0.6286647248837177,0.9938422435414777,0.9540694806649096,0.6298193383608091,0.8040837401496282,1.0040134415924378,1.0087818779896356
0.6687954390689708,4.711705932178429,4.5101924902352435,9.890693861482642,0.0013891945035568727,67.0,39.59204335137087,1832.9264671664926,0.7857431056704056,0.0643132093742629,0.8339104318701922,0.9891984746569926,0.9657831184647564,0.655551696644947,0.9568201728620173,0.9785361381401283,1.0162812049456207
9.012247003296698,2.61914787633489,2.9838914269235355,14.615286306555124,0.09061196339615549,41.0,2582.4409567904313,22260.563193044713,1.1534967768520856,0.781072392738411,0.6024016578457372,0.9683998001130444,0.04127106327815,0.3995793156464998,0.5831177860064178,1.0678102225959312,1.1121148822353515
7.625050230079175,4.541276843807525,4.63909221420469,16.80541928809139,0.06437259529678138,47.0,1834.6189659582694,19557.249896151243,1.0698523626511134,0.686219294601798,0.8806731419941511,0.34352654477626454,0.9759256254946859,0.7540271046003113,0.854376225412001,0.904834384617788,0.8942107574381462
1.6300831191296838,3.7544603536368895,4.505201303254226,9.889744776020798,0.004153807600811524,76.0,118.38351662312841,4468.261233288662,0.7878225981527887,0.15678109590486533,0.7589661586013813,0.9841439609644034,0.9883626083745465,0.4827952773612374,0.46356280154758833,0.979156889460087,1.0457171845474718
7.609371123408767,2.7208677683205336,2.8932219027801334,13.223460794509435,0.06184257524926463,48.0,1762.5133946040419,19598.263554941754,1.1360025469109722,0.6876583703488335,0.8352955085198488,0.9949901121106225,0.2975909833970971,0.22523957551458818,0.42744558687349865,1.0544373899074366,0.9120667743284141
0.8506151339413529,4.40289507109908,4.456874973554505,9.710385178594937,0.0018433063809892684,71.0,52.53423185819415,2332.740608927618,0.7583224630099072,0.0818505476816708,0.8025417278946005,0.9916179447658047,0.9919486836166493,0.5022681813091117,0.7860731020386096,0.9989935624508246,1.0221303982207108
3.8434480139659257,4.515232418257853,4.31705639800937,12.675736830233149,0.015029894159525001,68.0,428.3519835464625,10429.37746943801,0.8638108393597285,0.36594306910308805,0.5788493413424161,0.9929070218567143,0.6916244425828564,0.9110286340738976,0.6298143241755108,1.1524121108928065,1.0370357458047597
3.1694979339203857,3.311370297443593,4.414290511258819,10.895158742622797,0.01084139011289125,72.0,308.9796182174006,8636.42484538452,0.8564373337545147,0.3030324507152463,0.7215544531932142,0.998910996899073,0.8926800704724489,0.5081544032106557,0.21001904411846528,1.0332892505324787,1.0588784716829744
7.182832339249231,2.5256539650863665,3.3294099714595022,13.037896275795099,0.05364459314060988,50.0,1528.8709045073817,18697.483826213436,1.0108503089007563,0.6560520640776645,0.761448110803078,0.9948530274961144,0.2444864589580421,0.6724792210558597,0.6019903104839545,1.0061041227493794,1.0112033909037428
5.519828823863922,3.1512322584066275,3.251562110715863,11.922623192986412,0.02995165752977543,60.0,853.6222395985998,14747.762947143057,1.0181639050084694,0.5174653665664231,0.8789459459425322,0.9974438039412896,0.3560378086648207,0.38638602270624284,0.7672471264088645,0.9148500536074295,1.012849965078237
8.178800845116802,4.7822634311202465,5.060683607985551,18.0217478842226,0.07572224420022824,43.0,2158.083959706505,20657.311828147067,1.0051562449257159,0.7248179588823532,0.7957034012900635,0.14873844040696815,0.9782979299175711,0.826227431746061,0.9566510836899563,0.9643706363208264,1.0581618612026364
7.660842593941385,2.3872563691580333,3.1219715718838477,13.170070534983266,0.06239220394171912,48.0,1778.177812338995,19731.42440414911,1.0047941671656035,0.6923306808473372,0.6874048757308904,0.999787040524087,0.2728168719839821,0.3268428925269753,0.5695498071169679,0.9487066815486584,1.0075562127950315
2.6999262957107883,4.277512010859077,4.245316252184512,11.222754558754378,0.008320952425091116,73.0,237.1471441150968,7375.112511199079,0.882697537039768,0.25877587758593257,0.6975426342392375,0.997732248593617,0.7016510989251593,0.470780727153049,0.7627008595338218,1.0339245103369865,1.1881643964975286
4.64546984207154,3.6460239092224382,3.207225394910259,11.498719146204236,0.021162227824022894,64.0,603.1234929846524,12528.336947501613,0.9023606119382213,0.4395907700877759,0.827767507440592,0.998922262571699,0.39375703109759097,0.18764493455413145,0.9631619306921956,0.8593960802201681,1.0520736558196155
6.2128184239643565,3.0448700881954527,2.7534332169553872,12.011121729115196,0.03835293369293758,55.0,1093.0586102487212,16453.22383634178,1.0055715048709553,0.5773060995207642,0.8203984947957419,0.9996815403320454,0.05075286410016333,0.28969794806220195,0.9709242724613106,0.9998251356980141,1.0901522883833437
1.943029794340996,3.7131368296169467,4.157333316487279,9.813499940445222,0.005361182708406832,76.0,152.79370718959473,5319.883187863699,0.8107852350568763,0.18666256799521752,0.9259518627187004,0.9983055639414125,0.9923542726407273,0.35818720835224754,0.4012382108083959,0.9380669202686998,0.9132278274587806
4.9081715421318,3.4411661705956584,3.419865597219051,11.769203309946509,0.023708498198632372,63.0,675.6921986610226,13202.052112965026,0.9023457103188736,0.4632298987005272,0.651694122576089,0.9974005552179631,0.5379584415509723,0.2052458612912153,0.8547435665359903,0.9882844715059762,1.0020338091038488
4.873212329933605,3.37187868043889,3.431690275202053,11.676781285574547,0.02342072632213771,63.0,667.4907001809248,13108.462433684854,0.9815541793398954,0.45994605030473174,0.9029653970355018,0.9852476266694243,0.4237792808895726,0.5749652510212486,0.8106773608121213,0.9520827244156971,0.9751138616035249
8.146207807588853,2.6657550886910473,4.510989081830701,15.322951978110602,0.07434898666715979,44.0,2118.946120014054,20630.76482460762,0.9948220582933124,0.7238864850739516,0.5919799748374555,0.5260457973861101,0.942360399232997,0.5931966920434393,0.09452715769379905,0.9999232283005828,0.9184500109105818
1.557764069115137,4.119469576342729,4.125287587241077,9.802521232698943,0.003993400685207078,76.0,113.81191952840173,4269.021845701187,0.7998664912712488,0.14979024020004164,0.8855608292041581,0.9970349692125966,0.977506357775124,0.3943847083130749,0.6394480157941612,0.9287251939172463,0.903666953608778
9.127185217328707,4.258420227429668,4.326882642205731,17.712488086964107,0.09720183207256507,39.0,2770.2522140681044,22270.10971999747,1.0268583053747415,0.7814073585964024,0.7455092015325643,0.15310734749716248,0.938059144524436,0.029122532179965965,0.6223193001886355,1.040069690523549,1.0357344585648387
0.8249041173240607,4.576217892811323,4.442399512467295,9.843521522602678,0.0018075031615073195,71.0,51.5138401029586,2261.3476760951726,0.7742374678857726,0.07934553249456745,0.9356380630819215,0.9905055022401867,0.9928687794097106,0.763238814212814,0.8274211354549902,0.9767539568276542,0.9101798569426105
1.0602875134305159,4.424329010988782,4.192950454807847,9.677566979227144,0.002449707614987671,74.0,69.81666702714861,2907.6180776536457,0.7458743254905633,0.10202168693521564,0.9103631745739351,0.9986392712662088,0.9664977672766197,0.5052722883310138,0.7904851509308033,0.9911029240852804,0.9116307655890017
3.901774936165254,4.613715645473273,4.171378817039749,12.686869398678276,0.015331317356713814,68.0,436.9425446663437,10582.069942071275,0.9732057604617025,0.37130069972179913,0.7178606642981635,0.9968801258086862,0.6048625318576754,0.7991886646720674,0.6446757441003095,1.151109373661914,1.0935144721567758
14.710104919626684,3.3831586912714045,2.773008676350093,20.86627228724818,0.19674500352404312,25.0,5607.232600435229,26275.0304319492,1.0896975097888546,0.9219308923490946,0.7012905511518079,0.13915461945941188,0.002120628970405547,0.47674784636673134,0.8233266005296296,1.1288717101399408,0.9858662972412775
10.079249339727085,3.4495379328041818,4.113327135396956,17.642114407928222,0.1188956263565571,35.0,3388.525351161877,23574.44424329139,1.0257147963062156,0.8271734822207505,0.8605276669301325,0.3160373667426276,0.6137130659540087,0.7748563063379037,0.542666869658925,1.0345312993310227,0.9474121539812872
2.2577302148415406,3.8025920115084197,4.105097477932188,10.165419704282147,0.006525185105071239,75.0,185.96777549453031,6176.9642917416995,0.7977874509130822,0.21673558918391927,0.7432074771195392,0.9785156061121598,0.9423106271517554,0.1412235669696184,0.5461660768178549,1.0057534181151135,1.0181853554068123
2.965327045218557,3.8548123163747228,3.7366474957608737,10.556786857354155,0.00989890373544981,73.0,282.11875646031956,8086.0466356492425,0.8530911364178512,0.28372093458418396,0.8148626451643146,0.9934207557085523,0.7900618250116523,0.2156797549998251,0.7299130105935515,0.9671906630158422,0.9444194664571679
1.2130754447976004,4.407375569606865,4.166229249634549,9.786680264039013,0.002922746326276894,75.0,83.29827029889148,3325.8892330619674,0.7525837428131801,0.1166978678267357,0.8285579344109888,0.9974924887221618,0.9811054353978493,0.5692726642826325,0.8083033822000889,0.9770073473010368,0.8559982490548439
0.5613895231016987,5.012879612346317,4.525738501524282,10.100007636972297,0.001119243499531278,63.0,31.898439736641418,1538.3653930126225,0.7292667974008504,0.05397773308816219,0.9659560357533433,0.9966267473762362,0.9358316857635106,0.46124786308443744,0.8912138683870203,1.0155861219858473,1.1331848361732417
8.626296988485047,5.323998901502463,4.724415742075577,18.674711632063087,0.08548184701478,41.0,2436.2326399212297,21465.039269833676,1.0615601676383675,0.753159272625743,0.7005699343686821,0.24323989859345008,0.85785190296494,0.7807959190784381,0.7621212180476428,1.1674892737544738,1.021760591369575
0.8032534118492786,4.723381705702296,4.371771697882128,9.898406815433702,0.0017518320759597542,70.0,49.92721416485299,2202.026802943448,0.7514884519752881,0.0772640983488929,0.8764147694300974,0.9927459611537733,0.9858244137762869,0.7006856860475652,0.9376590543598127,0.9211435637511101,0.907271996781768
7.534575290048469,4.361210710027484,4.615810147269988,16.51159614734594,0.061894681901011626,47.0,1763.9984341788313,19386.46570840111,1.0759383857568454,0.6802268669614424,0.7686694897574232,0.3414124854461734,0.9878393907356097,0.31182825947454873,0.7111659000324941,1.0131241524845587,1.0446689437021184
5.978369096177381,4.164640071944977,4.339594296961848,14.482603465084207,0.03655559698437572,56.0,1041.834514054708,15854.242676107819,0.9867942795070691,0.5562892167055375,0.8938871875544334,0.6125445525308648,0.9932059108266578,0.37896628959423373,0.5250248800640549,1.0292864128261399,0.9134120105586039
0.5459458033033919,4.828452295192505,4.731287812618496,10.105685911114392,0.0010896399159806005,62.0,31.054737605447112,1495.577226236977,0.7642494130747655,0.052476393903051824,0.7238391786139904,0.9955488550979253,0.965542217091206,0.7322744590247481,0.9882047623684226,0.9692741076062723,1.0980786081606917
1.5593792119813272,4.029406212756687,4.3423564307467055,9.93114185548472,0.003969718687789095,76.0,113.13698260198922,4274.294524368798,0.7724485448119301,0.14997524646908064,0.7923985765524568,0.9986696625274398,0.9194838623173796,0.6857690442356632,0.6726803353509206,1.0065849051084537,0.9534776869475801
0.6990064238388278,4.605853749415882,4.5775236031217155,9.882383776376425,0.0014742110377232455,68.0,42.015014575112495,1915.6856448631988,0.788855493603259,0.06721704017063855,0.7837540669248264,0.9952647531388246,0.9855754810029158,0.8238559492434541,0.9254743602426123,0.9480473599155408,0.9624840656226379
1.143728210008498,4.0085920505805195,4.454627273698277,9.606947534287293,0.0026494931841895136,74.0,75.51055574940114,3136.6746865054133,0.808160680959297,0.1100587609300145,0.7599191718809507,0.9990869713971305,0.9935564076696892,0.5088679593575806,0.6163179051250537,1.0005192350534176,1.0123775261836498
6.841324669511467,4.472772712166845,4.608623551169552,15.922720932847865,0.04933089195247714,51.0,1405.9304206455986,17883.62104518271,0.9817178696920434,0.6274954752695687,0.6421531056257831,0.44179373865981364,0.9942239546171108,0.3710912670464569,0.7727063438812534,1.0302649075770605,1.0272826572944722
0.8502733681420086,4.2456435518725915,4.681456136154556,9.777373056169157,0.0018497133794710807,71.0,52.7168313149258,2331.571483345599,0.7697988441047386,0.08180952573142453,0.9106670382660642,0.9960757278858556,0.984263352506232,0.8728119964357465,0.6832249042970318,0.9676904984202883,0.993941069537617
1.0197793210480128,4.3441880744721155,4.4315016132657234,9.795469008785851,0.002298898332304222,73.0,65.51860247067033,2797.176186974629,0.7523892042282228,0.09814653287630278,0.752106396760499,0.9925058163299166,0.966859587004533,0.5467667044052977,0.8149071126729109,0.9524826415650205,1.0142639661418595
1.6630209125337667,3.4476097131033847,4.815098306500678,9.92572893213783,0.004238962189141466,76.0,120.81042239053178,4558.0936793508445,0.8411421746811366,0.15993311155617,0.7191228408997308,0.997673242842257,0.9812377999338833,0.7732730170215665,0.2917706431918053,0.9935955429440679,1.0908225561409397
8.605000109341415,3.436308755813585,4.375538779876742,16.41684764503174,0.08424901737203065,42.0,2401.0969951028737,21465.869451002003,1.0230060124428015,0.7531884017895439,0.7368383565261972,0.41927430217834205,0.8171208888910986,0.4825811326934634,0.5206092154823326,1.0007966787628464,1.008814495452373
1.4940613229721387,5.1956999354459015,4.6206511280320015,11.310412386450041,0.0036331703358124545,75.0,103.54535457065495,4097.447547181038,0.8132283359454358,0.14377008937477329,0.6915630567968414,0.9010696758187382,0.9939197361990918,0.19389395877123727,0.7369090463184998,1.075985329397684,1.2149873609478363
6.709536143636369,2.5505946312312266,3.2500238093672396,12.510154584234837,0.045912662792963715,53.0,1308.5108895994658,17616.308058048482,1.089912164261436,0.6181160722122274,0.829010792869627,0.9942246922912209,0.4426099397848161,0.14463465953392035,0.4181819793959838,0.9878295461118465,0.9949067584198641
7.772145925560871,2.7177142989948853,3.581639374788451,14.071499599344207,0.06479219987599304,47.0,1846.5776964658014,19954.095188700594,1.0200384333303176,0.7001436908315998,0.6120346703646391,0.9776765146884322,0.3017866272660743,0.8950445598489802,0.5408862992744162,1.0525417219436581,0.9795436957827546
5.720544060743205,3.021077377734475,3.577159311676712,12.318780750154392,0.03215377159473827,58.0,916.3824904500408,15253.272720027488,0.9440998703778691,0.5352025515799118,0.8078913513908561,0.997887059882234,0.4678295271102342,0.37978268621891187,0.577230074251072,0.9413420466650049,1.0613452498266884
1.9886821167852302,3.7932434815103413,4.116703404410377,9.898629002705949,0.005556875757461779,76.0,158.3709590876607,5443.967006159769,0.7951880056517816,0.19101638618104452,0.7351819694377262,0.9999251858314495,0.9713194385932217,0.41415097472781975,0.5577113174430859,0.9988242958812965,0.8909792525363027
0.9410970759587685,4.246834990481508,4.556117030156907,9.744049096597184,0.0020856615677592215,72.0,59.44135468113781,2581.019751973525,0.7743385313873646,0.09056209656047456,0.8204821358703196,0.9960397528066488,0.9935564076696892,0.6518349123804456,0.7106171099133348,0.9347973554143203,1.0089988607478317
9.385737866148718,3.7866009828172222,4.858027452462464,18.0303663014284,0.10429504362555822,38.0,2972.4087433284094,22613.391874630062,1.0076931894230776,0.7934523464782478,0.6260246780941319,0.09345275158900068,0.9874011251457284,0.9023397073071056,0.5928870272158167,0.9142536545995059,0.9043942593646799
8.950227263914615,4.984473233862247,4.594576129398998,18.52927662717586,0.09365505384443312,39.0,2669.169034566344,21946.616522698914,1.1566270829511929,0.7700567200946987,0.7197737586227142,0.03173882606800238,0.9867092084270211,0.32914524784103905,0.9932163184349374,1.0373062311218222,1.0031987746625521
0.8714889717737215,4.4930535158129565,4.303815104420337,9.668357592007016,0.0019013120721012489,71.0,54.187394054885594,2389.8132484712223,0.783463642973026,0.08385309643758675,0.8054682990806743,0.9968250955355017,0.9959407658373227,0.33394559148868197,0.7917317781924498,1.0118709723945356,1.0086324487996121
6.68726998285589,2.8212153582404467,3.451816358503377,12.960301699599713,0.045512550158047074,53.0,1297.1076795043416,17564.42302278363,1.1080809861554284,0.6162955446590748,0.7190512182207665,0.9980216407562612,0.45563180315207785,0.32494463709837074,0.46058677104279766,1.0310531822268352,1.0106451009988602
1.3245311877937263,4.193857457034854,4.396238188231613,9.914626833060193,0.003195708358812944,75.0,91.0776882261689,3632.2464774996124,0.7732674976454679,0.1274472448245478,0.7508630231440958,0.9984561783135004,0.9784259923698101,0.5088077980373222,0.5873017206911725,1.0389423759710992,0.9957019453558331
0.6470565182141503,4.848191722999775,4.451258879305489,9.946507120519414,0.0013362079714242833,66.0,38.08192718559207,1773.4299430481112,0.7452190447363906,0.06222561203677583,0.8002532690584189,0.9968120838881123,0.961439751655722,0.5800223587702901,0.9601332730734025,1.0201650957854551,1.0217122480140417
1.5312364592981467,3.6602395469570617,4.674001683777388,9.865477690032597,0.0038490071015006024,76.0,109.69670239276716,4197.1810817340975,0.8351020320884738,0.1472695116397929,0.7648277718550955,0.9954185361042044,0.9599295026246891,0.88361556950619,0.48777638492629405,0.992833243596899,0.9998737178368291
1.4666326719092544,3.6195879030953226,4.635693520892752,9.72191409589733,0.003635488343584403,76.0,103.61141779215549,4021.368674828086,0.7661729835791917,0.14110065525712584,0.8697074655539198,0.9987611115872369,0.9869094407054994,0.7534446315868082,0.3811345758575912,0.9738418798559401,1.0068938259657885
1.0467532952040266,4.169102985105136,4.550501239959316,9.766357520268478,0.0023843021155141525,73.0,67.95261029215335,2870.7563031419895,0.7790295190567655,0.10072829133831541,0.7866744812107365,0.997682700030278,0.986591768371474,0.7220521903157635,0.6496107190533694,1.013752941130589,0.9835631557598585
1.7488202700888982,3.9350307809841167,4.133851948749531,9.817702999822547,0.004658204986478636,76.0,132.7588421146411,4790.249881004606,0.8231857968652316,0.1680789431931441,0.8296140281670247,0.9958628133804452,0.9869088839420401,0.3851028037509156,0.565799492466506,0.963650938387618,0.8992829962143887
1.707694531575202,3.844362066354135,4.345217329371351,9.897273927300688,0.00445333345676939,76.0,126.92000351792761,4679.572449206812,0.7871407031938772,0.16419552453357236,0.73967397371941,0.9826975849920432,0.9707999056109726,0.4624668090882227,0.5815441407063897,0.996345360278224,0.9904131249762385
0.7711572375757855,4.712820875786111,4.312353952620316,9.796332065982213,0.0016650085114677782,70.0,47.45274257683168,2113.8124951960763,0.7723385123835732,0.07416885948056408,0.8553322932044869,0.9959216333645299,0.959604724246607,0.6528738012303651,0.9691395670442049,0.9919283006492052,0.9233132258393226
0.6516704692498988,4.598027994191394,4.60742255705721,9.857121020498504,0.0013429507448629527,66.0,38.27409622859415,1786.2000949845558,0.747175204953142,0.06267368754331774,0.7871636396833588,0.9943603093393092,0.9879423449033233,0.6545329824317376,0.8740100515732412,0.9926689207208217,1.0433856649811601
8.896811560700437,4.000014248242275,4.723091783762973,17.619917592705683,0.0919394691541767,40.0,2620.2748708940358,21895.38573054376,1.1213148092685885,0.7682591484401319,0.7264779481417435,0.18052909338753698,0.9390571023991413,0.6548531047709704,0.6579135731645446,1.009949368621645,0.9867207708315284
1.631943976415178,3.83701651442765,4.63814380023936,10.107104291082187,0.0041212133349995276,75.0,117.45458004748654,4473.418338719885,0.8441241520332415,0.15696204697262753,0.7741091618928535,0.9894018691558976,0.9925971857519025,0.47120969973889615,0.42599508322514534,0.8382603333225755,1.112231610569796
0.9770208505299984,4.212292756180272,4.407663988321637,9.596977595031907,0.002185813096095431,73.0,62.295673238719786,2679.344202595945,0.8030888772078321,0.09401207728406824,0.9074382170752677,0.999205370562772,0.9946883175258009,0.4843774645490828,0.6288615536987097,1.0071990326155817,1.0000812675354438
1.105789361940214,4.261562263928388,4.526489178501472,9.893840804370075,0.002507323157409882,74.0,71.45870998618165,3033.7501323678325,0.7568690245233493,0.10644737306553799,0.8614967290963824,0.9929014990840017,0.9491848642709879,0.46533892332316235,0.6220620267963711,1.0044236480664281,1.1104809817168753
1.3553133389075054,4.133604479454703,4.311567631652628,9.800485450014836,0.0032721912958472393,75.0,93.25745193164632,3716.2500038836056,0.8356755929869317,0.13039473697837212,0.8988212255434279,0.992648884050563,0.9442795587507284,0.3933978462355335,0.640057089772962,0.9487385054458188,1.0330005266938436
4.10341238966954,3.5724213464454793,3.737913777356882,11.4137475134719,0.016644121590067965,67.0,474.357465316937,11117.721509270863,0.8917385037930757,0.3900954915533636,0.9176823177622271,0.9952025128911497,0.5499876141070381,0.21624426425938853,0.6158730723696885,0.9940769255867521,1.1602252217801743
1.9212259330354893,4.3397646066201645,3.852654714081467,10.113645253737122,0.0052210791120272625,76.0,148.800754692777,5260.8829151065975,0.8560881657780148,0.1845923829861964,0.8848814113142929,0.9934723305993897,0.6820889781128188,0.5571421602209243,0.9988433842908373,1.01162730881232,0.9914223133515918
1.565343022957464,4.03529166297191,4.418781108756054,10.019415794685429,0.003957964093402695,76.0,112.8019766619768,4290.611275306256,0.8199528178936015,0.15054776404583356,0.8168503508675669,0.9829179299104328,0.9540694806649096,0.5555992364837071,0.5741978869046335,1.0180418886059854,1.0087818779896356
7.239365263229407,2.3912297603081103,2.951911156756735,12.582506180294253,0.05457209168884833,50.0,1555.3046131321773,18817.843418392702,1.0909480397848874,0.6602752076629018,0.911185136815361,0.9943137101600152,0.055551431016438446,0.655551696644947,0.6681764219025914,0.976645542137673,1.0162812049456207
9.24405095858363,3.6697724938957426,4.412301618513972,17.326125070993342,0.09986936891512355,38.0,2846.277014081021,22437.02055590218,1.1055011709379479,0.7872638791544625,0.8882191595273159,0.15394151969727443,0.9410444769700065,0.1650680080999991,0.4272761699901957,1.0007709546733379,1.0193534736834788
11.521746168199506,2.138643099648138,2.9292081536351158,16.58959742148276,0.14845148656761356,31.0,4230.867367176987,24955.756484438058,1.0830346597350877,0.8756405784013354,0.9254695609467467,0.5226802838122255,0.07442737628229701,0.7540271046003113,0.5321593930683985,0.9946284467175976,0.8942107574381462
6.119942545494291,4.791764665053234,4.5871792371223545,15.49888644766988,0.03792835306899308,55.0,1080.9580624663029,16203.996679216627,1.0134803284884335,0.568561286990057,0.8503767188279131,0.5462758079273393,0.943550961580935,0.3276375363613355,0.6562000519991064,1.067680686824557,1.0997229786112364
6.496291728020795,2.5427536945912452,3.716436441361188,12.755481863973229,0.042630012966678205,54.0,1214.955369550329,17118.240491627897,1.1027122627518002,0.6006400172501016,0.6693026743782211,0.9949901121106225,0.5724012400359202,0.39244984361854135,0.36056610743681217,0.9695084127690694,1.0037574567097334
0.77370533092173,4.96417293070205,4.454576397477392,10.192454659101172,0.0016343952631248267,69.0,46.58026499905756,2121.5066095834063,0.7902437098817879,0.07443882840643531,0.9217226163460827,0.998100027827805,0.9322308489184974,0.5189531859614196,0.7860731020386096,1.0569032845444817,1.0750266183697499
8.572682494797398,4.206574748258555,4.6310320878614855,17.41028933091744,0.08491817277582808,42.0,2420.1679241111005,21355.35362601581,0.9994842792179617,0.7493106535444144,0.7282493050677302,0.20346910062364398,0.988010988447255,0.6093259547081957,0.7511517331481576,0.9481927793180218,0.9184849913424866
2.0069702073753066,3.346220574387349,4.471146535048311,9.824337316810967,0.005542170579467098,76.0,157.9518615148123,5494.964217590672,0.8173066774354955,0.19280576202072533,0.9650861128222852,0.9987971551023951,0.9805481866640667,0.5813165972806603,0.21001904411846528,0.9516406204578078,0.9912328975005815
1.1069901265052484,4.899232774324795,4.2524865423974,10.258709443227444,0.0025248547926514436,74.0,71.95836159056614,3036.634045598269,0.7712585525897047,0.10654856300344803,0.8881934068484545,0.9992507212743617,0.8029863489025676,0.5932050462191283,0.9106615048441259,1.0557606629329455,1.0685939219532488
0.8615719318413697,4.4652734324648025,4.503096825651962,9.829942189958135,0.0018589181477497172,71.0,52.97916721086694,2363.1424259846713,0.7538420473338919,0.08291727810472531,0.8486779943101712,0.9932408648421962,0.9970458571918702,0.42627363808708385,0.7407121632842738,0.9148500536074295,1.0702926457985038
1.272841732881809,4.215048374769065,4.363688724335895,9.85157883198677,0.0030672948999906587,75.0,87.41790464973377,3489.852408864468,0.8000461636715513,0.12245096171454274,0.8425886182488145,0.9886937032157067,0.990171386711444,0.6060385475788019,0.6960584915486812,0.927663810302684,0.9297517547282927
6.217548221298245,2.8273312446509298,3.007509428594263,12.052388894543439,0.0386232872288642,56.0,1100.7636860226296,16457.91687121703,1.0578849148396974,0.5774707674111238,0.9184363165886201,0.9972112385763785,0.1609730604873888,0.5037809057585053,0.771059034996389,0.989964586094848,1.0223903022655998
5.027881030299865,3.931257587910266,4.577881804455716,13.537020422665845,0.02496505374665235,62.0,711.504031779592,13501.812971451269,0.9450402562854644,0.47374782355969364,0.6975426342392375,0.7480724042094503,0.8928379057794831,0.6393529568225694,0.6754879474976937,0.9445406648135024,1.0484144257274117
6.259916861565239,4.645530573768632,4.275864988955675,15.181312424289546,0.040658454125868826,55.0,1158.7659425872616,16517.856142305045,1.0942432150312518,0.5795738997300016,0.9188130018731254,0.5154374036832633,0.9884065462742515,0.3379824503415441,0.8749522396735018,0.9941205267167748,0.8959560230679138
1.0715966348794368,4.505182430183401,4.125047722472,9.701826787534838,0.0024643925511344516,74.0,70.23518770733187,2938.506637671858,0.8007831216524488,0.10310549605866168,0.9209877730887606,0.9878017735341504,0.9775708670223441,0.27945999548861744,0.7784784088794917,1.0090120131613711,0.9565706059770278
0.7668162853991023,4.789830300851785,4.391204835870697,9.947851422121584,0.0016341425601515865,69.0,46.573062964320215,2102.550274519655,0.7387623258021045,0.0737736938427949,0.946484694059277,0.9977282148355461,0.9711881368633425,0.5256193328845657,0.7730320591557559,1.0438634901194257,1.00199844720989
1.460692501143972,4.417278580449521,3.953266414264937,9.831237495858431,0.003666903106278891,76.0,104.50673852894839,4003.693962152401,0.8071765404161515,0.14048048990008424,0.7916686494327053,0.9989918356497115,0.9023142119887768,0.34352530383643365,0.910490753519631,0.9650403294609373,0.9146128732319632
0.6731928029851353,4.788406994409997,4.382909423969801,9.844509221364934,0.0013944045119708161,67.0,39.74052859116826,1845.1438116765473,0.7842685078201302,0.06474188812900165,0.9831187601944691,0.9825282952705978,0.9742632518635176,0.406762685917613,0.8847171705506623,0.9972702247629335,1.0435687827520592
2.3455608319426586,3.3948734310363573,4.540672786654645,10.281107049633661,0.006984407570924871,75.0,199.05561577135884,6413.701620558936,0.7992391952680854,0.22504216212487496,0.8611628375473855,0.9989369488028967,0.942360399232997,0.9327927156183697,0.2707366720951667,1.0134395563540806,0.9184500109105818
3.3900447161759044,3.490219452578315,3.9034009395429714,10.78366510829719,0.012327305736535172,71.0,351.32821349125237,9220.941408786,0.9143265139026739,0.32354180381705266,0.8855608292041581,0.9970349692125966,0.8331217879965832,0.3992825763575454,0.46920752369049534,0.9287251939172463,0.903666953608778
1.1106650591562162,4.009934398416712,4.570880351013679,9.691479808586607,0.0025652344638991704,74.0,73.10918222112636,3045.8040458307455,0.8091465422176922,0.10687031739757001,0.895047275409402,0.999770797307923,0.9885244351770761,0.7402598115785446,0.5351597967980918,1.0084398323821218,0.9835528458060319
6.2562167858460285,2.8477720211684474,3.143222218787482,12.247211025801958,0.03958930210812815,56.0,1128.2951100816524,16540.18003553705,1.0940919335595103,0.5803571942293702,0.8953500311691217,0.9905055022401867,0.45777635874014233,0.21586767390752432,0.5184346362595204,0.9767539568276542,0.9101798569426105
5.6953085559612076,4.9779536639459865,4.5860482704026095,15.259310490309804,0.03254934101021265,57.0,927.6562187910606,15168.680748885243,0.9721687569532337,0.5322344122415875,0.9103631745739351,0.5369122406383519,0.9725991829653856,0.3499697694605219,0.7904851509308033,1.0496285148512472,1.0719380968955998
0.6526971869988559,4.937107910781484,4.350972065021806,9.940777162802146,0.0013447228497738618,66.0,38.32460121855506,1789.0366056275475,0.7469365158769761,0.06277321423254553,0.8665352181166464,0.9904124042548242,0.9575302213882432,0.39985400224119266,0.9693896434749132,1.0152078697600453,1.0474225574811786
4.284252664199466,4.23740534673009,4.7087080272459865,13.230366038175543,0.01829451790572256,65.0,521.3937603130929,11584.78541374127,0.8956557070092556,0.40648369872776385,0.8476890261195363,0.7074373349333113,0.987703387955817,0.47674784636673134,0.6043060037419077,1.0005859637922394,1.1000048647895162
6.363927260730016,3.826893030539459,4.514030494350088,14.704850785619563,0.041742085093619895,54.0,1189.649425168167,16775.03958875119,1.1064817700683218,0.5885978803070594,0.774140097069379,0.6023859107342457,0.9673758468213752,0.551006688664752,0.5590006199136649,0.9168071454727622,0.9474121539812872
1.235362900987395,4.222302296956251,4.323294433980317,9.780959631923963,0.002930068459659191,75.0,83.50695110028694,3387.95751177948,0.7690764261042132,0.11887570216770105,0.8396713053939693,0.9999218643094565,0.9278435377384453,0.5754452756746979,0.7265110970575791,1.0092402152462792,0.9845471697197823
1.2575079331295236,4.191655351263725,4.26028785175696,9.709451136150207,0.002969974283214428,75.0,84.6442670716112,3448.6497062424087,0.8204600666822046,0.12100525285061083,0.8331002932382784,0.9971619684950163,0.9855321290786367,0.19542791363319884,0.578239536505265,1.0171560790959564,1.0467721652727806
1.6697986044155513,4.162509788006515,4.054829344322164,9.887137736744231,0.004323643517115956,76.0,123.22384023780475,4575.870403920568,0.8062937351356362,0.16055685627791466,0.8285579344109888,0.9925070565744609,0.9349702506423119,0.20515203970864165,0.7320056761554516,0.9010938306085903,0.9845700526241012
7.606801370366944,3.2953749900573475,3.5253157682786718,14.427492128702964,0.06190623805915302,47.0,1764.327784685861,19590.126194123815,1.0422437005079561,0.6873728489166251,0.9659560357533433,0.7437236609115845,0.3636539750470459,0.46124786308443744,0.7172622000312,1.0051083732994437,1.0631603474017854
1.295683777179571,4.167607451579284,4.3778643437565465,9.841155572515401,0.003109837771660145,75.0,88.63037649231413,3553.1855229035978,0.7749585439835481,0.1246731762422315,0.8686617727978427,0.9989097287324639,0.8845053953707555,0.7374956984309408,0.7558757997884376,1.0022729110578819,0.9894169794260987
0.9272973781583184,4.43110926373656,4.474324249732945,9.832730891627822,0.0020522345346672597,72.0,58.4886842380169,2543.109536035048,0.7672275247051006,0.08923191354508941,0.882072618500499,0.9860151035695052,0.9858244137762869,0.5984329680322116,0.7886939088417434,0.9211435637511101,0.9974311996009106
1.358588256867714,4.260485777291321,4.122179564938841,9.741253599097876,0.003321237057235301,75.0,94.65525613120607,3724.880561865343,0.7943082813959702,0.13069756357422257,0.9646181962544609,0.9980210394880596,0.9436891188731266,0.35998811331109554,0.6382844778026706,1.0164900484606583,0.9525367058157244
1.1314033426060386,4.448220048850848,4.073872193387275,9.653495584844162,0.0026460666239359275,74.0,75.41289878217394,3102.624309459886,0.7644603761561476,0.10886401085824161,0.9178904894957682,0.993413150045665,0.9884887761193711,0.24764586511437037,0.7368242010693851,1.0099629506221959,0.932022815411595
4.7890109044214935,3.351509206047275,3.8439707267776417,11.98449083724641,0.022477212474099915,63.0,640.6005555118476,12896.90534393819,0.9280841652229521,0.452522994524147,0.7538108867316601,0.9961185229769778,0.6432244712873715,0.37210189943675887,0.5016315088147605,1.0274789025145306,1.0439808537228434
5.026798224779678,3.0100825830366533,3.9450957251068166,11.981976532923149,0.024973284696815277,63.0,711.7386138592354,13503.28155917107,0.908001753486292,0.4737993529533709,0.7889613744784247,0.9979134280194566,0.6435544254157365,0.7348327533092105,0.440666558429563,1.0065849051084537,0.9455705455436654
1.6054730069044638,4.62448050764523,4.74763910238228,10.977592616931974,0.004047952611457935,75.0,115.36664942655116,4400.713343510916,0.8523038833003026,0.15441099450915496,0.8571917545364566,0.9853585080373697,0.9855754810029158,0.6781282107003203,0.18431334346628792,1.1554081783781838,1.0917023723180108
8.892456672175381,3.4578775859964628,4.86628005678207,17.216614314953915,0.0918972645840206,40.0,2619.072040644587,21883.581167674485,1.1485281320154475,0.7678449532517363,0.3678606317605124,0.2020086876935442,0.991650235206278,0.7676257229243861,0.5533582419116971,0.9991941747807842,0.9613864739260904
5.366759043519162,3.3258425787490764,3.2903994107231664,11.983001032991405,0.02810566002467415,60.0,801.0113107032132,14364.810435378138,1.0556926787294718,0.5040284363290575,0.8387182110653335,0.9966455149664842,0.3582597595295135,0.26226723774698013,0.7727063438812534,1.0076209695216054,1.08177782173827
4.955741987310794,3.3257063065584527,3.545889977182105,11.827338271051351,0.02422097134636753,63.0,690.2976833714746,13319.416686731489,0.9889693105995995,0.4673479539204031,0.9106670382660642,0.9960757278858556,0.4457001108695601,0.6706865901928086,0.6832249042970318,1.0196486547449006,0.9702348439609523
0.5109521769021553,4.93148404909133,4.6157759354463375,10.058212161439823,0.0010130400465747558,60.0,28.87164132738054,1399.4453250684217,0.7374020609046277,0.04910334473924287,0.9984683561657763,0.9987027498136415,0.9873125434623412,0.5467667044052977,0.8149071126729109,1.0176395811615246,1.0932946709005047
0.6979649096060256,4.661455117317164,4.478958241167543,9.838378268090732,0.001478904419226676,68.0,42.14877594796027,1913.0223342937586,0.7317728817069556,0.06712359067697399,0.8782450542386333,0.9939503601535112,0.9863216621867699,0.7732730170215665,0.9007967457651337,1.0011216558968405,0.9328086738557149
0.7493311965230862,4.517628615816868,4.376412289991201,9.643372102331156,0.0015929145326622578,69.0,45.39806418087435,2054.127614037222,0.7867718859296482,0.07207465312411306,0.8980626365866405,0.9974124990810207,0.993338922669548,0.4825811326934634,0.8132573518941801,1.0007966787628464,0.9898974169056425
5.937210023145085,4.1642363866354986,4.777014924614988,14.87846133439557,0.03546840337177788,56.0,1010.8494960956697,15759.35185141031,1.0871334365837373,0.5529597140845723,0.7726909060910886,0.5977659966856753,0.9333719044373667,0.7105937816853934,0.7056234915733299,0.9193374453801242,1.0566170696328179
6.661299102865358,4.93628040435139,4.63257204419349,16.230151551410238,0.04664529166968962,52.0,1329.3908125861542,17455.7283045633,1.120769529035633,0.6124816948969579,0.8006413812885049,0.4159459657829213,0.9974994599957077,0.5431768478206448,0.9042341392383673,1.0415214780743418,0.9716629800592553
10.706996948786175,3.319306069068625,3.3677650955632648,17.394068113418065,0.1319688597998845,33.0,3761.1125042967083,24243.855373520702,1.1416819806964436,0.850661592053358,0.7482015021078323,0.4098099251108107,0.42322764024041315,0.3084375637397483,0.6690974118751853,1.0483068078411995,0.9452184673543158
1.5672060226421523,3.841827676114423,4.32517126528391,9.734204964040485,0.00396486594655531,76.0,112.99867947682635,4295.67192148452,0.8224393948025717,0.1507253305784042,0.8026830044380475,0.9924530877474483,0.9721553554926865,0.39913488383746365,0.5409594624416778,0.9969520100055678,1.0064554342722412
7.125456687725523,2.567041696680003,2.8433881859226755,12.535886570328202,0.05254848731787314,51.0,1497.6318885593846,18565.947400837977,1.0826135614248684,0.6514367509065957,0.862384664151314,0.9999251858314495,0.1599032826439678,0.24280356153376798,0.6399580904163741,1.0068473275650573,1.025046466669143
1.171262308310344,4.058775589127098,4.445173074790014,9.675210972227456,0.0027332649384518813,74.0,77.89805074587862,3211.959406684367,0.8212566504408176,0.1127003300591006,0.7774624349868569,0.999205370562772,0.981179818697323,0.553386153090132,0.6288615536987097,1.0071990326155817,1.0018189087903018
6.3008317368697275,4.166947603980926,4.695581575839913,15.163360916690568,0.040882998978312594,54.0,1165.165470881909,16631.535005287173,0.9682035125612196,0.5835626317644622,0.7942692611974146,0.5298673973964967,0.9728854530080737,0.6664873726008932,0.7134537183836823,0.9756584614644686,0.9875243262361888
8.67668083900412,2.3763760381155596,2.9714978058067523,14.024554682926432,0.0839861005917683,42.0,2393.6038668653964,21674.82721363792,1.041840401455174,0.7605202531101024,0.8678744153851906,0.9042443283691161,0.10916172609063879,0.5501657831665091,0.4958641607872569,1.0373062311218222,0.9880263308235762
4.545757921297585,3.8248731400072407,3.6380335838518243,12.00866464515665,0.020398972132003527,65.0,581.3707057621006,12267.25438826998,0.9283323953153793,0.43042997853578874,0.8582651580735836,0.9937347426236716,0.563957644087814,0.3704104444598882,0.6128245675088517,1.0699893901313162,1.026529029374919
1.6174677395065629,3.9514176635572134,4.327366774716722,9.896252177780498,0.004180267225646161,76.0,119.1376159309156,4432.755592170488,0.7700676039489968,0.1555352839358066,0.7190512182207665,0.9990933173688983,0.9564495689678573,0.6315097085984466,0.6327181739611263,1.00675386993481,0.9299259810419542
4.887012429542709,3.421554129653731,3.3118625211366837,11.620429080333123,0.023502025685949376,63.0,669.8077320495572,13146.569140481599,0.9352918242795077,0.46128312773619645,0.906481439289015,0.9933222113699611,0.4337540379798065,0.33239545172460766,0.7487063157797483,1.0183421367160235,1.001707298815247
6.428639849799378,2.851198746277613,3.0325576362571516,12.312396232334144,0.041591084293508274,54.0,1185.3459023649857,16962.8454652812,1.0358553678263311,0.5951875601853053,0.8212392843625579,0.9999434934829838,0.2680457368176379,0.26650027240669083,0.7287945080292648,0.9735917712060527,1.0181230638384804
8.974705184814445,3.898158971779709,4.761251174070953,17.634115330665107,0.09386522593050538,39.0,2675.158939019403,22025.589210202073,1.027554154259271,0.7728276915860377,0.8973179346295685,0.1413605960137353,0.9599295026246891,0.637432122789146,0.5171114098889079,1.0058449015153683,0.9914046526510063
1.2885534683630275,4.603353419771511,4.229601156245293,10.121508044379832,0.0031023067054122056,75.0,88.41574110424786,3533.2883534394805,0.7812921772769394,0.12397502994524492,0.8697074655539198,0.9621751214529672,0.9793515466298987,0.3863265438784376,0.7724145203424356,1.0287642275341153,0.9610896515148335
1.034229022324823,4.384256948567501,4.433621023328712,9.852106994221035,0.0023366244747650596,73.0,66.5937975308042,2836.8420093582117,0.7557292508350987,0.099538316117832,0.9570261982389188,0.9786930046373269,0.986591768371474,0.47920605952784684,0.6496107190533694,1.013752941130589,1.0223760887497049
1.2181064603488183,4.085676566030413,4.327975658151867,9.631758684531098,0.0028701950153263442,75.0,81.80055793680081,3340.9399232234737,0.7582037427055526,0.1172259622183675,0.8296140281670247,0.9958628133804452,0.9869088839420401,0.3851028037509156,0.6369456257407429,0.9687102252767299,1.004175887347154
4.222475076377631,3.37764316928658,3.853873010142737,11.453991255806947,0.017842011443304863,67.0,508.4973261341886,11423.16797289671,0.9434231390460339,0.40081291132970914,0.73967397371941,0.9826975849920432,0.7120557985806202,0.3633405798640785,0.6069287992029647,0.996345360278224,0.9964439638750395
5.047343347045586,3.173003019024973,3.667688265500393,11.888034631570951,0.02511909006925917,62.0,715.8940669738864,13553.238652060378,0.9874579052920414,0.4755522334056273,0.9375021784120764,0.9975304382132747,0.4944142702175518,0.7143515879831726,0.5499386743709658,1.0183493689294827,0.9630661951335959
3.002517441068955,4.948718130088003,4.75369941484508,12.704934986002037,0.010027701235455195,72.0,285.78948521047306,8185.429134323334,0.9077160140663421,0.28720803980081877,0.6910858114138377,0.8506537790677049,0.921426128145528,0.950740107821554,0.6511886577563474,1.1325630337728299,1.0259156572792771
0.7868447735636653,4.631813306536996,4.490671089881807,9.909329169982467,0.0016885574180087722,70.0,48.123886413250005,2157.295920069594,0.76850312562425,0.07569459368665242,0.8683771550057531,0.993603500154935,0.9842136778865666,0.6548531047709704,0.789919985630783,1.026896103062068,0.9867207708315284
9.385989375655502,4.665753731458699,4.499849389133558,18.55159249624776,0.10357171826793037,38.0,2951.7939706360153,22611.63575103959,1.1130095047499848,0.7933907281066522,0.9932085132660443,0.034707606071571195,0.9010735459749161,0.4217172460273601,0.9351990631214115,0.8382603333225755,0.9991712492549905
1.2004230632763653,4.108450299373209,4.435156395800708,9.744029758450282,0.0028144065537736482,74.0,80.21058678254897,3291.934454571736,0.8242279908110778,0.11550647209023635,0.7599191718809507,0.998544512401993,0.9829463533953609,0.5088679593575806,0.6163179051250537,1.0156540297210859,1.0123775261836498
1.663707537150857,3.798752354802648,4.3004327875890285,9.762892679542533,0.004262303643428802,76.0,121.47565383772086,4560.369684492971,0.7753722108482862,0.16001297138571827,0.9119840516255201,0.9971205944578243,0.9491848642709879,0.30000360246529456,0.43896425873953226,0.9959819105528327,1.055083319971092
2.3245934921360267,3.6909585832515144,4.497632236084156,10.513184311471697,0.006749257132752763,75.0,192.35382828345374,6357.807352184049,0.889900079143001,0.2230809597257561,0.8988212255434279,0.9556438941782734,0.9728718925910461,0.3933978462355335,0.24219671525689435,1.0248368886397667,1.081321854248118
0.8331797285786028,4.900380606276147,3.9068225229965226,9.640382857851272,0.0018455186609051411,71.0,52.59728183579652,2283.992721264367,0.7369854633499406,0.08014009548296025,0.9994502046352798,0.9952025128911497,0.99548993172719,0.21624426425938853,0.9549752690932436,0.9960736384882458,0.8586074788359603
5.17038847279369,3.7064317001293423,3.5867229779302674,12.463543150853301,0.026185406273395113,61.0,746.2840787917607,13868.91830534444,0.9856432307349071,0.4866287124682259,0.820131048524576,0.9934752420503986,0.48750290532254725,0.43646465647725513,0.6279924969489195,1.0727513736591219,1.0365825148747012
9.889404333178911,1.1737193200285936,3.288092541183751,14.351216194391256,0.11133609014302807,37.0,3173.0785690763,23536.10205216844,1.0923109521805963,0.8258281421813488,0.5388803101694581,0.9938422435414777,0.2690784403307356,0.4611885831702616,0.043884627599325876,0.9745590257243375,1.0044554444502438
6.584073836599553,3.671941102938941,3.457361908080931,13.713376847619426,0.04443475719952557,53.0,1266.3905801864787,17317.81729588295,0.9710299786519402,0.6076427121362439,0.8339104318701922,0.7970569003170666,0.44590070384501224,0.34816040267206033,0.9568201728620173,0.9785361381401283,1.0162812049456207
7.886377354112221,4.508396183643587,4.408695981355367,16.803469519111175,0.06949157332305415,45.0,1980.5098397070435,20094.740260469975,1.036145680125574,0.7050786056305254,0.8960049744650157,0.3627450062234371,0.9390152744007246,0.45609746029295234,0.6149609465989481,1.0630548458974032,0.9291324525387843
1.6927101698430698,3.8416065061640543,4.436369576740086,9.97068625274721,0.004464637076202544,76.0,127.2421566717725,4637.792749015507,0.7665248440828465,0.16272957014089498,0.8768451523070001,0.9881190598637214,0.9966647040528687,0.7540271046003113,0.4385417590287449,1.0117935534617284,0.8942107574381462
2.0384311986642016,4.7838298736358436,4.593834972351362,11.416096044651407,0.005673257952422023,75.0,161.68785164402766,5579.685956611526,0.8461825788777226,0.1957784546179483,0.9625943414871758,0.8278724434130186,0.9934331521658311,0.6895493804771017,0.9171846139085027,0.9377234998561301,0.9957348359803833
0.8179450492246768,4.388935298679813,4.561545923231924,9.768426271136414,0.001762802033847235,70.0,50.2398579646462,2242.6355287441343,0.7992981084113129,0.07868896592084682,0.9286818959752529,0.9935089804139053,0.9721633057096024,0.7245878904258807,0.7521675263002723,0.9803113539946509,1.0057941907101062
9.062469987110664,1.862355415986752,3.6545087113817045,14.57933411447912,0.09293344399600866,41.0,2648.6031538862467,22323.09617568545,1.0490120840544694,0.7832665324801912,0.02613106872476656,0.9916179447658047,0.5102368714925176,0.5771493365603421,0.35583503600175453,1.0130100665341801,0.91450709086525
1.3524826973887993,3.936283622285874,4.478527135391224,9.767293455065897,0.003262129886870444,75.0,92.97070177580765,3708.5528463355954,0.8337579699882676,0.13012466127493316,0.9557720734612817,0.9929070218567143,0.9851860982293829,0.48982627428762576,0.4083242680427845,1.0149102700030008,1.0370357458047597
1.3817427340651636,3.8699266039652294,4.3928195208418295,9.644488858872222,0.0033661962787707995,75.0,95.93659394496778,3789.0477032844724,0.7699590738668816,0.1329490422205078,0.9419379609069366,0.9981791434747308,0.9957175081854338,0.4256508648374376,0.39980563675791725,1.0148529821299728,1.0090551482803853
5.443370358004153,2.85114493040217,3.8700348605789823,12.164550148985306,0.02912346909706552,60.0,830.0188692663673,14556.898421135287,1.001338976018006,0.5107683656538697,0.8881934068484545,0.997903717058121,0.5398586903368044,0.7087002061441778,0.3848423746575487,1.0113912575200936,1.0112033909037428
1.4067523794396972,4.553768469435688,4.229245631819686,10.189766480695072,0.003498002821023053,76.0,99.69308039915701,3856.001446581066,0.8128412669793439,0.13529829637126548,0.9027921574663589,0.983076478722103,0.9535506171683726,0.5804467040554508,0.6953231252222604,1.044153603398508,0.9074319393479735
1.4262968072625042,4.1042556258333605,4.161432637713149,9.691985070809015,0.003533023967398288,76.0,100.69118307085121,3910.2458821724326,0.7900817033149474,0.1372016099007871,0.9725890396741186,0.9944630176122627,0.9783938189867966,0.3089022488306723,0.5312578676493507,1.0140454016108684,0.9568542191385232
8.542644429254716,2.071138228292964,2.9972109446505613,13.610993602198242,0.08024028710041349,43.0,2286.8481823617844,21471.297148087524,1.0191373338669167,0.7533788473013167,0.7436580277525708,0.9982490095529408,0.014074700042693733,0.5611210803774914,0.5248197789558998,1.008368689262996,1.0909572035755053
2.1732442213578245,3.9759646827534203,3.8470407785544154,9.99624968266566,0.006243105908045704,76.0,177.92851837930257,5946.140712427735,0.8180974970667086,0.20863651622553456,0.9296192290512175,0.9950965491079853,0.8928379057794831,0.14001192597417245,0.590009920827212,1.0100812250611015,0.9409405999448914
1.2558717921839833,4.5390710780337535,4.124692552503207,9.919635422720944,0.002986414308694484,75.0,85.1128077977928,3444.2800919877523,0.7645393450771085,0.12085193305220183,0.6975287145199709,0.9984369037522735,0.9244254614880313,0.30196193899573315,0.8749522396735018,1.0303483701488396,0.9977118246040728
9.223242674937666,4.435198830497281,4.455707249082283,18.11414875451723,0.10029863035722668,38.0,2858.5109651809603,22364.663845343606,1.0978282916849416,0.7847250472050388,0.9209877730887606,0.038338272919103855,0.9786271198247685,0.2885724501464797,0.7784784088794917,0.9849429189260028,0.9565706059770278
1.5708616719490491,4.090069466824167,4.071756647109877,9.732687785883094,0.004001164592245907,76.0,114.03319087900834,4304.986777888494,0.8430318516846073,0.15105216764521032,0.9489366336175522,0.9978243147745887,0.9395253239883151,0.27029262120587977,0.5849518536791927,1.0115223097339499,0.9639935387534218
3.1439601167019604,3.1880141458942686,4.326110931462069,10.658085194058298,0.010749166412607983,72.0,306.35124275932753,8566.032481689956,0.907828455281066,0.30056254321719145,0.6127831831450871,0.9956013663139711,0.9023142119887768,0.46989412263531743,0.3641745636259659,0.9902384044933497,1.021104435899117
0.9849419498105603,4.761963161167509,4.229234087654299,9.976139198632367,0.0021940582030600454,73.0,62.530658787211294,2701.4503623176806,0.7900038307171706,0.0947877320111467,0.8464475641707246,0.9989911777396812,0.8928266539228397,0.406762685917613,0.8847171705506623,1.0341375698328266,1.0435687827520592
0.7085788576214862,4.64332400128119,4.466534292453097,9.818437151355774,0.0015046110974927503,68.0,42.881416278543384,1942.1029759023345,0.7470396027600611,0.06814396406674858,0.7180823403159059,0.9966892576884588,0.9956842478975729,0.7291661879065102,0.9669365825850691,0.9767842351414124,0.9347069668201851
1.8433918936388631,3.8516340654118366,4.222696961259482,9.917722920310181,0.004998043654184463,76.0,142.4442441442572,5048.696815767549,0.7814534342270558,0.1771472566935982,0.5829051637169848,0.9970349692125966,0.9999613016017868,0.4489867624001604,0.6344031492456392,0.9287251939172463,0.903666953608778
0.9504251959567354,4.313913998911265,4.4009983645753135,9.665337559443314,0.0021073814246501668,72.0,60.06037060252975,2606.6850428322164,0.7754465683246141,0.09146263308183215,0.895047275409402,0.9916094719785563,0.9901983406099597,0.43550187994241624,0.6980493757339806,0.9868794481133496,1.0211632512468247
9.785758942115905,3.0677607657725643,3.2025014750935497,16.05602118298202,0.1116050788598157,37.0,3180.7447475047475,23268.033088062522,1.025235878758968,0.8164222136162289,0.7957462748499999,0.5585985593259833,0.30571478951106723,0.5110998581777992,0.8274211354549902,1.0007178301238062,0.9101798569426105
1.115229964659264,4.429435532101232,4.194616662632657,9.739282159393152,0.0026074814320491066,74.0,74.31322081339954,3058.083964846817,0.7679319053177335,0.10730119174901112,0.8033166629854707,0.9954657306528351,0.9664977672766197,0.5052722883310138,0.8465616672812608,0.9910646238736067,0.9116307655890017
12.42327613040161,2.926966584019893,3.4662457498468675,18.81648846426837,0.16588339612077158,29.0,4727.67678944199,25392.855069704314,1.0684456484363372,0.890977370866818,0.9219879182191127,0.11891714086454763,0.31516522116037604,0.6295047051727835,0.6778634789901609,1.0023651581874633,0.9650668241104254
4.746637874915676,3.215894662014997,4.471516923350647,12.434049460281319,0.022337796445680316,63.0,636.627198701889,12782.108956535783,0.9203168233345248,0.4484950511065187,0.7595275334976613,0.7970219135674068,0.9936524006498482,0.3605956903700088,0.21918514278514994,1.0005859637922394,1.0129937238117872
9.005464247193501,1.6635617387366148,2.6406290958769234,13.309655081807039,0.09103029162865829,41.0,2594.3633114167615,22249.47192472666,1.0693801532642637,0.7806832254290056,0.8605276669301325,0.993399205833789,0.013148247650910827,0.3318822376570587,0.32690268590544613,1.0152951806895272,1.0002853755168162
1.263843284884842,4.222302296956251,4.274179513526349,9.760325095367442,0.0030135506525060885,75.0,85.88619359642352,3466.0036529459303,0.7711747259708396,0.12161416326126072,0.8396713053939693,0.9999218643094565,0.9278435377384453,0.5009831615187684,0.7265110970575791,1.0092402152462792,0.9893277425689861
2.2896323768207796,3.9053788571689676,4.343863141256964,10.538874375246712,0.006637404526126594,75.0,189.16602899460793,6263.067062677489,0.8467571650991943,0.2197567390413154,0.033590887148222004,0.9983956239379025,0.9108424240560787,0.4576550709203664,0.9285671435458815,1.013680235107357,1.0416766299049725
2.7603888696237355,4.0943453103229785,4.213293443730775,11.068027623677489,0.008771962769613232,73.0,250.0009389339771,7535.315227374833,0.8755136745101582,0.26439702552192396,0.9061100618904204,0.8865826559866572,0.9717316714816001,0.12519382023596792,0.5267159058768413,1.0138727856050016,1.0400985099129691
1.788228956519478,3.8976155203773857,4.353027488486991,10.038871965383855,0.004739597133880092,76.0,135.0785183155826,4898.571027140327,0.8414676550091656,0.17187968516281849,0.8036910526698736,0.9847916860458807,0.9358316857635106,0.5706231066696258,0.6111305480902456,0.9605615705256536,0.9846777672411813
5.53210019896152,3.415515365117625,3.5874844435556783,12.535100007634824,0.030277151089775665,60.0,862.8988060586064,14774.299774276282,1.0295882882493042,0.5183964833079397,0.8236748283057576,0.9989097287324639,0.43688748142288936,0.7298522820106873,0.6359972433554736,1.0557588859068927,0.9631560607813245
2.6071713040374798,3.9036000878972903,3.918210706166329,10.428982098101098,0.0081100866121868,74.0,231.1374684473238,7122.095825978764,0.8161205507045673,0.2498980991571496,0.882072618500499,0.9976596080591382,0.7140978131689403,0.6026226240830853,0.7886939088417434,1.001993003171928,0.9627166009536312
8.923943362433612,4.947345685568211,4.512329653687289,18.383618701689112,0.09341768512962491,39.0,2662.40402619431,21908.281242956564,1.0346273489714137,0.7687116225598795,0.9053930302424267,0.02780814168786727,0.9990968912005441,0.33023657013449587,0.9559192426197152,1.0164900484606583,0.9525367058157244
0.5670425943724715,4.726537317124139,4.558523327883128,9.852103239379739,0.0011486771333274661,63.0,32.73729829983279,1553.2857450371869,0.7723420261370392,0.05450125421183112,0.9178904894957682,0.993413150045665,0.9995266943885233,0.6140997490132316,0.8800045404798302,0.997303445104577,1.0247615222965099
8.78039858462028,4.372823991717559,4.904585435495645,18.057808011833483,0.08911997410193254,40.0,2539.9192619050773,21700.92134039927,1.1503982674600615,0.7614358365052375,0.7968122703635618,0.07817418612167282,0.9984287837054235,0.4906464642191091,0.7008752435996386,1.001595777600085,1.0819826651027293
0.8660586921122995,4.704592172078445,4.195591000993754,9.766241865184497,0.0019031982128705771,71.0,54.241149066811445,2374.440186621225,0.8000518774079759,0.08331369075863948,0.9268134027297413,0.9963613671366034,0.9852567465462782,0.36782840991887744,0.8087124784176346,1.0237300399276097,0.9518364532113246
0.969477300481023,4.555823915972817,4.250263954028165,9.775565170482004,0.0021664922635777936,73.0,61.74502951196712,2658.6492401491837,0.7978110684765777,0.09328593825084855,0.9067235913395605,0.9948111872666575,0.9825418439706131,0.32647982638489215,0.7183746595665291,1.0309084146948715,0.9968103133186244
0.8232428254072266,4.465647310651487,4.320813289944679,9.609703426003392,0.0017909650491641543,71.0,51.0425039011784,2257.1762480954108,0.756426919183759,0.07919916659983897,0.9832298026054658,0.9993986114994493,0.991650235206278,0.5078217931761624,0.7495585188167326,0.9991941747807842,0.952721615022071
0.9173547106769885,4.368652525002948,4.35210643984448,9.638113675524416,0.0020337826098393353,72.0,57.962804380421055,2515.6330426207855,0.7689411200212759,0.08826782605686967,0.8860505954007554,0.9949476218476445,0.9942239546171108,0.48989888062039294,0.7401191442694668,1.0017394664786297,0.9715388316359821
9.003534364687912,4.072635757315392,4.628219051502685,17.70438917350599,0.09453518188405043,39.0,2694.252683695437,22049.77913905347,1.1562329385163945,0.77367646101942,0.8547917547705032,0.11039348941963745,0.984263352506232,0.39972678774099757,0.6246586487662124,0.9676904984202883,0.993941069537617
2.3140070387908716,3.3515239664164955,4.526073602256366,10.191604607463733,0.00676084591367823,75.0,192.68410853982957,6328.830454362283,0.8493557302995988,0.22206422646885202,0.40295267367508747,0.998811679050396,0.9934646016029469,0.5467667044052977,0.3369657487917922,1.0323952891994002,1.0142639661418595
2.738255216586737,3.156789170673801,4.221224439196045,10.116268826456583,0.008669729332625045,74.0,247.08728597981377,7476.391032567478,0.8464626825028954,0.2623295099146484,0.5530685727092305,0.9975425722880091,0.9817739442422713,0.17047863561666482,0.30344929322773884,0.9935955429440679,1.0166232448987271
8.690238278202198,3.8182796940024337,4.609873704701645,17.118391676906278,0.08671799276153087,41.0,2471.46279370363,21590.692437481925,1.0284309540653849,0.7575681557011201,0.7368383565261972,0.2897926939004314,0.9191894101847768,0.4825811326934634,0.4524846269860049,1.0367962554031107,1.0218377655546727
0.9869066303000207,4.329206004948921,4.563356047120689,9.87946868236963,0.0021993279160683367,73.0,62.680845607947596,2706.8343136351614,0.7914497770203538,0.09497664258368987,0.7726909060910886,0.9896232870327416,0.9892648147404199,0.5828243341347474,0.6771219184273666,1.0170098097962117,1.0437359354736953
0.8942033852460124,4.4477064491626646,4.341700446136944,9.68361028054562,0.0019651679632212765,72.0,56.007286951806385,2452.4223523571486,0.7410756292105787,0.08604990710025083,0.8395645715312277,0.9983935392184362,0.9933121582604516,0.4215433312883631,0.747705257204187,1.01576338083777,0.9949067584198641
6.6169023773779125,2.7463343159456635,3.497311025904418,12.860547719227993,0.04449490004389004,54.0,1268.1046512508663,17400.200481404205,1.0902211436755407,0.6105333502247089,0.9120032843994266,0.9993962448023701,0.28149387836060635,0.8950445598489802,0.48536835501133224,1.037575820600295,0.9819357739089218
1.1067167608940076,4.24443429138028,4.362075280281523,9.713226332555811,0.002556747427711641,74.0,72.86730168978177,3034.914157544912,0.8083680497694135,0.10648821605420744,0.7892705853881239,0.9924530877474483,0.9721553554926865,0.5374269475533779,0.7554264975033912,0.9969520100055678,0.9767285411348068
8.825487965341086,3.117843289775649,3.3317209091968882,15.275052164313625,0.08883810881175194,42.0,2531.8861011349304,21871.92786741894,1.0217440037420564,0.7674360655234717,0.7145539831114691,0.7096676431897095,0.44636791359845307,0.4679656982616781,0.755276739733637,0.8910441177719455,0.8658515374418077
4.932614512340735,3.1209584079743826,3.4963206347266746,11.549893555041791,0.023910974885058667,63.0,681.462784224172,13261.237535661014,1.0047879813134395,0.4653065801986321,0.9598452765774793,0.999205370562772,0.45015618483788,0.5228909710524827,0.6177873410435057,1.0031329429878504,1.0000812675354438
1.0739196698439426,4.167212313523333,4.422371570926994,9.66350355429427,0.0024585006635656644,74.0,70.06726891162144,2945.231382116963,0.7902134983990203,0.10334145200410395,0.9593334246361133,0.9976092352260737,0.9912895264122232,0.5338060280794982,0.5565104705744077,1.0140348618642447,0.9896674416930011
14.208626288247432,2.7616362866398534,2.9138583359341474,19.884120910821434,0.19188334639876473,26.0,5468.675372364794,26100.47554035335,1.0158072337051343,0.9158061593106438,0.9876046731668864,0.016381139686259094,0.10047945795513236,0.39423231497987526,0.6507090005484012,1.0339568370582375,0.9926373729365956
9.215318891122,4.240022081989252,4.737056867562714,18.192397840673966,0.0999568144146234,38.0,2848.7692108167666,22360.897006577074,1.090750239453161,0.7845928774237569,0.9150253039162528,0.031249350492985606,0.9974375714318497,0.5143044317493423,0.5864972178576092,1.01964089993676,0.9871725762098187
1.7180748461899742,3.553582333718804,4.545149928554487,9.816807108463266,0.004477874155321725,76.0,127.61941342666917,4708.269452067828,0.7753947871698605,0.16520243691466063,0.16674976610634185,0.9993760590314446,0.9981045267729615,0.5976671747822174,0.6865333151638127,0.9801394181465217,1.0087745921960467
0.9510641072951921,4.428776796257861,4.347059762662451,9.726900666215503,0.0021201770063979703,72.0,60.42504468234215,2608.099525975576,0.7896628072117805,0.09151226406931845,0.869217215235084,0.9970521228385354,0.9744919289737426,0.4977250321186807,0.7487063157797483,1.0141453864394743,0.9850685024245216
2.6306482454027647,3.8245981421858106,4.097784487219867,10.553030874808442,0.008130819343493622,74.0,231.7283512895682,7186.637281274846,0.8367502686040672,0.2521627116236788,0.8212392843625579,0.989592676001742,0.7937216054597714,0.41714397964229843,0.6618208319795518,0.9735917712060527,1.0460310486005397
0.646186793374769,4.671580508629038,4.598575064041221,9.916342366045027,0.0013333949303375768,66.0,38.00175551462094,1771.0682703727557,0.7429980967956532,0.06214274632886862,0.8520141850284306,0.9884096312909432,0.9992381386345016,0.6616597703617509,0.8855870320248252,0.9503143881280023,1.0249269235650562
1.2340200871155507,4.122376879957058,4.2543746017698645,9.610771568842473,0.002928951250698225,75.0,83.47511064489942,3384.1909068771397,0.7723122508556539,0.11874354059218034,0.7906929469919167,0.9994575220764687,0.9869094407054994,0.35973002472973975,0.6789325257770713,0.9738418798559401,0.9773457785655744
1.0065842151662707,4.450598438188832,4.225128627459832,9.682311280814936,0.0022911900832320803,73.0,65.29891737211429,2760.1706711920956,0.7783122858902044,0.09684809372603845,0.9252572424736099,0.9964691349965767,0.9919399304825596,0.4356959531570679,0.7289168210635998,1.0104534615778629,0.9308008493316429
6.062995109587873,4.211619822814566,4.642362645231535,14.916977577633975,0.037431849292618335,55.0,1066.8077048396226,16059.960909038498,1.0327422513245188,0.5635074003171403,0.7679979578644892,0.5410165772554663,0.9993537978808609,0.5040677357978675,0.7182803753452661,0.9687102252767299,1.004175887347154
0.8279467044293843,4.460968768668498,4.534069060425581,9.822984533523464,0.0017671367809524434,70.0,50.36339825714464,2270.6979665809595,0.7800516144632742,0.0796736128624898,0.941478234120052,0.9907263675589895,0.9759111955130624,0.4624668090882227,0.6905386681045236,0.9884982826688322,1.0928642155303336
0.8441067813868395,4.313755886568926,4.591869626643433,9.749732294599198,0.0018075041259727129,71.0,51.51386759022232,2314.9930665260576,0.7978818188191195,0.08122782689565114,0.9454006606333768,0.999291592299674,0.9910713983069462,0.4898236427459909,0.5972507029685404,0.9700374199764998,1.0954004494049547
9.303017899527697,4.105922077528345,4.7707545388452335,18.179694515901275,0.1020565773504002,38.0,2908.612454486406,22502.30818300857,1.0153723686104423,0.78955467308802,0.8009717388149475,0.04598131130447636,0.9714945353249008,0.6080205986597336,0.6398896320397036,1.0102727504980236,0.9919078465862672
1.042777744961886,4.164918706644784,4.501252193741438,9.708948645348109,0.002371395112116495,73.0,67.58476069532011,2859.9005217821773,0.778020017610035,0.1003473867291992,0.9575283133650196,0.9999075559966183,0.9857439088142848,0.6548531047709704,0.6179512878255969,0.914926593882349,0.9867207708315284
0.8792465344451582,4.704511141078267,4.132182780738496,9.715940456261922,0.0019480952779204034,72.0,55.5207154207315,2410.7588096568657,0.7567109437949971,0.08458802840901283,0.9932085132660443,0.9975488459885611,0.9983654832428236,0.3355859765786456,0.7728721889369183,1.0211034104315924,0.9198481058519583
1.1740583020001107,4.072174501036679,4.398323910310435,9.644556713347225,0.002737125784595565,74.0,78.00808486097361,3219.737392897031,0.8181749777657916,0.11297324185603617,0.8848949309274128,0.9990869713971305,0.9649366935882083,0.5088679593575806,0.6163179051250537,0.9900449156602154,1.0123775261836498
14.400705011085627,2.817820560186636,3.1247926849348473,20.34331825620711,0.19276399861870153,26.0,5493.773960632993,26171.277429695405,1.1252571519565355,0.9182904361296633,0.8512774811767676,0.031200629996916307,0.14869516484974554,0.30000360246529456,0.6651088262397309,1.0217654577152122,1.0820689519112188
5.035222206845957,4.274510746634245,4.620231491608841,13.929964445089045,0.0251581289381916,61.0,717.0066747384606,13513.835306668028,1.0297029098299426,0.47416965988308873,0.8431377891181505,0.6479308871405826,0.99934843825685,0.46330495199921284,0.6832830620692502,0.9217222182597729,1.0330005266938436
6.1498551216828865,3.0605755835940203,4.2004757197166445,13.41090642499355,0.03888564967903798,56.0,1108.2410158525824,16270.583411092977,0.991394599580349,0.570897663547122,0.22870833638535348,0.7537542526080635,0.9940785002558976,0.3344910917544362,0.42185512334843567,0.9960736384882458,0.8586074788359603
1.1371689116446435,4.25641459105277,4.334934427396874,9.728517930094288,0.0026238560825208265,74.0,74.77989835184356,3118.9121486410872,0.798790356470021,0.10943551398740657,0.9999794824313987,0.9994275562109203,0.9817120669410785,0.34266392938028256,0.4952371666075752,1.0300756070537016,1.0309180961138602
6.901492861757574,4.248364773489322,4.571919129695024,15.72177676494192,0.05051715304028047,51.0,1439.7388616479934,18005.429937811456,1.1143066173419633,0.6317694715021563,0.8473730245537459,0.4473256031351651,0.990972888972785,0.5043261085909586,0.6934692191252522,1.0040134415924378,0.9585525139438085
1.1694922165696398,3.989779248327659,4.505350465222144,9.664621930119443,0.002725765206964023,74.0,77.68430839847466,3207.1691831452363,0.8204132735003125,0.11253225204018373,0.9663910335250765,0.9998366241100946,0.9655000766524037,0.655551696644947,0.5394546147341233,0.9764274018567991,1.0067371465575774
1.2739051532531023,4.211332323705178,4.249971145483919,9.7352086224422,0.0030228945278536245,75.0,86.1524940438283,3493.431757621475,0.826964481794295,0.12257655289899912,0.7850287163966362,0.997942782546333,0.9410444769700065,0.317532128826467,0.7350094504117061,0.9864821452908079,1.0370293177538925
1.437094263698445,4.129784121362565,4.108650527148675,9.675528912209685,0.003601727091966385,76.0,102.64922212104197,3938.8010591972015,0.8220077957435719,0.13820354593674392,0.8851335775108586,0.9993001825943272,0.9966647040528687,0.3539363354655126,0.6256605678729846,0.9621086093893711,0.8942107574381462
2.511855344009085,4.072056703531337,4.328601923308911,10.912513970849332,0.00765464635708573,74.0,218.1574211769433,6863.73115693525,0.8608888521798189,0.24083267217316665,0.8678783380708951,0.8938557929413895,0.9824208795170258,0.37696295675897135,0.6196683032131953,0.9496385094393194,0.9911573605844604
10.15127245603915,4.124629227842575,4.376380211790755,18.65228189567248,0.12167303857101258,35.0,3467.6815992738584,23573.34025679662,1.0170844682301006,0.8271347458525129,0.8008658028966629,0.014799761997204008,0.8296754917713098,0.5008114071774562,0.832206220701646,0.9514825714243602,0.9709799853916561
6.184134369668477,4.405301685265761,4.6289217743960505,15.21835782933029,0.039140437667202495,55.0,1115.502473515271,16353.964765777162,0.9729207518063366,0.5738233251149881,0.9793557661944875,0.5211644132007462,0.9824500061893009,0.5022681813091117,0.6061743746589207,1.0279908495841894,1.0123775202003422
1.731128510636312,3.724897595101352,4.33415634472403,9.790182450461693,0.00452512111216337,76.0,128.96595169665605,4743.886359691921,0.7762212777959949,0.16645215297164634,0.9557720734612817,0.9999291221076569,0.9396713879650049,0.48982627428762576,0.4083242680427845,1.0079758790533928,1.0046625016525916
1.000942804702714,4.238183338550746,4.391541656340253,9.630667799593713,0.002248454247793308,73.0,64.08094606210928,2744.9570197401326,0.8155600408762579,0.09631428139439062,0.9640802093623513,0.9992001825976946,0.9936165665038549,0.4434958479471774,0.5749638215045472,1.0148529821299728,1.0090551482803853
0.760110794744162,4.345224472198424,4.6682493281660875,9.773584595108673,0.0016147818340940263,69.0,46.02128227167975,2083.8106709150447,0.7942697436517694,0.07311616389175596,0.7850938609929331,0.9939547102966299,0.9990941706655557,0.779216759514634,0.7697614682350598,0.9868834018577917,1.0112033909037428
1.1987718992768162,4.312984473071906,4.142805523436988,9.654561895785712,0.0028549585641163638,75.0,81.36631907731636,3286.7745053493672,0.795880860286529,0.11532542124032867,0.8789459459425322,0.996232150837431,0.9899261070089823,0.38930015362031356,0.7172113990980756,1.0024704393644073,0.9074319393479735
2.755221272660745,3.3881050466830698,4.171525506702249,10.314851826046063,0.008820387062183436,74.0,251.38103127222794,7520.5751508636595,0.8689067753054279,0.26387982985486524,0.9028123584127424,0.9944630176122627,0.9614151842030723,0.3089022488306723,0.14537721384065072,1.0339634865228602,0.9568542191385232
0.8077968303361963,4.459313999584912,4.456343784295874,9.723454614216982,0.001735974199832318,70.0,49.475264695221064,2214.857619708562,0.7878732487362587,0.07771430244591446,0.9585602192906841,0.999787040524087,0.9909190384939186,0.5404236858563402,0.7511952913329244,0.9049879052226841,1.00825914964263
2.707103161521802,3.783710934350916,3.959378119877031,10.450192215749748,0.00854058431033679,74.0,243.40665284459848,7391.226458698365,0.8886193661702945,0.2593412792525742,0.9255294477343534,0.997732248593617,0.7458287992204619,0.4823824821365895,0.6424518889969261,1.0102025137727233,0.9974732958635499
3.8998679428886702,4.663008106692031,4.52919883183788,13.092074881418583,0.015683074491868614,68.0,446.96762301825544,10569.673486784568,0.9613439995947213,0.3708657363784059,0.8001949070527594,0.7095297013882034,0.9995594155542877,0.5961713551514165,0.8912585474661654,1.0101471591997957,0.9601673432589672
6.848898388652334,2.738067682173623,2.8055374752245483,12.392503546050506,0.04793826455638413,52.0,1366.2405398569476,17949.2385252062,0.9787855223511132,0.6297978429896913,0.9209877730887606,0.9878017735341504,0.09717986752300778,0.27945999548861744,0.7150448700317245,1.0090120131613711,1.060086644102241
1.2628879587780213,4.333304523532233,4.1571517708195405,9.753344253129795,0.0030609892661763176,75.0,87.23819408602505,3462.6370275120453,0.7483545619262371,0.12149603605305422,0.8448641314940358,0.9980472982899418,0.9711881368633425,0.5150500396673211,0.7730320591557559,0.9800302114025756,0.8822456860829488
8.375710187015354,4.266732305825893,4.329787962589098,16.972230455430346,0.07904755131957783,43.0,2252.855212607968,21049.845639411957,1.073964281449843,0.7385910750670862,0.8455949121863251,0.3962101374719338,0.7816723508276526,0.44131241503126584,0.6545876557352227,1.05849756885,1.0402374621887391
8.040381893260268,3.866164844728068,4.730043844573275,16.63659058256161,0.07230034228094086,44.0,2060.5597550068146,20402.189382938694,1.0749879882308977,0.7158662941381998,0.013335306832439553,0.31853977444529535,0.9980339037035678,0.406762685917613,0.8847171705506623,0.9950436483599956,1.0435687827520592
1.101486122190624,4.138679669437565,4.487075211888143,9.727241003516333,0.0025581600845762504,74.0,72.90756241042314,3020.724220662634,0.7545277857112123,0.10599032353202224,0.9170023406443064,0.9966892576884588,0.9910542700613341,0.752146446096005,0.6197843943352953,0.9767842351414124,0.9347069668201851
1.4128626792182268,4.088687644823975,4.244725386233536,9.746275710275738,0.003518139443287036,76.0,100.26697413368052,3872.661912752769,0.8190607088660903,0.1358828741316761,0.8855608292041581,0.9970349692125966,0.9940578564057171,0.5077404287424259,0.6075055514041913,0.9496385094393194,0.903666953608778
7.578972251012219,2.3873662723801354,2.8470504339569005,12.813388957349256,0.06073413981676215,48.0,1730.9229847777212,19552.121467219957,1.0932872485130618,0.6860393497270161,0.831702121737057,0.9916094719785563,0.07006657013955042,0.4448841895680766,0.6816360743738564,0.9868794481133496,1.026095382359109
1.7212650121730295,3.674676195976094,4.548830206650084,9.944771414799208,0.004472702364497167,76.0,127.47201738816926,4716.4452824896925,0.8411716200719382,0.16548930815753307,0.39276187825643594,0.9905055022401867,0.991332664621299,0.5537271555963152,0.5900897370670909,1.0061966419377544,1.0346880264614322
5.518209195708401,4.642210907820841,4.403213168651284,14.563633272180526,0.030906278144782386,59.0,880.828927126298,14720.38900529756,1.0071600827553076,0.5165048773788617,0.971365084931651,0.5887690477138706,0.9979284071344874,0.5052722883310138,0.7861796266248645,1.0128287194213108,0.9005468822528329
0.8979197675053316,4.210322746466684,4.575177378267275,9.683419892239291,0.0019743982672883994,72.0,56.27035061771939,2462.616824888346,0.7447699792951192,0.08640760789081915,0.9094152538033213,0.9972890617453051,0.9883050161552852,0.7222194788957457,0.6621487301763959,0.9830075960014073,0.9963215681771063
7.090933513176283,2.5532596885726995,2.977938155399384,12.622131357148367,0.05212608456758018,51.0,1485.5934101760351,18493.63142678571,0.9865447879343324,0.6488993483082705,0.9235221127154487,0.9928974237641721,0.15394223877570468,0.47674784636673134,0.5810066422414283,1.0183341890097475,1.006580985404058
1.2618970156969178,4.282451903501725,4.260823336789699,9.805172255988342,0.0030360339456032164,75.0,86.52696744969167,3459.824827175802,0.8019227574664924,0.12139736235704568,0.8605276669301325,0.9978929582887711,0.9673758468213752,0.5470800473282809,0.743586271464421,0.9168071454727622,0.9248770488086624
7.975640807473624,4.1348441154137765,4.685293475073972,16.795778397961374,0.07114787285777224,44.0,2027.7143764465088,20274.155891125505,1.01857875967946,0.7113738909166843,0.8396713053939693,0.2904163504293884,0.9967813284848089,0.48927224422698723,0.553495143784759,1.024327483185084,0.9926673654153948
0.6876293681010667,4.503320632774114,4.706511006148444,9.897461007023626,0.0014347471562111318,67.0,40.89029395201726,1884.9067332301154,0.7515817596899808,0.06613707835895141,0.8949054811504872,0.986748232069532,0.9934967051262252,0.8302145592592362,0.7842350731643762,1.0024610238629663,1.0166178943487179
6.338516943574851,3.240088076679943,3.2940438670405277,12.872648887295323,0.04070268524267943,55.0,1160.0265294163637,16737.444557830197,1.0893815214064295,0.5872787564150946,0.5945453829625704,0.9989641596076848,0.40087616579553687,0.49543200054831527,0.8083033822000889,1.0283979497157651,0.9283301403970583
1.267750331292623,4.140233016938951,4.337398110938613,9.745381459170186,0.0029941123810920856,75.0,85.33220286112444,3476.886373293932,0.8136218082928932,0.12199601309803271,0.43460557509906106,0.9987806259935765,0.9946283741767846,0.2276137814998178,0.7948255378671791,0.987919295394809,1.0631603474017854
2.232839021208613,3.6393528288037107,4.355396685687694,10.227588535700018,0.006407023240902873,75.0,182.60016236573188,6109.446152824114,0.814766781783689,0.21436653167803907,0.7837906187354711,0.9968725541514453,0.8845053953707555,0.5647587319902616,0.511178116104854,0.989520078779029,1.0320462454660868
0.7638838119387011,4.473487927109551,4.578467060677114,9.815838799725366,0.001626575811473607,69.0,46.3574106269978,2094.5123570582286,0.7363636670362744,0.07349166165116591,0.9092213462375909,0.994589366996363,0.992097092361124,0.7091834462257747,0.7886939088417434,0.9211435637511101,1.001342199158184
1.019945350516207,4.231900136585208,4.539211720774046,9.791057207875461,0.0022908165337255848,73.0,65.28827121117916,2797.3071059834338,0.8146750691757914,0.09815112652573452,0.8315172119527221,0.9989012224377305,0.9800703220314422,0.5836566902826984,0.6140645686772433,1.0164900484606583,1.0400163125016126
7.360033047360814,3.6853824204697974,3.8355266870362312,14.880942154866844,0.0576396418607005,49.0,1642.7297930299644,19052.272201516782,1.0472428798786244,0.6685007790005888,0.5883232064236539,0.7099594700568405,0.6270674661753329,0.3238223584708499,0.8655198140137299,1.0099629506221959,1.0160775998843237
1.30066262675544,4.166009100436593,4.522437487098919,9.989109214290952,0.0030931799912141834,75.0,88.15562974960423,3567.0048148335177,0.8186911615329475,0.12515806367836904,0.781024654455982,0.9947470104349027,0.9824833689255036,0.4882613527847521,0.5016315088147605,1.0362804938019956,1.0630565635318368
6.984899669474354,2.6878545132215255,2.758774613690047,12.431528796385926,0.050540864022358585,52.0,1440.4146246372197,18246.587474203214,1.021767815665125,0.6402311394457268,0.8662663865317041,0.996928749914491,0.14621845206850237,0.36782840991887744,0.7324793774597134,1.0080240584541738,0.9518364532113246
0.7707597048872638,4.564017937695805,4.613277876729655,9.948055519312724,0.0016310011654557767,69.0,46.483533215489636,2113.3098081313105,0.7929936494487567,0.07415122133794072,0.9220444992978817,0.9948111872666575,0.9911658008568233,0.6157049473963305,0.6623200715250238,1.0276312293265344,1.0568145349419438
1.2724729495370999,4.422394974646325,4.293297270410517,9.988165194593943,0.0030352382081881733,75.0,86.50428893336294,3489.7689649372805,0.7667467890980502,0.12244803385744844,0.7809403739708461,0.999632321101229,0.9327104165598857,0.4852817781418316,0.7238890594238505,1.0409965973295132,1.000141434035771
1.0394206226461775,4.273630949662904,4.355717766220007,9.668769338529088,0.0023681467858731953,73.0,67.49218339738607,2850.5444623327444,0.7792865274522086,0.1000191039414998,0.7699509205897291,0.9949476218476445,0.9942239546171108,0.48989888062039294,0.7401191442694668,1.0043742289125024,0.9715388316359821
7.227876762068792,2.7934009016682912,3.4065179944933064,13.42779565823039,0.05489171829231452,50.0,1564.4139713309637,18778.507786593334,1.0711531884923258,0.6588950100559064,0.9433851035585423,0.887574936440625,0.2417829947578427,0.8728119964357465,0.6832249042970318,0.9864956901086557,0.9717437500024335
1.9992076880712228,3.763661353872985,4.281355522753503,10.04422456469771,0.005529607583064356,76.0,157.59381611733414,5473.388604316759,0.8242804870097796,0.19204872295848277,0.7901539542247237,0.9925058163299166,0.966859587004533,0.4234288376211678,0.42765040017296196,1.023060928161659,0.9733729234408681
0.9833416190830824,4.179357319768504,4.510736035490355,9.67343497434194,0.0022198907634714458,73.0,63.2668867589362,2696.715517700618,0.7570516671402217,0.09462159711230239,0.8721873042068126,0.9999938592702503,0.9913226355263538,0.7462332059785155,0.6622623722544917,0.9935955429440679,0.9503220177719216
1.6633539584282755,3.790245472906427,4.440271514012431,9.893870945347134,0.004323807363727561,76.0,123.22850986623548,4557.6792247886915,0.819754849622615,0.1599185692908313,0.08415276844769826,0.9981469922816167,0.9823585880714945,0.6497690522455946,0.8675010491064844,1.0007966787628464,0.9522649170600461
1.0447399135174562,4.286178413208841,4.352010591780406,9.682928918506704,0.0023862351449521917,73.0,68.00770163113746,2865.0156791357012,0.7859835181649981,0.10052686593458601,0.9120838596975088,0.9896232870327416,0.9963717108219352,0.5027020201122144,0.6771219184273666,1.003388411876591,0.9623540839384592
8.793289202257151,4.218547834782653,4.820463155469414,17.83230019250922,0.08992118105625617,40.0,2562.7536601033007,21728.586149550098,1.0095028273825908,0.7624065315631613,0.8173087254181766,0.1010202478756721,0.9974994599957077,0.5763879467036235,0.6931245864600173,0.9886323187665815,1.0099905177043134
0.9231213032825755,4.1511895467175455,4.681724586742831,9.756035436742952,0.0020369390966569574,72.0,58.052764254723286,2531.7968534424185,0.760037306764492,0.08883497731376908,0.962483857576488,0.9997425565918211,0.95673195891813,0.8950445598489802,0.6259956355893727,0.9898891312319353,1.0116185005852336
1.196260696779951,4.261551372336571,4.310366431913535,9.768178501030057,0.0028321747419172154,75.0,80.71698014464064,3280.339839951524,0.779870625156038,0.11509964350707101,0.7892705853881239,0.9924530877474483,0.9807138959708323,0.5374269475533779,0.7554264975033912,0.964293121215281,0.9411243456818399
0.9923802256571418,4.277979752230801,4.4417153294756355,9.712075307363579,0.0022184449719736617,73.0,63.225681701249364,2721.6983842016057,0.8012635285810351,0.09549818891935459,0.7983667303115579,0.9993931798536291,0.9548719726702803,0.5519124480949962,0.755276739733637,0.9988242958812965,1.029613949256177
0.9770208505299984,4.212292756180272,4.407663988321637,9.596977595031907,0.002185813096095431,73.0,62.295673238719786,2679.344202595945,0.8030888772078321,0.09401207728406824,0.9074382170752677,0.999205370562772,0.9946883175258009,0.4843774645490828,0.6288615536987097,1.0071990326155817,1.0000812675354438
0.9770208396324215,4.212292766180272,4.4076639879828585,9.596977593795552,0.0021858130663288586,73.0,62.29567239037247,2679.3441727453755,0.8030888697492959,0.09401207623667984,0.9074382270752678,0.999205370562772,0.9946883175258009,0.4843774645490828,0.6288615536987097,1.0071990326155817,1.0000812675354438
0.9770207710442592,4.212292756180272,4.40766398585063,9.59697751307516,0.0021858128788939976,73.0,62.295667048478926,2679.3439848692765,0.803088823592812,0.09401206964453601,0.9074382170752677,0.9992053805627721,0.9946883175258009,0.4843774645490828,0.6288615536987097,1.0071990326155817,1.0000812675354438
0.9770207993500482,4.212292776180272,4.407664006730579,9.596977582260898,0.002185812956316393,73.0,62.295669255017195,2679.344062404147,0.803088842069598,0.09401207236505778,0.9074382170752677,0.999205370562772,0.9946883275258009,0.4843774645490828,0.6288615536987097,1.0071990326155817,1.0000812675354438
0.97702084609428,4.212292756180272,4.407663996183742,9.596977598458295,0.0021858130839788113,73.0,62.29567289339612,2679.3441904456554,0.8030888741750852,0.0940120768577423,0.9074382170752677,0.999205370562772,0.9946883175258009,0.4843774745490828,0.6288615536987097,1.0071990326155817,1.0000812675354438
0.977020833325738,4.212292776180272,4.4076639877867985,9.596977597292808,0.0021858130491105264,73.0,62.29567189965,2679.3441554701376,0.803088865354083,0.09401207563053114,0.9074382170752677,0.999205370562772,0.9946883175258009,0.4843774645490828,0.6288615636987097,1.0071990326155817,1.0000812675354438
0.9770208393909402,4.212292836180271,4.407663987975348,9.59697766354656,0.002185813065725439,73.0,62.295672373175016,2679.344172083851,0.8030888694059931,0.09401207621346845,0.9074382170752677,0.999205370562772,0.9946883175258009,0.4843774645490828,0.6288615536987097,1.0071990426155817,1.0000812675354438
0.977020827148683,4.212292776180434,4.407664007633276,9.596977610962394,0.00218581302904042,73.0,62.29567132765196,2679.3441386460627,0.8030888571878508,0.09401207504021272,0.9074382170752677,0.999205370562772,0.9946883175258009,0.4843774645490828,0.6288615536987097,1.0071990326155817,1.0000812775354437
9.900287261132753,3.805542949687343,2.297284499023751,16.003114709843846,0.12257761496487582,42.0,3493.4620264989608,23057.391754179884,1.0469067172060857,0.8090312896203468,1.0,1.0,1.0,0.14173865815207004,0.40277147484367143,0.0,0.0
9.900287271304915,3.805542939687343,2.2972844990224033,16.00311471001466,0.12257761522103057,42.0,3493.462033799371,23057.391767920533,1.0469067060247803,0.8090312901024749,0.99999999,1.0,1.0,0.14173865815207004,0.40277147484367143,0.0,0.0
9.90028732218528,3.805542949687343,2.297284498966273,16.003114770838895,0.1225776165666996,42.0,3493.4620721509386,23057.39183407812,1.0469066432476837,0.8090312924237937,1.0,0.99999999,1.0,0.14173865815207004,0.40277147484367143,0.0,0.0
9.900287305315866,3.805542929687343,2.2972844790275273,16.003114714030737,0.12257761606443966,42.0,3493.46205783653,23057.39181437235,1.0469066697667004,0.8090312917323631,1.0,1.0,0.99999999,0.14173865815207004,0.40277147484367143,0.0,0.0
9.90028725780541,3.805542949687343,2.2972845070244072,16.00311471451716,0.12257761488079619,42.0,3493.4620241026914,23057.39174969664,1.0469067208886706,0.8090312894630399,1.0,1.0,1.0,0.14173866815207004,0.40277147484367143,0.0,0.0
9.900287246702398,3.805542969687343,2.2972844990199746,16.003114715409716,0.12257761460876732,42.0,3493.4620163498685,23057.391734393233,1.04690673221722,0.8090312889260783,1.0,1.0,1.0,0.14173865815207004,0.4027714848436714,0.0,0.0
9.900287250552184,3.805542949687343,2.2972844990119348,16.003114699251462,0.12257761471599717,42.0,3493.4620194059194,23057.39173919113,1.0469067272090595,0.8090312890944257,1.0,1.0,1.0,0.14173865815207004,0.40277147484367143,1e-08,0.0
9.900287162684462,3.805542949687343,2.2972845233355614,16.003114635707366,0.12257761233718167,42.0,3493.4619516096777,23057.39163827454,1.046906791030739,0.8090312855534927,1.0,1.0,1.0,0.14173865815207004,0.40277147484367143,0.0,1e-08
1.9205968961904794,4.093723316985703,4.040423632095833,10.054743845272014,0.005348138076159699,76.0,152.42193517055142,5257.696010090769,0.7970739705715211,0.18448056175757085,0.923567707705898,0.9993438398927439,0.9956139126255641,0.4246704316587918,0.5894638920143385,0.8316880728389833,0.8258106244591457
1.9205968784410152,4.093723326985703,4.040423631573346,10.054743837000064,0.0053481380083426145,76.0,152.4219332377645,5257.6959616431795,0.797073979384324,0.18448056005765542,0.9235677177058981,0.9993438398927439,0.9956139126255641,0.4246704316587918,0.5894638920143385,0.8316880728389833,0.8258106244591457
1.9205967700753575,4.093723316985703,4.040423628383511,10.054743715444571,0.00534813759369034,76.0,152.4219214201747,5257.695665857811,0.7970740345871828,0.18448054967922145,0.923567707705898,0.9993438498927439,0.9956139126255641,0.4246704316587918,0.5894638920143385,0.8316880728389833,0.8258106244591457
1.920596814201538,4.093723336985703,4.040423649682327,10.054743800869568,0.005348137763010118,76.0,152.42192624578837,5257.69578629974,0.797074011059426,0.18448055390525403,0.923567707705898,0.9993438398927439,0.9956139226255641,0.4246704316587918,0.5894638920143385,0.8316880728389833,0.8258106244591457
1.9205968892367489,4.093723316985703,4.040423639891138,10.05474384611359,0.0053481380495877815,76.0,152.42193441325176,5257.695991110401,0.7970739740301772,0.18448056109159303,0.923567707705898,0.9993438398927439,0.9956139126255641,0.4246704416587918,0.5894638920143385,0.8316880728389833,0.8258106244591457
1.920596868852111,4.093723336985703,4.040423631291071,10.054743837128886,0.005348137971764974,76.0,152.42193219530176,5257.6959354699065,0.7970739840056503,0.18448055913929495,0.923567707705898,0.9993438398927439,0.9956139126255641,0.4246704316587918,0.5894639020143385,0.8316880728389833,0.8258106244591457
1.9205968784773173,4.093723316985703,4.0404236315743685,10.054743827037388,0.0053481380087779355,76.0,152.42193325017115,5257.695961741653,0.7970739789091585,0.18448056006111063,0.923567707705898,0.9993438398927439,0.9956139126255641,0.4246704316587918,0.5894638920143385,0.8316880828389833,0.8258106244591457
1.9205968502066604,4.093723316985703,4.040423650839936,10.0547438180323,0.0053481378917104245,76.0,152.4219299137471,5257.695884828982,0.7970739869759824,0.18448055736242044,0.923567707705898,0.9993438398927439,0.9956139126255641,0.4246704316587918,0.5894638920143385,0.8316880728389833,0.8258106344591457
1.1642580875410318,4.139081997791408,4.3126379912305906,9.61597807656303,0.002731307804096981,74.0,77.84227241676396,3192.888347848378,0.7666562171174701,0.1120311700999431,0.911537505989113,0.999240562361587,0.9949235563078591,0.46920300035732676,0.6188486895932882,0.9625931521109451,0.9557906118953508
1.164258074852432,4.139082007791408,4.3126379908439745,9.615978073487813,0.0027313077670635664,74.0,77.84227136131165,3192.888313099936,0.7666562135421116,0.11203116888069951,0.911537515989113,0.999240562361587,0.9949235563078591,0.46920300035732676,0.6188486895932882,0.9625931521109451,0.9557906118953508
1.1642579955971055,4.139081997791408,4.312637988429112,9.615977981817625,0.0027313075355879547,74.0,77.84226476425671,3192.8880960550073,0.7666561920703422,0.11203116126508797,0.911537505989113,0.999240572361587,0.9949235563078591,0.46920300035732676,0.6188486895932882,0.9625931521109451,0.9557906118953508
1.1642580282032375,4.139082017791408,4.312638009422591,9.615978055417237,0.002731307630942262,74.0,77.84226748185446,3192.8881853484527,0.7666562002727542,0.11203116439819132,0.911537505989113,0.999240562361587,0.9949235663078592,0.46920300035732676,0.6188486895932882,0.9625931521109451,0.9557906118953508
1.1642580824263917,4.139081997791408,4.3126379990747505,9.61597807929255,0.0027313077891683315,74.0,77.84227199129745,3192.8883338416513,0.7666562156798219,0.11203116960847899,0.911537505989113,0.999240562361587,0.9949235563078591,0.46920301035732676,0.6188486895932882,0.9625931521109451,0.9557906118953508
1.1642580676373435,4.139082017791408,4.3126379906241326,9.615978076052883,0.0027313077460205107,74.0,77.84227076158456,3192.888293340987,0.7666562114230948,0.11203116818740305,0.911537505989113,0.999240562361587,0.9949235563078591,0.46920300035732676,0.6188486995932883,0.9625931521109451,0.9557906118953508
1.1642580746591622,4.139081997791408,4.312637990838078,9.615978063288647,0.0027313077665869355,74.0,77.84227134772766,3192.888312570545,0.7666562132652056,0.11203116886212439,0.911537505989113,0.999240562361587,0.9949235563078591,0.46920300035732676,0.6188486895932882,0.9625931621109451,0.9557906118953508
1.1642580590486111,4.139081997791408,4.31263801041077,9.61597806725079,0.0027313077168685533,74.0,77.84226993075377,3192.888269941665,0.7666562047225609,0.11203116736637421,0.911537505989113,0.999240562361587,0.9949235563078591,0.46920300035732676,0.6188486895932882,0.9625931521109451,0.9557906218953508
1.0371421683589386,4.149265308412792,4.375100978506846,9.561508455278577,0.0023568800203650235,73.0,67.17108058040317,2844.4447368572473,0.7740489686258014,0.09980507848621921,0.9088366496426797,0.9992173759028695,0.9947685669497528,0.4792008435875528,0.6254457624353031,0.9919821700555679,0.9849719408739481
1.0371421568614854,4.149265318412791,4.375100978152392,9.561508453426669,0.002356879988374237,73.0,67.17107966866575,2844.4447053633626,0.7740489626135332,0.09980507738117061,0.9088366596426798,0.9992173759028695,0.9947685669497528,0.4792008435875528,0.6254457624353031,0.9919821700555679,0.9849719408739481
1.0371420846849735,4.149265308412792,4.375100975927275,9.56150836902504,0.002356879787432617,73.0,67.17107394182959,2844.444507657243,0.7740489256654034,0.09980507044411378,0.9088366496426797,0.9992173859028696,0.9947685669497528,0.4792008435875528,0.6254457624353031,0.9919821700555679,0.9849719408739481
1.0371421144403852,4.149265328412792,4.375100996844592,9.56150843969777,0.0023568798703637044,73.0,67.17107630536557,2844.444589163231,0.7740489403183787,0.09980507330397301,0.9088366496426797,0.9992173759028695,0.9947685769497528,0.4792008435875528,0.6254457624353031,0.9919821700555679,0.9849719408739481
1.0371421636945977,4.149265308412792,4.375100986363051,9.56150845847044,0.0023568800073861863,73.0,67.1710802105063,2844.444724080661,0.7740489661899388,0.09980507803791794,0.9088366496426797,0.9992173759028695,0.9947685669497528,0.4792008535875528,0.6254457624353031,0.9919821700555679,0.9849719408739481
1.0371421502475004,4.149265328412792,4.375100977948489,9.561508456608781,0.0023568799699824044,73.0,67.17107914449852,2844.4446872462836,0.7740489590754471,0.09980507674548364,0.9088366496426797,0.9992173759028695,0.9947685669497528,0.4792008435875528,0.6254457724353032,0.9919821700555679,0.9849719408739481
1.0371421566344639,4.149265308412792,4.3751009781453885,9.561508443192643,0.002356879987809066,73.0,67.17107965255838,2844.44470474143,0.7740489623059449,0.09980507735934842,0.9088366496426797,0.9992173759028695,0.9947685669497528,0.4792008435875528,0.6254457624353031,0.9919821800555679,0.9849719408739481
1.037142143308553,4.149265308412792,4.375100997776092,9.561508449497437,0.0023568799472279017,73.0,67.1710784959952,2844.4446683429096,0.7740489514625902,0.09980507608220736,0.9088366496426797,0.9992173759028695,0.9947685669497528,0.4792008435875528,0.6254457624353031,0.9919821700555679,0.9849719508739482
1.0029110012528555,4.156531928722481,4.386408924735245,9.545851854710582,0.0022611733335910836,73.0,64.44344000734588,2750.7024557136615,0.7540307498522403,0.09651587563907585,0.9090171738223752,1.0,0.9981271811353594,0.47925989138038,0.6256301963146936,0.9941228940003949,0.9877659175235036
1.0029109902305928,4.156531938722481,4.386408924395088,9.54585185334816,0.002261173303223529,73.0,64.44343914187058,2750.7024255185142,0.7540307434536241,0.096515874579597,0.9090171838223753,1.0,0.9981271811353594,0.47925989138038,0.6256301963146936,0.9941228940003949,0.9877659175235036
1.0029110825318501,4.156531928722481,4.38640892724358,9.545851938497911,0.002261173557623279,73.0,64.44344639226345,2750.702678374802,0.7540307962814365,0.09651588345174744,0.9090171738223752,0.99999999,0.9981271811353594,0.47925989138038,0.6256301963146936,0.9941228940003949,0.9877659175235036
1.0029109488464065,4.156531948722481,4.3864089431179325,9.54585184068682,0.0022611731892260753,73.0,64.44343589294314,2750.7023121477923,0.7540307193218513,0.09651587060167692,0.9090171738223752,1.0,0.9981271911353594,0.47925989138038,0.6256301963146936,0.9941228940003949,0.9877659175235036
1.0029109967155512,4.156531928722481,4.38640893259522,9.545851858033252,0.002261173321089762,73.0,64.44343965105821,2750.702443283858,0.7540307472211645,0.09651587520294239,0.9090171738223752,1.0,0.9981271811353594,0.47925990138038,0.6256301963146936,0.9941228940003949,0.9877659175235036
1.0029109837282095,4.156531948722481,4.386408924194418,9.54585185664511,0.0022611732853183245,73.0,64.44343863157225,2750.7024077054225,0.7540307396026533,0.09651587395457623,0.9090171738223752,1.0,0.9981271811353594,0.47925989138038,0.6256302063146937,0.9941228940003949,0.9877659175235036
1.0029109898657724,4.156531928722481,4.386408924383825,9.545851842972079,0.00226117330227922,73.0,64.44343911495777,2750.702424519034,0.754030743065656,0.09651587454452751,0.9090171738223752,1.0,0.9981271811353594,0.47925989138038,0.6256301963146936,0.9941229040003949,0.9877659175235036
1.0029109769913036,4.156531928722481,4.386408944026496,9.54585184974028,0.002261173263429711,73.0,64.44343800774676,2750.7023893497517,0.7540307318523942,0.0965158733105176,0.9090171738223752,1.0,0.9981271811353594,0.47925989138038,0.6256301963146936,0.9941228940003949,0.9877659275235037
0.9559707304094652,4.192623062894385,4.411812093913095,9.560405887216945,0.0021285157580645093,72.0,60.66269910483851,2621.6855632455213,0.7882333538395087,0.0919889671314218,0.9101204561434106,1.0,1.0,0.47624360626326134,0.6235227691856738,1.0043261814234317,1.000423799515785
0.9559707199115259,4.192623072894384,4.411812093586595,9.560405886392505,0.002128515729781375,72.0,60.66269829876919,2621.6855344880587,0.7882333462508462,0.09198896612238802,0.9101204661434107,1.0,1.0,0.47624360626326134,0.6235227691856738,1.0043261814234317,1.000423799515785
0.9559708082850209,4.192623062894385,4.411812096335128,9.560405967514534,0.0021285159679699734,72.0,60.662705087144246,2621.6857765732952,0.7882334093756227,0.09198897461660685,0.9101204561434106,0.99999999,1.0,0.47624360626326134,0.6235227691856738,1.0043261814234317,1.000423799515785
0.9559707806660814,4.192623042894385,4.411812075476147,9.560405899036613,0.002128515893444281,72.0,60.662702963162005,2621.685700915682,0.7882333902764185,0.09198897196195376,0.9101204561434106,1.0,0.99999999,0.47624360626326134,0.6235227691856738,1.0043261814234317,1.000423799515785
0.9559707260628939,4.192623062894385,4.41181210177791,9.56040589073519,0.002128515746353647,72.0,60.662698771078944,2621.6855513387695,0.7882333507002971,0.09198896671364104,0.9101204561434106,1.0,1.0,0.47624361626326134,0.6235227691856738,1.0043261814234317,1.000423799515785
0.9559707136572063,4.192623082894385,4.411812093392076,9.560405889943667,0.0021285157129406203,72.0,60.66269781880767,2621.6855173553163,0.7882333416527665,0.09198896552123917,0.9101204561434106,1.0,1.0,0.47624360626326134,0.6235227791856739,1.0043261814234317,1.000423799515785
0.9559707194893982,4.1926231428943845,4.411812093573462,9.560405955957245,0.0021285157286998146,72.0,60.66269826794472,2621.6855333316485,0.7882333457752032,0.09198896608181223,0.9101204561434106,1.0,1.0,0.47624360626326134,0.6235227691856738,1.0043261914234316,1.000423799515785
0.9559707074823169,4.192623082895233,4.411812113237678,9.560405903615228,0.002128515693233445,72.0,60.66269725715319,2621.685500534032,0.7882333333420777,0.09198896493101867,0.9101204561434106,1.0,1.0,0.47624360626326134,0.6235227691856738,1.0043261814234317,1.000423809515785
0.9851608629867054,4.156769155008662,4.3960105031814445,9.537940521176811,0.0022104637751666355,73.0,62.99821759224911,2701.5672914849997,0.8119060957828286,0.09479183478894736,0.9094299504944734,1.0,0.9988278684604889,0.47813139316282954,0.6248417337966051,0.9979403022436353,0.9925016758194233
0.9851608521611152,4.156769165008662,4.396010502845284,9.537940520015061,0.002210463745507481,73.0,62.99821674696321,2701.567261833052,0.8119060884959132,0.09479183374852813,0.9094299604944734,1.0,0.9988278684604889,0.47813139316282954,0.6248417337966051,0.9979403022436353,0.9925016758194233
0.9851609429932487,4.156769155008662,4.396010505665827,9.537940603667737,0.0022104639944537704,73.0,62.99822384193245,2701.5675106276353,0.811906148840787,0.09479184247816265,0.9094299504944734,0.99999999,0.9988278684604889,0.47813139316282954,0.6248417337966051,0.9979403022436353,0.9925016758194233
0.9851608113836279,4.1567691750086615,4.396010521579046,9.537940507971335,0.0022104636338075266,73.0,62.99821356351451,2701.567150141018,0.8119060609344798,0.0947918298295094,0.9094299504944734,1.0,0.9988278784604889,0.47813139316282954,0.6248417337966051,0.9979403022436353,0.9925016758194233
0.9851608585207257,4.156769155008662,4.396010511042765,9.537940524572154,0.00221046376293056,73.0,62.99821724352096,2701.567279252411,0.811906092779709,0.09479183435973372,0.9094299504944734,1.0,0.9988278684604889,0.47813140316282954,0.6248417337966051,0.9979403022436353,0.9925016758194233
0.9851608457512706,4.1567691750086615,4.396010502646243,9.537940523406174,0.002210463727955026,73.0,62.998216246718236,2701.5672442760856,0.8119060841007384,0.09479183313249423,0.9094299504944734,1.0,0.9988278684604889,0.47813139316282954,0.6248417437966052,0.9979403022436353,0.9925016758194233
0.98516085177418,4.156769155008662,4.396010502833265,9.537940509616107,0.0022104637445051665,73.0,62.998216718397245,2701.5672607731503,0.8119060880523197,0.0947918337113386,0.9094299504944734,1.0,0.9988278684604889,0.47813139316282954,0.6248417337966051,0.9979403122436353,0.9925016758194233
0.9851608392283581,4.156769155008662,4.396010522482924,9.537940516719944,0.0022104637068312743,73.0,62.998215644691314,2701.5672265073395,0.8119060756860852,0.09479183250902945,0.9094299504944734,1.0,0.9988278684604889,0.47813139316282954,0.6248417337966051,0.9979403022436353,0.9925016858194233
0.965790091336579,4.174270929101092,4.406436581365216,9.546497601802887,0.002155897001927504,73.0,61.44306455493387,2648.5582445963455,0.7963535890860144,0.09293186823145072,0.9098856842227719,1.0,0.9996014752765662,0.4768854538091145,0.6239712171533904,1.0021549825023008,0.997730277459022
0.96579008072787,4.174270939101092,4.406436581035447,9.54649760086441,0.002155896973031352,73.0,61.443063731393536,2648.5582155364964,0.7963535815937434,0.09293186721180689,0.909885694222772,1.0,0.9996014752765662,0.4768854538091145,0.6239712171533904,1.0021549825023008,0.997730277459022
0.9657901699337038,4.174270929101092,4.406436583808385,9.546497682843182,0.0021558972160938164,73.0,61.44307065867376,2648.558459892968,0.7963536438234408,0.09293187578571818,0.9098856842227719,0.99999999,0.9996014752765662,0.4768854538091145,0.6239712171533904,1.0021549825023008,0.997730277459022
0.965790040623928,4.174270949101092,4.4064365997888215,9.54649758951384,0.0021558968638134926,73.0,61.44306061868454,2648.5581056819665,0.7963535531611817,0.09293186335726199,0.9098856842227719,1.0,0.9996014852765662,0.4768854538091145,0.6239712171533904,1.0021549825023008,0.997730277459022
0.9657900869495778,4.174270929101092,4.406436589228846,9.546497605279516,0.0021558969899776806,73.0,61.44306421436389,2648.5582325792766,0.7963535859906216,0.09293186780979917,0.9098856842227719,1.0,0.9996014752765662,0.4768854638091145,0.6239712171533904,1.0021549825023008,0.997730277459022
0.9657900744208346,4.174270949101092,4.406436580839393,9.54649760436132,0.002155896955860071,73.0,61.443063242012016,2648.5581982599715,0.7963535770612585,0.09293186660561303,0.9098856842227719,1.0,0.9996014752765662,0.4768854538091145,0.6239712271533905,1.0021549825023008,0.997730277459022
0.9657900803174673,4.1742710091010915,4.406436581022685,9.546497670441244,0.0021558969719681553,73.0,61.44306370109243,2648.5582144122445,0.7963535811291692,0.09293186717235946,0.9098856842227719,1.0,0.9996014752765662,0.4768854538091145,0.6239712171533904,1.0021549925023008,0.997730277459022
0.9657900681292257,4.174270929101092,4.4064366006819995,9.546497597912317,0.0021558969355511414,73.0,61.443062663207535,2648.5581811209418,0.7963535687110618,0.09293186600424357,0.9098856842227719,1.0,0.9996014752765662,0.4768854538091145,0.6239712171533904,1.0021549825023008,0.997730287459022
0.9803181666062867,4.156834115086,4.398595303942388,9.535747585634674,0.002196792617549385,73.0,62.60858960015747,2688.3153854480574,0.8080763358187788,0.0943268556297564,0.9095429818325044,1.0,0.9990197388622202,0.47782237457695115,0.6246258277645277,0.9989856296342333,0.9937984765665644
0.9803181558347184,4.156834125086,4.398595303607818,9.535747584528536,0.0021967925880813214,73.0,62.608588760317666,2688.3153559435823,0.8080763284786707,0.09432685459451166,0.9095429918325044,1.0,0.9990197388622202,0.47782237457695115,0.6246258277645277,0.9989856296342333,0.9937984765665644
0.9803182462621717,4.156834115086,4.398595306416527,9.5357476677647,0.0021967928355549485,73.0,62.60859581331603,2688.31560363389,0.8080763893092693,0.09432686328539965,0.9095429818325044,0.99999999,0.9990197388622202,0.47782237457695115,0.6246258277645277,0.9989856296342333,0.9937984765665644
0.9803181152246981,4.156834135086,4.398595322346451,9.535747572657149,0.002196792477002265,73.0,62.60858559456455,2688.3152447083808,0.8080763006932316,0.09432685069152213,0.9095429818325044,1.0,0.9990197488622202,0.47782237457695115,0.6246258277645277,0.9989856296342333,0.9937984765665644
0.9803181621599549,4.156834115086,4.398595311804283,9.535747589050239,0.0021967926053849335,73.0,62.608589253470605,2688.315373269081,0.8080763327918806,0.0943268552024239,0.9095429818325044,1.0,0.9990197388622202,0.47782238457695114,0.6246258277645277,0.9989856296342333,0.9937984765665644
0.9803181494504379,4.156834135086,4.398595303409519,9.535747587945957,0.002196792570624216,73.0,62.60858826279016,2688.3153384563443,0.8080763240482152,0.09432685398092436,0.9095429818325044,1.0,0.9990197388622202,0.47782237457695115,0.6246258377645277,0.9989856296342333,0.9937984765665644
0.980318155441879,4.156834115086,4.398595303595613,9.535747574123492,0.002196792587063598,73.0,62.608588731312544,2688.315354867492,0.8080763280299506,0.0943268545567541,0.9095429818325044,1.0,0.9990197388622202,0.47782237457695115,0.6246258277645277,0.9989856396342334,0.9937984765665644
0.9803181429854857,4.156834115086,4.398595323247683,9.53574758131917,0.002196792549705428,73.0,62.60858766660469,2688.315320845384,0.8080763156479934,0.09432685336299593,0.9095429818325044,1.0,0.9990197388622202,0.47782237457695115,0.6246258277645277,0.9989856296342333,0.9937984865665644
0.9707036401690607,4.1655833249410765,4.403769813580016,9.540056778690154,0.002169708628402129,73.0,61.83669590946068,2662.0047753602116,0.8003574075655301,0.09340367632842848,0.909769165410081,1.0,0.9994036848956885,0.477204006870179,0.6241937847611772,1.001077402527158,0.9963934651555865
0.9707036295051374,4.1655833349410765,4.403769813248618,9.540056777694833,0.002169708599312779,73.0,61.8366950804142,2662.004746149614,0.8003574001234633,0.09340367530349523,0.9097691754100811,1.0,0.9994036848956885,0.477204006870179,0.6241937847611772,1.001077402527158,0.9963934651555865
0.970703719125413,4.1655833249410765,4.403769816033701,9.54005686010019,0.002169708843866028,73.0,61.8367020501818,2662.004991637164,0.8003574618898468,0.09340368391709347,0.909769165410081,0.99999999,0.9994036848956885,0.477204006870179,0.6241937847611772,1.001077402527158,0.9963934651555865
0.9707035892294222,4.165583344941076,4.4037698319969865,9.540056766167485,0.002169708489465685,73.0,61.83669194977201,2662.0046358264326,0.8003573719055458,0.09340367143250641,0.909769165410081,1.0,0.9994036948956886,0.477204006870179,0.6241937847611772,1.001077402527158,0.9963934651555865
0.9707036357619273,4.1655833249410765,4.403769821443057,9.54005678214606,0.0021697086163797634,73.0,61.83669556682326,2662.0047632882015,0.8003574044928187,0.09340367590484917,0.909769165410081,1.0,0.9994036848956885,0.477204016870179,0.6241937847611772,1.001077402527158,0.9963934651555865
0.9707036231718824,4.165583344941077,4.4037698130518015,9.540056781164761,0.0021697085820448444,73.0,61.83669458827807,2662.004728801562,0.8003573956248483,0.09340367469479165,0.909769165410081,1.0,0.9994036848956885,0.477204006870179,0.6241937947611772,1.001077402527158,0.9963934651555865
0.9707036291006437,4.165583404941076,4.403769813236044,9.540056847277764,0.0021697085982648173,73.0,61.83669505054729,2662.0047450415664,0.8003573996643196,0.09340367526461636,0.909769165410081,1.0,0.9994036848956885,0.477204006870179,0.6241937847611772,1.001077412527158,0.9963934651555865
0.9707036168217371,4.1655833249410765,4.403769832892908,9.54005677465572,0.002169708561530495,73.0,61.83669400361911,2662.0047115031607,0.8003573872565947,0.0934036740878302,0.909769165410081,1.0,0.9994036848956885,0.477204006870179,0.6241937847611772,1.001077402527158,0.9963934751555865
0.9779768638468705,4.156865644071907,4.399850119024179,9.534692626942956,0.0021901900747788605,73.0,62.420417131197524,2681.9083871664047,0.8062107648960921,0.09410204867250543,0.9095978426579491,1.0,0.999112864970437,0.47767238949321816,0.6245210357365415,0.9994929891374218,0.9944278910339567
0.9779768531014581,4.156865654071906,4.39985011869038,9.534692625863745,0.0021901900454030627,73.0,62.42041629398728,2681.9083577333345,0.8062107575306893,0.09410204763976612,0.9095978526579491,1.0,0.999112864970437,0.47767238949321816,0.6245210357365415,0.9994929891374218,0.9944278910339567
0.9779769433328166,4.156865644071907,4.399850121493352,9.534692708898074,0.0021901902921651673,73.0,62.42042332670727,2681.9086048885265,0.8062108185926933,0.09410205631187812,0.9095978426579491,0.99999999,0.999112864970437,0.47767238949321816,0.6245210357365415,0.9994929891374218,0.9944278910339567
0.977976812572635,4.156865664071907,4.399850137431376,9.534692614075919,0.002190189934624169,73.0,62.42041313678882,2681.908246719639,0.8062107296384355,0.09410204374454874,0.9095978426579491,1.0,0.9991128749704371,0.47767238949321816,0.6245210357365415,0.9994929891374218,0.9944278910339567
0.9779768594100599,4.156865644071907,4.399850126886352,9.534692630368319,0.0021901900626490277,73.0,62.42041678549729,2681.908375013409,0.8062107618578593,0.09410204824608454,0.9095978426579491,1.0,0.999112864970437,0.47767239949321816,0.6245210357365415,0.9994929891374218,0.9944278910339567
0.9779768467295685,4.156865664071907,4.399850118492441,9.534692629293914,0.002190190027992059,73.0,62.42041579777368,2681.9083402798947,0.806210753083407,0.09410204702736473,0.9095978426579491,1.0,0.999112864970437,0.47767238949321816,0.6245210457365415,0.9994929891374218,0.9944278910339567
0.9779768527057747,4.156865644071907,4.399850118678085,9.534692615455766,0.0021901900443779595,73.0,62.420416264771845,2681.908356649446,0.8062107570794615,0.09410204760173495,0.9095978426579491,1.0,0.999112864970437,0.47767238949321816,0.6245210357365415,0.9994929991374218,0.9944278910339567
0.9779768402926038,4.156865644071907,4.399850138331321,9.534692622695832,0.0021901900071720336,73.0,62.420415204402964,2681.908322745128,0.8062107446905556,0.09410204641210974,0.9095978426579491,1.0,0.999112864970437,0.47767238949321816,0.6245210357365415,0.9994929891374218,0.9944279010339567
0.9731700309493714,4.161240243899345,4.402436933943023,9.536847208791741,0.0021766490500534238,73.0,62.03449792652258,2668.7542628001597,0.8023521284812999,0.09364050044912842,0.9097109156743561,1.0,0.9993048061211031,0.4773632569620123,0.624305050092801,1.0005387019746477,0.9957251699542323
0.9731700202577785,4.161240253899345,4.40243693361081,9.536847207767934,0.0021766490208669775,73.0,62.034497094708854,2668.7542335140206,0.8023521210649086,0.09364049942154458,0.9097109256743562,1.0,0.9993048061211031,0.4773632569620123,0.624305050092801,1.0005387019746477,0.9957251699542323
0.9731701100855976,4.161240243899345,4.40243693640197,9.536847290386913,0.0021766492661690006,73.0,62.03450408581652,2668.754479567969,0.8023521825949038,0.09364050805501646,0.9097109156743561,0.99999999,0.9993048061211031,0.4773632569620123,0.624305050092801,1.0005387019746477,0.9957251699542323
0.9731699798960745,4.161240263899346,4.402436952356672,9.536847196152092,0.002176648910703977,73.0,62.03449395506334,2668.7541229562426,0.8023520929563553,0.0936404955423243,0.9097109156743561,1.0,0.9993048161211031,0.4773632569620123,0.624305050092801,1.0005387019746477,0.9957251699542323
0.9731700265321573,4.161240243899345,4.40243694180577,9.536847212237273,0.002176649037994609,73.0,62.03449758284635,2668.75425070064,0.802352125420158,0.09364050002458386,0.9097109156743561,1.0,0.9993048061211031,0.4773632669620123,0.624305050092801,1.0005387019746477,0.9957251699542323
0.9731700139114,4.161240263899346,4.402436933413612,9.536847211224359,0.0021766490035505597,73.0,62.03449660119095,2668.754216130169,0.8023521165835344,0.09364049881158487,0.9097109156743561,1.0,0.9993048061211031,0.4773632569620123,0.6243050600928011,1.0005387019746477,0.9957251699542323
0.9731700198562656,4.161240323899345,4.40243693359833,9.53684727735394,0.002176649019826756,73.0,62.03449706506254,2668.7542324141464,0.8023521206084658,0.0936404993829525,0.9097109156743561,1.0,0.9993048061211031,0.4773632569620123,0.624305050092801,1.0005387119746476,0.9957251699542323
0.973170007531833,4.161240243899345,4.402436953253964,9.536847204685142,0.002176648982932768,73.0,62.03449601358389,2668.754198751665,0.8023521082066578,0.09364049820181282,0.9097109156743561,1.0,0.9993048061211031,0.4773632569620123,0.624305050092801,1.0005387019746477,0.9957251799542324
0.9768125387619125,4.156881353352959,4.40047539195087,9.53416928406574,0.0021869083542572303,73.0,62.32688809633106,2678.7221788014513,0.8052796307928806,0.09399025188777022,0.909625177001281,1.0,0.9991592649470057,0.47759765959733713,0.624468823228833,0.9997457804277544,0.9947414960701613
0.9768125280295276,4.156881363352959,4.400475391617455,9.53416928299994,0.002186908324927333,73.0,62.32688726042898,2678.7221494039463,0.8052796234150233,0.09399025085627882,0.909625187001281,1.0,0.9991592649470057,0.47759765959733713,0.624468823228833,0.9997457804277544,0.9947414960701613
0.9768126181632547,4.156881353352959,4.40047539441757,9.534169365933783,0.0021869085713356494,73.0,62.326894283066004,2678.7223962927105,0.805279684591267,0.09399025951904247,0.909625177001281,0.99999999,0.9991592649470057,0.47759765959733713,0.624468823228833,0.9997457804277544,0.9947414960701613
0.9768124875411194,4.156881373352959,4.400475410359629,9.534169271253706,0.002186908214297581,73.0,62.326884107481064,2678.722038500504,0.8052795954699944,0.09399024696492997,0.909625177001281,1.0,0.9991592749470057,0.47759765959733713,0.624468823228833,0.9997457804277544,0.9947414960701613
0.9768125343298452,4.156881353352959,4.400475399813183,9.534169287495986,0.0021869083421445766,73.0,62.32688775112043,2678.7221666613987,0.805279627749063,0.09399025146180347,0.909625177001281,1.0,0.9991592649470057,0.4775976695973371,0.624468823228833,0.9997457804277544,0.9947414960701613
0.9768125216638067,4.156881373352959,4.400475391419695,9.53416928643646,0.0021869083075391946,73.0,62.32688676486704,2678.7221319673326,0.8052796189594197,0.09399025024446782,0.909625177001281,1.0,0.9991592649470057,0.47759765959733713,0.6244688332288331,0.9997457804277544,0.9947414960701613
0.9768125276324209,4.156881353352959,4.400475391605115,9.534169272590495,0.0021869083238985334,73.0,62.3268872311082,2678.7221483161547,0.8052796229625278,0.09399025081811069,0.909625177001281,1.0,0.9991592649470057,0.47759765959733713,0.624468823228833,0.9997457904277545,0.9947414960701613
0.9768125152407585,4.156881353352959,4.400475411258933,9.53416927985265,0.002186908286768256,73.0,62.326886172895286,2678.722114470452,0.8052796105703507,0.09399024963054219,0.909625177001281,1.0,0.9991592649470057,0.47759765959733713,0.624468823228833,0.9997457804277544,0.9947415060701613
0.9744068533203564,4.159066743877065,4.401769963687947,9.53524356088537,0.002180131378260961,73.0,62.133744280437384,2672.138908313135,0.8033486337147917,0.09375925994081175,0.9096817645255106,1.0,0.9992553221219099,0.47744295385802277,0.6243607329590519,1.0002691086487039,0.9953907208336482
0.9744068426149018,4.159066753877066,4.401769963355325,9.535243559847292,0.0021801313490258266,73.0,62.13374344723606,2672.1388789891516,0.8033486263114079,0.09375925891190005,0.9096817745255107,1.0,0.9992553221219099,0.47744295385802277,0.6243607329590519,1.0002691086487039,0.9953907208336482
0.9744069325466741,4.159066743877065,4.401769966149529,9.535243642573267,0.0021801315947034116,73.0,62.133750449047234,2672.139125326789,0.8033486877219062,0.09375926755532593,0.9096817645255106,0.99999999,0.9992553221219099,0.47744295385802277,0.6243607329590519,1.0002691086487039,0.9953907208336482
0.9744068022101418,4.159066763877066,4.4017699820999345,9.535243548187143,0.002180131238704365,73.0,62.1337403030744,2672.1387683139096,0.8033485982581254,0.09375925502855824,0.9096817645255106,1.0,0.99925533212191,0.47744295385802277,0.6243607329590519,1.0002691086487039,0.9953907208336482
0.9744068488980868,4.159066743877065,4.401769971550546,9.535243564325697,0.0021801313661838698,73.0,62.13374393624029,2672.1388961998186,0.8033486306594956,0.09375925951578311,0.9096817645255106,1.0,0.9992553221219099,0.47744296385802276,0.6243607329590519,1.0002691086487039,0.9953907208336482
0.9744068362619572,4.159066763877066,4.401769963157936,9.535243563296959,0.002180131331685059,73.0,62.133742953024175,2672.138861587389,0.8033486218387555,0.09375925830131189,0.9096817645255106,1.0,0.9992553221219099,0.47744295385802277,0.624360742959052,1.0002691086487039,0.9953907208336482
0.974406842214891,4.1590668238770645,4.401769963342893,9.535243629434849,0.0021801313479894854,73.0,62.13374341770033,2672.1388778933965,0.8033486258563141,0.0937592588734525,0.9096817645255106,1.0,0.9992553221219099,0.47744295385802277,0.6243607329590519,1.0002691186487038,0.9953907208336482
0.9744068298676286,4.159066743877065,4.4017699829979104,9.535243556742603,0.002180131311015335,73.0,62.13374236393705,2672.1388441686963,0.8033486134576546,0.0937592576901297,0.9096817645255106,1.0,0.9992553221219099,0.47744295385802277,0.6243607329590519,1.0002691086487039,0.9953907308336483
0.9768125387619125,4.156881353352959,4.40047539195087,9.53416928406574,0.0021869083542572303,73.0,62.32688809633106,2678.7221788014513,0.8052796307928806,0.09399025188777022,0.909625177001281,1.0,0.9991592649470057,0.47759765959733713,0.624468823228833,0.9997457804277544,0.9947414960701613
0.9768125280295276,4.156881363352959,4.400475391617455,9.53416928299994,0.002186908324927333,73.0,62.32688726042898,2678.7221494039463,0.8052796234150233,0.09399025085627882,0.909625187001281,1.0,0.9991592649470057,0.47759765959733713,0.624468823228833,0.9997457804277544,0.9947414960701613
0.9768126181632547,4.156881353352959,4.40047539441757,9.534169365933783,0.0021869085713356494,73.0,62.326894283066004,2678.7223962927105,0.805279684591267,0.09399025951904247,0.909625177001281,0.99999999,0.9991592649470057,0.47759765959733713,0.624468823228833,0.9997457804277544,0.9947414960701613
0.9768124875411194,4.156881373352959,4.400475410359629,9.534169271253706,0.002186908214297581,73.0,62.326884107481064,2678.722038500504,0.8052795954699944,0.09399024696492997,0.909625177001281,1.0,0.9991592749470057,0.47759765959733713,0.624468823228833,0.9997457804277544,0.9947414960701613
0.9768125343298452,4.156881353352959,4.400475399813183,9.534169287495986,0.0021869083421445766,73.0,62.32688775112043,2678.7221666613987,0.805279627749063,0.09399025146180347,0.909625177001281,1.0,0.9991592649470057,0.4775976695973371,0.624468823228833,0.9997457804277544,0.9947414960701613
0.9768125216638067,4.156881373352959,4.400475391419695,9.53416928643646,0.0021869083075391946,73.0,62.32688676486704,2678.7221319673326,0.8052796189594197,0.09399025024446782,0.909625177001281,1.0,0.9991592649470057,0.47759765959733713,0.6244688332288331,0.9997457804277544,0.9947414960701613
0.9768125276324209,4.156881353352959,4.400475391605115,9.534169272590495,0.0021869083238985334,73.0,62.3268872311082,2678.7221483161547,0.8052796229625278,0.09399025081811069,0.909625177001281,1.0,0.9991592649470057,0.47759765959733713,0.624468823228833,0.9997457904277545,0.9947414960701613
0.9768125152407585,4.156881353352959,4.400475411258933,9.53416927985265,0.002186908286768256,73.0,62.326886172895286,2678.722114470452,0.8052796105703507,0.09399024963054219,0.909625177001281,1.0,0.9991592649470057,0.47759765959733713,0.624468823228833,0.9997457804277544,0.9947415060701613
0.6909963946564316,5.210980124323348,4.606653062015774,10.508629580995553,0.0014231710817692363,67.0,40.56037583042323,1894.3573577067828,0.793241236276748,0.06646867921778185,0.9209623606943474,1.0,1.0,0.4367314513040021,0.5923974410195558,1.1086466423328207,1.1173364789984737
0.6909963868735314,5.210980134323349,4.606653061762608,10.50862958295949,0.0014231710631698218,67.0,40.56037530033992,1894.3573363879775,0.7932412232735613,0.0664686784697536,0.9209623706943475,1.0,1.0,0.4367314513040021,0.5923974410195558,1.1086466423328207,1.1173364789984737
0.6909964513453187,5.210980124323348,4.606653063859786,10.508629639528452,0.0014231712172918024,67.0,40.56037969281637,1894.3575129880921,0.7932413303597852,0.06646868466624885,0.9209623606943474,0.99999999,1.0,0.4367314513040021,0.5923974410195558,1.1086466423328207,1.1173364789984737
0.690996431461517,5.210980104323348,4.606653043212995,10.50862957899786,0.0014231711697155376,67.0,40.560378336892825,1894.3574585227384,0.7932412978514466,0.0664686827551838,0.9209623606943474,1.0,0.99999999,0.4367314513040021,0.5923974410195558,1.1086466423328207,1.1173364789984737
0.6909963915250243,5.210980124323348,4.606653069913914,10.508629585762286,0.0014231710742856148,67.0,40.56037561714002,1894.3573491292786,0.7932412310471043,0.06646867891681679,0.9209623606943474,1.0,1.0,0.4367314613040021,0.5923974410195558,1.1086466423328207,1.1173364789984737
0.6909963824781904,5.210980144323348,4.606653061619633,10.508629588421172,0.0014231710526707287,67.0,40.560375001115766,1894.357324348319,0.7932412158656288,0.06646867804730944,0.9209623606943474,1.0,1.0,0.4367314513040021,0.5923974510195559,1.1086466423328207,1.1173364789984737
0.6909963866277319,5.210980204323348,4.606653061754612,10.508629652705691,0.001423171062608834,67.0,40.560375284351764,1894.3573357146686,0.79324122276535,0.06646867844612872,0.9209623606943474,1.0,1.0,0.4367314513040021,0.5923974410195558,1.1086466523328207,1.1173364789984737
0.6909963799150195,5.210980144558021,4.6066530815602205,10.50862960603326,0.001423171044706871,67.0,40.56037477414582,1894.3573173864597,0.7932412086237004,0.06646867780303367,0.9209623606943474,1.0,1.0,0.4367314513040021,0.5923974410195558,1.1086466423328207,1.1173364889984736
0.9608930243786091,4.192831279334083,4.409753268386502,9.563477572099194,0.002141816883385586,72.0,61.0417811764892,2635.1683871587,0.791815268342217,0.09246204867223509,0.9101413463277864,1.0,0.9991975426760981,0.47573706672148014,0.6230086489736355,1.0047039151874282,1.0003231088837343
0.9608930137958349,4.192831289334083,4.409753268057397,9.563477571187315,0.002141816854836428,72.0,61.0417803628382,2635.1683581692037,0.7918152607865396,0.09246204765505978,0.9101413563277865,1.0,0.9991975426760981,0.47573706672148014,0.6230086489736355,1.0047039151874282,1.0003231088837343
0.9608931026172897,4.192831279334083,4.409753270819569,9.563477652770942,0.0021418170945485763,72.0,61.04178719463442,2635.1686014785514,0.7918153234368296,0.09246205619222987,0.9101413463277864,0.99999999,0.9991975426760981,0.47573706672148014,0.6230086489736355,1.0047039151874282,1.0003231088837343
0.9608929738930453,4.192831299334083,4.409753286816495,9.563477560043623,0.002141816747210592,72.0,61.04177729550187,2635.1682488630786,0.7918152321891457,0.09246204381975714,0.9101413463277864,1.0,0.9991975526760981,0.47573706672148014,0.6230086489736355,1.0047039151874282,1.0003231088837343
0.9608930200135287,4.192831279334083,4.409753276250757,9.56347757559837,0.0021418168716093645,72.0,61.041780840866885,2635.1683752013937,0.7918152652285856,0.09246204825268048,0.9101413463277864,1.0,0.9991975426760981,0.47573707672148013,0.6230086489736355,1.0047039151874282,1.0003231088837343
0.960893007532853,4.192831299334083,4.40975326786263,9.563477574729566,0.00214181683795034,72.0,61.041779881584695,2635.168341012943,0.7918152562375285,0.09246204705308572,0.9101413463277864,1.0,0.9991975426760981,0.47573706672148014,0.6230086589736356,1.0047039151874282,1.0003231088837343
0.9608930134072808,4.1928313593340825,4.409753268045311,9.563477640786674,0.0021418168538446464,72.0,61.04178033457242,2635.168357104775,0.7918152603367976,0.09246204761771142,0.9101413463277864,1.0,0.9991975426760981,0.47573706672148014,0.6230086489736355,1.0047039251874281,1.0003231088837343
0.960893001343976,4.192831299334729,4.409753287708019,9.563477588386725,0.002141816818168612,72.0,61.041779317805435,2635.168324154067,0.7918152479499736,0.09246204646154621,0.9101413463277864,1.0,0.9991975426760981,0.47573706672148014,0.6230086489736355,1.0047039151874282,1.0003231188837343
0.9756161418045062,4.157628399912658,4.401166086998147,9.534410628715312,0.002183508093179871,73.0,62.22998065562633,2675.4490881913143,0.8042818288485084,0.09387540660320401,0.9096636200421265,1.0,0.999162115779528,0.4774590871478508,0.6243600729880656,1.000115050291918,0.9951572010691956
0.9756161310833066,4.157628409912658,4.401166086665054,9.534410627661018,0.002183508063891347,73.0,62.22997982090339,2675.4490588243157,0.8042818214568734,0.09387540557278301,0.9096636300421266,1.0,0.999162115779528,0.4774590871478508,0.6243600729880656,1.000115050291918,0.9951572010691956
0.9756162211189122,4.157628399912658,4.401166089462335,9.534410710493905,0.002183508309939978,73.0,62.229986833289374,2675.4493054454215,0.8042818827475813,0.09387541422615514,0.9096636200421265,0.99999999,0.999162115779528,0.4774590871478508,0.6243600729880656,1.000115050291918,0.9951572010691956
0.9756160906386829,4.157628419912658,4.401166105408492,9.534410615959832,0.0021835079534220777,73.0,62.22997667252921,2675.4489480403076,0.8042817934611495,0.09387540168562483,0.9096636200421265,1.0,0.999162125779528,0.4774590871478508,0.6243600729880656,1.000115050291918,0.9951572010691956
0.9756161373774475,4.157628399912658,4.4011660948606055,9.534410632150712,0.002183508081085396,73.0,62.22998031093378,2675.449076064927,0.8042818257992583,0.09387540617771674,0.9096636200421265,1.0,0.999162115779528,0.4774590971478508,0.6243600729880656,1.000115050291918,0.9951572010691956
0.9756161247252662,4.157628419912658,4.4011660864675175,9.534410631105441,0.0021835080465306116,73.0,62.22997932612243,2675.4490414086613,0.8042818169939503,0.09387540496170742,0.9096636200421265,1.0,0.999162115779528,0.4774590871478508,0.6243600829880657,1.000115050291918,0.9951572010691956
0.9756161306868444,4.157628479912658,4.401166086652733,9.534410697252234,0.002183508062864521,73.0,62.229979791638854,2675.449057738285,0.8042818210045584,0.09387540553467666,0.9096636200421265,1.0,0.999162115779528,0.4774590871478508,0.6243600729880656,1.000115060291918,0.9951572010691956
0.9756161183198849,4.157628399912658,4.401166106307219,9.534410624539763,0.0021835080258198066,73.0,62.229978735864485,2675.4490239599168,0.8042818086120371,0.09387540434947077,0.9096636200421265,1.0,0.999162115779528,0.4774590871478508,0.6243600729880656,1.000115050291918,0.9951572110691956
0.976285095053136,4.156804958764144,4.400779762152988,9.533869815970267,0.002185409162797897,73.0,62.284161139740064,2677.279205682406,0.8048400230307501,0.09393962125201424,0.9096421181172447,1.0,0.999160521254605,0.4775365933579219,0.6244208990688446,0.9999085106242503,0.9949246893462506
0.9762850843256842,4.156804968764144,4.400779761819714,9.533869814909542,0.002185409133486261,73.0,62.28416030435843,2677.2791762983557,0.8048400156468173,0.09393962022099493,0.9096421281172448,1.0,0.999160521254605,0.4775365933579219,0.6244208990688446,0.9999085106242503,0.9949246893462506
0.976285174416168,4.156804958764144,4.400779764618581,9.533869897798894,0.002185409379735999,73.0,62.284167322475966,2677.2794230691607,0.8048400768735924,0.09393962887961967,0.9096421181172447,0.99999999,0.999160521254605,0.4775365933579219,0.6244208990688446,0.9999085106242503,0.9949246893462506
0.9762850438565819,4.156804978764144,4.400779780562445,9.53386980318317,0.002185409022927268,73.0,62.28415715342713,2677.2790654475757,0.8048399876794174,0.09393961633149388,0.9096421181172447,1.0,0.999160531254605,0.4775365933579219,0.6244208990688446,0.9999085106242503,0.9949246893462506
0.9762850906232787,4.156804958764144,4.4007797700153635,9.533869819402785,0.0021854091506932735,73.0,62.2841607947583,2677.279193548384,0.8048400199845358,0.09393962082625908,0.9096421181172447,1.0,0.999160521254605,0.4775366033579219,0.6244208990688446,0.9999085106242503,0.9949246893462506
0.9762850779633505,4.156804978764144,4.4007797616220525,9.533869818349547,0.002185409116110228,73.0,62.28415980914149,2677.2791588709856,0.8048400111879845,0.09393961960950827,0.9096421181172447,1.0,0.999160521254605,0.4775365933579219,0.6244209090688446,0.9999085106242503,0.9949246893462506
0.976285083928871,4.156804958764144,4.4007797618073825,9.533869804500398,0.002185409132458344,73.0,62.284160275062796,2677.2791752113662,0.8048400151944022,0.09393962018285495,0.9096421181172447,1.0,0.999160521254605,0.4775365933579219,0.6244208990688446,0.9999085206242504,0.9949246893462506
0.9762850715480926,4.156804958764144,4.400779781461495,9.53386981177373,0.0021854090953657944,73.0,62.28415921792514,2677.279141395331,0.8048400028020548,0.0939396189963274,0.9096421181172447,1.0,0.999160521254605,0.4775365933579219,0.6244208990688446,0.9999085106242503,0.9949246993462506
0.9758435248785122,4.157099578820123,4.401034734856309,9.533977838554945,0.002184154240181428,73.0,62.2483958451707,2676.071161742534,0.804471644548614,0.09389723374535207,0.9096563093876667,1.0,0.9991615736410541,0.47748543925927495,0.6243807538555305,1.000044826804911,0.9950781470833943
0.9758435141551809,4.157099588820123,4.401034734523154,9.533977837498458,0.0021841542108850236,73.0,62.24839501022318,2676.0711323697215,0.8044716371595787,0.09389723271472707,0.9096563193876668,1.0,0.9991615736410541,0.47748543925927495,0.6243807538555305,1.000044826804911,0.9950781470833943
0.9758436042094397,4.157099578820123,4.401034737320974,9.533977920350537,0.0021841544570020115,73.0,62.24840202455733,2676.07137904171,0.8044716984285784,0.09389724136988456,0.9096563093876667,0.99999999,0.9991615736410541,0.47748543925927495,0.6243807538555305,1.000044826804911,0.9950781470833943
0.9758434737022323,4.157099598820123,4.401034753266351,9.533977825788707,0.0021841541003852646,73.0,62.248391860980036,2676.0710215630043,0.8044716091734812,0.09389722882677208,0.9096563093876667,1.0,0.9991615836410541,0.47748543925927495,0.6243807538555305,1.000044826804911,0.9950781470833943
0.9758435204504926,4.157099578820123,4.401034742718737,9.533977841989353,0.0021841542280834785,73.0,62.24839550037914,2676.071149613525,0.8044716415003812,0.0938972333197728,0.9096563093876667,1.0,0.9991615736410541,0.47748544925927494,0.6243807538555305,1.000044826804911,0.9950781470833943
0.9758435077956861,4.157099598820123,4.401034734325576,9.533977840941384,0.0021841541935190964,73.0,62.248394515294244,2676.0711149500985,0.8044716326980608,0.09389723210351222,0.9096563093876667,1.0,0.9991615736410541,0.47748543925927495,0.6243807638555305,1.000044826804911,0.9950781470833943
0.9758435137585929,4.157099658820123,4.401034734510829,9.533977907089545,0.0021841542098578345,73.0,62.24839498094828,2676.071131283347,0.80447163670723,0.09389723267660866,0.9096563093876667,1.0,0.9991615736410541,0.47748543925927495,0.6243807538555305,1.0000448368049109,0.9950781470833943
0.9758435013869446,4.157099578820123,4.401034754165188,9.533977834372255,0.002184154172796863,73.0,62.2483939247106,2676.071097492198,0.8044716243147743,0.09389723149095432,0.9096563093876667,1.0,0.9991615736410541,0.47748543925927495,0.6243807538555305,1.000044826804911,0.9950781570833943
0.976100539808771,4.156778216345452,4.4008863111221785,9.533765067276402,0.0021848846446527654,73.0,62.26921237260381,2676.774301279449,0.8046860965021327,0.09392190530805085,0.9096480484641875,1.0,0.9991609610331854,0.47751521672683134,0.6244041229074466,0.9999654753794261,0.9949888173344604
0.9761005290830378,4.156778226345452,4.400886310788954,9.533765066217445,0.0021848846153474984,73.0,62.269211537403706,2676.7742719000858,0.8046860891160498,0.09392190427719599,0.9096480584641875,1.0,0.9991609610331854,0.47751521672683134,0.6244041229074466,0.9999654753794261,0.9949888173344604
0.97610061915838,4.156778216345452,4.400886313587383,9.533765149091215,0.0021848848615417405,73.0,62.26921855393961,2676.7745186295865,0.8046861503604816,0.09392191293437145,0.9096480484641875,0.99999999,0.9991609610331854,0.47751521672683134,0.6244041229074466,0.9999654753794261,0.9949888173344604
0.9761004886206829,4.156778236345452,4.40088632953188,9.533765054498016,0.002184884504813227,73.0,62.269208387176974,2676.774161067711,0.8046860611408253,0.09392190038834072,0.9096480484641875,1.0,0.9991609710331855,0.47751521672683134,0.6244041229074466,0.9999654753794261,0.9949888173344604
0.976100535379683,4.156778216345452,4.400886318984577,9.533765070709713,0.002184884632550936,73.0,62.26921202770167,2676.774289147525,0.8046860934550785,0.0939219048823693,0.9096480484641875,1.0,0.9991609610331854,0.47751522672683133,0.6244041229074466,0.9999654753794261,0.9949888173344604
0.9761005227218936,4.156778236345452,4.400886310591327,9.533765069658672,0.002184884597975673,73.0,62.26921104230669,2676.7742544759617,0.8046860846560939,0.09392190366582322,0.9096480484641875,1.0,0.9991609610331854,0.47751521672683134,0.6244041329074467,0.9999654753794261,0.9949888173344604
0.9761005286863186,4.156778216345452,4.400886310776626,9.533765055808395,0.0021848846143198795,73.0,62.26921150811657,2676.774270813353,0.8046860886636802,0.093921904239065,0.9096480484641875,1.0,0.9991609610331854,0.47751521672683134,0.6244041229074466,0.9999654853794262,0.9949888173344604
0.9761005163093529,4.156778216345452,4.400886330430841,9.533765063085646,0.0021848845772404995,73.0,62.26921045135424,2676.77423700771,0.8046860762712715,0.0939219030529021,0.9096480484641875,1.0,0.9991609610331854,0.47751521672683134,0.6244041229074466,0.9999654753794261,0.9949888273344605
0.9759309009459552,4.156896408610774,4.400984270536579,9.533811580093309,0.0021844025457178665,73.0,62.25547255295919,2676.310204623068,0.8045445625954409,0.09390562121484448,0.9096535006736838,1.0,0.9991613653543787,0.47749556359824413,0.624388699333182,1.0000178473202461,0.9950477749687567
0.9759308902218113,4.156896418610774,4.400984270203401,9.533811579035987,0.002184402516418444,73.0,62.25547171792565,2676.3101752480384,0.8045445552074064,0.0939056201841417,0.9096535106736838,1.0,0.9991613653543787,0.47749556359824413,0.624388699333182,1.0000178473202461,0.9950477749687567
0.975930980283235,4.156896408610774,4.400984273001428,9.533811661895438,0.002184402762561695,73.0,62.25547873300831,2676.310421939572,0.8045446164680581,0.09390562883998498,0.9096535006736838,0.99999999,0.9991613653543787,0.47749556359824413,0.624388699333182,1.0000178473202461,0.9950477749687567
0.9759308497656607,4.156896428610774,4.400984288946506,9.53381156732294,0.0021844024059069454,73.0,62.25546856834794,2676.3100644325873,0.8045445272250062,0.09390561629588026,0.9096535006736838,1.0,0.9991613753543788,0.47749556359824413,0.624388699333182,1.0000178473202461,0.9950477749687567
0.9759308965175717,4.156896408610774,4.400984278398999,9.533811583527346,0.0021844025336185766,73.0,62.25547220812943,2676.3101924930656,0.8045445595475964,0.09390562078923037,0.9096535006736838,1.0,0.9991613653543787,0.4774955735982441,0.624388699333182,1.0000178473202461,0.9950477749687567
0.9759308838617502,4.156896428610774,4.4009842700058055,9.533811582478329,0.0021844024990505142,73.0,62.25547122293966,2676.31015782687,0.8045445507464144,0.09390561957287263,0.9096535006736838,1.0,0.9991613653543787,0.47749556359824413,0.624388709333182,1.0000178473202461,0.9950477749687567
0.9759308898251806,4.156896488610774,4.400984270191075,9.53381164862703,0.0021844025153911215,73.0,62.255471688646956,2676.310174161547,0.8045445547550509,0.09390562014601919,0.9096535006736838,1.0,0.9991613653543787,0.47749556359824413,0.624388699333182,1.000017857320246,0.9950477749687567
0.9759308774517181,4.156896408610774,4.400984289845385,9.533811575907878,0.0021844024783238773,73.0,62.255470632230505,2676.310140365454,0.8045445423626123,0.09390561896019137,0.9096535006736838,1.0,0.9991613653543787,0.47749556359824413,0.624388699333182,1.0000178473202461,0.9950477849687568
0.9760322788681982,4.156768323681067,4.400925726441741,9.533726328991007,0.0021846906500004692,73.0,62.26368352501338,2676.5875535786113,0.8046291502638411,0.09391535275714426,0.9096502422422693,1.0,0.9991611237178681,0.4775073089964397,0.624397917001531,0.999986548013549,0.995012539820907
0.9760322681431115,4.156768333681068,4.400925726108535,9.533726327932715,0.002184690620697571,73.0,62.263682689880774,2676.587524201011,0.8046291428769949,0.09391535172635126,0.9096502522422694,1.0,0.9991611237178681,0.4775073089964397,0.624397917001531,0.999986548013549,0.995012539820907
0.9760323582128517,4.156768323681067,4.4009257289068024,9.533726410800721,0.002184690866871317,73.0,62.263689705832526,2676.5877709152305,0.8046292041279474,0.09391536038299055,0.9096502422422693,0.99999999,0.9991611237178681,0.4775073089964397,0.624397917001531,0.999986548013549,0.995012539820907
0.9760322276832509,4.156768343681068,4.400925744851532,9.533726316215851,0.002184690510172471,73.0,62.26367953991542,2676.5874133754396,0.8046291148988756,0.09391534783773473,0.9096502422422693,1.0,0.9991611337178682,0.4775073089964397,0.624397917001531,0.999986548013549,0.995012539820907
0.976032274439402,4.156768323681067,4.400925734304147,9.533726332424617,0.0021846906378997035,73.0,62.26368318014155,2676.5875414474835,0.8046291472164765,0.09391535233149065,0.9096502422422693,1.0,0.9991611237178681,0.4775073189964397,0.624397917001531,0.999986548013549,0.995012539820907
0.9760322617824024,4.156768343681067,4.400925725910922,9.53372633137439,0.0021846906033273356,73.0,62.26368219482906,2676.5875067780744,0.8046291384166147,0.09391535111502015,0.9096502422422693,1.0,0.9991611237178681,0.4775073089964397,0.6243979270015311,0.999986548013549,0.995012539820907
0.9760322677464213,4.156768323681067,4.400925726096208,9.533726317523698,0.0021846906196700522,73.0,62.26368266059649,2676.5875231143573,0.8046291424246085,0.09391535168822306,0.9096502422422693,1.0,0.9991611237178681,0.4775073089964397,0.624397917001531,0.9999865580135491,0.995012539820907
0.9760322553708778,4.156768323681067,4.400925745750461,9.533726324802407,0.002184690582595611,73.0,62.26368160397491,2676.5874893125915,0.8046291300322068,0.0939153505021962,0.9096502422422693,1.0,0.9991611237178681,0.4775073089964397,0.624397917001531,0.999986548013549,0.995012549820907
0.9759653680378756,4.156816270331528,4.400964365505419,9.533746003874821,0.002184500496197675,73.0,62.258264141633745,2676.4044994464684,0.8045733230846812,0.09390892980513925,0.9096523928070028,1.0,0.9991612831979652,0.4774995570336306,0.6243918333404206,1.0000072055559692,0.9950357950184878
0.9759653573134034,4.156816280331528,4.400964365172231,9.533746002817162,0.002184500466897064,73.0,62.25826330656632,2676.404470070544,0.8045733156970446,0.09390892877440506,0.9096524028070029,1.0,0.9991612831979652,0.4774995570336306,0.6243918333404206,1.0000072055559692,0.9950357950184878
0.9759654473776677,4.156816270331528,4.4009643679703405,9.533746085679535,0.0021845007130507025,73.0,62.25827032194503,2676.4047167698263,0.8045733769544148,0.09390893743052023,0.9096523928070028,0.99999999,0.9991612831979652,0.4774995570336306,0.6243918333404206,1.0000072055559692,0.9950357950184878
0.9759653168560001,4.156816290331529,4.4009643839153,9.533745991102828,0.002184500356380953,73.0,62.25826015685717,2676.404359251676,0.8045732877161089,0.09390892488602372,0.9096523928070028,1.0,0.9991612931979652,0.4774995570336306,0.6243918333404206,1.0000072055559692,0.9950357950184878
0.9759653636093528,4.156816270331528,4.400964373367834,9.533746007308714,0.0021845004840979,73.0,62.25826379679015,2676.4044873160865,0.8045733200370093,0.09390892937951181,0.9096523928070028,1.0,0.9991612831979652,0.4774995670336306,0.6243918333404206,1.0000072055559692,0.9950357950184878
0.9759653509531293,4.156816290331528,4.40096436497463,9.533746006259287,0.002184500449528355,73.0,62.25826281155811,2676.4044526487946,0.8045733112362697,0.09390892816311561,0.9096523928070028,1.0,0.9991612831979652,0.4774995570336306,0.6243918433404206,1.0000072055559692,0.9950357950184878
0.9759653569167634,4.156816350331527,4.400964365159905,9.533746072408196,0.002184500465869689,73.0,62.25826327728614,2676.404468984028,0.8045733152446948,0.09390892873628168,0.9096523928070028,1.0,0.9991612831979652,0.4774995570336306,0.6243918333404206,1.0000072155559692,0.9950357950184878
0.9759653445425875,4.156816270331528,4.400964384814196,9.53374599968831,0.0021845004287999897,73.0,62.2582622207997,2676.4044351859893,0.8045733028522609,0.09390892755038559,0.9096523928070028,1.0,0.9991612831979652,0.4774995570336306,0.6243918333404206,1.0000072055559692,0.9950358050184879
0.9760322788681982,4.156768323681067,4.400925726441741,9.533726328991007,0.0021846906500004692,73.0,62.26368352501338,2676.5875535786113,0.8046291502638411,0.09391535275714426,0.9096502422422693,1.0,0.9991611237178681,0.4775073089964397,0.624397917001531,0.999986548013549,0.995012539820907
0.9760322681431115,4.156768333681068,4.400925726108535,9.533726327932715,0.002184690620697571,73.0,62.263682689880774,2676.587524201011,0.8046291428769949,0.09391535172635126,0.9096502522422694,1.0,0.9991611237178681,0.4775073089964397,0.624397917001531,0.999986548013549,0.995012539820907
0.9760323582128517,4.156768323681067,4.4009257289068024,9.533726410800721,0.002184690866871317,73.0,62.263689705832526,2676.5877709152305,0.8046292041279474,0.09391536038299055,0.9096502422422693,0.99999999,0.9991611237178681,0.4775073089964397,0.624397917001531,0.999986548013549,0.995012539820907
0.9760322276832509,4.156768343681068,4.400925744851532,9.533726316215851,0.002184690510172471,73.0,62.26367953991542,2676.5874133754396,0.8046291148988756,0.09391534783773473,0.9096502422422693,1.0,0.9991611337178682,0.4775073089964397,0.624397917001531,0.999986548013549,0.995012539820907
0.976032274439402,4.156768323681067,4.400925734304147,9.533726332424617,0.0021846906378997035,73.0,62.26368318014155,2676.5875414474835,0.8046291472164765,0.09391535233149065,0.9096502422422693,1.0,0.9991611237178681,0.4775073189964397,0.624397917001531,0.999986548013549,0.995012539820907
0.9760322617824024,4.156768343681067,4.400925725910922,9.53372633137439,0.0021846906033273356,73.0,62.26368219482906,2676.5875067780744,0.8046291384166147,0.09391535111502015,0.9096502422422693,1.0,0.9991611237178681,0.4775073089964397,0.6243979270015311,0.999986548013549,0.995012539820907
0.9760322677464213,4.156768323681067,4.400925726096208,9.533726317523698,0.0021846906196700522,73.0,62.26368266059649,2676.5875231143573,0.8046291424246085,0.09391535168822306,0.9096502422422693,1.0,0.9991611237178681,0.4775073089964397,0.624397917001531,0.9999865580135491,0.995012539820907
0.9760322553708778,4.156768323681067,4.400925745750461,9.533726324802407,0.002184690582595611,73.0,62.26368160397491,2676.5874893125915,0.8046291300322068,0.0939153505021962,0.9096502422422693,1.0,0.9991611237178681,0.4775073089964397,0.624397917001531,0.999986548013549,0.995012549820907
0.6312179915322115,5.675667603121477,4.661678770275656,10.968564364929344,0.0012753404635943994,65.0,36.347203212440384,1730.440525669815,0.7422832657588778,0.06071721142701106,0.9249152240563397,1.0,1.0,0.4084087546050534,0.5657091344089582,1.1628452812666352,1.1570526532622343
0.6312179843863474,5.675667613121478,4.661678770040759,10.968564367548584,0.0012753404470954488,65.0,36.34720274222029,1730.4405060952934,0.7422832523838346,0.06071721074018573,0.9249152340563398,1.0,1.0,0.4084087546050534,0.5657091344089582,1.1628452812666352,1.1570526532622343
0.6312180428749802,5.675667603121477,4.6616787719633805,10.968564417959838,0.0012753405821830602,65.0,36.34720659221722,1730.440666311982,0.7422833612882738,0.060717216361823936,0.9249152240563397,0.99999999,1.0,0.4084087546050534,0.5657091344089582,1.1628452812666352,1.1570526532622343
0.6312180252101474,5.675667583121477,4.661678751382708,10.968564359714332,0.0012753405413442715,65.0,36.34720542831174,1730.440617923114,0.7422833288686143,0.060717214663968906,0.9249152240563397,1.0,0.99999999,0.4084087546050534,0.5657091344089582,1.1628452812666352,1.1570526532622343
0.6312179887066668,5.675667603121477,4.661678778182776,10.96856437001092,0.0012753404570703356,65.0,36.347203026504566,1730.4405179298576,0.7422832604721207,0.060717211155433604,0.9249152240563397,1.0,1.0,0.4084087646050534,0.5657091344089582,1.1628452812666352,1.1570526532622343
0.6312179805051946,5.675667623121478,4.661678769913179,10.968564373539852,0.0012753404381387538,65.0,36.34720248695449,1730.4404954637253,0.7422832450608612,0.06071721036714826,0.9249152240563397,1.0,1.0,0.4084087546050534,0.5657091444089583,1.1628452812666352,1.1570526532622343
0.6312179842061317,5.6756676831214765,4.661678770034835,10.968564437362444,0.0012753404467006422,65.0,36.347202730968306,1730.4405056016187,0.7422832519709709,0.06071721072286382,0.9249152240563397,1.0,1.0,0.4084087546050534,0.5657091344089582,1.1628452912666352,1.1570526532622343
0.6312179786796093,5.675667623435582,4.661678789874114,10.968564391989304,0.00127534043234318,65.0,36.34720232178063,1730.4404905145107,0.7422832390553676,0.060717210193491605,0.9249152240563397,1.0,1.0,0.4084087546050534,0.5657091344089582,1.1628452812666352,1.1570526632622342
0.9557680746604611,4.216043066225837,4.412612944508428,9.584424085394726,0.0021273871616249644,72.0,60.63053410631149,2621.148687147437,0.7872924568589864,0.09197012937359429,0.9103438016300849,1.0,0.9991992377836283,0.4743678390863968,0.6217314116219423,1.007385980565202,1.0023747786528152
0.9557680641228669,4.216043076225837,4.412612944180611,9.584424084529315,0.002127387133242194,72.0,60.63053329740252,2621.1486582811235,0.7872924492477592,0.09197012836074117,0.9103438116300849,1.0,0.9991992377836283,0.4743678390863968,0.6217314116219423,1.007385980565202,1.0023747786528152
0.9557681525134368,4.216043066225837,4.412612946930371,9.584424165669645,0.0021273873714164624,72.0,60.63054008536918,2621.1489004150058,0.7872925123336681,0.09197013685666687,0.9103438016300849,0.99999999,0.9991992377836283,0.4743678390863968,0.6217314116219423,1.007385980565202,1.0023747786528152
0.9557680243991122,4.216043086225837,4.4126129629448325,9.584424073569782,0.0021273870262666166,72.0,60.630530248598575,2621.1485494632475,0.7872924204481587,0.09197012454257009,0.9103438016300849,1.0,0.9991992477836283,0.4743678390863968,0.6217314116219423,1.007385980565202,1.0023747786528152
0.9557680703177276,4.216043066225837,4.412612952373328,9.584424088916894,0.0021273871499274044,72.0,60.630533772931024,2621.148675251107,0.7872924537250988,0.09197012895617919,0.9103438016300849,1.0,0.9991992377836283,0.4743678490863968,0.6217314116219423,1.007385980565202,1.0023747786528152
0.9557680578981126,4.216043086225837,4.412612943986963,9.584424088110913,0.0021273871164852734,72.0,60.63053281983029,2621.148641229238,0.7872924446748222,0.0919701277624294,0.9103438016300849,1.0,0.9991992377836283,0.4743678390863968,0.6217314216219424,1.007385980565202,1.0023747786528152
0.9557680637395172,4.216043146225837,4.412612944168682,9.584424154134036,0.0021273871322652098,72.0,60.630533269558484,2621.1486572309313,0.7872924488009424,0.09197012832389233,0.9103438016300849,1.0,0.9991992377836283,0.4743678390863968,0.6217314116219423,1.0073859905652018,1.0023747786528152
0.9557680517887495,4.216043086230586,4.412612963834448,9.584424101853784,0.0021273870969667195,72.0,60.63053226355151,2621.1486245870565,0.7872924364284374,0.0919701271784932,0.9103438016300849,1.0,0.9991992377836283,0.4743678390863968,0.6217314116219423,1.007385980565202,1.0023747886528152
0.9748168608264818,4.1598988300276005,4.401618045286499,9.53633373614058,0.002181233102932012,73.0,62.16514343356234,2673.262545671282,0.8036076732100019,0.09379868581302744,0.9096913503900105,1.0,0.9991633827870607,0.477321228618669,0.6242398698335125,1.0004251217995555,0.9954489090878006
0.9748168501125635,4.159898840027601,4.401618044953614,9.536333735093779,0.0021812330736706454,73.0,62.1651425996134,2673.2625163241387,0.8036076658091341,0.09379868478330311,0.9096913603900105,1.0,0.9991633827870607,0.477321228618669,0.6242398698335125,1.0004251217995555,0.9954489090878006
0.9748169400822341,4.1598988300276005,4.401618047748994,9.536333817858829,0.0021812333194777735,73.0,62.16514960511654,2673.2627627653915,0.8036077271750228,0.09379869343036461,0.9096913503900105,0.99999999,0.9991633827870607,0.477321228618669,0.6242398698335125,1.0004251217995555,0.9954489090878006
0.974816809696558,4.1598988500276,4.401618063697875,9.536333723422032,0.002181232963306897,73.0,62.16513945424656,2673.2624056181817,0.8036076377795863,0.09379868089888357,0.9096913503900105,1.0,0.9991633927870608,0.477321228618669,0.6242398698335125,1.0004251217995555,0.9954489090878006
0.9748168564028183,4.1598988300276005,4.401618053149055,9.536333739579474,0.002181233090849815,73.0,62.165143089219725,2673.262533554158,0.8036076701572111,0.09379868538786519,0.9096913503900105,1.0,0.9991633827870607,0.477321238618669,0.6242398698335125,1.0004251217995555,0.9954489090878006
0.974816843759968,4.1598988500276,4.401618044756236,9.536333738543805,0.0021812330563290546,73.0,62.16514210537805,2673.262498923346,0.8036076613416376,0.09379868417274898,0.9096913503900105,1.0,0.9991633827870607,0.477321228618669,0.6242398798335126,1.0004251217995555,0.9954489090878006
0.9748168497166796,4.1598989100276,4.40161804494131,9.53633380468559,0.0021812330726455683,73.0,62.1651425703987,2673.2625152396886,0.8036076653570706,0.09379868474525223,0.9096913503900105,1.0,0.9991633827870607,0.477321228618669,0.6242398698335125,1.0004251317995554,0.9954489090878006
0.9748168373666457,4.1598988300276005,4.401618064596255,9.536333731990501,0.002181233035659186,73.0,62.1651415162868,2673.2624815074582,0.8036076529648749,0.0937986835616652,0.9096913503900105,1.0,0.9991633827870607,0.477321228618669,0.6242398698335125,1.0004251217995555,0.9954489190878006
0.9759566433226701,4.156862075026018,4.400968777804389,9.533787496153076,0.0021844754493827523,73.0,62.25755030740844,2676.3806386123456,0.80456565242146,0.09390809258288932,0.9096527986108996,1.0,0.9991612642012987,0.47749573732350903,0.6243880886136169,1.0000138213481609,0.9950396760643626
0.9759566325982629,4.156862085026018,4.400968777471203,9.533787495095483,0.0021844754200824154,73.0,62.25754947234884,2676.3806092365985,0.8045656450337129,0.09390809155216136,0.9096528086108997,1.0,0.9991612642012987,0.47749573732350903,0.6243880886136169,1.0000138213481609,0.9950396760643626
0.975956722661793,4.156862075026018,4.400968780269291,9.533787577957101,0.0021844756662333666,73.0,62.25755648765095,2676.380855933878,0.804565706291856,0.09390810020820625,0.9096527986108996,0.99999999,0.9991612642012987,0.47749573732350903,0.6243880886136169,1.0000138213481609,0.9950396760643626
0.9759565921411382,4.156862095026018,4.400968796214278,9.533787483381435,0.00218447530956738,73.0,62.25754632267032,2676.380498418489,0.8045656170523892,0.09390808766380664,0.9096527986108996,1.0,0.9991612742012987,0.47749573732350903,0.6243880886136169,1.0000138213481609,0.9950396760643626
0.9759566388941893,4.156862075026018,4.400968785666804,9.53378749958701,0.002184475437283132,73.0,62.25754996256926,2676.380626482078,0.8045656493737492,0.0939080921572659,0.9096527986108996,1.0,0.9991612642012987,0.477495747323509,0.6243880886136169,1.0000138213481609,0.9950396760643626
0.9759566262380672,4.156862095026018,4.4009687772736035,9.533787498537688,0.0021844754027139594,73.0,62.25754897734784,2676.380591815063,0.8045656405729006,0.0939080909408794,0.9096527986108996,1.0,0.9991612642012987,0.47749573732350903,0.624388098613617,1.0000138213481609,0.9950396760643626
0.9759566322016285,4.156862155026017,4.400968777458877,9.533787564686524,0.0021844754190550406,73.0,62.25754944306866,2676.3806081500975,0.8045656445813584,0.0939080915140385,0.9096527986108996,1.0,0.9991612642012987,0.47749573732350903,0.6243880886136169,1.0000138313481608,0.9950396760643626
0.9759566198276689,4.156862075026018,4.400968797113173,9.533787491966859,0.0021844753819860873,73.0,62.25754838660348,2676.3805743526486,0.804565632188961,0.09390809032816311,0.9096527986108996,1.0,0.9991612642012987,0.47749573732350903,0.6243880886136169,1.0000138213481609,0.9950396860643627
0.9760156779695207,4.156764632193372,4.400935175227876,9.533715485390768,0.0021846434161813862,73.0,62.26233736116951,2676.542138768172,0.8046152141956565,0.09391375925502359,0.9096508033075101,1.0,0.9991611545508118,0.4775047692752967,0.6243957598921194,0.9999925338951902,0.9950184956141322
0.9760156672445852,4.156764642193372,4.400935174894674,9.533715484332632,0.0021846433868790535,73.0,62.262336526053026,2676.5421093909845,0.8046152068085985,0.09391375822424507,0.9096508133075102,1.0,0.9991611545508118,0.4775047692752967,0.6243957598921194,0.9999925338951902,0.9950184956141322
0.9760157573129629,4.156764632193372,4.400935177692903,9.533715567199238,0.0021846436330477973,73.0,62.26234354186223,2676.5423561014873,0.8046152680611429,0.09391376688075394,0.9096508033075101,0.99999999,0.9991611545508118,0.4775047692752967,0.6243957598921194,0.9999925338951902,0.9950184956141322
0.9760156267853303,4.156764652193372,4.40093519363769,9.533715472616393,0.002184643276356163,73.0,62.26233337615065,2676.541998567065,0.8046151788297914,0.0939137543356865,0.9096508033075101,1.0,0.9991611645508118,0.4775047692752967,0.6243957598921194,0.9999925338951902,0.9950184956141322
0.9760156735407934,4.156764632193372,4.400935183090286,9.533715488824452,0.002184643404080871,73.0,62.26233701630483,2676.5421266372327,0.8046152111482057,0.09391375882937658,0.9096508033075101,1.0,0.9991611545508118,0.4775047792752967,0.6243957598921194,0.9999925338951902,0.9950184956141322
0.9760156608839885,4.156764652193372,4.4009351746970635,9.533715487774424,0.0021846433695091746,73.0,62.26233603101148,2676.5420919683543,0.8046152023481349,0.09391375761292471,0.9096508033075101,1.0,0.9991611545508118,0.4775047692752967,0.6243957698921194,0.9999925338951902,0.9950184956141322
0.9760156668479092,4.156764632193372,4.400935174882347,9.533715473923628,0.0021846433858515664,73.0,62.26233649676964,2676.5421083043693,0.8046152063562325,0.09391375818611822,0.9096508033075101,1.0,0.9991611545508118,0.4775047692752967,0.6243957598921194,0.9999925438951902,0.9950184956141322
0.9760156544727039,4.156764632193372,4.4009351945366095,9.533715481202686,0.0021846433487782892,73.0,62.262335440181246,2676.5420745035253,0.804615193963819,0.0939137570001237,0.9096508033075101,1.0,0.9991611545508118,0.4775047692752967,0.6243957598921194,0.9999925338951902,0.9950185056141323
0.9759767146215372,4.1568086366578365,4.40095735291505,9.533742704194424,0.002184532556387685,73.0,62.25917785704902,2676.4355473538003,0.8045825036446165,0.0939100192053965,0.9096521202077472,1.0,0.9991612269201331,0.4774988081871169,0.6243906968483077,1.000006583614151,0.9950324747112843
0.9759767038969527,4.1568086466578364,4.400957352581859,9.533742703136648,0.002184532527086683,73.0,62.259177021970466,2676.4355179775694,0.8045824962571123,0.09391001817465155,0.9096521302077473,1.0,0.9991612269201331,0.4774988081871169,0.6243906968483077,1.000006583614151,0.9950324747112843
0.9759767939621224,4.1568086366578365,4.400957355379994,9.533742785999953,0.0021845327732436417,73.0,62.259184037443795,2676.435764679322,0.8045825575133415,0.0939100268308534,0.9096521202077472,0.99999999,0.9991612269201331,0.4774988081871169,0.6243906968483077,1.000006583614151,0.9950324747112843
0.9759766634391058,4.156808656657836,4.400957371324915,9.533742691421857,0.002184532416568987,73.0,62.25917387221613,2676.4354071574903,0.8045824682766527,0.09391001428622774,0.9096521202077472,1.0,0.9991612369201331,0.4774988081871169,0.6243906968483077,1.000006583614151,0.9950324747112843
0.9759767101929692,4.1568086366578365,4.400957360777463,9.533742707628269,0.0021845325442877467,73.0,62.25917751220078,2676.4355352232947,0.8045825005969934,0.09391001877976472,0.9096521202077472,1.0,0.9991612269201331,0.47749881818711687,0.6243906968483077,1.000006583614151,0.9950324747112843
0.9759766975366188,4.156808656657837,4.400957352384256,9.533742706578712,0.002184532509717763,73.0,62.25917652695625,2676.4355005556563,0.8045824917964177,0.09391001756335636,0.9096521202077472,1.0,0.9991612269201331,0.4774988081871169,0.6243907068483078,1.000006583614151,0.9950324747112843
0.9759767035003153,4.156808716657836,4.400957352569533,9.533742772727685,0.0021845325260592954,73.0,62.25917699268992,2676.4355168910597,0.8045824958047629,0.09391001813652841,0.9096521202077472,1.0,0.9991612269201331,0.4774988081871169,0.6243906968483077,1.000006593614151,0.9950324747112843
0.9759766911259147,4.1568086366578365,4.400957372223817,9.533742700007569,0.002184532488988804,73.0,62.259175936180924,2676.435483092409,0.8045824834123495,0.09391001695061084,0.9096521202077472,1.0,0.9991612269201331,0.4774988081871169,0.6243906968483077,1.000006583614151,0.9950324847112844
0.9760058480614522,4.1567624463132375,4.4009407702432055,9.533709064617895,0.002184615447681293,73.0,62.26154025891685,2676.5152472459063,0.8046069620092918,0.09391281569283881,0.9096511355370787,1.0,0.9991611728082528,0.47750326540302307,0.6243944825798269,0.9999960783793783,0.9950220222817445
0.9760058373366015,4.156762456313238,4.400940769910007,9.533709063559847,0.0021846154183793073,73.0,62.26153942381026,2676.5152178689495,0.8046069546221158,0.09391281466206841,0.9096511455370787,1.0,0.9991611728082528,0.47750326540302307,0.6243944825798269,0.9999960783793783,0.9950220222817445
0.9760059274041779,4.1567624463132375,4.4009407727082115,9.533709146425627,0.002184615664545066,73.0,62.26154643953438,2676.5154645772664,0.8046070158756006,0.09391282331850058,0.9096511355370787,0.99999999,0.9991611728082528,0.47750326540302307,0.6243944825798269,0.9999960783793783,0.9950220222817445
0.9760057968777004,4.156762466313238,4.400940788653033,9.53370905184397,0.0021846153078577198,73.0,62.26153627394502,2676.5151070459956,0.8046069266428905,0.0939128107735437,0.9096511355370787,1.0,0.9991611828082528,0.47750326540302307,0.6243944825798269,0.9999960783793783,0.9950220222817445
0.9760058436327602,4.1567624463132375,4.400940778105617,9.533709068051614,0.0021846154355809094,73.0,62.26153991405592,2676.5152351150628,0.8046069589618008,0.09391281526719518,0.9096511355370787,1.0,0.9991611728082528,0.47750327540302306,0.6243944825798269,0.9999960783793783,0.9950220222817445
0.9760058309760689,4.156762466313237,4.400940769712398,9.533709067001706,0.0021846154010096534,73.0,62.261538928775124,2676.5152004464944,0.804606950161595,0.09391281405075419,0.9096511355370787,1.0,0.9991611728082528,0.47750326540302307,0.6243944925798269,0.9999960783793783,0.9950220222817445
0.9760058369399359,4.1567624463132375,4.40094076989768,9.533709053150854,0.0021846154173518584,73.0,62.261539394527965,2676.515216782363,0.8046069541697521,0.09391281462394256,0.9096511355370787,1.0,0.9991611728082528,0.47750326540302307,0.6243944825798269,0.9999960883793784,0.9950220222817445
0.9760058245649412,4.1567624463132375,4.400940789551949,9.533709060430127,0.00218461538027931,73.0,62.261538337960346,2676.515182982093,0.8046069417773536,0.09391281343796817,0.9096511355370787,1.0,0.9991611728082528,0.47750326540302307,0.6243944825798269,0.9999960783793783,0.9950220322817446
0.9759866198739481,4.156782265132581,4.400951714803377,9.533720599809907,0.0021845607390118924,73.0,62.259981061838936,2676.462644997701,0.8045908195421656,0.09391096999991932,0.9096517854197199,1.0,0.9991612085220938,0.47750032364052497,0.6243919839970243,1.0000030118343282,0.9950289208852408
0.9759866091492785,4.156782275132581,4.400951714470184,9.533720598752044,0.00218456070971056,73.0,62.25998022675096,2676.462615621238,0.8045908121547899,0.09391096896916624,0.90965179541972,1.0,0.9991612085220938,0.47750032364052497,0.6243919839970243,1.0000030118343282,0.9950289208852408
0.9759866992152587,4.156782265132581,4.4009517172683426,9.533720681616183,0.0021845609558704977,73.0,62.25998724230918,2676.462862325201,0.8045908734100646,0.09391097762544565,0.9096517854197199,0.99999999,0.9991612085220938,0.47750032364052497,0.6243919839970243,1.0000030118343282,0.9950289208852408
0.9759865686910668,4.156782285132581,4.400951733213229,9.533720587036877,0.002184560599191526,73.0,62.2599770769585,2676.462504800164,0.8045907841747344,0.09391096508070751,0.9096517854197199,1.0,0.9991612185220938,0.47750032364052497,0.6243919839970243,1.0000030118343282,0.9950289208852408
0.9759866154453379,4.156782265132581,4.40095172266579,9.53372060324371,0.00218456072691181,73.0,62.25998071698659,2676.46263286708,0.8045908164945865,0.09391096957428352,0.9096517854197199,1.0,0.9991612085220938,0.47750033364052497,0.6243919839970243,1.0000030118343282,0.9950289208852408
0.9759866027888784,4.156782285132581,4.400951714272579,9.533720602194037,0.0021845606923413985,73.0,62.25997973172986,2676.4625981991444,0.8045908076941479,0.09391096835786472,0.9096517854197199,1.0,0.9991612085220938,0.47750032364052497,0.6243919939970244,1.0000030118343282,0.9950289208852408
0.9759866087526325,4.156782345132581,4.400951714457857,9.53372066834307,0.0021845607086831797,73.0,62.25998019747062,2676.462614534705,0.8045908117024348,0.09391096893104228,0.9096517854197199,1.0,0.9991612085220938,0.47750032364052497,0.6243919839970243,1.000003021834328,0.9950289208852408
0.9759865963780313,4.156782265132581,4.400951734112137,9.53372059562275,0.0021845606716119933,73.0,62.25997914094181,2676.4625807355073,0.8045907993100154,0.09391096774510552,0.9096517854197199,1.0,0.9991612085220938,0.47750032364052497,0.6243919839970243,1.0000030118343282,0.9950289308852408
0.9760003547758466,4.156761224757862,4.4009438969582,9.533705476491908,0.0021845998179724113,73.0,62.26109481221372,2676.500219351859,0.8046023503408751,0.09391228839831084,0.9096513211999653,1.0,0.9991611830112254,0.47750242498033363,0.6243937687677228,0.999998059175877,0.9950239931216431
0.976000344051051,4.1567612347578615,4.4009438966250025,9.533705475433916,0.0021845997886705995,73.0,62.26109397711209,2676.5001899750528,0.8046023429536463,0.09391228736754571,0.9096513311999653,1.0,0.9991611830112254,0.47750242498033363,0.6243937687677228,0.999998059175877,0.9950239931216431
0.9760004341181708,4.156761224757862,4.400943899423194,9.533705558299227,0.002184600034834734,73.0,62.26110099278992,2676.5004366821245,0.8046024042076405,0.0939122960239342,0.9096513211999653,0.99999999,0.9991611830112254,0.47750242498033363,0.6243937687677228,0.999998059175877,0.9950239931216431
0.9760003035923416,4.1567612447578615,4.400943915368034,9.533705463718237,0.002184599678149765,73.0,62.2610908272683,2676.500079152621,0.8046023149741801,0.09391228347903934,0.9096513211999653,1.0,0.9991611930112254,0.47750242498033363,0.6243937687677228,0.999998059175877,0.9950239931216431
0.9760003503471795,4.156761224757862,4.400943904820611,9.533705479925652,0.002184599805872125,73.0,62.261094467355555,2676.500207221083,0.8046023472933591,0.09391228797266958,0.9096513211999653,1.0,0.9991611830112254,0.4775024349803336,0.6243937687677228,0.999998059175877,0.9950239931216431
0.9760003376905528,4.1567612447578615,4.400943896427394,9.53370547887581,0.0021845997713011156,73.0,62.26109348208179,2676.5001725526918,0.8046023384930899,0.0939122867562348,0.9096513211999653,1.0,0.9991611830112254,0.47750242498033363,0.6243937787677228,0.999998059175877,0.9950239931216431
0.9760003436543808,4.156761224757862,4.4009438966126755,9.533705465024918,0.002184599787643156,73.0,62.261093947829956,2676.500188888454,0.804602342501273,0.09391228732941943,0.9096513211999653,1.0,0.9991611830112254,0.47750242498033363,0.6243937687677228,0.9999980691758771,0.9950239931216431
0.9760003312795048,4.156761224757862,4.4009439162669475,9.533705472304314,0.0021845997505710113,73.0,62.26109289127382,2676.500155088507,0.8046023301088666,0.0939122861434564,0.9096513211999653,1.0,0.9991611830112254,0.47750242498033363,0.6243937687677228,0.999998059175877,0.9950240031216432
0.9759912897145592,4.156769832363562,4.400949056735297,9.533710178813418,0.002184574025766117,73.0,62.26035973433434,2676.4754202071367,0.8045947400256377,0.09391141825288199,0.9096516275850033,1.0,0.9991611998483986,0.4775010380960599,0.6243925908190617,1.0000013279304547,0.9950272454456176
0.9759912789898338,4.156769842363562,4.400949056402101,9.533710177755497,0.002184573996464583,73.0,62.26035889924062,2676.4753908305215,0.8045947326382877,0.09391141722212357,0.9096516375850033,1.0,0.9991611998483986,0.4775010380960599,0.6243925908190617,1.0000013279304547,0.9950272454456176
0.9759913690562062,4.156769832363562,4.400949059200271,9.53371026062004,0.002184574242625943,73.0,62.26036591483938,2676.4756375355546,0.8045947938931463,0.09391142587844051,0.9096516275850033,0.99999999,0.9991611998483986,0.4775010380960599,0.6243925908190617,1.0000013279304547,0.9950272454456176
0.9759912385314554,4.156769852363562,4.400949075145141,9.533710166040159,0.0021845738859449268,73.0,62.26035574943041,2676.4752800089927,0.8045947046584481,0.09391141333364887,0.9096516275850033,1.0,0.9991612098483986,0.4775010380960599,0.6243925908190617,1.0000013279304547,0.9950272454456176
0.9759912852859298,4.156769832363562,4.400949064597708,9.5337101822472,0.0021845740136659437,73.0,62.2603593894794,2676.475408076464,0.8045947369780861,0.09391141782724435,0.9096516275850033,1.0,0.9991611998483986,0.4775010480960599,0.6243925908190617,1.0000013279304547,0.9950272454456176
0.9759912726294024,4.156769852363562,4.400949056204495,9.53371018119746,0.0021845739790952792,73.0,62.26035840421546,2676.4753734083433,0.8045947281776893,0.09391141661081906,0.9096516275850033,1.0,0.9991611998483986,0.4775010380960599,0.6243926008190618,1.0000013279304547,0.9950272454456176
0.975991278593183,4.156769912363561,4.400949056389775,9.53371024734652,0.0021845739954371533,73.0,62.26035886995887,2676.4753897439755,0.8045947321859407,0.09391141718399915,0.9096516275850033,1.0,0.9991611998483986,0.4775010380960599,0.6243925908190617,1.0000013379304546,0.9950272454456176
0.9759912662184961,4.156769832363562,4.400949076044052,9.533710174626108,0.00218457395836568,73.0,62.26035781342189,2676.4753559445444,0.804594719793539,0.09391141599805419,0.9096516275850033,1.0,0.9991611998483986,0.4775010380960599,0.6243925908190617,1.0000013279304547,0.9950272554456177
0.9759974813413084,4.156760585781895,4.400945532492925,9.533703599616128,0.0021845916423756154,73.0,62.260861807705034,2676.4923585425636,0.804599938044548,0.09391201258044082,0.9096514183172345,1.0,0.9991611883482363,0.47750198536874455,0.6243933953840941,0.9999990952986606,0.9950250240362895
0.9759974706165324,4.156760595781895,4.400945532159729,9.533703598558155,0.0021845916130738916,73.0,62.26086097260591,2676.4923291658106,0.8045999306572841,0.09391201154967757,0.9096514283172346,1.0,0.9991611883482363,0.47750198536874455,0.6243933953840941,0.9999990952986606,0.9950250240362895
0.9759975606834095,4.156760585781895,4.400945534957913,9.533703681423217,0.0021845918592371194,73.0,62.26086798825791,2676.49257587222,0.8045999919115385,0.0939120202060428,0.9096514183172345,0.99999999,0.9991611883482363,0.47750198536874455,0.6243933953840941,0.9999990952986606,0.9950250240362895
0.9759974301579288,4.156760605781895,4.400945550902762,9.533703586842586,0.002184591502553384,73.0,62.26085782277144,2676.492218343668,0.8045999026777004,0.09391200766118132,0.9096514183172345,1.0,0.9991611983482364,0.47750198536874455,0.6243933953840941,0.9999990952986606,0.9950250240362895
0.9759974769126499,4.156760585781895,4.400945540355336,9.533703603049881,0.0021845916302753524,73.0,62.260861462847544,2676.4923464118115,0.804599934997015,0.0939120121548004,0.9096514183172345,1.0,0.9991611883482363,0.47750199536874455,0.6243933953840941,0.9999990952986606,0.9950250240362895
0.975997464256063,4.156760605781896,4.400945531962122,9.533703602000081,0.0021845915957044715,73.0,62.26086047757743,2676.492311743528,0.804599926196719,0.0939120109383694,0.9096514183172345,1.0,0.9991611883482363,0.47750198536874455,0.6243934053840942,0.9999990952986606,0.9950250240362895
0.9759974702198723,4.156760585781895,4.400945532147402,9.53370358814917,0.0021845916120464687,73.0,62.26086094332435,2676.4923280792386,0.8045999302049175,0.09391201151155223,0.9096514183172345,1.0,0.9991611883482363,0.47750198536874455,0.6243933953840941,0.9999991052986607,0.9950250240362895
0.975997457845047,4.156760585781895,4.400945551801675,9.533703595428616,0.0021845915749745142,73.0,62.26085988677366,2676.492294279431,0.8045999178125197,0.09391201032559407,0.9096514183172345,1.0,0.9991611883482363,0.47750198536874455,0.6243933953840941,0.9999990952986606,0.9950250340362895
0.9759933948623623,4.156764227738153,4.400947858492743,9.533705481093257,0.0021845800153945574,73.0,62.26053043874488,2676.481179226755,0.8045965073544874,0.0939116203237458,0.9096515564339619,1.0,0.9991611959383434,0.4775013601687727,0.6243928643711727,1.0000005688356448,0.9950264901664461
0.9759933841376258,4.156764237738153,4.400947858159547,9.533705480035326,0.0021845799860929944,73.0,62.26052960365035,2676.48114985011,0.8045964999671772,0.09391161929298632,0.9096515664339619,1.0,0.9991611959383434,0.4775013601687727,0.6243928643711727,1.0000005688356448,0.9950264901664461
0.9759934742041647,4.156764227738153,4.400947860957722,9.533705562900039,0.002184580232254977,73.0,62.26053661926685,2676.481396555597,0.8045965612218174,0.09391162794931919,0.9096515564339619,0.99999999,0.9991611959383434,0.4775013601687727,0.6243928643711727,1.0000005688356448,0.9950264901664461
0.9759933436791719,4.156764247738153,4.4009478769025865,9.533705468319912,0.002184579875573053,73.0,62.260526453832014,2676.4810390283756,0.8045964719874201,0.0939116154045044,0.9096515564339619,1.0,0.9991612059383435,0.4775013601687727,0.6243928643711727,1.0000005688356448,0.9950264901664461
0.9759933904337226,4.156764227738153,4.400947866355155,9.53370548452703,0.0021845800032943784,73.0,62.26053009388979,2676.481167096054,0.804596504306944,0.09391161989810716,0.9096515564339619,1.0,0.9991611959383434,0.4775013701687727,0.6243928643711727,1.0000005688356448,0.9950264901664461
0.9759933777771755,4.156764247738153,4.400947857961941,9.53370548347727,0.0021845799687236272,73.0,62.26052910862337,2676.4811324278794,0.8045964955065896,0.09391161868167998,0.9096515564339619,1.0,0.9991611959383434,0.4775013601687727,0.6243928743711727,1.0000005688356448,0.9950264901664461
0.9759933837409641,4.156764307738152,4.40094785814722,9.533705549626337,0.0021845799850655425,73.0,62.26052957436796,2676.481148763534,0.8045964995148144,0.09391161925486084,0.9096515564339619,1.0,0.9991611959383434,0.4775013601687727,0.6243928643711727,1.0000005788356447,0.9950264901664461
0.9759933713662315,4.156764227738153,4.400947877801497,9.533705476905881,0.0021845799479938946,73.0,62.260528517825996,2676.4811149639786,0.8045964871224084,0.09391161806891153,0.9096515564339619,1.0,0.9991611959383434,0.4775013601687727,0.6243928643711727,1.0000005688356448,0.9950265001664461
0.9759960874002297,4.156760275805395,4.400946325914622,9.533702689120247,0.002184587676288077,73.0,62.2607487742102,2676.488545160027,0.8045987678029737,0.09391187877754481,0.9096514654302291,1.0,0.9991611909372976,0.4775017721067923,0.624393214250285,0.9999995979368375,0.9950255241479236
0.9759960766754705,4.156760285805395,4.400946325581425,9.533702688062291,0.002184587646986418,73.0,62.26074793911292,2676.48851578332,0.8045987604156895,0.09391187774678315,0.9096514754302292,1.0,0.9991611909372976,0.4775017721067923,0.624393214250285,0.9999995979368375,0.9950255241479236
0.9759961667422372,4.156760275805395,4.400946328379606,9.533702770927238,0.0021845878931492273,73.0,62.260754954752976,2676.488762489428,0.8045988216700989,0.09391188640313783,0.9096514654302291,0.99999999,0.9991611909372976,0.4775017721067923,0.624393214250285,0.9999995979368375,0.9950255241479236
0.9759960362169152,4.156760295805395,4.400946344324461,9.53370267634677,0.00218458753646613,73.0,62.260744789284715,2676.488404961309,0.8045987324360468,0.09391187385829154,0.9096514654302291,1.0,0.9991612009372977,0.4775017721067923,0.624393214250285,0.9999995979368375,0.9950255241479236
0.9759960829715778,4.156760275805395,4.400946333777033,9.533702692554005,0.0021845876641878536,73.0,62.26074842935383,2676.4885330292927,0.804598764755436,0.09391187835190501,0.9096514654302291,1.0,0.9991611909372976,0.4775017821067923,0.624393214250285,0.9999995979368375,0.9950255241479236
0.9759960703150028,4.156760295805395,4.400946325383818,9.533702691504216,0.0021845876296170126,73.0,62.260747444084856,2676.488498361042,0.8045987559551125,0.09391187713547515,0.9096514654302291,1.0,0.9991611909372976,0.4775017721067923,0.6243932242502851,0.9999995979368375,0.9950255241479236
0.9759960762788051,4.156760275805395,4.400946325569098,9.533702677653299,0.0021845876459590007,73.0,62.260747909831515,2676.488514696734,0.8045987599633274,0.09391187770865733,0.9096514654302291,1.0,0.9991611909372976,0.4775017721067923,0.624393214250285,0.9999996079368375,0.9950255241479236
0.9759960639040162,4.156760275805395,4.400946345223372,9.533702684932784,0.002184587608887128,73.0,62.26074685328315,2676.488480897025,0.8045987475709266,0.09391187652270264,0.9096514654302291,1.0,0.9991611909372976,0.4775017721067923,0.624393214250285,0.9999995979368375,0.9950255341479236
0.5957370256971135,6.088032044487905,4.696000101724296,11.379769171909315,0.0011893123646710357,64.0,33.89540239312451,1632.674796557511,0.7935758814764828,0.05728683496693021,0.9282144866034586,1.0,1.0,0.37908656337482466,0.5367669031007848,1.2137539353039717,1.1863890899823295
0.595737018917431,6.088032054487904,4.696000101498223,11.379769174903558,0.0011893123492899926,64.0,33.89540195476479,1632.6747779913073,0.793575866355465,0.05728683431548447,0.9282144966034587,1.0,1.0,0.37908656337482466,0.5367669031007848,1.2137539353039717,1.1863890899823295
0.5957370737243931,6.088032044487905,4.696000103325801,11.3797692215381,0.0011893124736695243,64.0,33.89540549958144,1632.6749280804825,0.7935759880010083,0.05728683958177132,0.9282144866034586,0.99999999,1.0,0.37908656337482466,0.5367669031007848,1.2137539353039717,1.1863890899823295
0.5957370575770079,6.088032024487905,4.6960000827873545,11.379769164852267,0.001189312436989383,64.0,33.89540445419741,1632.6748838608105,0.7935759526562983,0.057286838030203874,0.9282144866034586,1.0,0.99999999,0.37908656337482466,0.5367669031007848,1.2137539353039717,1.1863890899823295
0.5957370230621739,6.088032044487905,4.696000109636432,11.37976917718651,0.0011893123586929723,64.0,33.89540222274971,1632.6747893417123,0.7935758756015614,0.057286834713744295,0.9282144866034586,1.0,1.0,0.37908657337482465,0.5367669031007848,1.2137539353039717,1.1863890899823295
0.5957370153832703,6.088032064487905,4.696000101380374,11.37976918125155,0.001189312341275966,64.0,33.89540172636503,1632.6747683129815,0.7935758584120581,0.05728683397589409,0.9282144866034586,1.0,1.0,0.37908656337482466,0.5367669131007848,1.2137539353039717,1.1863890899823295
0.5957370187907836,6.0880321244879045,4.696000101494,11.379769244772689,0.0011893123490209013,64.0,33.895401947095685,1632.6747776444718,0.7935758660041662,0.0572868343033148,0.9282144866034586,1.0,1.0,0.37908656337482466,0.5367669031007848,1.2137539453039716,1.1863890899823295
0.5957370139869345,6.088032064860683,4.696000121353101,11.37976920020072,0.0011893123366704028,64.0,33.89540159510648,1632.674764536523,0.7935758527238307,0.05728683384338677,0.9282144866034586,1.0,1.0,0.37908656337482466,0.5367669031007848,1.2137539353039717,1.1863890999823294
0.9526497307228242,4.235392908309457,4.414227391512396,9.602270030544677,0.002118577848859008,72.0,60.37946869248172,2612.619395187612,0.7844564979214713,0.09167085597149516,0.9105000657276859,1.0,0.9991995367223655,0.4730027643954469,0.6203874162170558,1.0097712828678462,1.003773624867847
0.9526497202107925,4.235392918309457,4.414227391185297,9.602270029705547,0.0021185778205723236,72.0,60.37946788631122,2612.619366390956,0.7844564902765213,0.09167085496108618,0.910500075727686,1.0,0.9991995367223655,0.4730027643954469,0.6203874162170558,1.0097712828678462,1.003773624867847
0.9526498083342488,4.235392908309457,4.414227393927398,9.602270110571103,0.0021185780577971567,72.0,60.37947464721896,2612.619607796193,0.784456553611099,0.09167086343144537,0.9105000657276859,0.99999999,0.9991995367223655,0.4730027643954469,0.6203874162170558,1.0097712828678462,1.003773624867847
0.9526496805887151,4.235392928309457,4.414227409952391,9.602270018850563,0.00211857771397309,72.0,60.379464848233056,2612.619257850229,0.7844564613542038,0.09167085115263962,0.9105000657276859,1.0,0.9991995467223656,0.4730027643954469,0.6203874162170558,1.0097712828678462,1.003773624867847
0.9526497263942143,4.235392908309457,4.4142273993777055,9.602270034081377,0.0021185778372106922,72.0,60.379468360504724,2612.61938332982,0.7844564947762773,0.09167085555543228,0.9105000657276859,1.0,0.9991995367223655,0.4730027743954469,0.6203874162170558,1.0097712828678462,1.003773624867847
0.9526497140126672,4.235392928309457,4.414227390992432,9.602270033314555,0.0021185778039030266,72.0,60.379467411236256,2612.6193494118015,0.7844564856924283,0.09167085436532636,0.9105000657276859,1.0,0.9991995367223655,0.4730027643954469,0.6203874262170559,1.0097712828678462,1.003773624867847
0.9526497198320314,4.2353929883094565,4.414227391173508,9.602270099314996,0.002118577819608131,72.0,60.37946785883173,2612.6193653533214,0.7844564898326636,0.09167085492467794,0.9105000657276859,1.0,0.9991995367223655,0.4730027643954469,0.6203874162170558,1.0097712928678462,1.003773624867847
0.9526497079540747,4.235392928317004,4.414227410841257,9.602270047112336,0.0021185777845513765,72.0,60.379466859714235,2612.619332907994,0.7844564774750665,0.0916708537862454,0.9105000657276859,1.0,0.9991995367223655,0.4730027643954469,0.6203874162170558,1.0097712828678462,1.003773634867847
0.9746629801801537,4.160760302017605,4.401693735004476,9.537117017202235,0.002180791321304486,73.0,62.15255265717786,2672.841708896575,0.803471706181361,0.09378391961040614,0.9096992539792742,1.0,0.9991633503631614,0.4772484124847039,0.6241676295122767,1.0005498860359319,0.9955181695565548
0.974662969467434,4.160760312017605,4.401693734671624,9.537117016156664,0.0021807912920478495,73.0,62.15255182336371,2672.841679552695,0.8034716987786557,0.09378391858079632,0.9096992639792743,1.0,0.9991633503631614,0.4772484124847039,0.6241676295122767,1.0005498860359319,0.9955181695565548
0.9746630594240588,4.160760302017605,4.4016937374666325,9.537117098908297,0.0021807915378072337,73.0,62.15255882750616,2672.841925958371,0.8034717601580669,0.09378392722660951,0.9096992539792742,0.99999999,0.9991633503631614,0.4772484124847039,0.6241676295122767,1.0005498860359319,0.9955181695565548
0.974662929056265,4.160760322017605,4.401693753416019,9.53711700448989,0.002180791181702725,73.0,62.15254867852766,2672.8415688599152,0.8034716707424534,0.09378391469683914,0.9096992539792742,1.0,0.9991633603631614,0.4772484124847039,0.6241676295122767,1.0005498860359319,0.9955181695565548
0.9746629757571816,4.160760302017605,4.401693742867051,9.537117020641839,0.002180791309224795,73.0,62.152552312906664,2672.841696781336,0.8034717031279419,0.09378391918531004,0.9096992539792742,1.0,0.9991633503631614,0.4772484224847039,0.6241676295122767,1.0005498860359319,0.9955181695565548
0.9746629631161933,4.160760322017605,4.401693734474286,9.537117019608084,0.0021807912747107833,73.0,62.15255132925733,2672.8416621556025,0.8034716943105513,0.09378391797037201,0.9096992539792742,1.0,0.9991633503631614,0.4772484124847039,0.6241676395122767,1.0005498860359319,0.9955181695565548
0.9746629690718015,4.160760382017605,4.401693734659328,9.537117085748735,0.0021807912910234706,73.0,62.152551794168915,2672.8416784689334,0.8034716983267451,0.09378391854276959,0.9096992539792742,1.0,0.9991633503631614,0.4772484124847039,0.6241676295122767,1.0005498960359318,0.9955181695565548
0.9746629567254451,4.160760302017605,4.401693754314372,9.537117013057422,0.002180791254049556,73.0,62.15255074041235,2672.84164474673,0.8034716859350964,0.09378391735953438,0.9096992539792742,1.0,0.9991633503631614,0.4772484124847039,0.6241676295122767,1.0005498860359319,0.9955181795565549
0.975917883084746,4.156991719072751,4.400990135423777,9.533899737581274,0.00218436492749156,73.0,62.25440043350945,2676.2746107023127,0.8045327285327835,0.0939043723053443,0.9096542666718339,1.0,0.9991613175172774,0.47748692081859545,0.6243799910542234,1.0000318544072395,0.9950544017523427
0.9759178723606992,4.156991729072752,4.400990135090602,9.533899736524052,0.0021843648981925705,73.0,62.25439959848826,2676.274581327548,0.8045327211445965,0.0939043712746508,0.909654276671834,1.0,0.9991613175172774,0.47748692081859545,0.6243799910542234,1.0000318544072395,0.9950544017523427
0.9759179624209995,4.156991719072751,4.400990137888597,9.533899819382349,0.002184365144331702,73.0,62.25440661345351,2676.274828016018,0.8045327824063452,0.0939043799303866,0.9096542666718339,0.99999999,0.9991613175172774,0.47748692081859545,0.6243799910542234,1.0000318544072395,0.9950544017523427
0.97591783190492,4.156991739072751,4.400990153833717,9.533899724811388,0.0021843647876825328,73.0,62.254396448952185,2676.2744705131076,0.8045326931616167,0.09390436738642483,0.9096542666718339,1.0,0.9991613275172775,0.47748692081859545,0.6243799910542234,1.0000318544072395,0.9950544017523427
0.9759178786564282,4.156991719072751,4.400990143286198,9.533899741015379,0.002184364915392531,73.0,62.25440008868714,2676.2745985724896,0.8045327254849013,0.09390437187973648,0.9096542666718339,1.0,0.9991613175172774,0.47748693081859545,0.6243799910542234,1.0000318544072395,0.9950544017523427
0.9759178660007655,4.156991739072752,4.40099013489301,9.533899739966527,0.002184364880825035,73.0,62.2543991035135,2676.274563906727,0.8045327166835713,0.09390437066339394,0.9096542666718339,1.0,0.9991613175172774,0.47748692081859545,0.6243800010542234,1.0000318544072395,0.9950544017523427
0.9759178719640889,4.156991799072751,4.400990135078276,9.533899806115116,0.002184364897165267,73.0,62.25439956921011,2676.2745802411123,0.8045327206922517,0.09390437123653025,0.9096542666718339,1.0,0.9991613175172774,0.47748692081859545,0.6243799910542234,1.0000318644072395,0.9950544017523427
0.9759178595909666,4.156991719072751,4.400990154732595,9.533899733396312,0.002184364860099186,73.0,62.2543985128268,2676.2745464459463,0.8045327082998854,0.09390437005073496,0.9096542666718339,1.0,0.9991613175172774,0.47748692081859545,0.6243799910542234,1.0000318544072395,0.9950544117523428
0.9759914175413922,4.156771071032494,4.400948941811366,9.533711430385253,0.002184574375013496,73.0,62.260369687884626,2676.4757703718956,0.8045948246345863,0.09391143053936475,0.9096516326947215,1.0,0.9991611984954947,0.47750088532388246,0.624392424682126,1.0000015239978164,0.9950272484539727
0.9759914068166792,4.156771081032494,4.4009489414781715,9.533711429327344,0.0021845743457119746,73.0,62.26036885279128,2676.4757409953145,0.80459481724726,0.09391142950860752,0.9096516426947215,1.0,0.9991611984954947,0.47750088532388246,0.624392424682126,1.0000015239978164,0.9950272484539727
0.9759914968830521,4.156771071032494,4.400948944276341,9.533711512191886,0.0021845745918733736,73.0,62.260375868391144,2676.4759877003485,0.8045948785020843,0.0939114381649245,0.9096516326947215,0.99999999,0.9991611984954947,0.47750088532388246,0.624392424682126,1.0000015239978164,0.9950272484539727
0.9759913663582925,4.1567710910324935,4.4009489602212115,9.533711417611997,0.002184574235192297,73.0,62.26036570298046,2676.4756301737634,0.8045947892674148,0.09391142562013205,0.9096516326947215,1.0,0.9991612084954947,0.47750088532388246,0.624392424682126,1.0000015239978164,0.9950272484539727
0.9759914131127663,4.156771071032494,4.400948949673778,9.53371143381904,0.0021845743629133447,73.0,62.26036934303032,2676.475758241232,0.8045948215870385,0.09391143011372745,0.9096516326947215,1.0,0.9991611984954947,0.47750089532388246,0.624392424682126,1.0000015239978164,0.9950272484539727
0.9759914004562416,4.156771091032494,4.400948941280565,9.533711432769302,0.0021845743283426897,73.0,62.26036835776666,2676.4757235731186,0.8045948127866461,0.0939114288973024,0.9096516326947215,1.0,0.9991611984954947,0.47750088532388246,0.624392434682126,1.0000015239978164,0.9950272484539727
0.9759914064200191,4.156771151032493,4.4009489414658445,9.533711498918358,0.0021845743446845633,73.0,62.260368823510056,2676.475739908743,0.8045948167948956,0.09391142947048221,0.9096516326947215,1.0,0.9991611984954947,0.47750088532388246,0.624392424682126,1.0000015339978163,0.9950272484539727
0.9759913940453258,4.156771071032494,4.400948961120121,9.53371142619794,0.0021845743076130734,73.0,62.260367766972585,2676.475706109294,0.804594804402486,0.09391142828453664,0.9096516326947215,1.0,0.9991611984954947,0.47750088532388246,0.624392424682126,1.0000015239978164,0.9950272584539728
0.9759956846672306,4.156760155348219,4.400946551511376,9.533702391526827,0.002184586529172999,73.0,62.260716081430466,2676.4874434503463,0.8045984277417865,0.09391184012106478,0.9096514798552372,1.0,0.9991611915891219,0.4775016956300074,0.624393146157369,0.9999997640416977,0.995025672853296
0.9759956739424783,4.156760165348219,4.400946551178181,9.533702390468878,0.002184586499871335,73.0,62.26071524633305,2676.487414073658,0.8045984203545195,0.09391183909030379,0.9096514898552372,1.0,0.9991611915891219,0.4775016956300074,0.624393146157369,0.9999997640416977,0.995025672853296
0.975995764009207,4.156760155348219,4.40094655397636,9.533702473333786,0.0021845867460340146,73.0,62.26072226196941,2676.4876607796627,0.8045984816089524,0.09391184774665483,0.9096514798552372,0.99999999,0.9991611915891219,0.4775016956300074,0.624393146157369,0.9999997640416977,0.995025672853296
0.975995633483942,4.156760175348219,4.400946569921216,9.533702378753377,0.0021845863893511174,73.0,62.26071209650685,2676.4873032516984,0.8045983923748575,0.09391183520181398,0.9096514798552372,1.0,0.9991612015891219,0.4775016956300074,0.624393146157369,0.9999997640416977,0.995025672853296
0.9759956802385835,4.156760155348219,4.4009465593737875,9.53370239496059,0.0021845865170727423,73.0,62.26071573657316,2676.487431319625,0.8045984246942719,0.09391183969542544,0.9096514798552372,1.0,0.9991611915891219,0.4775017056300074,0.624393146157369,0.9999997640416977,0.995025672853296
0.9759956675820168,4.156760175348219,4.400946550980573,9.533702393910808,0.002184586482501948,73.0,62.26071475130552,2676.487396651397,0.8045984158939391,0.09391183847899638,0.9096514798552372,1.0,0.9991611915891219,0.4775016956300074,0.624393156157369,0.9999997640416977,0.995025672853296
0.9759956735458204,4.156760155348219,4.400946551165854,9.533702380059893,0.0021845864988439046,73.0,62.260715217051285,2676.4874129870923,0.8045984199021669,0.09391183905217868,0.9096514798552372,1.0,0.9991611915891219,0.4775016956300074,0.624393146157369,0.9999997740416977,0.995025672853296
0.9759956611710358,4.156760155348219,4.400946570820127,9.533702387339382,0.002184586461772104,73.0,62.26071416050497,2676.4873791873947,0.8045984075097424,0.09391183786622438,0.9096514798552372,1.0,0.9991611915891219,0.4775016956300074,0.624393146157369,0.9999997640416977,0.9950256828532961
0.9759928683616396,4.156766717893258,4.400948129109299,9.533707715364196,0.0021845785074187138,73.0,62.26048746143334,2676.47973921165,0.8045960496921284,0.0939115697969,0.9096515807292969,1.0,0.9991611961473279,0.4775011608279649,0.6243926699837086,1.000000925612736,0.9950267127497426
0.9759928576369077,4.156766727893258,4.400948128776104,9.53370771430627,0.0021845784781171604,73.0,62.26048662633907,2676.4797098350177,0.8045960423048134,0.09391156876614097,0.9096515907292969,1.0,0.9991611961473279,0.4775011608279649,0.6243926699837086,1.000000925612736,0.9950267127497426
0.9759929477034008,4.156766717893258,4.400948131574277,9.533707797170937,0.0021845787242789983,73.0,62.260493641951456,2676.47995654038,0.8045961035595032,0.09391157742246947,0.9096515807292969,0.99999999,0.9991611961473279,0.4775011608279649,0.6243926699837086,1.000000925612736,0.9950267127497426
0.9759928171784691,4.156766737893258,4.400948147519142,9.53370770259087,0.002184578367597284,73.0,62.260483476522595,2676.4795990133252,0.8045960143250258,0.09391156487766053,0.9096515807292969,1.0,0.999161206147328,0.4775011608279649,0.6243926699837086,1.000000925612736,0.9950267127497426
0.9759928639330049,4.156766717893258,4.40094813697171,9.533707718797974,0.0021845784953185327,73.0,62.26048711657818,2676.4797270809627,0.8045960466445881,0.09391156937126185,0.9096515807292969,1.0,0.9991611961473279,0.4775011708279649,0.6243926699837086,1.000000925612736,0.9950267127497426
0.9759928512764707,4.156766737893259,4.400948128578498,9.533707717748227,0.0021845784607478517,73.0,62.26048613131377,2676.4796924128236,0.8045960378442221,0.09391156815483592,0.9096515807292969,1.0,0.9991611961473279,0.4775011608279649,0.6243926799837086,1.000000925612736,0.9950267127497426
0.97599285724025,4.156766797893257,4.400948128763777,9.533707783897285,0.0021845784770897323,73.0,62.260486597057366,2676.4797087484526,0.8045960418524559,0.09391156872801588,0.9096515807292969,1.0,0.9991611961473279,0.4775011608279649,0.6243926699837086,1.000000935612736,0.9950267127497426
0.9759928448655231,4.156766717893258,4.400948148418053,9.533707711176834,0.0021845784400181,73.0,62.26048554051585,2676.479674948913,0.8045960294600516,0.09391156754206711,0.9096515807292969,1.0,0.9991611961473279,0.4775011608279649,0.6243926699837086,1.000000925612736,0.9950267227497427
0.9759954448050571,4.156760083605569,4.400946685873728,9.533702214284354,0.0021845858459672144,73.0,62.260696610065615,2676.48678728738,0.8045982252059736,0.09391181709780282,0.9096514884465751,1.0,0.9991611919773395,0.4775016500814779,0.6243931056021573,0.9999998629714857,0.9950257614201865
0.9759954340802981,4.156760093605569,4.400946685540532,9.533702213226398,0.0021845858166655665,73.0,62.260695774968646,2676.486757910674,0.8045982178186794,0.09391181606704119,0.9096514984465751,1.0,0.9991611919773395,0.4775016500814779,0.6243931056021573,0.9999998629714857,0.9950257614201865
0.975995524147015,4.156760083605569,4.400946688338712,9.533702296091295,0.002184586062828207,73.0,62.2607027906039,2676.4870046166466,0.8045982790731412,0.0939118247233911,0.9096514884465751,0.99999999,0.9991611919773395,0.4775016500814779,0.6243931056021573,0.9999998629714857,0.9950257614201865
0.9759953936217742,4.156760103605569,4.400946704283568,9.533702201510911,0.0021845857061453876,73.0,62.26069262514354,2676.486647088748,0.8045981898390167,0.09391181217855257,0.9096514884465751,1.0,0.9991612019773396,0.4775016500814779,0.6243931056021573,0.9999998629714857,0.9950257614201865
0.9759954403764024,4.156760083605569,4.400946693736138,9.533702217718108,0.002184585833866989,73.0,62.26069626520919,2676.486775156639,0.8045982221584411,0.09391181667216277,0.9096514884465751,1.0,0.9991611919773395,0.4775016600814779,0.6243931056021573,0.9999998629714857,0.9950257614201865
0.9759954277198339,4.156760103605569,4.400946685342925,9.533702216668328,0.0021845857992961715,73.0,62.26069527994089,2676.4867404884053,0.8045982133580976,0.09391181545573352,0.9096514884465751,1.0,0.9991611919773395,0.4775016500814779,0.6243931156021574,0.9999998629714857,0.9950257614201865
0.9759954336836413,4.156760083605569,4.400946685528205,9.533702202817416,0.0021845858156381375,73.0,62.26069574568692,2676.486756824111,0.8045982173663204,0.09391181602891618,0.9096514884465751,1.0,0.9991611919773395,0.4775016500814779,0.6243931056021573,0.9999998729714857,0.9950257614201865
0.9759954213088587,4.156760083605569,4.400946705182479,9.533702210096907,0.0021845857785663465,73.0,62.26069468914088,2676.48672302442,0.8045982049739075,0.0939118148429621,0.9096514884465751,1.0,0.9991611919773395,0.4775016500814779,0.6243931056021573,0.9999998629714857,0.9950257714201866
0.9759937443514765,4.1567640895178855,4.40094763840918,9.533705472278541,0.002184581002521917,73.0,62.26055857187463,2676.4821355548765,0.8045967893672371,0.09391165387911847,0.9096515493531715,1.0,0.9991611947295318,0.47750132717415933,0.6243928180939812,1.000000564314711,0.9950263892976936
0.9759937336267378,4.1567640995178845,4.400947638075984,9.533705471220607,0.002184580973220328,73.0,62.26055773677935,2676.482106178226,0.8045967819799371,0.0939116528483588,0.9096515593531715,1.0,0.9991611947295318,0.47750132717415933,0.6243928180939812,1.000000564314711,0.9950263892976936
0.9759938236933117,4.1567640895178855,4.40094764087416,9.533705554085358,0.002184581219382456,73.0,62.26056475239999,2676.4823528838083,0.8045968432345493,0.09391166150469503,0.9096515493531715,0.99999999,0.9991611947295318,0.47750132717415933,0.6243928180939812,1.000000564314711,0.9950263892976936
0.9759936931682652,4.156764109517885,4.400947656819022,9.533705459505171,0.0021845808627003593,73.0,62.26055458696024,2676.48199535644,0.804596754000178,0.0939116489598751,0.9096515493531715,1.0,0.9991612047295318,0.47750132717415933,0.6243928180939812,1.000000564314711,0.9950263892976936
0.9759937399228377,4.1567640895178855,4.40094764627159,9.533705475712313,0.0021845809904217322,73.0,62.26055822701937,2676.482123424178,0.8045967863197012,0.09391165345347993,0.9096515493531715,1.0,0.9991611947295318,0.4775013371741593,0.6243928180939812,1.000000564314711,0.9950263892976936
0.9759937272662891,4.156764109517885,4.400947637878378,9.533705474662552,0.0021845809558510066,73.0,62.26055724175369,2676.4820887559995,0.8045967775193428,0.09391165223705261,0.9096515493531715,1.0,0.9991611947295318,0.47750132717415933,0.6243928280939812,1.000000564314711,0.9950263892976936
0.9759937332300787,4.156764169517885,4.400947638063657,9.53370554081162,0.0021845809721929127,73.0,62.260557707498016,2676.4821050916566,0.8045967815275737,0.09391165281023357,0.9096515493531715,1.0,0.9991611947295318,0.47750132717415933,0.6243928180939812,1.000000574314711,0.9950263892976936
0.9759937208553393,4.1567640895178855,4.400947657717933,9.533705468091156,0.002184580935121245,73.0,62.260556650955486,2676.4820712920823,0.8045967691351628,0.0939116516242836,0.9096515493531715,1.0,0.9991611947295318,0.47750132717415933,0.6243928180939812,1.000000564314711,0.9950263992976937
0.9759953024270358,4.156760041020368,4.400946765628905,9.533702109076309,0.0021845854404281837,73.0,62.260685052203236,2676.4863978004373,0.8045981049841774,0.09391180343159429,0.9096514935462453,1.0,0.9991611922077788,0.47750162304465554,0.6243930815292824,0.9999999216945032,0.9950258139919668
0.9759952917022815,4.156760051020368,4.400946765295709,9.533702108018357,0.00218458541112654,73.0,62.260684217106395,2676.4863684237434,0.804598097596889,0.0939118024008331,0.9096515035462454,1.0,0.9991611922077788,0.47750162304465554,0.6243930815292824,0.9999999216945032,0.9950258139919668
0.9759953817689815,4.156760041020368,4.400946768093888,9.533702190883238,0.0021845856572891304,73.0,62.260691232740214,2676.48661512967,0.8045981588513552,0.09391181105718141,0.9096514935462453,0.99999999,0.9991611922077788,0.47750162304465554,0.6243930815292824,0.9999999216945032,0.9950258139919668
0.975995251243753,4.156760061020368,4.400946784038745,9.533702096302866,0.0021845853006063455,73.0,62.26068106728085,2676.4862576018054,0.804598069617209,0.09391179851234405,0.9096514935462453,1.0,0.9991612022077788,0.47750162304465554,0.6243930815292824,0.9999999216945032,0.9950258139919668
0.9759952979983894,4.156760041020368,4.400946773491316,9.533702112510074,0.0021845854283279557,73.0,62.26068470734674,2676.486385669718,0.8045981019366458,0.09391180300595502,0.9096514935462453,1.0,0.9991611922077788,0.47750163304465554,0.6243930815292824,0.9999999216945032,0.9950258139919668
0.9759952853418187,4.156760061020368,4.400946765098102,9.533702111460288,0.0021845853937571373,73.0,62.26068372207841,2676.4863510014784,0.8045980931363046,0.09391180178952556,0.9096514935462453,1.0,0.9991611922077788,0.47750162304465554,0.6243930915292825,0.9999999216945032,0.9950258139919668
0.9759952913056194,4.156760041020368,4.400946765283382,9.533702097609368,0.002184585410099107,73.0,62.26068418782456,2676.4863673371665,0.804598097144533,0.0939118023627076,0.9096514935462453,1.0,0.9991611922077788,0.47750162304465554,0.6243930815292824,0.9999999316945033,0.9950258139919668
0.9759952789308434,4.156760041020368,4.4009467849376565,9.533702104888867,0.0021845853730273076,73.0,62.26068313127826,2676.486333537492,0.8045980847521109,0.09391180117675411,0.9096514935462453,1.0,0.9991611922077788,0.47750162304465554,0.6243930815292824,0.9999999216945032,0.9950258239919668
0.9759951900589011,4.156760007411106,4.4009468285736055,9.533702026043613,0.0021845851203671006,73.0,62.26067593046237,2676.4860904080397,0.8045980101022504,0.09391179264589612,0.9096514975710274,1.0,0.9991611923896471,0.4775016017065469,0.6243930625303922,0.9999999680401174,0.9950258554828768
0.9759951793341379,4.156760017411106,4.400946828240409,9.533702024985653,0.0021845850910654214,73.0,62.26067509536451,2676.4860610313217,0.8045980027149481,0.09391179161513409,0.9096515075710274,1.0,0.9991611923896471,0.4775016017065469,0.6243930625303922,0.9999999680401174,0.9950258554828768
0.9759952694008391,4.156760007411106,4.400946831038588,9.533702107850534,0.002184585337228008,73.0,62.26068211099822,2676.4863077372515,0.8045980639694359,0.0939118002714825,0.9096514975710274,0.99999999,0.9991611923896471,0.4775016017065469,0.6243930625303922,0.9999999680401174,0.9950258554828768
0.9759951388756246,4.156760027411106,4.4009468469834445,9.533702013270176,0.002184584980545276,73.0,62.26067194554036,2676.485950209425,0.8045979747352662,0.09391178772664649,0.9096514975710274,1.0,0.9991612023896471,0.4775016017065469,0.6243930625303922,0.9999999680401174,0.9950258554828768
0.975995185630254,4.156760007411106,4.400946836436016,9.533702029477375,0.002184585108266853,73.0,62.26067558560531,2676.4860782773185,0.8045980070547112,0.09391179222025679,0.9096514975710274,1.0,0.9991611923896471,0.47750161170654687,0.6243930625303922,0.9999999680401174,0.9950258554828768
0.975995172973686,4.1567600274111065,4.400946828042802,9.533702028427594,0.002184585073696069,73.0,62.26067460033797,2676.4860436090867,0.8045979982543705,0.0939117910038276,0.9096514975710274,1.0,0.9991611923896471,0.4775016017065469,0.6243930725303922,0.9999999680401174,0.9950258554828768
0.9759951789374806,4.156760007411106,4.400946828228082,9.533702014576669,0.0021845850900379903,73.0,62.26067506608272,2676.4860599447575,0.8045980022625876,0.09391179157700903,0.9096514975710274,1.0,0.9991611923896471,0.4775016017065469,0.6243930625303922,0.9999999780401174,0.9950258554828768
0.9759951665627095,4.156760007411106,4.400946847882356,9.533702021856172,0.002184585052966228,73.0,62.260674009537496,2676.4860261450967,0.8045979898701805,0.09391179039105603,0.9096514975710274,1.0,0.9991611923896471,0.4775016017065469,0.6243930625303922,0.9999999680401174,0.9950258654828769
0.9759944672048618,4.156761920624964,4.400947233491382,9.533703621321209,0.0021845830614433464,73.0,62.26061725113538,2676.484112980567,0.8045973997348786,0.09391172326247603,0.9096515234620994,1.0,0.9991611935595894,0.4775014644403531,0.6243929403121867,1.000000266177414,0.9950261223902852
0.975994456480114,4.156761930624965,4.4009472331581865,9.533703620263266,0.0021845830321417436,73.0,62.260616416039696,2676.4840836038907,0.8045973923475799,0.09391172223171546,0.9096515334620995,1.0,0.9991611935595894,0.4775014644403531,0.6243929403121867,1.000000266177414,0.9950261223902852
0.9759945465467472,4.156761920624964,4.400947235956364,9.533703703128076,0.0021845832783040525,73.0,62.2606234316655,2676.4843303096354,0.8045974536021253,0.09391173088805738,0.9096515234620994,0.99999999,0.9991611935595894,0.4775014644403531,0.6243929403121867,1.000000266177414,0.9950261223902852
0.9759944160216255,4.156761940624965,4.400947251901225,9.533703608547814,0.0021845829216216874,73.0,62.26061326621809,2676.4839727820618,0.8045973643678724,0.09391171834323024,0.9096515234620994,1.0,0.9991612035595895,0.4775014644403531,0.6243929403121867,1.000000266177414,0.9950261223902852
0.9759944627762167,4.156761920624964,4.400947241353794,9.533703624754974,0.002184583049343136,73.0,62.26061690627937,2676.484100849851,0.8045973966873394,0.09391172283683688,0.9096515234620994,1.0,0.9991611935595894,0.47750147444035307,0.6243929403121867,1.000000266177414,0.9950261223902852
0.9759944501196612,4.156761940624964,4.40094723296058,9.533703623705206,0.0021845830147723976,73.0,62.26061592101333,2676.4840661816534,0.8045973878869979,0.0939117216204089,0.9096515234620994,1.0,0.9991611935595894,0.4775014644403531,0.6243929503121868,1.000000266177414,0.9950261223902852
0.9759944560834637,4.156762000624964,4.40094723314586,9.533703689854288,0.0021845830311143124,73.0,62.26061638675791,2676.484082517346,0.8045973918952357,0.09391172219359109,0.9096515234620994,1.0,0.9991611935595894,0.4775014644403531,0.6243929403121867,1.000000276177414,0.9950261223902852
0.9759944437086958,4.156761920624964,4.400947252800135,9.533703617133796,0.0021845829940425696,73.0,62.260615330213234,2676.4840487176943,0.8045973795028077,0.0939117210076384,0.9096515234620994,1.0,0.9991611935595894,0.4775014644403531,0.6243929403121867,1.000000266177414,0.9950261323902853
0.9759951393345242,4.156759992239465,4.400946856987629,9.533701988561617,0.002184584975887534,73.0,62.26067181279472,2676.485951647279,0.8045979672713541,0.09391178777709751,0.9096514993878642,1.0,0.9991611924717446,0.477501592074258,0.6243930539540558,0.9999999889611066,0.995025874212392
0.9759951286097741,4.156760002239465,4.400946856654433,9.533701987503672,0.0021845849465858985,73.0,62.26067097769811,2676.485922270597,0.8045979598840597,0.09391178674633673,0.9096515093878642,1.0,0.9991611924717446,0.477501592074258,0.6243930539540558,0.9999999889611066,0.995025874212392
0.975995218676453,4.156759992239465,4.4009468594526115,9.53370207036853,0.0021845851927484086,73.0,62.260677993329644,2676.4861689764657,0.8045980211385372,0.093911795402683,0.9096514993878642,0.99999999,0.9991611924717446,0.477501592074258,0.6243930539540558,0.9999999889611066,0.995025874212392
0.9759950881512596,4.156760012239465,4.400946875397469,9.533701975788194,0.002184584836065775,73.0,62.26066782787459,2676.485811448697,0.804597931904378,0.09391178285784901,0.9096514993878642,1.0,0.9991612024717447,0.477501592074258,0.6243930539540558,0.9999999889611066,0.995025874212392
0.975995134905873,4.156759992239465,4.40094686485004,9.533701991995379,0.0021845849637873106,73.0,62.26067146793836,2676.4859395165468,0.804597964223808,0.09391178735145778,0.9096514993878642,1.0,0.9991611924717446,0.477501602074258,0.6243930539540558,0.9999999889611066,0.995025874212392
0.9759951222493126,4.156760012239465,4.400946856456826,9.533701990945602,0.0021845849292165273,73.0,62.260670482671024,2676.4859048483354,0.8045979554234725,0.09391178613502932,0.9096514993878642,1.0,0.9991611924717446,0.477501592074258,0.6243930639540558,0.9999999889611066,0.995025874212392
0.9759951282131131,4.156759992239465,4.400946856642106,9.533701977094683,0.0021845849455584504,73.0,62.260670948415836,2676.485921184023,0.8045979594316943,0.09391178670821133,0.9096514993878642,1.0,0.9991611924717446,0.477501592074258,0.6243930539540558,0.9999999989611067,0.995025874212392
0.9759951158383344,4.156759992239465,4.400946876296381,9.53370198437418,0.002184584908486672,73.0,62.26066989187016,2676.4858873843414,0.8045979470392801,0.0939117855222576,0.9096514993878642,1.0,0.9991611924717446,0.477501592074258,0.6243930539540558,0.9999999889611066,0.995025884212392
0.9759946957288856,4.156761234948105,4.400947105480104,9.533703036157096,0.002184583712354165,73.0,62.26063580209371,2676.4847381270815,0.804597592697307,0.09391174519744146,0.9096515152768594,1.0,0.9991611931897222,0.47750150783588075,0.6243929789504221,1.0000001719238696,0.9950260380098015
0.9759946850041369,4.156761244948105,4.4009471051469085,9.533703035099151,0.002184583683052525,73.0,62.26063496699696,2676.4847087504027,0.8045975853100126,0.0939117441666808,0.9096515252768594,1.0,0.9991611931897222,0.47750150783588075,0.6243929789504221,1.0000001719238696,0.9950260380098015
0.975994775070786,4.156761234948105,4.400947107945086,9.533703117963977,0.0021845839292149193,73.0,62.260641982625195,2676.484955456191,0.8045976465645405,0.09391175282302425,0.9096515152768594,0.99999999,0.9991611931897222,0.47750150783588075,0.6243929789504221,1.0000001719238696,0.9950260380098015
0.9759946445456312,4.156761254948105,4.400947123889945,9.53370302338368,0.0021845835725324077,73.0,62.260631817173625,2676.4845979285274,0.8045975573303041,0.09391174027819395,0.9096515152768594,1.0,0.9991612031897222,0.47750150783588075,0.6243929789504221,1.0000001719238696,0.9950260380098015
0.9759946913002377,4.156761234948105,4.400947113342516,9.533703039590858,0.0021845837002539194,73.0,62.26063545723671,2676.484725996358,0.8045975896497669,0.09391174477180204,0.9096515152768594,1.0,0.9991611931897222,0.47750151783588074,0.6243929789504221,1.0000001719238696,0.9950260380098015
0.9759946786436793,4.156761254948105,4.400947104949301,9.533703038541084,0.0021845836656831656,73.0,62.26063447197022,2676.484691328152,0.8045975808494251,0.09391174355537377,0.9096515152768594,1.0,0.9991611931897222,0.47750150783588075,0.6243929889504222,1.0000001719238696,0.9950260380098015
0.975994684607479,4.156761314948104,4.400947105134581,9.533703104690165,0.0021845836820251143,73.0,62.26063493771576,2676.4847076638375,0.8045975848576556,0.0939117441285557,0.9096515152768594,1.0,0.9991611931897222,0.47750150783588075,0.6243929789504221,1.0000001819238695,0.9950260380098015
0.9759946722327193,4.156761234948105,4.400947124788857,9.533703031969681,0.0021845836449533597,73.0,62.260633881170754,2676.4846738642086,0.8045975724652497,0.09391174294260381,0.9096515152768594,1.0,0.9991611931897222,0.47750150783588075,0.6243929789504221,1.0000001719238696,0.9950260480098015
0.9759951106851248,4.1567599898895695,4.400946873036018,9.533701973610713,0.0021845848942847117,73.0,62.260669487114285,2676.4858732744588,0.8045979430802328,0.093911785027174,0.9096515004140232,1.0,0.9991611925181137,0.4775015866338908,0.624393049110096,1.0000000007773908,0.9950258847909202
0.9759950999603797,4.1567599998895695,4.400946872702822,9.533701972552771,0.002184584864983098,73.0,62.260668652018296,2676.485843897791,0.8045979356929484,0.09391178399641371,0.9096515104140233,1.0,0.9991611925181137,0.4775015866338908,0.624393049110096,1.0000000007773908,0.9950258847909202
0.9759951900270687,4.1567599898895695,4.400946875501001,9.533702055417638,0.0021845851111456285,73.0,62.26067566765041,2676.486090603687,0.8045979969474409,0.09391179265276095,0.9096515004140232,0.99999999,0.9991611925181137,0.4775015866338908,0.624393049110096,1.0000000007773908,0.9950258847909202
0.9759950595018674,4.156760009889569,4.400946891445859,9.533701960837295,0.0021845847544629347,73.0,62.26066550219363,2676.4857330758964,0.8045979077132708,0.0939117801079262,0.9096515004140232,1.0,0.9991612025181138,0.4775015866338908,0.624393049110096,1.0000000007773908,0.9950258847909202
0.9759951062564848,4.1567599898895695,4.400946880898429,9.533701977044483,0.002184584882184496,73.0,62.26066914225813,2676.4858611437576,0.8045979400327009,0.09391178460153535,0.9096515004140232,1.0,0.9991611925181137,0.4775015966338908,0.624393049110096,1.0000000007773908,0.9950258847909202
0.9759950935999235,4.156760009889569,4.400946872505215,9.533701975994708,0.002184584847613724,73.0,62.26066815699113,2676.4858264755444,0.8045979312323651,0.09391178338510682,0.9096515004140232,1.0,0.9991611925181137,0.4775015866338908,0.624393059110096,1.0000000007773908,0.9950258847909202
0.9759950995637153,4.156760069889569,4.400946872690495,9.53370204214378,0.002184584863955629,73.0,62.26066862273543,2676.4858428112075,0.8045979352405846,0.09391178395828798,0.9096515004140232,1.0,0.9991611925181137,0.4775015866338908,0.624393049110096,1.0000000107773908,0.9950258847909202
0.9759950871889455,4.1567599898895695,4.400946892344769,9.533701969423284,0.002184584826883869,73.0,62.260667566190264,2676.4858090115504,0.8045979228481741,0.0939117827723351,0.9096515004140232,1.0,0.9991611925181137,0.4775015866338908,0.624393049110096,1.0000000007773908,0.9950258947909203
0.9690219570170352,4.1590462638353465,4.404226940111399,9.53229516096378,0.002165261927131831,73.0,61.70996492325718,2657.3939665267426,0.7993723095250266,0.09324189356234185,0.9098490268792538,1.0,1.0,0.4774855105618678,0.6245986184780464,0.999999686427593,0.9959401127949133
0.9690219463963765,4.159046273835347,4.4042269397813545,9.532295160013078,0.0021652618981722947,73.0,61.709964097910394,2657.3939374345855,0.7993723020780445,0.0932418925415644,0.9098490368792539,1.0,1.0,0.4774855105618678,0.6245986184780464,0.999999686427593,0.9959401127949133
0.9690220358486713,4.1590462638353465,4.404226942561143,9.532295242245162,0.0021652621421671568,73.0,61.70997105176397,2657.394182462596,0.7993723640251857,0.09324190113903845,0.9098490268792538,0.99999999,1.0,0.4774855105618678,0.6245986184780464,0.999999686427593,0.9959401127949133
0.9690220078755205,4.159046243835347,4.404226921691865,9.532295173402732,0.002165262065790416,73.0,61.70996887502685,2657.3941058385644,0.7993723452963404,0.09324189845047594,0.9098490268792538,1.0,0.99999999,0.4774855105618678,0.6245986184780464,0.999999686427593,0.9959401127949133
0.9690219526159027,4.1590462638353465,4.404226947974631,9.532295164425879,0.0021652619151306955,73.0,61.70996458122482,2657.393954471141,0.799372306441927,0.09324189313933828,0.9098490268792538,1.0,1.0,0.47748552056186777,0.6245986184780464,0.999999686427593,0.9959401127949133
0.9690219400582102,4.159046283835346,4.40422693958439,9.532295163477947,0.002165261880897967,73.0,61.70996360559205,2657.393920073038,0.7993722975551774,0.0932418919323873,0.9098490268792538,1.0,1.0,0.4774855105618678,0.6245986284780465,0.999999686427593,0.9959401127949133
0.9690219459668702,4.1590462638353465,4.404226939768003,9.53229514957022,0.002165261897056385,73.0,61.70996406610696,2657.39393625802,0.7993723016005033,0.0932418925002814,0.9098490268792538,1.0,1.0,0.4774855105618678,0.6245986184780464,0.999999696427593,0.9959401127949133
0.9690219336932329,4.1590462638353465,4.404226959424997,9.532295156953577,0.002165261860353706,73.0,61.70996302008062,2657.393902733852,0.799372289159715,0.09324189132399481,0.9098490268792538,1.0,1.0,0.4774855105618678,0.6245986184780464,0.999999686427593,0.9959401227949134
0.9672361347977918,4.158994919271471,4.40550541833718,9.531736472406443,0.002160124839846761,73.0,61.56355793563269,2652.510313357217,0.7977795627518365,0.09307053731077955,0.9101120787638046,1.0,1.0,0.47703201561842445,0.6244414202538333,0.9999996877558457,0.996786876308973
0.9672361241925023,4.158994929271471,4.405505418007566,9.53173647147154,0.002160124810945846,73.0,61.56355711195661,2652.51028430694,0.7977795552849043,0.09307053629147158,0.9101120887638047,1.0,1.0,0.47703201561842445,0.6244414202538333,0.9999996877558457,0.996786876308973
0.9672362135002757,4.158994919271471,4.4055054207832605,9.531736553555007,0.0021601250544050167,73.0,61.56356405054298,2652.510528940923,0.797779617391997,0.0930705448751201,0.9101120787638046,0.99999999,1.0,0.47703201561842445,0.6244414202538333,0.9999996877558457,0.996786876308973
0.9672361855649111,4.158994899271471,4.405505399915032,9.531736484751415,0.002160124978176327,73.0,61.563561878025325,2652.510452419817,0.7977795986058556,0.09307054219016901,0.9101120787638046,1.0,0.99999999,0.47703201561842445,0.6244414202538333,0.9999996877558457,0.996786876308973
0.967236130404921,4.158994919271471,4.40550542620065,9.531736475877043,0.0021601248278750942,73.0,61.563557594440184,2652.510301324155,0.7977795596617752,0.09307053688856684,0.9101120787638046,1.0,1.0,0.47703202561842445,0.6244414202538333,0.9999996877558457,0.996786876308973
0.9672361178671225,4.158994939271471,4.405505417810971,9.531736474949565,0.0021601247937162614,73.0,61.56355662091345,2652.510266980287,0.7977795507528888,0.09307053568351883,0.9101120787638046,1.0,1.0,0.47703201561842445,0.6244414302538334,0.9999996877558457,0.996786876308973
0.9672361237657372,4.158994919271471,4.4055054179942985,9.531736461031507,0.002160124809837793,73.0,61.563557080377095,2652.5102831378754,0.797779554808815,0.09307053625045177,0.9101120787638046,1.0,1.0,0.47703201561842445,0.6244414202538333,0.9999996977558457,0.996786876308973
0.9672361115344209,4.158994919271471,4.405505437652437,9.531736468458329,0.0021601247732788873,73.0,61.56355603844829,2652.5102497290864,0.7977795423748706,0.09307053507821356,0.9101120787638046,1.0,1.0,0.47703201561842445,0.6244414202538333,0.9999996877558457,0.996786886308973
0.9601396937484973,4.15913740477157,4.4106206111455935,9.529897709665661,0.0021398065587798954,72.0,60.98448692522702,2633.1033970131225,0.7914017167271942,0.09238959287765341,0.9111642863020077,1.0,1.0,0.47521803584465117,0.6238126273569808,0.9999996930688566,1.0001739303652117
0.9601396832045115,4.15913741477157,4.410620610817697,9.52989770879378,0.0021398065303412793,72.0,60.984486114726465,2633.1033681298413,0.7914017091824225,0.09238959186420496,0.9111642963020078,1.0,1.0,0.47521803584465117,0.6238126273569808,0.9999996930688566,1.0001739303652117
0.960139771936014,4.15913740477157,4.410620613577058,9.529897790284643,0.0021398067697608186,72.0,60.98449293818334,2633.1036111931007,0.7914017719115833,0.09238960039274037,0.9111642863020077,0.99999999,1.0,0.47521803584465117,0.6238126273569808,0.9999996930688566,1.0001739303652117
0.9601397441514744,4.1591373847715705,4.410620592713024,9.529897721636068,0.0021398066947039703,72.0,60.98449079906316,2633.1035350826933,0.791401752901651,0.09238959772219976,0.9111642863020077,1.0,0.99999999,0.47521803584465117,0.6238126273569808,0.9999996930688566,1.0001739303652117
0.960139689388576,4.15913740477157,4.410620619010008,9.529897713170154,0.0021398065470200726,72.0,60.984486590072066,2633.1033850699323,0.7914017136102608,0.09238959245859411,0.9111642863020077,1.0,1.0,0.47521804584465116,0.6238126273569808,0.9999996930688566,1.0001739303652117
0.9601396769300671,4.15913742477157,4.410620610622574,9.52989771232421,0.002139806513427768,72.0,60.98448563269138,2633.103350942159,0.7914017046152145,0.09238959126112839,0.9111642863020077,1.0,1.0,0.47521803584465117,0.6238126373569809,0.9999996930688566,1.0001739303652117
0.9601396827885789,4.15913740477157,4.4106206108047585,9.529897698364909,0.0021398065292758863,72.0,60.98448608436276,2633.1033669904136,0.7914017087122428,0.09238959182422504,0.9111642863020077,1.0,1.0,0.47521803584465117,0.6238126273569808,0.9999997030688567,1.0001739303652117
0.9601396707252954,4.1591374247719175,4.410620630467448,9.529897725964661,0.002139806493608359,72.0,60.98448506783822,2633.1033340396625,0.7914016963083658,0.09238959066805834,0.9111642863020077,1.0,1.0,0.47521803584465117,0.6238126273569808,0.9999996930688566,1.0001739403652117
0.964923132904867,4.158928216032233,4.4071665187096585,9.53101786764676,0.0021534755069875905,73.0,61.374051949146335,2646.1849321769128,0.7957093047111624,0.09284859411147062,0.9104538172354714,1.0,1.0,0.4764428669447871,0.624237199398381,0.999999689481418,0.9978869317967033
0.9649231223195149,4.158928226032233,4.407166518380603,9.531017866732352,0.00215347547816259,73.0,61.37405112763382,2646.1849031809656,0.7957092972185912,0.09284859309406897,0.9104538272354714,1.0,1.0,0.4764428669447871,0.624237199398381,0.999999689481418,0.9978869317967033
0.9649232114398323,4.158928216032233,4.407166521150986,9.531017948623052,0.0021534757209281464,73.0,61.37405804645218,2646.18514730385,0.7957093595308352,0.09284860165978422,0.9104538172354714,0.99999999,1.0,0.4764428669447871,0.624237199398381,0.999999689481418,0.9978869317967033
0.9649231835535147,4.1589281960322335,4.407166500284121,9.531017879869868,0.0021534756448912014,73.0,61.37405587939924,2646.1850709163473,0.7957093406710879,0.09284859897952095,0.9104538172354714,1.0,0.99999999,0.4764428669447871,0.624237199398381,0.999999689481418,0.9978869317967033
0.9649231285227273,4.158928216032233,4.407166526573436,9.531017871128396,0.002153475495054112,73.0,61.37405160904219,2646.1849201731284,0.7957093016122297,0.09284859369028521,0.9104538172354714,1.0,1.0,0.4764428769447871,0.624237199398381,0.999999689481418,0.9978869317967033
0.9649231160107136,4.158928236032233,4.4071665181844875,9.531017870227434,0.002153475460990961,73.0,61.37405063824238,2646.1848858995554,0.7957092926749154,0.0928485924877037,0.9104538172354714,1.0,1.0,0.4764428669447871,0.624237209398381,0.999999689481418,0.9978869317967033
0.9649231218962799,4.158928216032233,4.407166518367442,9.531017856295957,0.002153475477064652,73.0,61.374051096342576,2646.18490202156,0.7957092967444012,0.09284859305338806,0.9104538172354714,1.0,1.0,0.4764428669447871,0.624237199398381,0.9999996994814181,0.9978869317967033
0.9649231097197574,4.158928216032233,4.407166538027066,9.531017863779056,0.0021534754406916513,73.0,61.37405005971206,2646.1848687621577,0.7957092843197513,0.0928485918863915,0.9104538172354714,1.0,1.0,0.4764428669447871,0.624237199398381,0.999999689481418,0.9978869417967033
0.9612381410757964,4.158821473090702,4.409825170383825,9.529884784550323,0.0021429318788068856,72.0,61.073558545996235,2636.1074104007093,0.7923940044343728,0.09249499685616525,0.911000689772947,1.0,1.0,0.4755000722148547,0.6239103916588777,0.9999996922427932,0.9996473134505601
0.9612381305223006,4.158821483090703,4.409825170055662,9.529884783668665,0.0021429318503327086,72.0,61.0735577344822,2636.107381491511,0.7923939969014825,0.09249499584180741,0.9110006997729471,1.0,1.0,0.4755000722148547,0.6239103916588777,0.9999996922427932,0.9996473134505601
0.9612382193431648,4.158821473090702,4.409825172817558,9.529884865251425,0.0021429320900772882,72.0,61.073564567202716,2636.1076247984315,0.7923940595358004,0.09249500437889234,0.911000689772947,0.99999999,1.0,0.4755000722148547,0.6239103916588777,0.9999996922427932,0.9996473134505601
0.9612381915352267,4.158821453090702,4.409825151952872,9.529884796578802,0.0021429320149305648,72.0,61.0735624255211,2636.107548624283,0.7923940405600949,0.09249500170611519,0.911000689772947,1.0,0.99999999,0.4755000722148547,0.6239103916588777,0.9999996922427932,0.9996473134505601
0.9612381367107722,4.158821473090702,4.409825178248093,9.529884788049568,0.002142931867029201,72.0,61.07355821033222,2636.1073984435966,0.7923940013215218,0.09249499643661742,0.911000689772947,1.0,1.0,0.4755000822148547,0.6239103916588777,0.9999996922427932,0.9996473134505601
0.9612381242399678,4.158821493090702,4.40982516986031,9.52988478719098,0.002142931833392087,72.0,61.07355725167448,2636.1073642823003,0.7923939923396205,0.09249499523797546,0.911000689772947,1.0,1.0,0.4755000722148547,0.6239104016588778,0.9999996922427932,0.9996473134505601
0.9612381301047007,4.158821473090702,4.409825170042673,9.529884773238077,0.0021429318492626154,72.0,61.07355770398454,2636.1073803475215,0.7923939964303838,0.09249499580166742,0.911000689772947,1.0,1.0,0.4755000722148547,0.6239103916588777,0.9999997022427932,0.9996473134505601
0.961238118015419,4.158821473090702,4.409825189704657,9.529884780810779,0.0021429318135081986,72.0,61.073556684983664,2636.1073473258866,0.7923939840215343,0.09249499464301357,0.911000689772947,1.0,1.0,0.4755000722148547,0.6239103916588777,0.9999996922427932,0.9996473234505602
0.9606142313774051,4.1588033423310335,4.410276808828246,9.529694382536684,0.0021411565931023957,72.0,61.022962903418275,2634.4011555960797,0.7918306198169511,0.09243512826652911,0.9110935784867507,1.0,1.0,0.47533993436948313,0.6238548819221416,0.999999692711825,0.9999463220429188
0.9606142208293007,4.158803352331034,4.410276808500234,9.529694381660569,0.002141156564648375,72.0,61.022962092478686,2634.401126701575,0.7918306122772895,0.09243512725268684,0.9110935884867507,1.0,1.0,0.47533993436948313,0.6238548819221416,0.999999692711825,0.9999463220429188
0.9606143095994301,4.1588033423310335,4.410276811260691,9.529694463191156,0.0021411568042083843,72.0,61.022968919938954,2634.4013698701574,0.7918306749655608,0.0924351357849178,0.9110935784867507,0.99999999,1.0,0.47533993436948313,0.6238548819221416,0.999999692711825,0.9999463220429188
0.9606142818047738,4.158803322331034,4.4102767903963755,9.529694394532182,0.0021411567291126847,72.0,61.02296677971152,2634.4012937321904,0.7918306559703953,0.09243513311341019,0.9110935784867507,1.0,0.99999999,0.47533993436948313,0.6238548819221416,0.999999692711825,0.9999463220429188
0.9606142270152797,4.1588033423310335,4.410276816692598,9.529694386038912,0.002141156581334847,72.0,61.02296256804314,2634.401143646876,0.7918306167017747,0.0924351278472588,0.9110935784867507,1.0,1.0,0.4753399443694831,0.6238548819221416,0.999999692711825,0.9999463220429188
0.9606142145514573,4.158803362331033,4.410276808305013,9.529694385187504,0.0021411565477232005,72.0,61.02296161011121,2634.4011095046158,0.7918306077124009,0.09243512664928476,0.9110935784867507,1.0,1.0,0.47533993436948313,0.6238548919221416,0.999999692711825,0.9999463220429188
0.9606142204126519,4.1588033423310335,4.410276808487274,9.52969437123096,0.00214115656358096,72.0,61.02296206205737,2634.4011255601868,0.7918306118067263,0.09243512721263814,0.9110935784867507,1.0,1.0,0.47533993436948313,0.6238548819221416,0.999999702711825,0.9999463220429188
0.960614208338139,4.1588033423310335,4.410276828149659,9.529694378818832,0.002141156527875913,72.0,61.02296104446352,2634.4010925788193,0.7918305994006798,0.09243512605539717,0.9110935784867507,1.0,1.0,0.47533993436948313,0.6238548819221416,0.999999692711825,0.9999463320429188
0.7979125938333259,4.336140150861691,4.555363943860102,9.689416688555118,0.0016888963552828139,70.0,48.133546125560194,2188.4738885353486,0.7444391086115404,0.07678855749246837,0.9457447055056144,1.0,1.0,0.40504356618843435,0.5918120761202075,0.9999995483781552,1.1028566718110284
0.7979125847087678,4.33614016086169,4.555363943568978,9.689416689139435,0.0016888963323017955,70.0,48.13354547060117,2188.4738635324484,0.7444390982661195,0.07678855661517363,0.9457447155056145,1.0,1.0,0.40504356618843435,0.5918120761202075,0.9999995483781552,1.1028566718110284
0.7979126594723103,4.336140150861691,4.555363945954345,9.689416756288345,0.0016888965206557397,70.0,48.133550838688585,2188.474068397677,0.7444391823920697,0.07678856380342726,0.9457447055056144,0.99999999,1.0,0.40504356618843435,0.5918120761202075,0.9999995483781552,1.1028566718110284
0.7979126355086723,4.336140130861691,4.555363925189776,9.68941669156014,0.0016888964602341783,70.0,48.13354911667408,2188.4740027331673,0.7444391559491934,0.07678856149940938,0.9457447055056144,1.0,0.99999999,0.40504356618843435,0.5918120761202075,0.9999995483781552,1.1028566718110284
0.7979125902885411,4.336140150861691,4.555363951747005,9.689416692897236,0.0016888963463546594,70.0,48.13354587110779,2188.473878822013,0.7444391045946321,0.07678855715164958,0.9457447055056144,1.0,1.0,0.40504357618843434,0.5918120761202075,0.9999995483781552,1.1028566718110284
0.7979125797498863,4.3361401708616905,4.555363943410762,9.689416694022338,0.0016888963198177778,70.0,48.133545114806665,2188.47384994423,0.7444390925781835,0.07678855613839404,0.9457447055056144,1.0,1.0,0.40504356618843435,0.5918120861202075,0.9999995483781552,1.1028566718110284
0.7979125846108057,4.336140150861691,4.555363943565851,9.689416679038347,0.0016888963320916893,70.0,48.13354546461314,2188.4738632639837,0.7444390980308433,0.07678855660575382,0.9457447055056144,1.0,1.0,0.40504356618843435,0.5918120761202075,0.9999995583781552,1.1028566718110284
0.7979125765277285,4.336140171067404,4.555363963335702,9.689416710930836,0.0016888963094796759,70.0,48.13354482017076,2188.4738411837216,0.74443908589266,0.07678855583100777,0.9457447055056144,1.0,1.0,0.40504356618843435,0.5918120761202075,0.9999995483781552,1.1028566818110284
0.9439197096862819,4.174495062600782,4.423182863319557,9.541597635606621,0.0020934451264639927,72.0,59.66318610422379,2588.7536524716775,0.7761220450344551,0.0908334614902343,0.9141956638965293,1.0,1.0,0.4690467671089739,0.6209863021985315,0.9999996797905896,1.0091592026039775
0.9439196992756893,4.174495072600781,4.423182862995339,9.54159763487181,0.0020934450985321783,72.0,59.66318530816708,2588.7536239517335,0.776122037320131,0.09083346048953451,0.9141956738965293,1.0,1.0,0.4690467671089739,0.6209863021985315,0.9999996797905896,1.0091592026039775
0.9439197866763208,4.174495062600782,4.423182865717253,9.541597714994356,0.002093445333120019,72.0,59.66319199392055,2588.753863386695,0.7761221013438037,0.09083346889076122,0.9141956638965293,0.99999999,1.0,0.4690467671089739,0.6209863021985315,0.9999996797905896,1.0091592026039775
0.9439197592540794,4.174495042600781,4.423182844863249,9.54159764671811,0.0020934452594367275,72.0,59.66318989394673,2588.7537882632787,0.7761220818693881,0.09083346625485188,0.9141956638965293,1.0,0.99999999,0.4690467671089739,0.6209863021985315,0.9999996797905896,1.0091592026039775
0.9439197054050229,4.174495062600782,4.423182871186226,9.54159763919203,0.0020934451149768095,72.0,59.66318577683907,2588.753640743117,0.7761220418647208,0.09083346107870587,0.9141956638965293,1.0,1.0,0.4690467771089739,0.6209863021985315,0.9999996797905896,1.0091592026039775
0.9439196931292373,4.174495082600782,4.42318286280392,9.541597638533938,0.0020934450820499005,72.0,59.66318483842217,2588.753607113442,0.7761220326902596,0.09083345989871726,0.9141956638965293,1.0,1.0,0.4690467671089739,0.6209863121985315,0.9999996797905896,1.0091592026039775
0.9439196988921293,4.174495062600782,4.423182862983391,9.541597624476303,0.002093445097556885,72.0,59.66318528037122,2588.7536229009115,0.776122036870396,0.09083346045266356,0.9141956638965293,1.0,1.0,0.4690467671089739,0.6209863021985315,0.9999996897905896,1.0091592026039775
0.9439196872398445,4.1744950826191,4.423182882657242,9.541597652516188,0.00209344506324567,72.0,59.663184302501605,2588.7535910709253,0.7761220245854467,0.09083345933582194,0.9141956638965293,1.0,1.0,0.4690467671089739,0.6209863021985315,0.9999996797905896,1.0091592126039775
0.9589637144155078,4.1602379375680565,4.411536464749502,9.530738116733065,0.0021364287699943275,72.0,60.88821994483834,2629.8883429453144,0.7902961120582482,0.09227678396299349,0.9113964812146501,1.0,1.0,0.4747254388677389,0.6235747798267126,0.9999996914501326,1.0008459125715867
0.9589637038809163,4.160237947568056,4.411536464421863,9.530738115870836,0.002136428741591974,72.0,60.888219135371266,2629.8883140876133,0.7902961045007297,0.09227678295044257,0.9113964912146502,1.0,1.0,0.4747254388677389,0.6235747798267126,0.9999996914501326,1.0008459125715867
0.9589637925163287,4.1602379375680565,4.411536467178534,9.53073819726292,0.0021364289806598126,72.0,60.88822594880466,2629.8885568889536,0.7902961673265434,0.09227679146978784,0.9113964812146501,0.99999999,1.0,0.4747254388677389,0.6235747798267126,0.9999996914501326,1.0008459125715867
0.9589637647582893,4.160237917568057,4.411536446315231,9.530738128641577,0.002136428905703903,72.0,60.888223812561236,2629.888480850731,0.7902961482824064,0.09227678880178003,0.9113964812146501,1.0,0.99999999,0.4747254388677389,0.6235747798267126,0.9999996914501326,1.0008459125715867
0.958963710061345,4.1602379375680565,4.411536472614082,9.530738120243484,0.002136428758254536,72.0,60.888219610254275,2629.888331017835,0.7902961089373808,0.09227678354448543,0.9113964812146501,1.0,1.0,0.4747254488677389,0.6235747798267126,0.9999996914501326,1.0008459125715867
0.9589636976160147,4.160237957568056,4.411536464227015,9.530738119411087,0.002136428724710645,72.0,60.88821865425338,2629.88829692598,0.7902960999289342,0.09227678234827999,0.9113964812146501,1.0,1.0,0.4747254388677389,0.6235747898267127,0.9999996914501326,1.0008459125715867
0.9589637034675358,4.1602379375680565,4.411536464409003,9.530738105444595,0.0021364287405336896,72.0,60.888219105210155,2629.88831295517,0.7902961040321302,0.09227678291070772,0.9113964812146501,1.0,1.0,0.4747254388677389,0.6235747798267126,0.9999997014501326,1.0008459125715867
0.95896369143488,4.160237957569748,4.4115364840725215,9.53073813307715,0.0021364287049674105,72.0,60.8882180915712,2629.8882800879355,0.7902960916369096,0.09227678175747142,0.9113964812146501,1.0,1.0,0.4747254388677389,0.6235747798267126,0.9999996914501326,1.0008459225715867
0.9604364458010398,4.158861870490326,4.410412323732809,9.529710640024174,0.002140647220965845,72.0,61.00844579752658,2633.915059318786,0.7916655270019728,0.0924180722567995,0.9111261664282914,1.0,1.0,0.4752738235634606,0.6238247469980537,0.9999996925760852,1.0000431049400622
0.9604364352543993,4.158861880490327,4.410412323404837,9.529710639149563,0.002140647192517438,72.0,61.00844498674699,2633.9150304282675,0.791665519460404,0.0924180712430971,0.9111261764282914,1.0,1.0,0.4752738235634606,0.6238247469980537,0.9999996925760852,1.0000431049400622
0.9604365240100148,4.158861870490326,4.410412326164887,9.529710720665229,0.0021406474320243636,72.0,61.00845181269436,2633.9152735572857,0.7916655821635279,0.09241807977393984,0.9111261664282914,0.99999999,1.0,0.4752738235634606,0.6238247469980537,0.9999996925760852,1.0000431049400622
0.9604364962193056,4.158861850490326,4.41041230530068,9.529710652010312,0.00214064735694376,72.0,61.008449672897164,2633.9151974300703,0.7916655631630748,0.09241807710280948,0.9111261664282914,1.0,0.99999999,0.4752738235634606,0.6238247469980537,0.9999996925760852,1.0000431049400622
0.960436441439775,4.158861870490326,4.410412331597184,9.529710643527284,0.0021406472092012825,72.0,61.008445462236544,2633.91504737193,0.791665523886189,0.09241807183761158,0.9111261664282914,1.0,1.0,0.4752738335634606,0.6238247469980537,0.9999996925760852,1.0000431049400622
0.9604364289779461,4.158861890490327,4.410412323209656,9.52971064267793,0.002140647175596946,72.0,61.008444504512966,2633.9150132351033,0.7916655148947656,0.09241807063982818,0.9111261664282914,1.0,1.0,0.4752738235634606,0.6238247569980537,0.9999996925760852,1.0000431049400622
0.9604364348380952,4.158861870490326,4.410412323391888,9.52971062872031,0.0021406471914509747,72.0,61.008444956352776,2633.915029287823,0.7916655189900288,0.09241807120308151,0.9111261664282914,1.0,1.0,0.4752738235634606,0.6238247469980537,0.9999997025760853,1.0000431049400622
0.9604364227680892,4.158861890490412,4.410412343054395,9.529710656312897,0.0021406471557608897,72.0,61.00844393918536,2633.9149963187447,0.7916655065851421,0.09241807004627174,0.9111261664282914,1.0,1.0,0.4752738235634606,0.6238247469980537,0.9999996925760852,1.0000431149400621
0.9605388453991242,4.158791605422046,4.410334265902453,9.529664716723623,0.0021409406019248503,72.0,61.01680715485823,2634.1950374446037,0.7917606217255299,0.09242789605068785,0.9111073955156497,1.0,1.0,0.47531190391176875,0.6238421049531981,0.9999996926542724,0.9999873572241406
0.9605388348516418,4.158791615422047,4.410334265574458,9.529664715848146,0.002140940573473229,72.0,61.01680634398702,2634.195008551793,0.7917606141850584,0.09242789503690502,0.9111074055156497,1.0,1.0,0.47531190391176875,0.6238421049531981,0.9999996926542724,0.9999873572241406
0.9605389236156123,4.158791605422046,4.410334268334743,9.529664797372401,0.002140940813010691,72.0,61.016813170804696,2634.1952517035866,0.791760676879622,0.0924279035685469,0.9111073955156497,0.99999999,1.0,0.47531190391176875,0.6238421049531981,0.9999996926542724,0.9999873572241406
0.9605388958226334,4.158791585422046,4.410334247470473,9.529664728715153,0.002140940737921407,72.0,61.0168110307601,2634.195175570189,0.7917606578822137,0.09242790089719961,0.9111073955156497,1.0,0.99999999,0.47531190391176875,0.6238421049531981,0.9999996926542724,0.9999873572241406
0.960538841037365,4.158791605422046,4.410334273766815,9.529664720226226,0.0021409405901585644,72.0,61.01680681951909,2634.1950254963995,0.7917606186101003,0.09242789563145261,0.9111073955156497,1.0,1.0,0.47531191391176875,0.6238421049531981,0.9999996926542724,0.9999873572241406
0.9605388285743898,4.158791625422046,4.410334265379253,9.529664719375688,0.002140940556550009,72.0,61.016805861675245,2634.194991356448,0.7917606096198513,0.09242789443355959,0.9111073955156497,1.0,1.0,0.47531190391176875,0.6238421149531982,0.9999996926542724,0.9999873572241406
0.9605388344351431,4.158791605422046,4.410334265561502,9.529664705418691,0.0021409405724062084,72.0,61.01680631357694,2634.195007410816,0.791760613714573,0.09242789499687074,0.9111073955156497,1.0,1.0,0.47531190391176875,0.6238421049531981,0.9999997026542724,0.9999873572241406
0.9605388223625444,4.158791605422046,4.4103342852239384,9.529664713008529,0.0021409405367075096,72.0,61.01680529616403,2634.1949744346675,0.7917606013090278,0.0924278938398129,0.9111073955156497,1.0,1.0,0.47531190391176875,0.6238421049531981,0.9999996926542724,0.9999873672241406
0.9604712597430037,4.158829383215223,4.410385784018318,9.529686426976545,0.00214074696395983,72.0,61.01128847285516,2634.010246643671,0.7916978591934362,0.09242141216293583,0.9111197843179932,1.0,1.0,0.47528677088188537,0.6238306487028028,0.9999996926026689,1.000024150716649
0.9604712491960726,4.158829393215222,4.410385783690338,9.529686426101634,0.002140746935510316,72.0,61.011287662044005,2634.0102177523613,0.7916978516522346,0.09242141114920566,0.9111197943179933,1.0,1.0,0.47528677088188537,0.6238306487028028,0.9999996926026689,1.000024150716649
0.9604713379545358,4.158829383215223,4.410385786450468,9.529686507620227,0.00214074717502766,72.0,61.011294488288314,2634.0104608891415,0.7916979143524604,0.09242141968032076,0.9111197843179932,0.99999999,1.0,0.47528677088188537,0.6238306487028028,0.9999996926026689,1.000024150716649
0.9604713101630485,4.158829363215223,4.4103857655862395,9.52968643896451,0.0021407470999440714,72.0,61.01129234840604,2634.0103847598075,0.7916978953530364,0.09242141700911605,0.9111197843179932,1.0,0.99999999,0.47528677088188537,0.6238306487028028,0.9999996926026689,1.000024150716649
0.9604712553815707,4.158829383215223,4.41038579188269,9.529686430479483,0.002140746952194688,72.0,61.011288137548604,2634.0102346963563,0.7916978560777727,0.0924214117437318,0.9111197843179932,1.0,1.0,0.47528678088188536,0.6238306487028028,0.9999996926026689,1.000024150716649
0.9604712429193446,4.158829403215223,4.410385783495149,9.529686429629717,0.002140746918588898,72.0,61.01128717978359,2634.010200558447,0.7916978470867321,0.09242141054591042,0.9111197843179932,1.0,1.0,0.47528677088188537,0.6238306587028029,0.9999996926026689,1.000024150716649
0.9604712487797087,4.158829383215223,4.410385783677387,9.52968641567232,0.0021407469344436815,72.0,61.011287631644926,2634.010216611753,0.7916978511818382,0.09242141110918432,0.9111197843179932,1.0,1.0,0.47528677088188537,0.6238306487028028,0.9999997026026689,1.000024150716649
0.9604712367088187,4.158829403215271,4.410385803339869,9.529686443263959,0.0021407468987506444,72.0,61.01128661439337,2634.0101836402637,0.7916978387767131,0.09242140995228995,0.9111197843179932,1.0,1.0,0.47528677088188537,0.6238306487028028,0.9999996926026689,1.000024160716649
0.9605248387170742,4.158789424550277,4.410344942208879,9.52965920547623,0.002140900471404443,72.0,61.015663435026624,2634.1567407732564,0.7917476151686521,0.09242655230783356,0.9111099629010051,1.0,1.0,0.47530669548474985,0.6238397308246362,0.9999996926435784,0.9999949820995094
0.9605248281697059,4.158789434550277,4.410344941880887,9.52965920460087,0.0021409004429532347,72.0,61.015662624167184,2634.156711880756,0.7917476076280273,0.09242655129406162,0.9111099729010051,1.0,1.0,0.47530669548474985,0.6238397308246362,0.9999996926435784,0.9999949820995094
0.9605249169325281,4.158789424550277,4.410344944641139,9.529659286123945,0.0021409006824865255,72.0,61.01566945086597,2634.1569550294194,0.7917476703237644,0.09242655982559367,0.9111099629010051,0.99999999,1.0,0.47530669548474985,0.6238397308246362,0.9999996926435784,0.9999949820995094
0.9605248891398621,4.158789404550277,4.410344923776878,9.529659217467017,0.0021409006073984604,72.0,61.015667310856124,2634.156878896875,0.791747651325945,0.0924265571542763,0.9111099629010051,1.0,0.99999999,0.47530669548474985,0.6238397308246362,0.9999996926435784,0.9999949820995094
0.9605248343553808,4.158789424550277,4.4103449500732435,9.529659208978902,0.002140900459638396,72.0,61.015663099694294,2634.1567288252318,0.7917476120531719,0.09242655188860463,0.9111099629010051,1.0,1.0,0.47530670548474985,0.6238397308246362,0.9999996926435784,0.9999949820995094
0.960524821892552,4.158789444550278,4.410344941685685,9.529659208128514,0.002140900426030376,72.0,61.015662141865725,2634.156694685679,0.7917476030627492,0.09242655069072558,0.9111099629010051,1.0,1.0,0.47530669548474985,0.6238397408246362,0.9999996926435784,0.9999949820995094
0.9605248277532317,4.158789424550277,4.410344941867932,9.52965919417144,0.0021409004418863073,72.0,61.015662593759764,2634.156710739847,0.7917476071575609,0.09242655125402971,0.9111099629010051,1.0,1.0,0.47530669548474985,0.6238397308246362,0.9999997026435784,0.9999949820995094
0.9605248156809796,4.158789424550277,4.410344961530378,9.529659201761636,0.002140900406188755,72.0,61.01566157637953,2634.156677764643,0.7917475947520954,0.09242655009700503,0.9111099629010051,1.0,1.0,0.47530669548474985,0.6238397308246362,0.9999996926435784,0.9999949920995095
0.9604894760681666,4.158812385078571,4.410371897788825,9.529673758935562,0.0021407991547026943,72.0,61.01277590902679,2634.0600532137423,0.7917147762210507,0.0924231597618857,0.9111164450362172,1.0,1.0,0.4752935452468593,0.6238337366242261,0.9999996926165781,1.0000142333868214
0.9604894655210914,4.158812395078572,4.410371897460842,9.529673758060504,0.002140799126252603,72.0,61.012775098199185,2634.0600243220406,0.7917147686800503,0.09242315874814178,0.9111164550362173,1.0,1.0,0.4752935452468593,0.6238337366242261,0.9999996926165781,1.0000142333868214
0.960489554281025,4.158812385078571,4.410371900221013,9.52967383958061,0.0021407993657753324,72.0,61.01278192459697,2634.0602674628294,0.7917148313787399,0.09242316727939752,0.9111164450362172,0.99999999,1.0,0.4752935452468593,0.6238337366242261,0.9999996926165781,1.0000142333868214
0.960489526489144,4.158812365078571,4.410371879356774,9.52967377092449,0.002140799290690245,72.0,61.01277978467198,2634.060191332422,0.7917148123798672,0.09242316460815517,0.9111164450362172,1.0,0.99999999,0.4752935452468593,0.6238337366242261,0.9999996926165781,1.0000142333868214
0.9604894717066472,4.158812385078571,4.410371905653196,9.529673762438414,0.002140799142937249,72.0,61.01277557371159,2634.0600412661925,0.7917147731054526,0.09242315934267342,0.9111164450362172,1.0,1.0,0.4752935552468593,0.6238337366242261,0.9999996926165781,1.0000142333868214
0.9604894592442191,4.158812405078571,4.410371897265649,9.52967376158844,0.0021407991093307117,72.0,61.01277461592528,2634.0600071277327,0.791714764114625,0.09242315814483272,0.9111164450362172,1.0,1.0,0.4752935452468593,0.6238337466242262,0.9999996926165781,1.0000142333868214
0.9604894651046885,4.158812385078571,4.41037189744789,9.529673747631149,0.002140799125185876,72.0,61.01277506779747,2634.0600231813264,0.7917147682096265,0.09242315870811671,0.9111164450362172,1.0,1.0,0.4752935452468593,0.6238337366242261,0.9999997026165781,1.0000142333868214
0.9604894530333373,4.158812405078599,4.41037191711036,9.529673775222296,0.002140799089491302,72.0,61.0127740505021,2634.0599902085787,0.7917147558043945,0.0924231575511782,0.9111164450362172,1.0,1.0,0.4752935452468593,0.6238337366242261,0.9999996926165781,1.0000142433868213
0.9605190303432773,4.158788520158836,4.410349369596982,9.529656920099097,0.002140883829893031,72.0,61.01518915195138,2634.1408596822043,0.7917422214461002,0.09242599507656857,0.9111110275767809,1.0,1.0,0.4753045355884704,0.6238387462910276,0.9999996926391436,0.9999981440791014
0.9605190197959576,4.158788530158836,4.4103493692689915,9.529656919223786,0.0021408838014420097,72.0,61.01518834109728,2634.1408307898355,0.7917422139054207,0.09242599406280125,0.9111110375767809,1.0,1.0,0.4753045355884704,0.6238387462910276,0.9999996926391436,0.9999981440791014
0.9605191085583115,4.158788520158836,4.410349372029231,9.52965700074638,0.0021408840409735783,72.0,61.01519516774698,2634.1410739372227,0.7917422766016413,0.09242600259428851,0.9111110275767809,0.99999999,1.0,0.4753045355884704,0.6238387462910276,0.9999996926391436,0.9999981440791014
0.9605190807657824,4.1587885001588365,4.410349351164973,9.52965693208959,0.002140883965885988,72.0,61.01519302775066,2634.1409978050506,0.7917422576036751,0.09242599992298423,0.9111110275767809,1.0,0.99999999,0.4753045355884704,0.6238387462910276,0.9999996926391436,0.9999981440791014
0.9605190259816138,4.158788520158836,4.410349377461347,9.529656923601797,0.002140883818127086,72.0,61.01518881662195,2634.14084773426,0.7917422183306071,0.09242599465734247,0.9111110275767809,1.0,1.0,0.4753045455884704,0.6238387462910276,0.9999996926391436,0.9999981440791014
0.9605190135188653,4.158788540158836,4.410349369073792,9.529656922751494,0.002140883784519342,72.0,61.01518785880125,2634.1408135949273,0.791742209340139,0.09242599345947114,0.9111110275767809,1.0,1.0,0.4753045355884704,0.6238387562910277,0.9999996926391436,0.9999981440791014
0.9605190193795017,4.158788520158836,4.410349369256037,9.529656908794376,0.0021408838003751382,72.0,61.01518831069144,2634.1408296489763,0.7917422134349681,0.0924259940227711,0.9111110275767809,1.0,1.0,0.4753045355884704,0.6238387462910276,0.9999997026391436,0.9999981440791014
0.9605190073073999,4.158788520158836,4.410349388918488,9.529656916384724,0.0021408837646780814,72.0,61.01518729332532,2634.1407966741826,0.7917422010295407,0.0924259928657608,0.9111110275767809,1.0,1.0,0.4753045355884704,0.6238387462910276,0.9999996926391436,0.9999981540791014
0.9604995243616593,4.158803008973959,4.410364238199254,9.529666771534872,0.002140827943723301,72.0,61.01359639611408,2634.0875269767207,0.7917241075963853,0.09242412375356915,0.9111146031000088,1.0,1.0,0.4752972819630071,0.6238354399109387,0.9999996926242504,1.0000087630221968
0.9604995138144992,4.158803018973959,4.410364237871268,9.529666770659727,0.002140827915272886,72.0,61.01359558527725,2634.087498084787,0.791724100055477,0.0924241227398171,0.9111146131000089,1.0,1.0,0.4752972819630071,0.6238354399109387,0.9999996926242504,1.0000087630221968
0.9604996025752616,4.158803008973959,4.410364240631462,9.529666852180682,0.002140828154798643,72.0,61.01360241176133,2634.0877412278355,0.7917241627533363,0.09242413127115212,0.9111146031000088,0.99999999,1.0,0.4752972819630071,0.6238354399109387,0.9999996926242504,1.0000087630221968
0.9604995747831511,4.158802988973959,4.410364219767216,9.529666783524327,0.00214082807971267,72.0,61.0136002718111,2634.087665096803,0.7917241437547525,0.09242412859988783,0.9111146031000088,1.0,0.99999999,0.4752972819630071,0.6238354399109387,0.9999996926242504,1.0000087630221968
0.960499520000086,4.158803008973959,4.410364246063621,9.529666775037667,0.00214082793195766,72.0,61.013596060793304,2634.087515029023,0.7917241044808095,0.09242412333435168,0.9111146031000088,1.0,1.0,0.4752972919630071,0.6238354399109387,0.9999996926242504,1.0000087630221968
0.9604995075375445,4.158803028973959,4.410364237676072,9.529666774187575,0.0021408278983507056,72.0,61.01359510299511,2634.0874808902545,0.7917240954900953,0.09242412213650016,0.9111146031000088,1.0,1.0,0.4752972819630071,0.6238354499109388,0.9999996926242504,1.0000087630221968
0.9604995133980769,4.158803008973959,4.410364237858315,9.529666760230352,0.002140827914206105,72.0,61.013595554873994,2634.087496944019,0.7917240995850525,0.09242412269979015,0.9111146031000088,1.0,1.0,0.4752972819630071,0.6238354399109387,0.9999997026242504,1.0000087630221968
0.9604995013264715,4.158803028973977,4.4103642575207775,9.529666787821226,0.0021408278785106966,72.0,61.01359453755485,2634.0874639705794,0.7917240871797451,0.09242412154282735,0.9111146031000088,1.0,1.0,0.4752972819630071,0.6238354399109387,0.9999996926242504,1.0000087730221967
0.960516409012257,4.158788112002311,4.410351367700573,9.52965588871514,0.00214087631955439,72.0,61.0149751073001,2634.1336925130595,0.7917397872314255,0.09242574359694945,0.9111115080704532,1.0,1.0,0.47530356081613234,0.6238383019659289,0.9999996926371422,0.9999995710968101
0.9605163984649674,4.158788122002311,4.410351367372583,9.529655887839862,0.0021408762911034824,72.0,61.01497429644925,2634.133663620773,0.7917397796907295,0.09242574258318502,0.9111115180704532,1.0,1.0,0.47530356081613234,0.6238383019659289,0.9999996926371422,0.9999995710968101
0.9605164872270999,4.158788112002311,4.410351370132816,9.529655969362228,0.0021408765306342404,72.0,61.014981123075856,2634.1339067675567,0.7917398423871539,0.09242575111465111,0.9111115080704532,0.99999999,1.0,0.47530356081613234,0.6238383019659289,0.9999996926371422,0.9999995710968101
0.9605164594346216,4.158788092002311,4.41035134926856,9.529655900705492,0.0021408764555468727,72.0,61.01497898308587,2634.1338306355224,0.7917398233890919,0.09242574844335166,0.9111115080704532,1.0,0.99999999,0.47530356081613234,0.6238383019659289,0.9999996926371422,0.9999995710968101
0.9605164046506095,4.158788112002311,4.410351375564938,9.529655892217857,0.0021408763077885007,72.0,61.01497477197227,2634.133680565159,0.7917397841159212,0.09242574317772488,0.9111115080704532,1.0,1.0,0.47530357081613234,0.6238383019659289,0.9999996926371422,0.9999995710968101
0.9605163921878868,4.158788132002311,4.410351367177384,9.529655891367582,0.0021408762741808615,72.0,61.01497381415455,2634.1336464258966,0.7917397751254192,0.09242574197985602,0.9111115080704532,1.0,1.0,0.47530356081613234,0.623838311965929,0.9999996926371422,0.9999995710968101
0.9605163980485101,4.158788112002311,4.410351367359629,9.52965587741045,0.0021408762900365958,72.0,61.01497426604298,2634.13366247991,0.7917397792202677,0.09242574254315473,0.9111115080704532,1.0,1.0,0.47530356081613234,0.6238383019659289,0.9999997026371422,0.9999995710968101
0.9605163859764698,4.158788112002311,4.4103513870220805,9.52965588500086,0.002140876254339741,72.0,61.014973248682615,2634.133629505284,0.7917397668148465,0.09242574138615031,0.9111115080704532,1.0,1.0,0.47530356081613234,0.6238383019659289,0.9999996926371422,0.9999995810968102
0.9605052650906246,4.158797652347539,4.410359862228283,9.529662779666447,0.0021408443913282517,72.0,61.014065152855174,2634.1032231166696,0.7917294386718998,0.09242467449532174,0.9111135507899599,1.0,1.0,0.47529941677306964,0.6238364130096353,0.9999996926286335,1.0000056377675652
0.9605052545434173,4.15879766234754,4.410359861900296,9.529662778791252,0.0021408443628776934,72.0,61.01406434201426,2634.1031942246077,0.791729431131069,0.09242467348156519,0.91111356078996,1.0,1.0,0.47529941677306964,0.6238364130096353,0.9999996926286335,1.0000056377675652
0.9605053433046449,4.158797652347539,4.410359864660504,9.529662860312687,0.0021408446024051425,72.0,61.014071168546565,2634.103437368924,0.7917294938284418,0.09242468201294471,0.9111135507899599,0.99999999,1.0,0.47529941677306964,0.6238364130096353,0.9999996926286335,1.0000056377675652
0.9605053155124136,4.1587976323475395,4.410359843796255,9.529662791656207,0.0021408445273187133,72.0,61.01406902858332,2634.103361237563,0.791729474830039,0.09242467934166888,0.9111135507899599,1.0,0.99999999,0.47529941677306964,0.6238364130096353,0.9999996926286335,1.0000056377675652
0.9605052607290198,4.158797652347539,4.41035987009265,9.52966278316921,0.0021408443795625236,72.0,61.01406481753192,2634.103211168886,0.7917294355563536,0.09242467407610126,0.9111135507899599,1.0,1.0,0.47529942677306963,0.6238364130096353,0.9999996926286335,1.0000056377675652
0.9605052482664215,4.15879767234754,4.410359861705099,9.529662782319061,0.0021408443459553605,72.0,61.01406385972777,2634.1031770299624,0.7917294265657081,0.0924246728782443,0.9111135507899599,1.0,1.0,0.47529941677306964,0.6238364230096354,0.9999996926286335,1.0000056377675652
0.960505254126986,4.158797652347539,4.4103598618873425,9.529662768361867,0.0021408443618108793,72.0,61.014064311610056,2634.1031930838158,0.7917294306606313,0.09242467344153739,0.9111135507899599,1.0,1.0,0.47529941677306964,0.6238364130096353,0.9999997026286336,1.0000056377675652
0.9605052420552257,4.15879767234755,4.410359881549802,9.529662795952579,0.0021408443261149647,72.0,61.01406329427649,2634.103160109953,0.7917294182552812,0.09242467228455975,0.9111135507899599,1.0,1.0,0.47529941677306964,0.6238364130096353,0.9999996926286335,1.0000056477675652
0.9605151861267905,4.158788395234264,4.410352299845268,9.529655881206324,0.0021408728158844835,72.0,61.014875252707775,2634.130348934169,0.791738651634664,0.09242562627839189,0.9111117322277891,1.0,1.0,0.4753031060705593,0.6238380946817624,0.9999996926362085,1.0000002368214724
0.9605151755794978,4.158788405234265,4.410352299517278,9.529655880331042,0.002140872787433593,72.0,61.014874441857394,2634.1303200418743,0.7917386440939278,0.09242562526462716,0.9111117422277891,1.0,1.0,0.4753031060705593,0.6238380946817624,0.9999996926362085,1.0000002368214724
0.9605152643415298,4.158788395234264,4.410352302277508,9.529655961853303,0.0021408730269639855,72.0,61.01488126847359,2634.1305631883833,0.7917387067904729,0.09242563379608362,0.9111117322277891,0.99999999,1.0,0.4753031060705593,0.6238380946817624,0.9999996926362085,1.0000002368214724
0.9605152365490836,4.1587883752342645,4.410352281413253,9.529655893196601,0.002140872951876722,72.0,61.01487912848658,2634.130487056437,0.7917386877923719,0.09242563112478726,0.9111117322277891,1.0,0.99999999,0.4753031060705593,0.6238380946817624,0.9999996926362085,1.0000002368214724
0.9605151817651364,4.158788395234264,4.410352307709633,9.529655884709033,0.002140872804118566,72.0,61.01487491737913,2634.1303369862508,0.7917386485191424,0.0924256258591667,0.9111117322277891,1.0,1.0,0.4753031160705593,0.6238380946817624,0.9999996926362085,1.0000002368214724
0.9605151693024266,4.158788415234264,4.41035229932208,9.52965588385877,0.002140872770511006,72.0,61.014873959563666,2634.1303028470234,0.791738639528627,0.09242562466129907,0.9111117322277891,1.0,1.0,0.4753031060705593,0.6238381046817625,0.9999996926362085,1.0000002368214724
0.9605151751630513,4.158788395234264,4.410352299504325,9.52965586990164,0.0021408727863667216,72.0,61.014874411451565,2634.1303189010405,0.7917386436234929,0.09242562522459791,0.9111117322277891,1.0,1.0,0.4753031060705593,0.6238380946817624,0.9999997026362085,1.0000002368214724
0.9605151630910371,4.158788415234265,4.410352319166776,9.529655897492079,0.002140872750669962,72.0,61.014873394093925,2634.1302859264856,0.7917386312180721,0.09242562406759598,0.9111117322277891,1.0,1.0,0.4753031060705593,0.6238380946817624,0.9999996926362085,1.0000002468214724
0.9654961136597267,4.154404708458487,4.407979733388765,9.527880555506979,0.0021543771785806002,73.0,61.399749589547106,2647.774230969785,0.7953093874632543,0.09290435898139597,0.9117469071467152,1.0,1.0,0.4722293890027748,0.621328900655886,0.999999567891741,0.9999660630337338
0.9654961030512129,4.154404718458487,4.407979733058904,9.527880554568604,0.002154377149694945,73.0,61.39974876630593,2647.774201910207,0.7953093799748224,0.09290435796176165,0.9117469171467153,1.0,1.0,0.4722293890027748,0.621328900655886,0.999999567891741,0.9999660630337338
0.9654961922106262,4.154404708458487,4.407979735831211,9.527880636500324,0.0021543773925468525,73.0,61.3997556875853,2647.774446141742,0.7953094421419284,0.0929043665312892,0.9117469071467152,0.99999999,1.0,0.4722293890027748,0.621328900655886,0.999999567891741,0.9999660630337338
0.9654961643386577,4.154404688458487,4.407979714964571,9.527880567761716,0.0021543773165551925,73.0,61.39975352182299,2647.7743697930587,0.7953094233465398,0.09290436385238802,0.9117469071467152,1.0,0.99999999,0.4722293890027748,0.621328900655886,0.999999567891741,0.9999660630337338
0.9654961092818011,4.154404708458487,4.407979741252637,9.527880558992926,0.0021543771666596074,73.0,61.39974924979881,2647.7742189774676,0.7953093843757726,0.0929043585606129,0.9117469071467152,1.0,1.0,0.4722293990027748,0.621328900655886,0.999999567891741,0.9999660630337338
0.9654960967631554,4.154404728458488,4.407979732863383,9.527880558085027,0.0021543771325812397,73.0,61.39974827856533,2647.7741846855097,0.7953093754579935,0.09290435735738631,0.9117469071467152,1.0,1.0,0.4722293890027748,0.621328910655886,0.999999567891741,0.9999660630337338
0.9654961026445242,4.154404708458487,4.407979733046256,9.527880544149266,0.0021543771486422086,73.0,61.399748736302946,2647.7742007961187,0.7953093795130647,0.09290435792267084,0.9117469071467152,1.0,1.0,0.4722293890027748,0.621328900655886,0.9999995778917411,0.9999660630337338
0.9654960905171153,4.154404708458487,4.407979752707223,9.527880551682825,0.0021543771124119962,73.0,61.39974770374189,2647.774167670831,0.795309367157478,0.09290435676038003,0.9117469071467152,1.0,1.0,0.4722293890027748,0.621328900655886,0.999999567891741,0.9999660730337339
0.9856154849770288,4.13687185592718,4.398495387828979,9.520982728733188,0.00220934522734311,73.0,62.96633897927864,2702.883941022077,0.809273265260551,0.0948380330183185,0.9142876068224199,1.0,1.0,0.45993452073163665,0.6112921245523801,0.9999990689138714,0.9998293678827793
0.9856154741224127,4.13687186592718,4.398495387491602,9.520982727541195,0.002209345197625286,73.0,62.96633813232065,2702.8839112898404,0.8092732579971869,0.09483803197508212,0.91428761682242,1.0,1.0,0.45993452073163665,0.6112921245523801,0.9999990689138714,0.9998293678827793
0.9856155648714185,4.13687185592718,4.398495390312203,9.520982811110802,0.0022093454461688863,73.0,62.96634521581326,2702.884159863298,0.8092733179279714,0.09483804069695782,0.9142876068224199,0.99999999,1.0,0.45993452073163665,0.6112921245523801,0.9999990689138714,0.9998293678827793
0.9856155366844497,4.13687183592718,4.39849536943612,9.52098274204775,0.0022093453688886116,73.0,62.96634301332543,2702.8840826556034,0.8092732999745397,0.0948380379879159,0.9142876068224199,1.0,0.99999999,0.45993452073163665,0.6112921245523801,0.9999990689138714,0.9998293678827793
0.9856154805342539,4.13687185592718,4.398495395690891,9.520982732152326,0.0022093452151791568,73.0,62.96633863260597,2702.8839288527265,0.8092732622906026,0.09483803259132374,0.9142876068224199,1.0,1.0,0.45993453073163665,0.6112921245523801,0.9999990689138714,0.9998293678827793
0.9856154677918545,4.136871875927181,4.3984953872948385,9.520982731013873,0.0022093451803021987,73.0,62.96633763861266,2702.8838939495868,0.8092732536804369,0.09483803136665217,0.9142876068224199,1.0,1.0,0.45993452073163665,0.6112921345523802,0.9999990689138714,0.9998293678827793
0.9856154737557471,4.13687185592718,4.398495387480201,9.520982717163129,0.002209345196679156,73.0,62.96633810535595,2702.883910285432,0.8092732575691073,0.09483803193983972,0.9142876068224199,1.0,1.0,0.45993452073163665,0.6112921245523801,0.9999990789138714,0.9998293678827793
0.9856154614065882,4.13687185592718,4.398495407135239,9.520982724469008,0.0022093451595957036,73.0,62.96633704847755,2702.8838765564783,0.8092732454298527,0.09483803075636765,0.9142876068224199,1.0,1.0,0.45993452073163665,0.6112921245523801,0.9999990689138714,0.9998293778827794
1.0690349005127713,4.066740445801952,4.360472087825105,9.496247434139828,0.0024411711308667873,74.0,69.57337722970344,2931.9537670861228,0.784212334346353,0.10287557077495167,0.9244504055252387,1.0,1.0,0.41075504764708415,0.5711450201383568,0.9999970730023926,0.9992825872789614
1.069034888657268,4.066740455801952,4.360472087459164,9.496247431918384,0.002441171097396937,74.0,69.5733762758127,2931.953734612405,0.7842123288516764,0.10287556963552298,0.9244504155252388,1.0,1.0,0.41075504764708415,0.5711450201383568,0.9999970730023926,0.9992825872789614
1.0690349857409014,4.066740445801952,4.360472090455814,9.496247521998669,0.002441171371585035,74.0,69.5733840901735,2931.954000536541,0.7842123730250133,0.10287557896619443,0.9244504055252387,0.99999999,1.0,0.41075504764708415,0.5711450201383568,0.9999970730023926,0.9992825872789614
1.069034956349675,4.066740425801952,4.360472069548613,9.49624745170024,0.0024411712884795807,74.0,69.57338172166806,2931.953920030474,0.7842123603465283,0.10287557614142014,0.9244504055252387,1.0,0.99999999,0.41075504764708415,0.5711450201383568,0.9999970730023926,0.9992825872789614
1.0690348958161517,4.066740445801952,4.3604720956801355,9.496247437298239,0.002441171117606953,74.0,69.57337685179816,2931.9537542214903,0.7842123321726716,0.10287557032356107,0.9244504055252387,1.0,1.0,0.41075505764708414,0.5711450201383568,0.9999970730023926,0.9992825872789614
1.069034882181658,4.066740465801953,4.360472087259281,9.496247435242893,0.002441171079125642,74.0,69.5733757550808,2931.9537168748748,0.784212325766927,0.1028755690131535,0.9244504055252387,1.0,1.0,0.41075504764708415,0.5711450301383568,0.9999970730023926,0.9992825872789614
1.0690348884665375,4.066740445801952,4.360472087453272,9.496247421721762,0.0024411710969265447,74.0,69.57337626240653,2931.9537340898883,0.7842123285640246,0.10287556961718906,0.9244504055252387,1.0,1.0,0.41075504764708415,0.5711450201383568,0.9999970830023927,0.9992825872789614
1.0690348752313996,4.066740445801952,4.360472107086741,9.496247428120093,0.002441171055943327,74.0,69.57337509438482,2931.953697942362,0.7842123185452239,0.1028755683488548,0.9244504055252387,1.0,1.0,0.41075504764708415,0.5711450201383568,0.9999970730023926,0.9992825972789614
1.4242344287315178,3.80349360118354,4.217730184231391,9.445458214146448,0.0035052826588165818,75.0,99.90055577627258,3905.1948920509467,0.7731382105831712,0.1370243821772262,0.964315750031024,1.0,1.0,0.22364641253871995,0.41958892557625793,0.9999896479701597,0.9974135778743063
1.4242344129889195,3.80349361118354,4.217730183751813,9.445458207924272,0.003505282608913814,75.0,99.9005543540437,3905.1948489640254,0.7731382117890435,0.1370243806654044,0.964315760031024,1.0,1.0,0.22364641253871995,0.41958892557625793,0.9999896479701597,0.9974135778743063
1.4242345326653605,3.80349360118354,4.217730187397569,9.44545832124647,0.0035052829885440047,75.0,99.90056517350413,3905.1951765136596,0.7731382015841463,0.13702439215837403,0.964315750031024,0.99999999,1.0,0.22364641253871995,0.41958892557625793,0.9999896479701597,0.9974135778743063
1.424234499622039,3.80349358118354,4.217730166390984,9.445458247196562,0.0035052828834799053,75.0,99.9005621791773,3905.1950860758247,0.7731382053197849,0.13702438898511665,0.964315750031024,1.0,0.99999999,0.22364641253871995,0.41958892557625793,0.9999896479701597,0.9974135778743063
1.424234423208086,3.80349360118354,4.217730192063127,9.445458216454753,0.0035052826413065033,75.0,99.90055527723534,3905.1948769335154,0.7731382110101092,0.13702438164679,0.964315750031024,1.0,1.0,0.22364642253871994,0.41958892557625793,0.9999896479701597,0.9974135778743063
1.424234406380361,3.8034936211835397,4.217730183550489,9.445458211114389,0.0035052825879914916,75.0,99.9005537577575,3905.1948308765936,0.7731382121896997,0.13702438003075768,0.964315750031024,1.0,1.0,0.22364641253871995,0.4195889355762579,0.9999896479701597,0.9974135778743063
1.4242344136871539,3.80349360118354,4.217730183773069,9.445458198643763,0.003505282611263098,75.0,99.90055442099829,3905.194850874857,0.7731382114469925,0.13702438073245113,0.964315750031024,1.0,1.0,0.22364641253871995,0.41958892557625793,0.9999896579701597,0.9974135778743063
1.42423439726562,3.80349360118354,4.217730203328828,9.445458201777988,0.003505282554203118,75.0,99.90055279478887,3905.1948060718187,0.7731382084927823,0.13702437916041468,0.964315750031024,1.0,1.0,0.22364641253871995,0.41958892557625793,0.9999896479701597,0.9974135878743063
1.553471853380019,3.719224993612793,4.161251387964584,9.433948234957395,0.003924158361527934,76.0,111.83851330354612,4257.95472551319,0.8324984945467218,0.14940192019344528,0.9872362976591051,1.0,1.0,0.14949010894045878,0.365994347976844,0.9999870486627658,0.9967482595455052
1.5534718363064794,3.7192250036127934,4.16125138744342,9.433948227362691,0.003924158304942742,76.0,111.83851169086813,4257.954678812651,0.832498498291862,0.14940191855482984,0.9872363076591052,1.0,1.0,0.14949010894045878,0.365994347976844,0.9999870486627658,0.9967482595455052
1.5534719626150963,3.719224993612793,4.161251391298907,9.433948347526798,0.003924158723851462,76.0,111.83852362976666,4257.955024298747,0.8324984693822255,0.14940193067714902,0.9872362976591051,0.99999999,1.0,0.14949010894045878,0.365994347976844,0.9999870486627658,0.9967482595455052
1.5534719281965605,3.7192249736127927,4.161251370248344,9.433948272057698,0.003924158609423765,76.0,111.83852036857732,4257.954930155873,0.8324984783316695,0.14940192737389027,0.9872362976591051,1.0,0.99999999,0.14949010894045878,0.365994347976844,0.9999870486627658,0.9967482595455052
1.553471847698805,3.719224993612793,4.161251395791167,9.433948237102765,0.003924158342697864,76.0,111.83851276688912,4257.9547099736055,0.8324984957973053,0.14940191964819668,0.9872362976591051,1.0,1.0,0.14949011894045877,0.365994347976844,0.9999870486627658,0.9967482595455052
1.5534718298999848,3.7192250136127933,4.16125138724786,9.433948230760638,0.003924158283739655,76.0,111.83851108658016,4257.954661289173,0.8324984995745007,0.14940191793997099,0.9872362976591051,1.0,1.0,0.14949010894045878,0.365994357976844,0.9999870486627658,0.9967482595455052
1.5534718374404384,3.719224993612793,4.161251387478013,9.433948218531246,0.003924158308858154,76.0,111.83851180245739,4257.954681914044,0.8324984976985738,0.14940191866365068,0.9872362976591051,1.0,1.0,0.14949010894045878,0.365994347976844,0.9999870586627658,0.9967482595455052
1.553471820075972,3.719224993612793,4.161251407009557,9.433948220698323,0.003924158245633985,76.0,111.83851000056858,4257.954634574702,0.8324984969048014,0.14940191700262112,0.9872362976591051,1.0,1.0,0.14949010894045878,0.365994347976844,0.9999870486627658,0.9967482695455052
1.605484789073603,3.686585249149018,4.134973729302895,9.427043767525515,0.0040980953128240865,76.0,116.79571641548645,4400.2069794430445,0.8201818873877218,0.15439322734887875,1.0,1.0,1.0,0.1153675400196638,0.3432926245745089,0.9999861119344359,0.9964660300874814
1.6054848066904306,3.686585239149018,4.13497372983992,9.427043775679369,0.004098095372203748,76.0,116.79571810780682,4400.207027621324,0.8201818826489301,0.15439322903934471,0.99999999,1.0,1.0,0.1153675400196638,0.3432926245745089,0.9999861119344359,0.9964660300874814
1.6054849002191822,3.686585249149018,4.134973732690963,9.427043882059163,0.0040980956877814485,76.0,116.79572710177129,4400.207283401921,0.8201818562653651,0.15439323801410249,1.0,0.99999999,1.0,0.1153675400196638,0.3432926245745089,0.9999861119344359,0.9964660300874814
1.6054848650796485,3.686585229149018,4.134973711619842,9.427043805848509,0.004098095568944381,76.0,116.79572371491486,4400.20718730356,0.8201818671428498,0.15439323464223018,1.0,1.0,0.99999999,0.1153675400196638,0.3432926245745089,0.9999861119344359,0.9964660300874814
1.6054847833634869,3.686585249149018,4.13497373712883,9.427043769641335,0.00409809529357596,76.0,116.79571586691486,4400.206963827092,0.8201818889281117,0.1543932268009506,1.0,1.0,1.0,0.1153675500196638,0.3432926245745089,0.9999861119344359,0.9964660300874814
1.6054847651916269,3.6865852691490177,4.134973728574883,9.427043762915527,0.004098095232359557,76.0,116.79571412224738,4400.206914130847,0.8201818936867884,0.1543932250572227,1.0,1.0,1.0,0.1153675400196638,0.34329263457450887,0.9999861119344359,0.9964660300874814
1.6054847728023818,3.686585249149018,4.134973728806868,9.427043750758267,0.0040980952581504484,76.0,116.79571485728778,4400.206934944401,0.8201818914102114,0.15439322578752285,1.0,1.0,1.0,0.1153675400196638,0.3432926245745089,0.9999861219344359,0.9964660300874814
1.6054847550892855,3.686585249149018,4.134973748330625,9.427043752568927,0.004098095192544957,76.0,116.79571298753126,4400.2068866655445,0.8201818915818813,0.15439322409352788,1.0,1.0,1.0,0.1153675400196638,0.3432926245745089,0.9999861119344359,0.9964660400874814
1.5700427935726875,3.7113352546366336,4.141973426359065,9.423351474568385,0.003979260948079425,76.0,113.40893702026362,4303.277565481732,0.828899770401926,0.15099219528006078,1.0,1.0,1.0,0.12504465673690435,0.3556676273183167,0.9999868523778395,0.9966349511493708
1.5700428109028393,3.7113352446366332,4.1419734268878345,9.423351482427307,0.0039792610058242955,76.0,113.40893866599241,4303.277612881593,0.8288997663168539,0.15099219694321378,0.99999999,1.0,1.0,0.12504465673690435,0.3556676273183167,0.9999868523778395,0.9966349511493708
1.5700429034067336,3.7113352546366336,4.141973429710231,9.423351587753597,0.003979261314357522,76.0,113.40894745918939,4303.277865889243,0.8288997433011083,0.15099220582067518,1.0,0.99999999,1.0,0.12504465673690435,0.3556676273183167,0.9999868523778395,0.9966349511493708
1.57004286823949,3.7113352346366333,4.141973408637276,9.423351511513399,0.003979261196809686,76.0,113.40894410907606,4303.277769703723,0.8288997529977518,0.15099220244574466,1.0,1.0,0.99999999,0.12504465673690435,0.3556676273183167,0.9999868523778395,0.9966349511493708
1.5700427879303367,3.7113352546366336,4.141973434186908,9.42335147675388,0.003979260929277461,76.0,113.40893648440762,4303.277550049289,0.8288997717362874,0.15099219473857153,1.0,1.0,1.0,0.12504466673690434,0.3556676273183167,0.9999868523778395,0.9966349511493708
1.570042769977223,3.7113352746366335,4.141973425639125,9.423351470252982,0.00397926086948864,76.0,113.40893478042624,4303.2775009454945,0.8288997758403235,0.15099219301563138,1.0,1.0,1.0,0.12504465673690435,0.3556676373183167,0.9999868523778395,0.9966349511493708
1.5700427775256658,3.7113352546366336,4.141973425869423,9.423351458031723,0.00397926089477144,76.0,113.40893550098605,4303.277521591086,0.8288997738366474,0.1509921937400381,1.0,1.0,1.0,0.12504465673690435,0.3556676273183167,0.9999868623778395,0.9966349511493708
1.5700427600471487,3.7113352546366336,4.141973445398393,9.423351460082175,0.003979260830785726,76.0,113.40893367739318,4303.2774739442175,0.8288997733549984,0.15099219206821815,1.0,1.0,1.0,0.12504465673690435,0.3556676273183167,0.9999868523778395,0.9966349611493709
1.3062976743866817,3.9101202027831423,4.191437707549407,9.407855584719231,0.003138258416188428,75.0,89.4403648613702,3582.3569431969213,0.7731908274953865,0.12569673484901478,1.0,1.0,1.0,0.1938148419860825,0.4550601013915711,0.9999927682003731,0.9979973170257391
1.3062976893775307,3.9101201927831424,4.191437708007352,9.407855590168026,0.003138258461945007,75.0,89.4403661654327,3582.3569842407096,0.7731908285255954,0.1256967362891477,0.99999999,1.0,1.0,0.1938148419860825,0.4550601013915711,0.9999927682003731,0.9979973170257391
1.3062977726866751,3.9101202027831423,4.191437710552281,9.4078556860221,0.003138258716426407,75.0,89.4403734181526,3582.3572123343865,0.7731908332915283,0.1256967442924346,1.0,0.99999999,1.0,0.1938148419860825,0.4550601013915711,0.9999927682003731,0.9979973170257391
1.306297738044277,3.9101201827831424,4.191437689494042,9.407855610321462,0.0031382586104509885,75.0,89.44037039785317,3582.357117486569,0.7731908320157397,0.12569674096444103,1.0,1.0,0.99999999,0.1938148419860825,0.4550601013915711,0.9999927682003731,0.9979973170257391
1.3062976693391926,3.9101202027831423,4.1914377153952165,9.407855587517552,0.0031382584007810673,75.0,89.44036442226042,3582.3569293772875,0.7731908271518234,0.12569673436411535,1.0,1.0,1.0,0.1938148519860825,0.4550601013915711,0.9999927682003731,0.9979973170257391
1.3062976533000124,3.910120222783142,4.191437706905243,9.407855582988397,0.0031382583518450306,75.0,89.44036302758337,3582.3568854632144,0.7731908259482794,0.12569673282327068,1.0,1.0,1.0,0.1938148419860825,0.4550601113915711,0.9999927682003731,0.9979973170257391
1.3062976602472411,3.9101202027831423,4.191437707117461,9.407855570147845,0.0031382583731394643,75.0,89.44036363447474,3582.3569044840674,0.7731908262655137,0.12569673349066904,1.0,1.0,1.0,0.1938148419860825,0.4550601013915711,0.9999927782003731,0.9979973170257391
1.3062976447816994,3.9101202027831423,4.191437726696284,9.407855574261125,0.003138258321380369,75.0,89.44036215934052,3582.3568622701164,0.7731908211030724,0.12569673200947776,1.0,1.0,1.0,0.1938148419860825,0.4550601013915711,0.9999927682003731,0.9979973270257392
1.3113067553626798,3.9098188168374257,4.1841504042366955,9.405275976436801,0.0031535578147799245,75.0,89.87639772122785,3596.0713932328913,0.7735143920351946,0.12617794362220672,1.0,1.0,1.0,0.1845005306373086,0.4549094084187129,0.9999927332540692,0.9980028705028025
1.3113067704388182,3.9098188068374258,4.184150404697194,9.405275981973437,0.0031535578608697067,75.0,89.87639903478664,3596.071434509602,0.7735143929712275,0.12617794507051236,0.99999999,1.0,1.0,0.1845005306373086,0.4549094084187129,0.9999927332540692,0.9980028705028025
1.3113068539084463,3.9098188168374257,4.184150407246743,9.405276077992614,0.0031535581162470986,75.0,89.87640631304231,3596.0716630393836,0.7735143971910573,0.12617795308910118,1.0,0.99999999,1.0,0.1845005306373086,0.4549094084187129,0.9999927332540692,0.9980028705028025
1.3113068191866444,3.909818796837426,4.184150386186195,9.405276002210265,0.0031535580098582734,75.0,89.87640328096079,3596.0715679755363,0.7735143961442794,0.12617794975352759,1.0,1.0,0.99999999,0.1845005306373086,0.4549094084187129,0.9999927332540692,0.9980028705028025
1.311306750302441,3.9098188168374257,4.184150412082131,9.405275979221997,0.0031535577993091813,75.0,89.87639728031166,3596.0713793785476,0.7735143917243472,0.12617794313608938,1.0,1.0,1.0,0.18450054063730859,0.4549094084187129,0.9999927332540692,0.9980028705028025
1.3113067342224385,3.9098188368374256,4.184150403590967,9.40527597465083,0.003153557750171113,75.0,89.87639587987672,3596.071335353339,0.7735143906242938,0.1261779415913452,1.0,1.0,1.0,0.1845005306373086,0.4549094184187129,0.9999927332540692,0.9980028705028025
1.3113067411830266,3.9098188168374257,4.184150403803568,9.405275961824021,0.0031535577715407727,75.0,89.87639648891202,3596.071354410493,0.7735143908952162,0.1261779422600173,1.0,1.0,1.0,0.1845005306373086,0.4549094084187129,0.9999927432540693,0.9980028705028025
1.311306725676057,3.9098188168374257,4.184150423381377,9.405275965894859,0.0031535577195615622,75.0,89.87639500750453,3596.071312084252,0.7735143858265817,0.12617794077488603,1.0,1.0,1.0,0.1845005306373086,0.4549094084187129,0.9999927332540692,0.9980028805028025
1.3314690278049142,3.90861327305456,4.155004867230263,9.395087168089738,0.0032153860125712073,75.0,91.63850135827941,3651.272031531197,0.7744836293886579,0.12811480812390166,1.0,1.0,1.0,0.14724328524221292,0.45430663652728015,0.9999925934688538,0.9980250844110558
1.3314690432237093,3.9086132630545602,4.155004867701017,9.395087173979286,0.0032153860600107596,75.0,91.63850271030665,3651.2720737436066,0.7744836299401011,0.12811480960503882,0.99999999,1.0,1.0,0.14724328524221292,0.45430663652728015,0.9999925934688538,0.9980250844110558
1.3314691273276065,3.90861327305456,4.155004870268784,9.39508727065095,0.0032153863189865435,75.0,91.63851009111649,3651.27230399653,0.7744836319725118,0.12811481768408878,1.0,0.99999999,1.0,0.14724328524221292,0.45430663652728015,0.9999925934688538,0.9980250844110558
1.3314690922907546,3.9086132530545603,4.155004849199097,9.395087194544413,0.003215386210934779,75.0,91.6385070116412,3651.272208075715,0.7744836318444792,0.12811481431844612,1.0,1.0,0.99999999,0.14724328524221292,0.45430663652728015,0.9999925934688538,0.9980250844110558
1.331469022693968,3.90861327305456,4.155004875074219,9.395087170822748,0.00321538599684524,75.0,91.63850091008933,3651.272017538838,0.7744836292092071,0.1281148076329417,1.0,1.0,1.0,0.1472432952422129,0.45430663652728015,0.9999925934688538,0.9980250844110558
1.3314690064516597,3.90861329305456,4.15500486657832,9.39508716608454,0.003215385946893817,75.0,91.63849948647379,3651.271973071839,0.7744836285250696,0.1281148060726961,1.0,1.0,1.0,0.14724328524221292,0.45430664652728014,0.9999925934688538,0.9980250844110558
1.331469013465032,3.90861327305456,4.155004866792437,9.39508715331203,0.003215385968565605,75.0,91.63850010411974,3651.2719922723873,0.7744836286105155,0.12811480674639955,1.0,1.0,1.0,0.14724328524221292,0.45430663652728015,0.9999926034688539,0.9980250844110558
1.3314689977932046,3.90861327305456,4.1550048863662274,9.395087157213993,0.0032153859156996514,75.0,91.63849859744006,3651.2719494994,0.7744836239206593,0.128114805245593,1.0,1.0,1.0,0.14724328524221292,0.45430663652728015,0.9999925934688538,0.9980250944110558
1.4130882768385205,3.9038488782312166,4.039875922438614,9.35681307750835,0.0034697854012709682,75.0,98.8888839362226,3874.6974133601198,0.7731863387381265,0.13595429520561825,1.0,1.0,1.0,0.0,0.45192443911560826,0.9999920410277346,0.9981128753573428
1.413088293631973,3.9038488682312167,4.039875922950384,9.356813084813574,0.0034697854543127727,75.0,98.88888544791402,3874.697459324861,0.7731863376606235,0.13595429681841617,0.99999999,1.0,1.0,0.0,0.45192443911560826,0.9999920410277346,0.9981128753573428
1.4130883801163623,3.9038488782312166,4.039875925585915,9.356813183933493,0.0034697857277284404,75.0,98.88889324026056,3874.6976960376633,0.7731863310889615,0.13595430512412854,1.0,0.99999999,1.0,0.0,0.45192443911560826,0.9999920410277346,0.9981128753573428
1.4130883438777198,3.9038488582312167,4.039875904481599,9.356813106590536,0.003469785612961674,75.0,98.88888996940771,3874.6975968507277,0.7731863345978816,0.1359543016438852,1.0,1.0,0.99999999,0.0,0.45192443911560826,0.9999920410277346,0.9981128753573428
1.4130882715324948,3.9038488782312166,4.039875930276915,9.356813080040627,0.0034697853845109105,75.0,98.88888345856095,3874.697398837194,0.7731863390819673,0.1359542946960419,1.0,1.0,1.0,1e-08,0.45192443911560826,0.9999920410277346,0.9981128753573428
1.4130882546653043,3.9038488982312165,4.039875921762895,9.356813074659415,0.003469785331263146,75.0,98.88888194099965,3874.697352670582,0.7731863400552716,0.13595429307616078,1.0,1.0,1.0,0.0,0.45192444911560825,0.9999920410277346,0.9981128753573428
1.4130882618764453,3.9038488782312166,4.039875921982638,9.3568130620903,0.003469785354146994,75.0,98.88888259318932,3874.6973724077707,0.7731863394114994,0.1359542937686937,1.0,1.0,1.0,0.0,0.45192443911560826,0.9999920510277347,0.9981128753573428
1.4130882455673492,3.9038488782312166,4.039875941541149,9.356813065339715,0.0034697852976767044,75.0,98.88888098378608,3874.6973279095287,0.7731863362589436,0.1359542922073519,1.0,1.0,1.0,0.0,0.45192443911560826,0.9999920410277346,0.9981128853573429
1.292557746096123,4.013421570234874,4.037803427097958,9.343782743428955,0.0030961213787339898,75.0,88.23945929391871,3544.7488611146905,0.7711610351456062,0.12437715302156808,1.0,1.0,1.0,0.0,0.5067107851174367,0.9999960130405463,0.9989136956555251
1.2925577618628898,4.013421560234873,4.037803427579809,9.343782749677572,0.0030961214266511062,75.0,88.23946065955653,3544.7489042847205,0.7711610365090981,0.12437715453630599,0.99999999,1.0,1.0,0.0,0.5067107851174367,0.9999960130405463,0.9989136956555251
1.292557843627037,4.013421570234874,4.037803430078599,9.34378284394051,0.0030961216753297603,75.0,88.23946774689817,3544.749128157861,0.7711610426397146,0.1243771623915039,1.0,0.99999999,1.0,0.0,0.5067107851174367,0.9999960130405463,0.9989136956555251
1.2925578076846735,4.013421550234874,4.037803408980182,9.343782766899729,0.0030961215658709467,75.0,88.23946462732198,3544.749029746631,0.7711610406152284,0.12437715893847828,1.0,1.0,0.99999999,0.0,0.5067107851174367,0.9999960130405463,0.9989136956555251
1.2925577410860303,4.013421570234874,4.037803434944844,9.343782746265749,0.0030961213635068807,75.0,88.2394588599461,3544.748847396861,0.7711610347153797,0.12437715254024073,1.0,1.0,1.0,1e-08,0.5067107851174367,0.9999960130405463,0.9989136956555251
1.2925577251698106,4.0134215902348735,4.037803426458423,9.343782741863107,0.0030961213151552438,75.0,88.23945748192445,3544.7488038175893,0.7711610332386316,0.12437715101114348,1.0,1.0,1.0,0.0,0.5067107951174368,0.9999960130405463,0.9989136956555251
1.2925577320684205,4.013421570234874,4.037803426669244,9.343782728972538,0.003096121336208157,75.0,88.23945808193248,3544.7488227061363,0.7711610336776491,0.12437715167389951,1.0,1.0,1.0,0.0,0.5067107851174367,0.9999960230405464,0.9989136956555251
1.2925577167531388,4.013421570234874,4.037803446251848,9.34378273323986,0.0030961212851649553,75.0,88.23945662720122,3544.748780900197,0.771161028280416,0.12437715020702445,1.0,1.0,1.0,0.0,0.5067107851174367,0.9999960130405463,0.9989137056555252
1.14801891169024,4.239920321935029,4.035449735298852,9.423388968924122,0.002666672341303833,74.0,76.00016172715924,3148.2850664181024,0.814908863798045,0.11046614268133692,1.0,1.0,1.0,0.0,0.5689663518979592,1.0127484522673889,0.9998541256184496
1.148018926081396,4.239920311935029,4.035449735742381,9.423388973758804,0.0026666723828931245,74.0,76.00016291245404,3148.28510582924,0.8149088685473153,0.11046614406418385,0.99999999,1.0,1.0,0.0,0.5689663518979592,1.0127484522673889,0.9998541256184496
1.1480190013059208,4.239920321935029,4.0354497380607555,9.423389061301705,0.002666672600428059,74.0,76.00016911219969,3148.2853118363823,0.8149088924802222,0.11046615129250464,1.0,0.99999999,1.0,0.0,0.5689663518979592,1.0127484522673889,0.9998541256184496
1.1480189664868017,4.23992030193503,4.035449716987661,9.423388985409492,0.0026666724996329233,74.0,76.00016623953832,3148.285216482168,0.8149088820122334,0.11046614794674274,1.0,1.0,0.99999999,0.0,0.5689663518979592,1.0127484522673889,0.9998541256184496
1.1480189070873927,4.239920321935029,4.0354497431569945,9.423388972179417,0.0026666723280013723,74.0,76.00016134803911,3148.2850538128996,0.8149088622817885,0.1104661422390491,1.0,1.0,1.0,1e-08,0.5689663518979592,1.0127484522673889,0.9998541256184496
1.1480188924755748,4.239920341935029,4.0354497347066625,9.423388969117266,0.002666672285789355,74.0,76.00016014499661,3148.2850137974424,0.8149088573642623,0.11046614083499798,1.0,1.0,1.0,0.0,0.5689663618979592,1.0127484522673889,0.9998541256184496
1.1480188988948044,4.239920401935029,4.035449734904495,9.423389035734328,0.002666672304408143,74.0,76.00016067563207,3148.2850313768486,0.8149088593480107,0.11046614145181925,1.0,1.0,1.0,0.0,0.5689663518979592,1.0127484622673888,0.9998541256184496
1.14801888491874,4.239920321935029,4.035449754518864,9.423388961372634,0.002666672260134102,74.0,76.0001594138219,3148.284993215732,0.8149088506352019,0.11046614011283269,1.0,1.0,1.0,0.0,0.5689663518979592,1.0127484522673889,0.9998541356184496
1.2816055990642514,4.029876786648679,4.037605908332215,9.349088294045146,0.003062881827403579,75.0,87.29213208100201,3514.7618220081636,0.7700362760046036,0.12332497621081276,1.0,1.0,1.0,0.0,0.5112418034127191,1.0009241474779051,0.9989821410265626
1.2816056147322084,4.029876776648679,4.037605908811166,9.349088300192054,0.003062881874857115,75.0,87.29213343342778,3514.761864908992,0.7700362775908073,0.12332497771610497,0.99999999,1.0,1.0,0.0,0.5112418034127191,1.0009241474779051,0.9989821410265626
1.2816056960308413,4.029876786648679,4.037605911296351,9.349088393975872,0.003062882121267835,75.0,87.2921404561333,3514.762087514525,0.7700362848894827,0.12332498552682543,1.0,0.99999999,1.0,0.0,0.5112418034127191,1.0009241474779051,0.9989821410265626
1.281605660155023,4.029876766648679,4.037605890199694,9.349088317003396,0.0030628820123921284,75.0,87.29213735317566,3514.7619892824077,0.770036282331221,0.12332498208008448,1.0,1.0,0.99999999,0.0,0.5112418034127191,1.0009241474779051,0.9989821410265626
1.281605594083198,4.029876786648679,4.03760591617995,9.349088296911827,0.0030628818123166713,75.0,87.29213165102513,3514.761808369416,0.7700362755033222,0.12332497573226021,1.0,1.0,1.0,1e-08,0.5112418034127191,1.0009241474779051,0.9989821410265626
1.2816055782601068,4.029876806648679,4.037605907696254,9.349088292605039,0.003062881764412374,75.0,87.29213028575266,3514.761765043777,0.7700362738019503,0.12332497421206234,1.0,1.0,1.0,0.0,0.5112418134127191,1.0009241474779051,0.9989821410265626
1.2816055851251953,4.029876866648679,4.037605907906103,9.349088359679978,0.0030628817852900968,75.0,87.29213088076776,3514.761783841134,0.7700362743418139,0.12332497487161873,1.0,1.0,1.0,0.0,0.5112418034127191,1.000924157477905,0.9989821410265626
1.2816055699061688,4.029876786648679,4.037605927491093,9.34908828404594,0.0030628817347389697,75.0,87.29212944006063,3514.7617422962785,0.7700362687441094,0.12332497341390451,1.0,1.0,1.0,0.0,0.5112418034127191,1.0009241474779051,0.9989821510265626
1.2917227752456975,4.0146431936346385,4.037788343173893,9.34415431205423,0.0030935832459073054,75.0,88.1671225083582,3542.4627395148373,0.7710809606336316,0.12429693822859078,1.0,1.0,1.0,0.0,0.5070552795221139,1.0000665793238013,0.9989188995734553
1.2917227910049525,4.014643183634638,4.0377883436555235,9.344154318295114,0.003093583293789051,75.0,88.16712387298794,3542.4627826644028,0.7710809620141019,0.12429693974261062,0.99999999,1.0,1.0,0.0,0.5070552795221139,1.0000665793238013,0.9989188995734553
1.2917228727337913,4.0146431936346385,4.037788346153282,9.34415441252171,0.0030935835422948106,75.0,88.1671309554021,3542.463006441404,0.771080968233787,0.12429694759443523,1.0,0.99999999,1.0,0.0,0.5070552795221139,1.0000665793238013,0.9989188995734553
1.2917228367963944,4.014643173634638,4.037788325054996,9.344154335486028,0.0030935834328802707,75.0,88.16712783708772,3542.4629080435375,0.7710809661687423,0.1242969441418785,1.0,1.0,0.99999999,0.0,0.5070552795221139,1.0000665793238013,0.9989188995734553
1.2917227702377938,4.0146431936346385,4.0377883510208425,9.344154314893274,0.0030935832306908514,75.0,88.16712207468926,3542.4627258029686,0.7710809601979698,0.12429693774747258,1.0,1.0,1.0,1e-08,0.5070552795221139,1.0000665793238013,0.9989188995734553
1.291722754328657,4.014643213634638,4.037788342534628,9.344154310497924,0.0030935831823733794,75.0,88.16712069764131,3542.4626822429855,0.7710809587041075,0.12429693621905212,1.0,1.0,1.0,0.0,0.507055289522114,1.0000665793238013,0.9989188995734553
1.291722761224729,4.014643273634638,4.037788342745377,9.344154377604745,0.0030935832034129198,75.0,88.16712129726821,3542.4627011246293,0.7710809591508089,0.12429693688156594,1.0,1.0,1.0,0.0,0.5070552795221139,1.0000665893238012,0.9989188995734553
1.2917227459167573,4.0146431936346385,4.037788362328162,9.34415430187956,0.003093583152407276,75.0,88.16711984360737,3542.462659338516,0.771080953738256,0.12429693541538653,1.0,1.0,1.0,0.0,0.5070552795221139,1.0000665793238013,0.9989189095734553
1.2924884130580627,4.0134937409869345,4.037802174423303,9.343784328468299,0.0030959105958573256,75.0,88.23345198193378,3544.5590298393918,0.7711544215659637,0.12437049227506637,1.0,1.0,1.0,0.0,0.5067393848434064,1.0000018714125152,0.9989141276817779
1.2924884288242058,4.013493730986934,4.037802174905136,9.343784334716275,0.0030959106437715178,75.0,88.23345334748825,3544.559073007723,0.7711544229308561,0.12437049378974466,0.99999999,1.0,1.0,0.0,0.5067393848434064,1.0000018714125152,0.9989141276817779
1.2924885105854282,4.0134937409869345,4.03780217740384,9.343784428976203,0.0030959108924358348,75.0,88.23346043442129,3544.5592968728997,0.7711544290688814,0.12437050164466315,1.0,0.99999999,1.0,0.0,0.5067393848434064,1.0000018714125152,0.9989141276817779
1.2924884746434728,4.013493720986935,4.037802156305434,9.343784351935842,0.00309591078298069,75.0,88.23345731494967,3544.5591984627686,0.7711544270410222,0.12437049819167609,1.0,1.0,0.99999999,0.0,0.5067393848434064,1.0000018714125152,0.9989141276817779
1.2924884080481462,4.0134937409869345,4.037802182270194,9.343784331305274,0.003095910580631114,75.0,88.23345154798675,3544.559016122042,0.7711544211352713,0.12437049179375587,1.0,1.0,1.0,1e-08,0.5067393848434064,1.0000018714125152,0.9989141276817779
1.2924883921325268,4.013493760986934,4.03780217378379,9.34378432690325,0.0030959105322823457,75.0,88.23345017004685,3544.5589725444056,0.7711544196571098,0.12437049026471599,1.0,1.0,1.0,0.0,0.5067393948434065,1.0000018714125152,0.9989141276817779
1.2924883990309237,4.013493820986934,4.0378021739946055,9.343784394012463,0.0030959105533341284,75.0,88.23345077002266,3544.5589914323727,0.7711544200967679,0.12437049092745167,1.0,1.0,1.0,0.0,0.5067393848434064,1.0000018814125151,0.9989141276817779
1.2924883837162497,4.0134937409869345,4.0378021935772255,9.34378431828041,0.003095910502294058,75.0,88.23344931538065,3544.5589496280827,0.7711544146982633,0.12437048946063448,1.0,1.0,1.0,0.0,0.5067393848434064,1.0000018714125152,0.998914137681778
1.2925230640390404,4.013450182513767,4.037802800476305,9.343776047029113,0.003096015939485511,75.0,88.23645427533705,3544.6539029391656,0.7711577276776743,0.12437382115576019,1.0,1.0,1.0,0.0,0.5067250912568838,0.9999989435122022,0.9989139117634636
1.2925230798054825,4.0134501725137675,4.037802800958147,9.343776053277397,0.003096015987401134,75.0,88.23645564093232,3544.65394610831,0.7711577290418566,0.12437382267046701,0.99999999,1.0,1.0,0.0,0.5067250912568838,0.9999989435122022,0.9989139117634636
1.2925231615681734,4.013450182513767,4.037802803456894,9.343776147538835,0.0030960162360726294,75.0,88.23646272806994,3544.6541699774853,0.771157735176182,0.1243738305255258,1.0,0.99999999,1.0,0.0,0.5067250912568838,0.9999989435122022,0.9989139117634636
1.2925231256260041,4.0134501625137675,4.037802782358482,9.343776070498254,0.0030960161266156273,75.0,88.23645960854537,3544.654071566778,0.7711577331500103,0.12437382707251853,1.0,1.0,0.99999999,0.0,0.5067250912568838,0.9999989435122022,0.9989139117634636
1.292523059029022,4.013450182513767,4.037802808323193,9.343776049865983,0.003096015924258814,75.0,88.2364538413762,3544.6538892215367,0.7711577272472006,0.12437382067443989,1.0,1.0,1.0,1e-08,0.5067250912568838,0.9999989435122022,0.9989139117634636
1.2925230431131096,4.013450202513768,4.037802799836781,9.34377604546366,0.0030960158759086257,75.0,88.23645246339584,3544.6538456431026,0.7711577257697589,0.12437381914537202,1.0,1.0,1.0,0.0,0.5067251012568839,0.9999989435122022,0.9989139117634636
1.2925230500116158,4.013450182513767,4.0378028000476,9.343776032572983,0.0030960158969609744,75.0,88.23645306338777,3544.653864531367,0.7711577262090998,0.12437381980811815,1.0,1.0,1.0,0.0,0.5067250912568838,0.9999989535122022,0.9989139117634636
1.2925230346966374,4.013450182513767,4.037802819630212,9.343776036840616,0.003096015845919346,75.0,88.23645160870136,3544.653822726251,0.7711577208112285,0.12437381834127197,1.0,1.0,1.0,0.0,0.5067250912568838,0.9999989435122022,0.9989139217634636
1.292500194319333,4.013476057459247,4.037802387279213,9.343778639057792,0.0030959464123429415,75.0,88.23447275177384,3544.5912864965253,0.7711555458173216,0.12437162408759737,1.0,1.0,1.0,0.0,0.5067345250239887,1.0000008759264087,0.998914054269551
1.2925002100855831,4.013476047459248,4.037802387761049,9.34377864530588,0.003095946460257655,75.0,88.23447411734317,3544.5913296651465,0.7711555471819708,0.12437162560228585,0.99999999,1.0,1.0,0.0,0.5067345250239887,1.0000008759264087,0.998914054269551
1.2925002918472992,4.013476057459247,4.037802390259768,9.343778739566314,0.003095946708924392,75.0,88.23448120434517,3544.591553531668,0.7711555533187325,0.12437163345725151,1.0,0.99999999,1.0,0.0,0.5067345250239887,1.0000008759264087,0.998914054269551
1.2925002559052745,4.013476037459247,4.03780236916136,9.343778662525882,0.0030959465994686167,75.0,88.23447808485558,3544.5914551213496,0.7711555512914611,0.12437163000425788,1.0,1.0,0.99999999,0.0,0.5067345250239887,1.0000008759264087,0.998914054269551
1.2925001893093784,4.013476057459247,4.037802395126103,9.343778641894728,0.0030959463971165697,75.0,88.23447231782224,3544.5912727790715,0.7711555453866973,0.1243716236062832,1.0,1.0,1.0,1e-08,0.5067345250239887,1.0000008759264087,0.998914054269551
1.2925001733936552,4.013476077459248,4.037802386639696,9.3437786374926,0.003095946348767305,75.0,88.23447093986819,3544.5912292011517,0.7711555439087807,0.12437162207723339,1.0,1.0,1.0,0.0,0.5067345350239888,1.0000008759264087,0.998914054269551
1.292500180292106,4.0134761374592465,4.0378023868505135,9.343778704601867,0.0030959463698193223,75.0,88.23447153985069,3544.5912480892653,0.7711555443483434,0.12437162273997422,1.0,1.0,1.0,0.0,0.5067345250239887,1.0000008859264087,0.998914054269551
1.2925001649773113,4.013476057459247,4.037802406433129,9.343778628869687,0.0030959463187786775,75.0,88.23447008519231,3544.5912062846473,0.7711555389500392,0.12437162127314552,1.0,1.0,1.0,0.0,0.5067345250239887,1.0000008759264087,0.9989140642695511
1.2925154668477998,4.013456450175995,4.037802663214227,9.343774580238023,0.00309599284290767,75.0,88.2357960228686,3544.6331021123437,0.7711570029536555,0.1243730913021875,1.0,1.0,1.0,0.0,0.5067282250879974,0.9999995854466168,0.998913959102984
1.2925154826141896,4.013456440175995,4.037802663696067,9.343774586486251,0.0030959928908230114,75.0,88.23579738845582,3544.6331452813456,0.771157004317996,0.12437309281688932,0.99999999,1.0,1.0,0.0,0.5067282250879974,0.9999995854466168,0.998913959102984
1.2925155643765522,4.013456450175995,4.037802666194804,9.343774680747352,0.003095993139492909,75.0,88.23580447554791,3544.6333691496275,0.7711570104531408,0.12437310067191676,1.0,0.99999999,1.0,0.0,0.5067282250879974,0.9999995854466168,0.998913959102984
1.2925155284344303,4.013456430175995,4.037802645096394,9.34377460370682,0.003095993030036308,75.0,88.23580135603478,3544.633270739048,0.7711570084265925,0.12437309721891396,1.0,1.0,0.99999999,0.0,0.5067282250879974,0.9999995854466168,0.998913959102984
1.2925154618378114,4.013456450175995,4.037802671061115,9.343774583074921,0.003095992827681098,75.0,88.23579558891129,3544.633088394797,0.7711570025231439,0.12437309082087007,1.0,1.0,1.0,1e-08,0.5067282250879974,0.9999995854466168,0.998913959102984
1.2925154459219539,4.013456470175995,4.037802662574705,9.343774578672654,0.0030959927793311913,75.0,88.23579421093895,3544.6330448165127,0.7711570010455404,0.12437308929180746,1.0,1.0,1.0,0.0,0.5067282350879975,0.9999995854466168,0.998913959102984
1.2925154528204505,4.013456450175995,4.0378026627855235,9.343774565781969,0.003095992800383467,75.0,88.23579481092881,3544.6330637047513,0.7711570014849484,0.12437308995455268,1.0,1.0,1.0,0.0,0.5067282250879974,0.9999995954466169,0.998913959102984
1.2925154375055241,4.013456450175995,4.037802682368136,9.343774570049655,0.0030959927493421253,75.0,88.23579335625057,3544.6330218997755,0.7711569960869367,0.12437308848771142,1.0,1.0,1.0,0.0,0.5067282250879974,0.9999995854466168,0.998913969102984
1.2925053869649687,4.01346826339774,4.0378024810967075,9.343776131459416,0.003095962198667346,75.0,88.23492266201936,3544.6055037676606,0.7711560412773446,0.12437212293921616,1.0,1.0,1.0,0.0,0.5067323830457516,1.0000004371632796,0.9989140219129182
1.292505402731275,4.01346825339774,4.037802481578545,9.343776137707561,0.0030959622465822827,75.0,88.23492402759506,3544.6055469364355,0.7711560426419076,0.12437212445391002,0.99999999,1.0,1.0,0.0,0.5067323830457516,1.0000004371632796,0.9989140219129182
1.2925054844932207,4.01346826339774,4.03780248407727,9.343776231968231,0.0030959624952501233,75.0,88.23493111462851,3544.605770803582,0.7711560487781217,0.12437213230889761,1.0,0.99999999,1.0,0.0,0.5067323830457516,1.0000004371632796,0.9989140219129182
1.2925054485511527,4.01346824339774,4.037802462978862,9.343776154927754,0.003095962385794048,75.0,88.23492799513036,3544.6056723931465,0.7711560467510824,0.12437212885589988,1.0,1.0,0.99999999,0.0,0.5067323830457516,1.0000004371632796,0.9989140219129182
1.2925053819550063,4.01346826339774,4.037802488943597,9.343776134296343,0.0030959621834409016,75.0,88.2349222280657,3544.6054900501845,0.7711560408467673,0.1243721224579012,1.0,1.0,1.0,1e-08,0.5067323830457516,1.0000004371632796,0.9989140219129182
1.292505366039239,4.01346828339774,4.037802480457189,9.343776129894168,0.0030959621350914305,75.0,88.23492085010577,3544.6054464721456,0.771156039368962,0.12437212092884721,1.0,1.0,1.0,0.0,0.5067323930457517,1.0000004371632796,0.9989140219129182
1.2925053729377058,4.013468343397739,4.037802480668006,9.34377619700345,0.003095962156143542,75.0,88.23492145009095,3544.6054653603032,0.7711560398084728,0.12437212159158959,1.0,1.0,1.0,0.0,0.5067323830457516,1.0000004471632795,0.9989140219129182
1.292505357622867,4.01346826339774,4.0378025002506215,9.343776121271228,0.0030959621051026465,75.0,88.23491999542543,3544.605423555565,0.7711560344102648,0.12437212012475667,1.0,1.0,1.0,0.0,0.5067323830457516,1.0000004371632796,0.9989140319129183
1.292512746077743,4.01345869481014,4.03780261405686,9.343774054944742,0.003095984571380213,75.0,88.23556028433607,3544.6256527450946,0.7711567433906034,0.12437282992088051,1.0,1.0,1.0,0.0,0.5067293474050698,0.9999998153422069,0.9989139760566583
1.2925127618441161,4.013458684810139,4.0378026145387,9.343774061192956,0.003095984619295468,75.0,88.23556164992084,3544.625695914052,0.7711567447550196,0.12437283143558077,0.99999999,1.0,1.0,0.0,0.5067293474050698,0.9999998153422069,0.9989139760566583
1.2925128436063633,4.01345869481014,4.037802617037434,9.343774155453938,0.0030959848679648037,75.0,88.23556873699691,3544.6259197820186,0.7711567508904459,0.12437283929059714,1.0,0.99999999,1.0,0.0,0.5067293474050698,0.9999998153422069,0.9989139760566583
1.2925128076642631,4.013458674810139,4.037802595939024,9.343774078413425,0.0030959847585083646,75.0,88.23556561748839,3544.625821371498,0.7711567488637667,0.12437283583759642,1.0,1.0,0.99999999,0.0,0.5067293474050698,0.9999998153422069,0.9989139760566583
1.292512741067763,4.01345869481014,4.037802621903749,9.343774057781651,0.0030959845561536817,75.0,88.23555985037993,3544.6256390275707,0.7711567429600774,0.12437282943956389,1.0,1.0,1.0,1e-08,0.5067293474050698,0.9999998153422069,0.9989139760566583
1.2925127251519426,4.01345871481014,4.037802613417339,9.343774053379422,0.003095984507803928,75.0,88.23555847241194,3544.625595449388,0.7711567414824206,0.12437282791050484,1.0,1.0,1.0,0.0,0.5067293574050699,0.9999998153422069,0.9989139760566583
1.2925127320504215,4.01345869481014,4.037802613628157,9.343774040488718,0.00309598452885613,75.0,88.2355590723997,3544.6256143375776,0.7711567419218662,0.12437282857324834,1.0,1.0,1.0,0.0,0.5067293474050698,0.999999825342207,0.9989139760566583
1.2925127167355261,4.01345869481014,4.037802633210772,9.343774044756438,0.0030959844778149326,75.0,88.23555761772558,3544.6255725326864,0.7711567365237987,0.12437282710641005,1.0,1.0,1.0,0.0,0.5067293474050698,0.9999998153422069,0.9989139860566584
1.2925078890600519,4.013464507808758,4.037802526303064,9.343774923171875,0.003095969805374026,75.0,88.23513945315975,3544.6123544111097,0.7711562800036778,0.12437236331267051,1.0,1.0,1.0,0.0,0.5067313509279199,1.0000002257441147,0.9989140063217898
1.2925079048263781,4.013464497808758,4.037802526784902,9.343774929420038,0.003095969853289072,75.0,88.23514081873854,3544.612397579939,0.771156281368175,0.12437236482736629,0.99999999,1.0,1.0,0.0,0.5067313509279199,1.0000002257441147,0.9989140063217898
1.292507986588421,4.013464507808758,4.03780252928363,9.34377502368081,0.003095970101957398,75.0,88.23514790578584,3544.6126214473493,0.771156287504123,0.12437237268236313,1.0,0.99999999,1.0,0.0,0.5067313509279199,1.0000002257441147,0.9989140063217898
1.292507950646341,4.013464487808758,4.037802508185221,9.34377494664032,0.0030959699925011924,75.0,88.23514478628398,3544.612523036883,0.7711562854772112,0.12437236922936432,1.0,1.0,0.99999999,0.0,0.5067313509279199,1.0000002257441147,0.9989140063217898
1.2925078840500897,4.013464507808758,4.037802534149954,9.343774926008802,0.0030959697901475703,75.0,88.23513901920575,3544.612340693635,0.7711562795731159,0.12437236283135561,1.0,1.0,1.0,1e-08,0.5067313509279199,1.0000002257441147,0.9989140063217898
1.292507868134297,4.0134645278087575,4.037802525663545,9.343774921606599,0.0030959697417979786,75.0,88.23513764124239,3544.612297115527,0.771156278095357,0.12437236130229919,1.0,1.0,1.0,0.0,0.5067313609279199,1.0000002257441147,0.9989140063217898
1.2925078750327614,4.013464587808757,4.037802525874362,9.34377498871588,0.0030959697628501013,75.0,88.23513824122789,3544.6123160036777,0.7711562785348448,0.12437236196504133,1.0,1.0,1.0,0.0,0.5067313509279199,1.0000002357441147,0.9989140063217898
1.292507859717914,4.013464507808758,4.0378025454569775,9.34377491298365,0.0030959697118091416,75.0,88.23513678656053,3544.612274198917,0.7711562731366806,0.12437236049820762,1.0,1.0,1.0,0.0,0.5067313509279199,1.0000002257441147,0.9989140163217899
1.292512746077743,4.01345869481014,4.03780261405686,9.343774054944742,0.003095984571380213,75.0,88.23556028433607,3544.6256527450946,0.7711567433906034,0.12437282992088051,1.0,1.0,1.0,0.0,0.5067293474050698,0.9999998153422069,0.9989139760566583
1.2925127618441161,4.013458684810139,4.0378026145387,9.343774061192956,0.003095984619295468,75.0,88.23556164992084,3544.625695914052,0.7711567447550196,0.12437283143558077,0.99999999,1.0,1.0,0.0,0.5067293474050698,0.9999998153422069,0.9989139760566583
1.2925128436063633,4.01345869481014,4.037802617037434,9.343774155453938,0.0030959848679648037,75.0,88.23556873699691,3544.6259197820186,0.7711567508904459,0.12437283929059714,1.0,0.99999999,1.0,0.0,0.5067293474050698,0.9999998153422069,0.9989139760566583
1.2925128076642631,4.013458674810139,4.037802595939024,9.343774078413425,0.0030959847585083646,75.0,88.23556561748839,3544.625821371498,0.7711567488637667,0.12437283583759642,1.0,1.0,0.99999999,0.0,0.5067293474050698,0.9999998153422069,0.9989139760566583
1.292512741067763,4.01345869481014,4.037802621903749,9.343774057781651,0.0030959845561536817,75.0,88.23555985037993,3544.6256390275707,0.7711567429600774,0.12437282943956389,1.0,1.0,1.0,1e-08,0.5067293474050698,0.9999998153422069,0.9989139760566583
1.2925127251519426,4.01345871481014,4.037802613417339,9.343774053379422,0.003095984507803928,75.0,88.23555847241194,3544.625595449388,0.7711567414824206,0.12437282791050484,1.0,1.0,1.0,0.0,0.5067293574050699,0.9999998153422069,0.9989139760566583
1.2925127320504215,4.01345869481014,4.037802613628157,9.343774040488718,0.00309598452885613,75.0,88.2355590723997,3544.6256143375776,0.7711567419218662,0.12437282857324834,1.0,1.0,1.0,0.0,0.5067293474050698,0.999999825342207,0.9989139760566583
1.2925127167355261,4.01345869481014,4.037802633210772,9.343774044756438,0.0030959844778149326,75.0,88.23555761772558,3544.6255725326864,0.7711567365237987,0.12437282710641005,1.0,1.0,1.0,0.0,0.5067293474050698,0.9999998153422069,0.9989139860566584
0.9892095425473886,4.7281392445767425,4.0325333912976475,9.749882178421778,0.002219266015027064,73.0,63.24908142827132,2712.7371763129445,0.8099721392070209,0.09518376057238402,1.0,1.0,1.0,0.0,0.6241404485322176,1.0597911572696725,1.0007645154532696
0.9892095552364101,4.728139234576743,4.032533391692059,9.749882181505212,0.00221926604981142,73.0,63.249082419625466,2712.737211069657,0.8099721475731209,0.09518376179191779,0.99999999,1.0,1.0,0.0,0.6241404485322176,1.0597911572696725,1.0007645154532696
0.9892096220333391,4.7281392445767425,4.032533393768295,9.749882260378378,0.0022192662330120325,73.0,63.24908764084292,2712.737394034113,0.8099721908237087,0.09518376821172327,1.0,0.99999999,1.0,0.0,0.6241404485322176,1.0597911572696725,1.0007645154532696
0.9892095897414037,4.728139224576743,4.0325333727645765,9.749882187082722,0.002219266144381027,73.0,63.24908511485926,2712.7373055828893,0.8099721704327937,0.09518376510817156,1.0,1.0,0.99999999,0.0,0.6241404485322176,1.0597911572696725,1.0007645154532696
0.989209538465336,4.7281392445767425,4.032533399170767,9.749882182212845,0.00221926600383658,73.0,63.24908110934253,2712.7371651317258,0.8099721365179604,0.09518376018006056,1.0,1.0,1.0,1e-08,0.6241404485322176,1.0597911572696725,1.0007645154532696
0.9892095255152178,4.728139264576742,4.032533390768237,9.749882180860197,0.0022192659683460186,73.0,63.24908009786153,2712.737129659825,0.8099721278950135,0.09518375893543245,1.0,1.0,1.0,0.0,0.6241404585322177,1.0597911572696725,1.0007645154532696
0.9892095312429292,4.728139324576742,4.032533390946268,9.749882246765939,0.002219265984095492,73.0,63.24908054672152,2712.7371453486476,0.8099721315740148,0.09518375948591745,1.0,1.0,1.0,0.0,0.6241404485322176,1.0597911672696725,1.0007645154532696
0.9892095189394767,4.728139264578272,4.032533410602801,9.749882194120548,0.002219265947086721,73.0,63.24907949197154,2712.7371117453326,0.8099721195772673,0.09518375830685377,1.0,1.0,1.0,0.0,0.6241404485322176,1.0597911572696725,1.0007645254532695
1.2738222504550476,4.053452160093152,4.03743936824172,9.36471377878992,0.003039350226711039,75.0,86.62148146126461,3493.45021007149,0.7691112372682666,0.12257720035338561,1.0,1.0,1.0,0.0,0.5133139802316317,1.0033530249537361,0.999017757746301
1.2738222660518046,4.053452150093152,4.037439368718578,9.364713784863536,0.0030393502738346023,75.0,86.62148280428616,3493.450252778309,0.7691112390118277,0.12257720185187049,0.99999999,1.0,1.0,0.0,0.5133139802316317,1.0033530249537361,0.999017757746301
1.2738223470026389,4.053452160093152,4.037439371193566,9.364713878289358,0.0030393505185943373,75.0,86.62148977993861,3493.450474436431,0.7691112471352771,0.12257720962934845,1.0,0.99999999,1.0,0.0,0.5133139802316317,1.0033530249537361,0.999017757746301
1.2738223112172642,4.053452140093152,4.03743935009948,9.364713801409897,0.0030393504102597655,75.0,86.62148669240332,3493.450376449787,0.7691112442016087,0.1225772061912206,1.0,1.0,0.99999999,0.0,0.5133139802316317,1.0033530249537361,0.999017757746301
1.273822245495555,4.053452160093152,4.037439376090087,9.364713781678795,0.0030393502117258366,75.0,86.62148103418635,3493.450196491479,0.7691112367168056,0.122577199876894,1.0,1.0,1.0,1e-08,0.5133139802316317,1.0033530249537361,0.999017757746301
1.273822229741374,4.053452180093153,4.037439367608413,9.36471377744294,0.0030393501641453008,75.0,86.62147967814107,3493.4501533535717,0.7691112348567914,0.12257719836328322,1.0,1.0,1.0,0.0,0.5133139902316317,1.0033530249537361,0.999017757746301
1.2738222365778429,4.053452240093152,4.0374393678174245,9.364713844488419,0.003039350184884904,75.0,86.62148026921976,3493.45017207298,0.7691112354678648,0.12257719902010455,1.0,1.0,1.0,0.0,0.5133139802316317,1.003353034953736,0.999017757746301
1.2738222214293453,4.053452160093152,4.037439387404177,9.364713768926674,0.0030393501346874375,75.0,86.62147883859197,3493.4501307195037,0.7691112297290068,0.12257719756910539,1.0,1.0,1.0,0.0,0.5133139802316317,1.0033530249537361,0.999017767746301
1.2914195952776244,4.015785073264565,4.037781316859811,9.344985985402001,0.003092663107053957,75.0,88.14089855103778,3541.632630579231,0.7710500321976579,0.12426781159927126,1.0,1.0,1.0,0.0,0.5071125977410532,1.0001949847228073,0.9989200165403834
1.2914196110341407,4.015785063264564,4.037781317341361,9.344985991640065,0.0030926631549228556,75.0,88.14089991530139,3541.6326737213353,0.771050033584262,0.12426781311302931,0.99999999,1.0,1.0,0.0,0.5071125977410532,1.0001949847228073,0.9989200165403834
1.2914196927493156,4.015785073264565,4.037781319838719,9.3449860858526,0.003092663403363463,75.0,88.1409069958587,3541.6328974611183,0.7710500398360056,0.124267820963548,1.0,0.99999999,1.0,0.0,0.5071125977410532,1.0001949847228073,0.9989200165403834
1.291419656816159,4.015785053264565,4.037781298740556,9.34498600882128,0.003092663293972325,75.0,88.14090387821126,3541.6327990747754,0.7710500377565538,0.12426781751139562,1.0,1.0,0.99999999,0.0,0.5071125977410532,1.0001949847228073,0.9989200165403834
1.2914195902705683,4.015785073264565,4.037781324706786,9.34498598824192,0.003092663091841525,75.0,88.14089811748346,3541.6326168696705,0.7710500317600519,0.12426781111823405,1.0,1.0,1.0,1e-08,0.5071125977410532,1.0001949847228073,0.9989200165403834
1.2914195743641188,4.015785093264565,4.03778131622065,9.344985983849334,0.0030926630435367582,75.0,88.14089674079761,3541.632573317009,0.7710500302599939,0.12426780959007049,1.0,1.0,1.0,0.0,0.5071126077410533,1.0001949847228073,0.9989200165403834
1.2914195812590061,4.015785153264565,4.037781316431364,9.344986050954935,0.0030926630645706677,75.0,88.14089734026403,3541.632592195425,0.7710500307094736,0.12426781025247105,1.0,1.0,1.0,0.0,0.5071125977410532,1.0001949947228073,0.9989200165403834
1.2914195659537806,4.015785073264565,4.037781336014217,9.344985975232564,0.00309266301357889,75.0,88.14089588699836,3541.632550416762,0.7710500252913934,0.12426780878655305,1.0,1.0,1.0,0.0,0.5071125977410532,1.0001949847228073,0.9989200265403835
1.2924488931908622,4.01359315351912,4.037801369874316,9.3438434165843,0.00309579052755386,75.0,88.23003003528501,3544.4508252432615,0.771150554072082,0.12436669562257058,1.0,1.0,1.0,0.0,0.5067517274461985,1.0000112123283404,0.9989143287928767
1.2924489089566464,4.01359314351912,4.037801370356139,9.343843422831906,0.0030957905754663726,75.0,88.23003140079162,3544.450868410614,0.7711505554377789,0.12436669713721453,0.99999999,1.0,1.0,0.0,0.5067517274461985,1.0000112123283404,0.9989143287928767
1.2924489907161425,4.01359315351912,4.037801372854792,9.343843517090054,0.00309579082412234,75.0,88.2300384874867,3544.45109227109,0.7711505615799954,0.12436670499196807,1.0,0.99999999,1.0,0.0,0.5067517274461985,1.0000112123283404,0.9989143287928767
1.2924489547745583,4.01359313351912,4.037801351756397,9.343843440050076,0.0030957907146697042,75.0,88.23003536808658,3544.4509938619635,0.7711505595502394,0.12436670153901626,1.0,1.0,0.99999999,0.0,0.5067517274461985,1.0000112123283404,0.9989143287928767
1.2924488881810416,4.01359315351912,4.037801377721211,9.343843419421372,0.003095790512328121,75.0,88.23002960135145,3544.450811526172,0.7711505536411297,0.12436669514126919,1.0,1.0,1.0,1e-08,0.5067517274461985,1.0000112123283404,0.9989143287928767
1.2924488722657732,4.013593173519121,4.037801369234817,9.34384341501971,0.0030957904639810135,75.0,88.23002822345889,3544.450767949492,0.7711505521621829,0.12436669361226287,1.0,1.0,1.0,0.0,0.5067517374461985,1.0000112123283404,0.9989143287928767
1.2924488791640392,4.01359323351912,4.037801369445628,9.343843482128786,0.00309579048503213,75.0,88.23002882341571,3544.450786837103,0.771150552602199,0.12436669427498606,1.0,1.0,1.0,0.0,0.5067517274461985,1.0000112223283404,0.9989143287928767
1.2924488638497023,4.01359315351912,4.037801389028256,9.343843406397077,0.0030957904339938094,75.0,88.23002736882357,3544.4507450337264,0.7711505472029581,0.12436669280820092,1.0,1.0,1.0,0.0,0.5067517274461985,1.0000112123283404,0.9989143387928767
1.2925089265928185,4.013465348689708,4.037802539633045,9.343776814915572,0.0030959729641616227,75.0,88.23522947860624,3544.6151950981075,0.7711563733174698,0.1243724629858985,1.0,1.0,1.0,0.0,0.5067306860889269,1.0000004970639818,0.9989139971559172
1.2925089423591478,4.0134653386897075,4.037802540114884,9.34377682116374,0.00309597301207669,75.0,88.23523084418566,3544.615238266945,0.7711563746819456,0.12437246450059457,0.99999999,1.0,1.0,0.0,0.5067306860889269,1.0000004970639818,0.9989139971559172
1.2925090241212307,4.013465348689708,4.037802542613612,9.34377691542455,0.003095973260745224,75.0,88.23523793123888,3544.6154621344645,0.7711563808177743,0.12437247235559525,1.0,0.99999999,1.0,0.0,0.5067306860889269,1.0000004970639818,0.9989139971559172
1.2925089881791505,4.0134653286897075,4.037802521515203,9.343776838384061,0.0030959731512889854,75.0,88.23523481173608,3544.6153637239972,0.7711563787909094,0.1243724689025964,1.0,1.0,0.99999999,0.0,0.5067306860889269,1.0000004970639818,0.9989139971559172
1.292508921582838,4.013465348689708,4.0378025474799335,9.343776817752481,0.003095972948935105,75.0,88.2352290446505,3544.6151813805823,0.7711563728869038,0.12437246250458184,1.0,1.0,1.0,1e-08,0.5067306860889269,1.0000004970639818,0.9989139971559172
1.2925089056670325,4.013465368689708,4.037802538993525,9.343776813350265,0.00309597290058545,75.0,88.23522766668533,3544.6151378024388,0.7711563714091617,0.12437246097552417,1.0,1.0,1.0,0.0,0.506730696088927,1.0000004970639818,0.9989139971559172
1.2925089125655111,4.013465428689708,4.037802539204343,9.343776880459561,0.0030959729216376262,75.0,88.23522826667235,3544.6151566906283,0.7711563718486365,0.12437246163826766,1.0,1.0,1.0,0.0,0.5067306860889269,1.0000005070639817,0.9989139971559172
1.2925088972506504,4.013465348689708,4.037802558786957,9.343776804727316,0.0030959728705966137,75.0,88.23522681200349,3544.6151148858316,0.7711563664505146,0.12437246017143269,1.0,1.0,1.0,0.0,0.5067306860889269,1.0000004970639818,0.9989140071559173
1.2925123653402595,4.013458961697779,4.037802606638072,9.343773933676111,0.0030959834143379286,75.0,88.23552730863096,3544.6246102961104,0.7711567065015066,0.12437279334372317,1.0,1.0,1.0,0.0,0.5067294808488896,0.9999998832981751,0.9989139781598926
1.2925123811066155,4.013458951697779,4.037802607119911,9.343773939924306,0.003095983462253129,75.0,88.23552867421418,3544.624653465021,0.7711567078659118,0.12437279485842179,0.99999999,1.0,1.0,0.0,0.5067294808488896,0.9999998832981751,0.9989139781598926
1.2925124628688494,4.013458961697779,4.037802609618645,9.343774034185273,0.0030959837109223996,75.0,88.23553576128839,3544.624877332951,0.7711567140013773,0.12437280271343688,1.0,0.99999999,1.0,0.0,0.5067294808488896,0.9999998832981751,0.9989139781598926
1.2925124269267423,4.013458941697779,4.037802588520235,9.343773957144757,0.0030959836014659388,75.0,88.23553264177926,3544.6247789224117,0.7711567119746857,0.1243727992604355,1.0,1.0,0.99999999,0.0,0.5067294808488896,0.9999998832981751,0.9989139781598926
1.2925123603302804,4.013458961697779,4.037802614484961,9.34377393651302,0.0030959833991114,75.0,88.23552687467489,3544.62459657859,0.7711567060709696,0.12437279286240667,1.0,1.0,1.0,1e-08,0.5067294808488896,0.9999998832981751,0.9989139781598926
1.2925123444144484,4.013458981697779,4.037802605998551,9.343773932110778,0.0030959833507616255,75.0,88.23552549670633,3544.6245530003744,0.7711567045933059,0.12437279133334647,1.0,1.0,1.0,0.0,0.5067294908488896,0.9999998832981751,0.9989139781598926
1.2925123513129266,4.013458961697779,4.037802606209369,9.343773919220075,0.003095983371813812,75.0,88.23552609669365,3544.624571888563,0.7711567050327469,0.12437279199608993,1.0,1.0,1.0,0.0,0.5067294808488896,0.9999998932981752,0.9989139781598926
1.2925123359980402,4.013458961697779,4.037802625791983,9.343773923487802,0.003095983320772637,75.0,88.23552464202015,3544.624530083696,0.7711566996346908,0.12437279052925249,1.0,1.0,1.0,0.0,0.5067294808488896,0.9999998832981751,0.9989139881598926
1.292512081861555,4.013459160409431,4.037802601114401,9.343773843385387,0.0030959825528603267,75.0,88.23550275651931,3544.6238341390463,0.7711566790355368,0.12437276611014197,1.0,1.0,1.0,0.0,0.5067295802047156,0.9999999338949084,0.9989139797258592
1.2925120976279085,4.013459150409432,4.0378026015962405,9.343773849633582,0.003095982600775511,75.0,88.23550412210207,3544.62387730795,0.7711566803999527,0.12437276762484034,0.99999999,1.0,1.0,0.0,0.5067295802047156,0.9999999338949084,0.9989139797258592
1.2925121793901289,4.013459160409431,4.037802604094974,9.343773943894533,0.003095982849444723,75.0,88.2355112091746,3544.6241011758434,0.7711566865354447,0.12437277547985416,1.0,0.99999999,1.0,0.0,0.5067295802047156,0.9999999338949084,0.9989139797258592
1.292512143448026,4.013459140409431,4.037802582996564,9.343773866854022,0.0030959827399882865,75.0,88.23550808966617,3544.624002765315,0.7711566845087403,0.12437277202685315,1.0,1.0,0.99999999,0.0,0.5067295802047156,0.9999999338949084,0.9989139797258592
1.2925120768515725,4.013459160409431,4.037802608961291,9.343773846222295,0.0030959825376337935,75.0,88.23550232256312,3544.6238204215165,0.7711566786050091,0.12437276562882514,1.0,1.0,1.0,1e-08,0.5067295802047156,0.9999999338949084,0.9989139797258592
1.292512060935741,4.0134591804094315,4.037802600474881,9.343773841820052,0.0030959824892840154,75.0,88.23550094459443,3544.6237768433016,0.7711566771273194,0.12437276409976497,1.0,1.0,1.0,0.0,0.5067295902047156,0.9999999338949084,0.9989139797258592
1.2925120678342208,4.013459160409431,4.037802600685699,9.34377382892935,0.0030959825103362088,75.0,88.23550154458195,3544.623795731494,0.771156677566774,0.12437276476250855,1.0,1.0,1.0,0.0,0.5067295802047156,0.9999999438949084,0.9989139797258592
1.2925120525193377,4.013459160409431,4.037802620268313,9.343773833197082,0.0030959824592950618,75.0,88.23550008990927,3544.6237539266363,0.7711566721687014,0.12437276329567144,1.0,1.0,1.0,0.0,0.5067295802047156,0.9999999338949084,0.9989139897258592
1.2925105042265075,4.013461990129202,4.037802570373703,9.343775064729414,0.0030959777585077234,75.0,88.23536611747012,3544.619514616727,0.771156526178099,0.12437261454795533,1.0,1.0,1.0,0.0,0.5067301331468212,1.000000215479445,0.9989139884408882
1.2925105199928453,4.013461980129202,4.037802570855542,9.343775070977589,0.0030959778064228454,75.0,88.23536748305109,3544.6195577855874,0.7711565275425417,0.1243726160626522,0.99999999,1.0,1.0,0.0,0.5067301331468212,1.000000215479445,0.9989139884408882
1.2925106017550043,4.013461990129202,4.0378025733542735,9.34377516523848,0.0030959780550917308,75.0,88.23537457011433,3544.6197816533145,0.7711565336782106,0.12437262391766016,1.0,0.99999999,1.0,0.0,0.5067301331468212,1.000000215479445,0.9989139884408882
1.2925105658129148,4.013461970129202,4.037802552255864,9.343775088197981,0.0030959779456354083,75.0,88.23537145060914,3544.6196832428222,0.7711565316514274,0.12437262046466042,1.0,1.0,0.99999999,0.0,0.5067301331468212,1.000000215479445,0.9989139884408882
1.2925104992165308,4.013461990129202,4.037802578220592,9.343775067566325,0.003095977743281208,75.0,88.23536568351443,3544.619500899212,0.7711565257475518,0.12437261406663902,1.0,1.0,1.0,1e-08,0.5067301331468212,1.000000215479445,0.9989139884408882
1.29251048330072,4.013462010129202,4.0378025697341835,9.343775063164106,0.0030959776949315357,75.0,88.23536430554877,3544.6194573210546,0.771156524269847,0.12437261253758086,1.0,1.0,1.0,0.0,0.5067301431468213,1.000000215479445,0.9989139884408882
1.2925104901991864,4.013462070129202,4.037802569945001,9.34377513027339,0.003095977715983673,75.0,88.23536490553468,3544.6194762092114,0.7711565247093002,0.12437261320032321,1.0,1.0,1.0,0.0,0.5067301331468212,1.000000225479445,0.9989139884408882
1.292510474884313,4.013461990129202,4.037802589527615,9.34377505454113,0.003095977664942586,75.0,88.2353634508637,3544.6194344043793,0.7711565193111981,0.12437261173348699,1.0,1.0,1.0,0.0,0.5067301331468212,1.000000215479445,0.9989139984408882
1.2925119380068535,4.013459261248075,4.037802598311349,9.343773797566278,0.0030959821156931124,75.0,88.2354902972537,3544.6234402687437,0.7711566650975672,0.12437275229013135,1.0,1.0,1.0,0.0,0.5067296306240373,0.9999999595708358,0.998913980520528
1.2925119537731964,4.013459251248074,4.037802598793188,9.343773803814457,0.0030959821636082708,75.0,88.23549166283571,3544.6234834376182,0.7711566664619725,0.1243727538048287,0.99999999,1.0,1.0,0.0,0.5067296306240373,0.9999999595708358,0.998913980520528
1.2925120355354278,4.013459261248075,4.037802601291921,9.343773898075423,0.00309598241227749,75.0,88.23549874990847,3544.623707305543,0.7711566725974982,0.12437276165984362,1.0,0.99999999,1.0,0.0,0.5067296306240373,0.9999999595708358,0.998913980520528
1.292511999593328,4.013459241248075,4.037802580193511,9.343773821034915,0.0030959823028210726,75.0,88.23549563040056,3544.6236088950227,0.7711566705707746,0.1243727582068429,1.0,1.0,0.99999999,0.0,0.5067296306240373,0.9999999595708358,0.998913980520528
1.2925119329968697,4.013459261248075,4.0378026061582375,9.343773800403183,0.0030959821004665675,75.0,88.23548986329718,3544.6234265512103,0.7711566646670197,0.1243727518088144,1.0,1.0,1.0,1e-08,0.5067296306240373,0.9999999595708358,0.998913980520528
1.2925119170810513,4.013459281248075,4.037802597671828,9.343773796000953,0.0030959820521168453,75.0,88.2354884853301,3544.6233829730313,0.7711566631893437,0.12437275027975549,1.0,1.0,1.0,0.0,0.5067296406240374,0.9999999595708358,0.998913980520528
1.2925119239795226,4.013459261248075,4.037802597882646,9.343773783110244,0.0030959820731690083,75.0,88.23548908531674,3544.6234018612017,0.7711566636287919,0.1243727509424983,1.0,1.0,1.0,0.0,0.5067296306240373,0.9999999695708358,0.998913980520528
1.292511908664639,4.013459261248075,4.03780261746526,9.343773787377973,0.003095982022127879,75.0,88.23548763064456,3544.6233600563423,0.7711566582307097,0.12437274947566114,1.0,1.0,1.0,0.0,0.5067296306240373,0.9999999595708358,0.9989139905205281
1.292510991711695,4.013460952342293,4.0378025798724995,9.343774523926488,0.003095979239950143,75.0,88.23540833857908,3544.620849338058,0.7711565734110083,0.12437266138028275,1.0,1.0,1.0,0.0,0.5067299622890747,1.000000128470518,0.9989139857479657
1.2925110074780328,4.013460942342293,4.037802580354338,9.343774530174663,0.0030959792878652572,75.0,88.23540970415984,3544.620892506918,0.7711565747754437,0.12437266289497959,0.99999999,1.0,1.0,0.0,0.5067299622890747,1.000000128470518,0.9989139857479657
1.2925110892402205,4.013460952342293,4.03780258285307,9.343774624435584,0.00309597953653428,75.0,88.23541679122698,3544.621116374724,0.7711565809110653,0.12437267074999031,1.0,0.99999999,1.0,0.0,0.5067299622890747,1.000000128470518,0.9989139857479657
1.2925110532981312,4.013460932342293,4.037802561754661,9.343774547395086,0.003095979427077935,75.0,88.23541367172115,3544.6210179642326,0.7711565788842993,0.12437266729699062,1.0,1.0,0.99999999,0.0,0.5067299622890747,1.000000128470518,0.9989139857479657
1.2925109867017182,4.013460952342293,4.037802587719388,9.3437745267634,0.003095979224723619,75.0,88.23540790462314,3544.6208356205434,0.7711565729804692,0.12437266089896644,1.0,1.0,1.0,1e-08,0.5067299622890747,1.000000128470518,0.9989139857479657
1.2925109707859082,4.013460972342294,4.037802579232979,9.343774522361182,0.0030959791763739324,75.0,88.23540652665707,3544.620792042388,0.7711565715027745,0.12437265936990835,1.0,1.0,1.0,0.0,0.5067299722890748,1.000000128470518,0.9989139857479657
1.2925109776843728,4.013461032342293,4.037802579443796,9.343774589470462,0.0030959791974260764,75.0,88.23540712664318,3544.6208109305403,0.7711565719422258,0.12437266003265053,1.0,1.0,1.0,0.0,0.5067299622890747,1.000000138470518,0.9989139857479657
1.292510962369501,4.013460952342293,4.037802599026411,9.343774513738204,0.0030959791463849914,75.0,88.23540567197226,3544.620769125712,0.771156566544128,0.12437265856581445,1.0,1.0,1.0,0.0,0.5067299622890747,1.000000128470518,0.9989139957479658
1.292511850768236,4.013459322400225,4.037802596611478,9.343773769779938,0.0030959818505793416,75.0,88.23548274151123,3544.623201411757,0.7711566566450602,0.12437274390918444,1.0,1.0,1.0,0.0,0.5067296612001126,0.9999999751416341,0.9989139810024436
1.292511866534591,4.013459312400226,4.037802597093317,9.343773776028133,0.003095981898494525,75.0,88.23548410709397,3544.6232445806636,0.7711566580094774,0.12437274542388294,0.99999999,1.0,1.0,0.0,0.5067296612001126,0.9999999751416341,0.9989139810024436
1.2925119482968033,4.013459322400225,4.03780259959205,9.343773870289077,0.0030959821471636902,75.0,88.23549119416518,3544.623468448536,0.7711566641449981,0.124372753278896,1.0,0.99999999,1.0,0.0,0.5067296612001126,0.9999999751416341,0.9989139810024436
1.2925119123547062,4.013459302400225,4.03780257849364,9.343773793248571,0.0030959820377073014,75.0,88.2354880746581,3544.6233700380235,0.7711566621182762,0.12437274982589556,1.0,1.0,0.99999999,0.0,0.5067296612001126,0.9999999751416341,0.9989139810024436
1.2925118457582514,4.013459322400225,4.037802604458366,9.343773772616842,0.003095981835352795,75.0,88.23548230755466,3544.6231876942206,0.771156656214519,0.12437274342786739,1.0,1.0,1.0,1e-08,0.5067296612001126,0.9999999751416341,0.9989139810024436
1.2925118298424372,4.013459342400226,4.037802595971957,9.34377376821462,0.003095981787003085,75.0,88.23548092958792,3544.623144116054,0.7711566547368429,0.12437274189880891,1.0,1.0,1.0,0.0,0.5067296712001127,0.9999999751416341,0.9989139810024436
1.2925118367409147,4.013459322400225,4.037802596182774,9.343773755323914,0.003095981808055278,75.0,88.23548152957542,3544.6231630042407,0.7711566551762904,0.12437274256155231,1.0,1.0,1.0,0.0,0.5067296612001126,0.9999999851416341,0.9989139810024436
1.2925118214260263,4.013459322400225,4.037802615765389,9.34377375959164,0.003095981757014128,75.0,88.23548007490264,3544.623121199368,0.7711566497782107,0.12437274109471468,1.0,1.0,1.0,0.0,0.5067296612001126,0.9999999751416341,0.9989139910024436
1.292511283790868,4.013460330547234,4.03780258556375,9.343774199901851,0.0030959801275638366,75.0,88.23543363556934,3544.621649042977,0.7711566017106883,0.12437268944010446,1.0,1.0,1.0,0.0,0.5067298599188276,1.0000000763386974,0.9989139841344882
1.2925112995572294,4.0134603205472335,4.037802586045589,9.343774206150051,0.0030959801754790375,75.0,88.23543500115257,3544.6216922119024,0.7711566030751297,0.12437269095480359,0.99999999,1.0,1.0,0.0,0.5067298599188276,1.0000000763386974,0.9989139841344882
1.292511381319414,4.013460330547234,4.037802588544321,9.34377430041097,0.0030959804241480608,75.0,88.23544208821973,3544.621916079699,0.7711566092107066,0.124372698809814,1.0,0.99999999,1.0,0.0,0.5067298599188276,1.0000000763386974,0.9989139841344882
1.2925113453773156,4.013460310547234,4.037802567445912,9.343774223370461,0.0030959803146916897,75.0,88.23543896871315,3544.6218176691823,0.7711566071839591,0.12437269535681342,1.0,1.0,0.99999999,0.0,0.5067298599188276,1.0000000763386974,0.9989139841344882
1.2925112787808901,4.013460330547234,4.037802593410639,9.343774202738764,0.003095980112337329,75.0,88.23543320161387,3544.621635325459,0.7711566012801472,0.12437268895878803,1.0,1.0,1.0,1e-08,0.5067298599188276,1.0000000763386974,0.9989139841344882
1.2925112628650732,4.013460350547234,4.037802584924229,9.343774198336536,0.00309598006398761,75.0,88.23543182364688,3544.6215917472846,0.7711565998024593,0.12437268742972929,1.0,1.0,1.0,0.0,0.5067298699188276,1.0000000763386974,0.9989139841344882
1.29251126976355,4.013460410547234,4.037802585135047,9.34377426544583,0.0030959800850397855,75.0,88.23543242363388,3544.6216106354696,0.7711566002419027,0.12437268809247262,1.0,1.0,1.0,0.0,0.5067298599188276,1.0000000863386973,0.9989139841344882
1.2925112544486703,4.013460330547234,4.037802604717662,9.343774189713567,0.003095980033998668,75.0,88.23543096896204,3544.621568830621,0.7711565948438301,0.12437268662563583,1.0,1.0,1.0,0.0,0.5067298599188276,1.0000000763386974,0.9989139941344882
1.2925117977022016,4.013459359598234,4.037802595577469,9.343773752877905,0.003095981689314357,75.0,88.23547814545918,3544.623056118382,0.7711566515035149,0.1243727388111713,1.0,1.0,1.0,0.0,0.506729679799117,0.9999999846131357,0.9989139812955861
1.292511813468549,4.013459349598234,4.037802596059309,9.34377375912609,0.003095981737229495,75.0,88.23547951104061,3544.6230992872693,0.7711566528679413,0.12437274032586909,0.99999999,1.0,1.0,0.0,0.506729679799117,0.9999999846131357,0.9989139812955861
1.2925118952307564,4.013459359598234,4.0378025985580415,9.343773853387031,0.0030959819858986347,75.0,88.2354865981111,3544.6233231551278,0.7711566590034608,0.12437274818088168,1.0,0.99999999,1.0,0.0,0.506729679799117,0.9999999846131357,0.9989139812955861
1.292511859288663,4.013459339598234,4.037802577459632,9.34377377634653,0.0030959818764422597,75.0,88.23548347860441,3544.6232247446255,0.7711566569767467,0.1243727447278816,1.0,1.0,0.99999999,0.0,0.506729679799117,0.9999999846131357,0.9989139812955861
1.2925117926922178,4.013459359598234,4.037802603424359,9.34377375571481,0.003095981674087806,75.0,88.23547771150247,3544.623042400848,0.7711566510729806,0.12437273832985432,1.0,1.0,1.0,1e-08,0.506729679799117,0.9999999846131357,0.9989139812955861
1.2925117767763907,4.013459379598234,4.037802594937949,9.343773751312574,0.0030959816257380467,75.0,88.23547633353434,3544.6229988226464,0.7711566495952908,0.12437273680079461,1.0,1.0,1.0,0.0,0.506729689799117,0.9999999846131357,0.9989139812955861
1.2925117836748778,4.013459359598234,4.037802595148767,9.343773738421879,0.00309598164679027,75.0,88.23547693352269,3544.6230177108596,0.7711566500347539,0.12437273746353893,1.0,1.0,1.0,0.0,0.506729679799117,0.9999999946131357,0.9989139812955861
1.2925117683599918,4.013459359598234,4.037802614731381,9.343773742689606,0.0030959815957491135,75.0,88.23547547884974,3544.622975905993,0.7711566446366684,0.12437273599670151,1.0,1.0,1.0,0.0,0.506729679799117,0.9999999846131357,0.9989139912955861
1.292511757291369,4.013459387925247,4.037802594790052,9.343773740006668,0.003095981566507853,75.0,88.23547464547381,3544.6229454746094,0.7711566475881318,0.12437273492893366,1.0,1.0,1.0,0.0,0.5067296939626235,0.9999999918258698,0.9989139815188199
1.2925117730577105,4.013459377925247,4.037802595271891,9.343773746254847,0.0030959816144230027,75.0,88.23547601105558,3544.6229886434803,0.7711566489525411,0.1243727364436309,0.99999999,1.0,1.0,0.0,0.5067296939626235,0.9999999918258698,0.9989139815188199
1.2925118548199253,4.013459387925247,4.037802597770624,9.343773840515796,0.003095981863092163,75.0,88.23548309812665,3544.623212511359,0.771156655088081,0.12437274429864417,1.0,0.99999999,1.0,0.0,0.5067296939626235,0.9999999918258698,0.9989139815188199
1.2925118188778235,4.013459367925247,4.037802576672214,9.343773763475284,0.003095981753635745,75.0,88.23547997861874,3544.623114100834,0.7711566530613538,0.12437274084564329,1.0,1.0,0.99999999,0.0,0.5067296939626235,0.9999999918258698,0.9989139815188199
1.2925117522813778,4.013459387925247,4.0378026026369405,9.343773742843565,0.003095981551281309,75.0,88.23547421151731,3544.6229317570555,0.7711566471575895,0.12437273444761598,1.0,1.0,1.0,1e-08,0.5067296939626235,0.9999999918258698,0.9989139815188199
1.2925117363655576,4.013459407925247,4.0378025941505316,9.343773738441335,0.0030959815029315647,75.0,88.2354728335496,3544.622888178873,0.7711566456799049,0.12437273291855694,1.0,1.0,1.0,0.0,0.5067297039626235,0.9999999918258698,0.9989139815188199
1.2925117432640472,4.013459402532206,4.03780259436135,9.343773740157602,0.003095981523983795,75.0,88.23547343353816,3544.622907067092,0.7711566461193595,0.12437273358130148,1.0,1.0,1.0,0.0,0.5067296939626235,1.00000000182587,0.9989139815188199
1.2925117279491523,4.013459387925247,4.037802613943963,9.343773729818363,0.003095981472942612,75.0,88.23547197886444,3544.6228652622017,0.7711566407212743,0.12437273211446322,1.0,1.0,1.0,0.0,0.5067296939626235,0.9999999918258698,0.99891399151882
1.2195953642885642,4.08312158964104,4.036594107819873,9.339311061749477,0.0028767311394280377,75.0,81.98683747369907,3344.9604956907256,0.7606442540050282,0.11736703493651669,1.0,1.0,1.0,0.0,0.5415605521687199,1.00000006066295,0.9994236213006737
1.2195953793816046,4.083121579641039,4.036594108281897,9.339311067304541,0.0028767311842668388,75.0,81.9868387516049,3344.96053702458,0.7606442568424095,0.11736703638682737,0.99999999,1.0,1.0,0.0,0.5415605521687199,1.00000006066295,0.9994236213006737
1.2195954579993618,4.08312158964104,4.036594110688507,9.33931115832891,0.0028767314179762647,75.0,81.98684541232355,3344.9607523271884,0.7606442707400702,0.11736704394130486,1.0,0.99999999,1.0,0.0,0.5415605521687199,1.00000006066295,0.9994236213006737
1.2195954224149348,4.0831215696410395,4.036594089599226,9.3393110816552,0.0028767313120802033,75.0,81.98684239428579,3344.96065487586,0.7606442650641626,0.11736704052196001,1.0,1.0,0.99999999,0.0,0.5415605521687199,1.00000006066295,0.9994236213006737
1.2195953594750464,4.08312158964104,4.036594115672523,9.33931106478861,0.0028767311251272688,75.0,81.98683706612717,3344.9604825084098,0.7606442531028886,0.1173670344739793,1.0,1.0,1.0,1e-08,0.5415605521687199,1.00000006066295,0.9994236213006737
1.219595344189534,4.08312160964104,4.036594107204604,9.339311061035179,0.0028767310797323882,75.0,81.98683577237307,3344.960440647423,0.7606442501350967,0.11736703300517275,1.0,1.0,1.0,0.0,0.54156056216872,1.00000006066295,0.9994236213006737
1.219595350871698,4.08312166964104,4.03659410740915,9.339311127921889,0.00287673109966001,75.0,81.98683634031028,3344.9604589471232,0.7606442512495111,0.11736703364726749,1.0,1.0,1.0,0.0,0.5415605521687199,1.00000007066295,0.9994236213006737
1.2195953362083825,4.08312158964104,4.036594127008005,9.339311052857427,0.002876731051869906,75.0,81.98683497829232,3344.960418910312,0.760644244540511,0.11736703224246708,1.0,1.0,1.0,0.0,0.5415605521687199,1.00000006066295,0.9994236313006738
1.1516553037037893,4.15079365585682,4.03579741147839,9.338246371038998,0.002677045723669315,74.0,76.29580312457547,3158.244972216795,0.8162796500227512,0.11081561306023842,1.0,1.0,1.0,0.0,0.5753968279284101,0.9999985543585881,0.999971660051977
1.151655318134185,4.150793645856821,4.035797411923102,9.338246375914109,0.0026770457654140822,74.0,76.29580431430135,3158.245011735032,0.8162796547035933,0.11081561444684324,0.99999999,1.0,1.0,0.0,0.5753968279284101,0.9999985543585881,0.999971660051977
1.1516553936243208,4.15079365585682,4.035797414249524,9.338246463730664,0.0026770459839384865,74.0,76.29581054224687,3158.24521846768,0.8162796782958468,0.11081562170062034,1.0,0.99999999,1.0,0.0,0.5753968279284101,0.9999985543585881,0.999971660051977
1.1516553585020293,4.15079363585682,4.035797393167151,9.338246387526,0.002677045882162826,74.0,76.29580764164055,3158.2451222840878,0.8162796679286202,0.11081561832575747,1.0,1.0,0.99999999,0.0,0.5753968279284101,0.9999985543585881,0.999971660051977
1.1516552990852773,4.15079365585682,4.035797419336058,9.338246374278155,0.0026770457103081047,74.0,76.29580274378098,3158.244959568809,0.8162796485273746,0.11081561261644944,1.0,1.0,1.0,1e-08,0.5753968279284101,0.9999985543585881,0.999971660051977
1.1516552844246464,4.1507936758568205,4.035797410884249,9.338246371165717,0.002677045667912451,74.0,76.29580153550485,3158.24491942004,0.8162796436761303,0.1108156112077207,1.0,1.0,1.0,0.0,0.5753968379284101,0.9999985543585881,0.999971660051977
1.151655290886301,4.15079365585682,4.035797411083377,9.338246357826497,0.0026770456866735725,74.0,76.29580207019681,3158.2449371154667,0.8162796456350235,0.11081561182861287,1.0,1.0,1.0,0.0,0.5753968279284101,0.9999985643585881,0.999971660051977
1.1516552768658588,4.15079365585682,4.035797430696541,9.33824636341922,0.0026770456422183014,74.0,76.2958008032216,3158.244898833528,0.8162796369788449,0.11081561048538695,1.0,1.0,1.0,0.0,0.5753968279284101,0.9999985543585881,0.9999716700519771
1.1519372481359613,4.150418312612995,4.03587257482885,9.338228135577808,0.0026778484499645665,74.0,76.31868082399015,3159.017465425441,0.8163584373679321,0.1108427180851032,1.0,1.0,1.0,0.0,0.5752043340469161,0.9999987047730059,1.0000048222584186
1.1519372625691875,4.150418302612994,4.035872575273649,9.338228140455831,0.002677848491720891,74.0,76.3186820140454,3159.0175049514046,0.8163584420428891,0.11084271947197911,0.99999999,1.0,1.0,0.0,0.5752043340469161,0.9999987047730059,1.0000048222584186
1.1519373380723348,4.150418312612995,4.035872577600468,9.338228228285798,0.0026778487103007427,74.0,76.31868824357117,3159.0177117195562,0.8163584656034782,0.11084272672700198,1.0,0.99999999,1.0,0.0,0.5752043340469161,0.9999987047730059,1.0000048222584186
1.1519373029493887,4.150418292612995,4.035872556518076,9.338228152080461,0.0026778486085148093,74.0,76.31868534267207,3159.017615534232,0.8163584552529243,0.11084272335207832,1.0,1.0,0.99999999,0.0,0.5752043340469161,0.9999987047730059,1.0000048222584186
1.1519372435166289,4.150418312612995,4.035872582686493,9.338228138816117,0.0026778484365999,74.0,76.31868044309715,3159.0174527752165,0.8163584358744677,0.11084271764123567,1.0,1.0,1.0,1e-08,0.5752043340469161,0.9999987047730059,1.0000048222584186
1.151937228853387,4.150418332612995,4.035872574234604,9.338228135700987,0.0026778483941932835,74.0,76.31867923450858,3159.0174126193224,0.8163584310292613,0.11084271623225693,1.0,1.0,1.0,0.0,0.5752043440469161,0.9999987047730059,1.0000048222584186
1.1519372353159034,4.150418312612995,4.035872574433759,9.338228122362658,0.002677848412958449,74.0,76.3186797693158,3159.0174303170984,0.816358432985321,0.11084271685323152,1.0,1.0,1.0,0.0,0.5752043340469161,0.999998714773006,1.0000048222584186
1.1519372212938024,4.150418332613005,4.0358725940468805,9.338228147953687,0.002677848368494294,74.0,76.31867850208738,3159.0173920306656,0.8163584243347346,0.11084271550984792,1.0,1.0,1.0,0.0,0.5752043340469161,0.9999987047730059,1.0000048322584185
1.1517738331848173,4.150631798297145,4.035829011653046,9.338234643135008,0.002677383181939884,74.0,76.30542068528669,3158.5697285337096,0.8163127883203406,0.11082700801872665,1.0,1.0,1.0,0.0,0.5753158991485722,0.99999861759621,0.9999856021933231
1.1517738476164057,4.150631788297144,4.035829012097794,9.338234648011344,0.002677383223689523,74.0,76.3054218751514,3158.569768055202,0.8163127929987065,0.11082700940544568,0.99999999,1.0,1.0,0.0,0.5753158991485722,0.99999861759621,0.9999856021933231
1.1517739231120183,4.150631798297145,4.035829014424384,9.338234735833547,0.0026773834422372505,74.0,76.30542810376164,3158.5699748027946,0.8163128165776696,0.11082701665974717,1.0,0.99999999,1.0,0.0,0.5753158991485722,0.99999861759621,0.9999856021933231
1.1517738879894552,4.150631778297145,4.035828993342003,9.338234659628602,0.002677383340457277,74.0,76.3054252030324,3158.569878618484,0.8163128062174492,0.11082701328485908,1.0,1.0,0.99999999,0.0,0.5753158991485722,0.99999861759621,0.9999856021933231
1.1517738285659727,4.150631798297145,4.035829019510704,9.33823464637382,0.002677383168577267,74.0,76.30542030445211,3158.569715884816,0.8163127868257783,0.11082700757490582,1.0,1.0,1.0,1e-08,0.5753158991485722,0.99999861759621,0.9999856021933231
1.1517738139042413,4.1506318182971444,4.035829011058861,9.338234643260247,0.002677383126176991,74.0,76.30541909604425,3158.569675733044,0.8163127819770726,0.11082700616607172,1.0,1.0,1.0,0.0,0.5753159091485722,0.99999861759621,0.9999856021933231
1.151773820366258,4.150631798297145,4.035829011258,9.338234629921402,0.002677383144939808,74.0,76.30541963078453,3158.5696934294574,0.8163127839347726,0.1108270067869985,1.0,1.0,1.0,0.0,0.5753158991485722,0.99999862759621,0.9999856021933231
1.151773806345117,4.150631798297145,4.035829030871147,9.338234635513409,0.002677383100480798,74.0,76.30541836370274,3158.5696551456263,0.816312775280935,0.11082700544370619,1.0,1.0,1.0,0.0,0.5753158991485722,0.99999861759621,0.9999856121933232
1.1518916279439309,4.150470956462677,4.035860413806585,9.338222998213194,0.002677718559899898,74.0,76.31497895714709,3158.8924717193936,0.8163456980864658,0.11083833234103135,1.0,1.0,1.0,0.0,0.5752354782313388,0.9999986804369889,0.9999994568417868
1.1518916423767072,4.1504709464626774,4.0358604142513705,9.338223003090755,0.002677718601654374,74.0,76.31498014714965,3158.8925112441298,0.8163457027623883,0.1108383337278642,0.99999999,1.0,1.0,0.0,0.5752354782313388,0.9999986804369889,0.9999994568417868
1.1518917178777455,4.150470956462677,4.035860416578125,9.338223090918548,0.002677718820225241,74.0,76.31498637641937,3158.892718006526,0.8163457263280952,0.11083834098268512,1.0,0.99999999,1.0,0.0,0.5752354782313388,0.9999986804369889,0.9999994568417868
1.1518916827549064,4.1504709364626775,4.035860395495736,9.338223014713321,0.002677718718440967,74.0,76.31498347556756,3158.892621821485,0.8163457159748476,0.11083833760777141,1.0,1.0,0.99999999,0.0,0.5752354782313388,0.9999986804369889,0.9999994568417868
1.1518916233247392,4.150470956462677,4.035860421664232,9.338223001451649,0.0026777185465358204,74.0,76.31497857627089,3158.8924590695533,0.8163456965926944,0.1108383318971773,1.0,1.0,1.0,1e-08,0.5752354782313388,0.9999986804369889,0.9999994568417868
1.1518916086619135,4.150470976462678,4.035860413212356,9.33822299833695,0.0026777185041309513,74.0,76.31497736773211,3158.8924189147947,0.8163456917465197,0.1108383304882384,1.0,1.0,1.0,0.0,0.5752354882313389,0.9999986804369889,0.9999994568417868
1.1518916151242937,4.150470956462677,4.035860413411507,9.338222984998477,0.0026777185228954704,74.0,76.31497790252091,3158.8924366121996,0.8163456937030343,0.11083833110919998,1.0,1.0,1.0,0.0,0.5752354782313388,0.999998690436989,0.9999994568417868
1.151891601102466,4.150470956462677,4.035860433024636,9.33822299058978,0.0026777184784327643,74.0,76.31497663533378,3158.892398326508,0.8163456850515415,0.11083832976584239,1.0,1.0,1.0,0.0,0.5752354782313388,0.9999986804369889,0.9999994668417869
1.1519107896238574,4.150448214438943,4.035865521794645,9.338224525857445,0.002677773116932666,74.0,76.31653383258097,3158.944972363305,0.8163510493405839,0.1108401744688879,1.0,1.0,1.0,0.0,0.575222396742014,0.9999986906588442,1.0000017104773111
1.151910804056822,4.150448204438942,4.035865522239436,9.3382245307352,0.0026777731586879266,74.0,76.3165350226059,3158.9450118885547,0.8163510540160862,0.11084017585573876,0.99999999,1.0,1.0,0.0,0.575222396742014,0.9999986906588442,1.0000017104773111
1.1519108795587525,4.150448214438943,4.035865524566218,9.338224618563913,0.002677773377262585,74.0,76.31654125198367,3158.9452186533854,0.8163510775796567,0.1108401831106451,1.0,0.99999999,1.0,0.0,0.575222396742014,0.9999986906588442,1.0000017104773111
1.151910844435879,4.150448194438943,4.035865503483828,9.33822454235865,0.0026777732754776394,74.0,76.31653835111273,3158.945122468255,0.8163510672275552,0.11084017973572824,1.0,1.0,0.99999999,0.0,0.575222396742014,0.9999986906588442,1.0000017104773111
1.1519107850046069,4.150448214438943,4.035865529652291,9.338224529095841,0.0026777731035683558,74.0,76.31653345169813,3158.9449597133034,0.81635104784694,0.11084017402502819,1.0,1.0,1.0,1e-08,0.575222396742014,0.9999986906588442,1.0000017104773111
1.151910770341607,4.150448234438943,4.035865521200409,9.338224525980959,0.002677773061162746,74.0,76.31653224313825,3158.9449195580696,0.816351043001167,0.11084017261607262,1.0,1.0,1.0,0.0,0.5752224067420141,0.9999986906588442,1.0000017104773111
1.1519107768040608,4.150448214438943,4.035865521399562,9.338224512642565,0.002677773079927582,74.0,76.31653277793609,3158.944937255676,0.8163510449575062,0.11084017323704126,1.0,1.0,1.0,0.0,0.575222396742014,0.9999987006588442,1.0000017104773111
1.151910762782112,4.150448234438946,4.035865541012688,9.338224538233746,0.002677773035464254,74.0,76.31653151073124,3158.9448989696552,0.8163510363063939,0.11084017189367211,1.0,1.0,1.0,0.0,0.575222396742014,0.9999986906588442,1.000001720477311
1.1518916279439309,4.150470956462677,4.035860413806585,9.338222998213194,0.002677718559899898,74.0,76.31497895714709,3158.8924717193936,0.8163456980864658,0.11083833234103135,1.0,1.0,1.0,0.0,0.5752354782313388,0.9999986804369889,0.9999994568417868
1.1518916423767072,4.1504709464626774,4.0358604142513705,9.338223003090755,0.002677718601654374,74.0,76.31498014714965,3158.8925112441298,0.8163457027623883,0.1108383337278642,0.99999999,1.0,1.0,0.0,0.5752354782313388,0.9999986804369889,0.9999994568417868
1.1518917178777455,4.150470956462677,4.035860416578125,9.338223090918548,0.002677718820225241,74.0,76.31498637641937,3158.892718006526,0.8163457263280952,0.11083834098268512,1.0,0.99999999,1.0,0.0,0.5752354782313388,0.9999986804369889,0.9999994568417868
1.1518916827549064,4.1504709364626775,4.035860395495736,9.338223014713321,0.002677718718440967,74.0,76.31498347556756,3158.892621821485,0.8163457159748476,0.11083833760777141,1.0,1.0,0.99999999,0.0,0.5752354782313388,0.9999986804369889,0.9999994568417868
1.1518916233247392,4.150470956462677,4.035860421664232,9.338223001451649,0.0026777185465358204,74.0,76.31497857627089,3158.8924590695533,0.8163456965926944,0.1108383318971773,1.0,1.0,1.0,1e-08,0.5752354782313388,0.9999986804369889,0.9999994568417868
1.1518916086619135,4.150470976462678,4.035860413212356,9.33822299833695,0.0026777185041309513,74.0,76.31497736773211,3158.8924189147947,0.8163456917465197,0.1108383304882384,1.0,1.0,1.0,0.0,0.5752354882313389,0.9999986804369889,0.9999994568417868
1.1518916151242937,4.150470956462677,4.035860413411507,9.338222984998477,0.0026777185228954704,74.0,76.31497790252091,3158.8924366121996,0.8163456937030343,0.11083833110919998,1.0,1.0,1.0,0.0,0.5752354782313388,0.999998690436989,0.9999994568417868
1.151891601102466,4.150470956462677,4.035860433024636,9.33822299058978,0.0026777184784327643,74.0,76.31497663533378,3158.892398326508,0.8163456850515415,0.11083832976584239,1.0,1.0,1.0,0.0,0.5752354782313388,0.9999986804369889,0.9999994668417869
1.2988192546901345,3.9755633927868157,4.121533815669903,9.395916463146854,0.003096520456840332,75.0,88.25083301994945,3561.6865664157713,0.8297951737637036,0.12497145847072881,1.0,1.0,1.0,0.0,0.44663135242004187,1.000148353864093,1.0404750171662638
1.298819270523114,3.9755633827868158,4.121533816158796,9.395916469468727,0.003096520504809275,75.0,88.25083438706433,3561.6866097638854,0.829795175169564,0.12497145999171527,0.99999999,1.0,1.0,0.0,0.44663135242004187,1.000148353864093,1.0404750171662638
1.2988193520431877,3.9755633927868157,4.121533818675969,9.395916563505972,0.0030965207519747535,75.0,88.25084143128048,3561.6868329522235,0.8297951813934825,0.12497146782288504,1.0,0.99999999,1.0,0.0,0.44663135242004187,1.000148353864093,1.0404750171662638
1.2988193180191687,3.9755633727868154,4.121533797625394,9.395916488431379,0.0030965206486687235,75.0,88.25083848705862,3561.686739800394,0.829795179544828,0.1249714645543998,1.0,1.0,0.99999999,0.0,0.44663135242004187,1.000148353864093,1.0404750171662638
1.2988192496901794,3.9755633927868157,4.121533823515513,9.395916465992508,0.0030965204416912337,75.0,88.25083258820015,3561.6865527267105,0.829795173323058,0.1249714579904109,1.0,1.0,1.0,1e-08,0.44663135242004187,1.000148353864093,1.0404750171662638
1.2988192337992626,3.975563412786816,4.1215338150248275,9.395916461610906,0.003096520393566169,75.0,88.25083121663582,3561.686509219939,0.8297951718039946,0.12497145646385752,1.0,1.0,1.0,0.0,0.44663136242004187,1.000148353864093,1.0404750171662638
1.298819240595049,3.975563472786815,4.121533815234661,9.395916528616524,0.003096520414242584,75.0,88.25083180591365,3561.686527825573,0.8297951722382251,0.12497145711668678,1.0,1.0,1.0,0.0,0.44663135242004187,1.000148363864093,1.0404750171662638
1.298819226585463,3.9755634128677655,4.121533834850497,9.395916474303725,0.003096520367491406,75.0,88.25083047350508,3561.6864895918716,0.8297951668875301,0.1249714557751534,1.0,1.0,1.0,0.0,0.44663135242004187,1.000148353864093,1.0404750271662637
1.1661760674995418,4.132591084842243,4.0445828544026305,9.343350006744416,0.0027175222003316423,74.0,77.44938270945181,3198.0576548491968,0.8191264838579404,0.11221254929295427,1.0,1.0,1.0,0.0,0.562107688938454,1.0000139589609194,1.0041311643130608
1.1661760820757385,4.132591074842242,4.044582854851941,9.343350011769921,0.0027175222426627853,74.0,77.44938391588938,3198.057694765791,0.8191264882244362,0.11221255069353653,0.99999999,1.0,1.0,0.0,0.562107688938454,1.0000139589609194,1.0041311643130608
1.1661761582030132,4.132591084842243,4.044582857198548,9.343350100243804,0.0027175224638969413,74.0,77.44939022106283,3198.0579032384335,0.8191265101215296,0.11221255800836609,1.0,0.99999999,1.0,0.0,0.562107688938454,1.0000139589609194,1.0041311643130608
1.166176123159431,4.132591064842243,4.044582836118347,9.34335002412002,0.002717522361944939,74.0,77.44938731543076,3198.0578072726234,0.8191265006651509,0.11221255464114469,1.0,1.0,0.99999999,0.0,0.562107688938454,1.0000139589609194,1.0041311643130608
1.1661760628408422,4.132591084842243,4.044582862259026,9.34335000994211,0.0027175221868015417,74.0,77.44938232384393,3198.05764209145,0.8191264824651772,0.11221254884531404,1.0,1.0,1.0,1e-08,0.562107688938454,1.0000139589609194,1.0041311643130608
1.1661760480508037,4.132591104842243,4.0445828538031225,9.34335000669617,0.0027175221438652487,74.0,77.44938110015958,3198.05760158923,0.819126477937561,0.11221254742418352,1.0,1.0,1.0,0.0,0.562107698938454,1.0000139589609194,1.0041311643130608
1.1661760545496052,4.132591164842243,4.044582854003442,9.343350073395289,0.0027175221628091936,74.0,77.44938164006201,3198.05761938597,0.8191264797439083,0.11221254804863053,1.0,1.0,1.0,0.0,0.562107688938454,1.0000139689609193,1.0041311643130608
1.166176040521524,4.132591104850506,4.044582873616591,9.34335001898862,0.0027175221181430804,74.0,77.4493803670778,3198.0575810848654,0.8191264714270549,0.11221254670473212,1.0,1.0,1.0,0.0,0.562107688938454,1.0000139589609194,1.0041311743130608
1.1534222720388718,4.14853473547059,4.036799572064743,9.338756579574206,0.0026819758401291473,74.0,76.4363114436807,3163.0892543787577,0.8166596002638694,0.11098558787293887,1.0,1.0,1.0,0.0,0.5738216110075289,1.0000003259390404,1.0004444430951211
1.153422286487082,4.148534725470591,4.036799572510015,9.338756584467689,0.0026819758819453627,74.0,76.43631263544283,3163.089293945664,0.8166596049067718,0.11098558926125136,0.99999999,1.0,1.0,0.0,0.5738216110075289,1.0000003259390404,1.0004444430951211
1.1534223620556645,4.14853473547059,4.036799574838912,9.338756672365166,0.0026819761008017085,74.0,76.43631887284869,3163.0895008925354,0.8166596282942072,0.1109855965225451,1.0,0.99999999,1.0,0.0,0.5738216110075289,1.0000003259390404,1.0004444430951211
1.1534223269410206,4.14853471547059,4.0367995537567465,9.338756596168357,0.0026819759989987653,74.0,76.43631597146481,3163.0894047301695,0.8166596180376685,0.110985593148427,1.0,1.0,0.99999999,0.0,0.5738216110075289,1.0000003259390404,1.0004444430951211
1.1534222674154218,4.14853473547059,4.036799579922255,9.338756582808266,0.0026819758267472757,74.0,76.43631106229736,3163.0892417172854,0.8166595987808821,0.11098558742867667,1.0,1.0,1.0,1e-08,0.5738216110075289,1.0000003259390404,1.0004444430951211
1.1534222527388827,4.14853475547059,4.0367995714699445,9.338756579679416,0.0026819757842854583,74.0,76.43630985213557,3163.089201525069,0.8166595939687159,0.11098558601842347,1.0,1.0,1.0,0.0,0.573821621007529,1.0000003259390404,1.0004444430951211
1.1534222592052013,4.148534815470589,4.0367995716692215,9.338756646345011,0.0026819758030692258,74.0,76.43631038747293,3163.0892192332158,0.8166595959091495,0.11098558663976196,1.0,1.0,1.0,0.0,0.5738216110075289,1.0000003359390404,1.0004444430951211
1.1534222451826195,4.148534755471479,4.03679959128235,9.338756591936448,0.0026819757585845867,74.0,76.43630911966072,3163.089180945642,0.8166595872936171,0.11098558529633831,1.0,1.0,1.0,0.0,0.5738216110075289,1.0000003259390404,1.000444453095121
1.1520603858471035,4.150256109709422,4.035964012358137,9.33828050791466,0.0026781878449601577,74.0,76.3283535813645,3159.3551796503493,0.8163804950046882,0.1108545677070298,1.0,1.0,1.0,0.0,0.5750795100485694,0.9999988619575451,1.0000485446883123
1.1520604002815766,4.150256099709422,4.0359640128029755,9.338280512793974,0.002678187886721438,74.0,76.32835477156098,3159.3552191797216,0.8163804996769511,0.11085456909402532,0.99999999,1.0,1.0,0.0,0.5750795100485694,0.9999988619575451,1.0000485446883123
1.1520604757900734,4.150256109709422,4.0359640151299665,9.338280600629462,0.002678188105323791,74.0,76.32836100172804,3159.3554259624884,0.8163805232230249,0.110854576349561,1.0,0.99999999,1.0,0.0,0.5750795100485694,0.9999988619575451,1.0000485446883123
1.1520604406681278,4.150256089709422,4.035963994047602,9.338280524425151,0.0026781880035374344,74.0,76.32835810081689,3159.35532977992,0.8163805128804454,0.11085457297473403,1.0,1.0,0.99999999,0.0,0.5750795100485694,0.9999988619575451,1.0000485446883123
1.1520603812274364,4.150256109709422,4.0359640202157685,9.338280511152627,0.0026781878315941085,74.0,76.32835320043209,3159.3551669992094,0.8163804935121054,0.11085456726313016,1.0,1.0,1.0,1e-08,0.5750795100485694,0.9999988619575451,1.0000485446883123
1.1520603665630957,4.150256129709422,4.035964011763845,9.338280508036362,0.0026781877891829627,74.0,76.32835199171444,3159.3551268403135,0.8163804886696603,0.11085456585404609,1.0,1.0,1.0,0.0,0.5750795200485694,0.9999988619575451,1.0000485446883123
1.1520603730259202,4.150256109709422,4.035964011963009,9.33828049469835,0.002678187807949618,74.0,76.32835252656412,3159.3551445389303,0.8163804906244193,0.11085456647505018,1.0,1.0,1.0,0.0,0.5750795100485694,0.9999988719575451,1.0000485446883123
1.1520603590040057,4.150256129709518,4.035964031576138,9.338280520289661,0.002678187763484497,74.0,76.32835125930816,3159.3551062530205,0.8163804819768906,0.11085456513168493,1.0,1.0,1.0,0.0,0.5750795100485694,0.9999988619575451,1.0000485546883122
1.151910501018038,4.150445962740798,4.035872000432699,9.338228464191534,0.0026777710413535146,74.0,76.31647467857516,3158.944218761491,0.8163495919255005,0.11084014802671897,1.0,1.0,1.0,0.0,0.5752180344474958,0.9999987007385998,1.0000049469216794
1.1519105154510072,4.150445952740797,4.03587200087749,9.338228469069294,0.002677771083108767,74.0,76.31647586859987,3158.9442582867537,0.8163495966010055,0.1108401494135703,0.99999999,1.0,1.0,0.0,0.5752180344474958,0.9999987007385998,1.0000049469216794
1.151910590952876,4.150445962740798,4.035872003204272,9.338228556897946,0.002677771301683143,74.0,76.31648209796958,3158.944465051419,0.8163496201645221,0.11084015666847083,1.0,0.99999999,1.0,0.0,0.5752180344474958,0.9999987007385998,1.0000049469216794
1.1519105558301406,4.150445942740797,4.035871982121885,9.338228480692823,0.0026777711998986486,74.0,76.31647919711149,3158.944368866664,0.8163496098124642,0.11084015329356715,1.0,1.0,0.99999999,0.0,0.5752180344474958,0.9999987007385998,1.0000049469216794
1.151910496398791,4.150445962740798,4.035872008290345,9.338228467429932,0.002677771027989208,74.0,76.31647429769242,3158.9442061114987,0.8163495904318608,0.11084014758285961,1.0,1.0,1.0,1e-08,0.5752180344474958,0.9999987007385998,1.0000049469216794
1.151910481735799,4.150445982740798,4.035871999838463,9.338228464315058,0.0026777709855836467,74.0,76.31647308913394,3158.9441659562863,0.8163495855860983,0.11084014617390478,1.0,1.0,1.0,0.0,0.5752180444474958,0.9999987007385998,1.0000049469216794
1.1519104881982354,4.150445962740798,4.035872000037616,9.338228450976649,0.002677771004348434,74.0,76.31647362393038,3158.9441836538444,0.816349587542419,0.11084014679487174,1.0,1.0,1.0,0.0,0.5752180344474958,0.9999987107385998,1.0000049469216794
1.1519104741763886,4.150445982740807,4.0358720196507445,9.338228476567942,0.002677770959885428,74.0,76.31647235673469,3158.9441453681025,0.8163495788913693,0.11084014545151237,1.0,1.0,1.0,0.0,0.5752180344474958,0.9999987007385998,1.0000049569216793
1.151894088948603,4.150466752655682,4.035861924684941,9.338222766289226,0.0026777254033423558,74.0,76.31517399525714,3158.8992194126226,0.8163462058670627,0.11083856910219729,1.0,1.0,1.0,0.0,0.5752332035877684,0.9999986830842889,1.0000001727400714
1.1518941033813992,4.150466742655682,4.035861925129726,9.338222771166807,0.002677725445096912,74.0,76.31517518526199,3158.8992589374125,0.8163462105429268,0.11083857048903202,0.99999999,1.0,1.0,0.0,0.5752332035877684,0.9999986830842889,1.0000001727400714
1.1518941788825472,4.150466752655682,4.0358619274564855,9.338222858994715,0.0026777256636682355,74.0,76.31518141454471,3158.8994657001085,0.8163462341083539,0.11083857774386345,1.0,0.99999999,1.0,0.0,0.5752332035877684,0.9999986830842889,1.0000001727400714
1.151894143759729,4.1504667326556826,4.035861906374096,9.338222782789508,0.002677725561883962,74.0,76.31517851369291,3158.8993695151253,0.816346223755263,0.11083857436895177,1.0,1.0,0.99999999,0.0,0.5752332035877684,0.9999986830842889,1.0000001727400714
1.1518940843294048,4.150466752655682,4.035861932542589,9.338222769527675,0.0026777253899782512,74.0,76.31517361438016,3158.899206762764,0.8163462043733197,0.1108385686583426,1.0,1.0,1.0,1e-08,0.5752332035877684,0.9999986830842889,1.0000001727400714
1.1518940696665563,4.150466772655682,4.035861924090711,9.338222766412951,0.0026777253475732867,74.0,76.31517240583867,3158.8991666079437,0.8163461995271822,0.11083856724940154,1.0,1.0,1.0,0.0,0.5752332135877685,0.9999986830842889,1.0000001727400714
1.1518940761289425,4.150466752655682,4.035861924289861,9.338222753074486,0.0026777253663378326,74.0,76.31517294062823,3158.899184305365,0.816346201483674,0.11083856787036368,1.0,1.0,1.0,0.0,0.5752332035877684,0.9999986930842889,1.0000001727400714
1.1518940621071152,4.150466772655683,4.035861943902991,9.33822277866579,0.002677725321875105,74.0,76.31517167344049,3158.8991460196744,0.8163461928322481,0.11083856652700612,1.0,1.0,1.0,0.0,0.5752332035877684,0.9999986830842889,1.0000001827400713
1.1518926204003213,4.1504691218575545,4.0358610231031635,9.338222765361039,0.002677721319673916,74.0,76.3150576107066,3158.895192880938,0.8163459028617905,0.11083842782038379,1.0,1.0,1.0,0.0,0.575234560928777,0.9999986815045738,0.9999997455443066
1.151892634833104,4.150469111857554,4.035861023547948,9.338222770238605,0.002677721361428436,74.0,76.31505880071042,3158.895232405692,0.816345907537681,0.11083842920721726,0.99999999,1.0,1.0,0.0,0.575234560928777,0.9999986815045738,0.9999997455443066
1.1518927103341967,4.1504691218575545,4.035861025874706,9.338222858066457,0.0026777215799995003,74.0,76.31506502998576,3158.8954391682364,0.8163459311032865,0.11083843646204339,1.0,0.99999999,1.0,0.0,0.575234560928777,0.9999986815045738,0.9999997455443066
1.1518926752113632,4.150469101857554,4.0358610047923165,9.338222781861234,0.0026777214782152214,74.0,76.3150621291338,3158.895342983212,0.8163459207501034,0.11083843308713023,1.0,1.0,0.99999999,0.0,0.575234560928777,0.9999986815045738,0.9999997455443066
1.1518926157811293,4.1504691218575545,4.0358610309608105,9.338222768599493,0.0026777213063098326,74.0,76.31505722983023,3158.895180231097,0.8163459013680334,0.11083842737652973,1.0,1.0,1.0,1e-08,0.575234560928777,0.9999986815045738,0.9999997455443066
1.1518926011182966,4.150469141857554,4.035861022508934,9.338222765484785,0.0026777212639049358,74.0,76.31505602129067,3158.89514007632,0.8163458965218819,0.11083842596759017,1.0,1.0,1.0,0.0,0.5752345709287771,0.9999986815045738,0.9999997455443066
1.1518926075806826,4.1504691218575545,4.035861022708085,9.338222752146322,0.002677721282669465,74.0,76.31505655607975,3158.8951577737407,0.8163458984783886,0.11083842658855231,1.0,1.0,1.0,0.0,0.575234560928777,0.9999986915045739,0.9999997455443066
1.151892593558849,4.1504691218575545,4.035861042321214,9.338222757737618,0.002677721238206744,74.0,76.3150552888922,3158.8951194880324,0.8163458898269121,0.11083842524519412,1.0,1.0,1.0,0.0,0.575234560928777,0.9999986815045738,0.9999997555443066
1.15189342155771,4.150467640879244,4.035861514955627,9.338222577392582,0.002677723547493639,74.0,76.31512110356871,3158.8973895302775,0.8163460681648734,0.1108385048957992,1.0,1.0,1.0,0.0,0.5752338204396221,0.9999986823663778,0.9999999785983651
1.1518934359905015,4.150467630879245,4.035861515400413,9.33822258227016,0.0026777235892481792,74.0,76.31512229357311,3158.8974290550545,0.8163460728407518,0.11083850628263349,0.99999999,1.0,1.0,0.0,0.5752338204396221,0.9999986823663778,0.9999999785983651
1.151893511491629,4.150467640879244,4.03586151772717,9.338222670098043,0.0026777238078194094,74.0,76.31512852285317,3158.8976358176947,0.8163460964062512,0.11083851353746298,1.0,0.99999999,1.0,0.0,0.5752338204396221,0.9999986823663778,0.9999999785983651
1.1518934763687978,4.150467620879244,4.035861496644781,9.338222593892823,0.0026777237060351057,74.0,76.31512562200051,3158.8975396326755,0.8163460860531282,0.11083851016255002,1.0,1.0,0.99999999,0.0,0.5752338204396221,0.9999986823663778,0.9999999785983651
1.1518934169385164,4.150467640879244,4.035861522813274,9.338222580631035,0.0026777235341295396,74.0,76.31512072269187,3158.8973768804317,0.8163460666711299,0.11083850445194497,1.0,1.0,1.0,1e-08,0.5752338204396221,0.9999986823663778,0.9999999785983651
1.151893402275673,4.150467660879245,4.035861514361398,9.338222577516316,0.002677723491724611,74.0,76.31511951415142,3158.8973367256244,0.8163460618249697,0.11083850304300437,1.0,1.0,1.0,0.0,0.5752338304396222,0.9999986823663778,0.9999999785983651
1.1518934087380663,4.150467640879244,4.0358615145605485,9.338222564177858,0.0026777235104891717,74.0,76.3151200489414,3158.8973544230653,0.816346063781472,0.1108385036639672,1.0,1.0,1.0,0.0,0.5752338204396221,0.9999986923663778,0.9999999785983651
1.1518933947162342,4.150467640879244,4.035861534173678,9.338222569769156,0.002677723466026442,74.0,76.3151187817536,3158.8973161373615,0.8163460551300331,0.11083850232060917,1.0,1.0,1.0,0.0,0.5752338204396221,0.9999986823663778,0.9999999885983651
1.1518938620356605,4.150467040098581,4.035861785376974,9.338222687511216,0.0026777247723536414,74.0,76.31515601207877,3158.8985972525197,0.8163461590483952,0.11083854727201824,1.0,1.0,1.0,0.0,0.5752334133173986,0.9999986828401991,1.0000001067318913
1.151893876468461,4.15046703009858,4.035861785821759,9.3382226923888,0.002677724814108211,74.0,76.31515720208402,3158.898636777321,0.8163461637242683,0.11083854865885337,0.99999999,1.0,1.0,0.0,0.5752334133173986,0.9999986828401991,1.0000001067318913
1.1518939519695994,4.150467040098581,4.035861788148518,9.338222780216698,0.0026777250326794995,74.0,76.31516343136573,3158.8988435399906,0.8163461872897162,0.11083855591368388,1.0,0.99999999,1.0,0.0,0.5752334133173986,0.9999986828401991,1.0000001067318913
1.151893916846768,4.1504670200985805,4.0358617670661285,9.338222704011477,0.0026777249308951897,74.0,76.31516053051291,3158.898747354971,0.8163461769366032,0.11083855253877091,1.0,1.0,0.99999999,0.0,0.5752334133173986,0.9999986828401991,1.0000001067318913
1.1518938574164597,4.150467040098581,4.03586179323462,9.33822269074966,0.002677724758989528,74.0,76.31515563120155,3158.8985846026535,0.8163461575546469,0.11083854682816328,1.0,1.0,1.0,1e-08,0.5752334133173986,0.9999986828401991,1.0000001067318913
1.1518938427536174,4.150467060098581,4.035861784782743,9.338222687634943,0.0026777247165845853,74.0,76.31515442266068,3158.8985444478494,0.8163461527085125,0.11083854541922279,1.0,1.0,1.0,0.0,0.5752334233173987,0.9999986828401991,1.0000001067318913
1.151893849216003,4.150467040098581,4.035861784981894,9.338222674296478,0.002677724735349129,74.0,76.31515495745018,3158.8985621452694,0.8163461546650043,0.1108385460401849,1.0,1.0,1.0,0.0,0.5752334133173986,0.9999986928401992,1.0000001067318913
1.1518938351941728,4.150467060098582,4.035861804595023,9.338222699887778,0.002677724690886396,74.0,76.31515369026229,3158.8985238595706,0.8163461460135698,0.11083854469682704,1.0,1.0,1.0,0.0,0.5752334133173986,0.9999986828401991,1.0000001167318913
1.1518934873625875,4.150467519235785,4.035861555355028,9.338222561953401,0.0026777237304806806,74.0,76.3151263186994,3158.897569957048,0.8163460817423723,0.11083851122656309,1.0,1.0,1.0,0.0,0.5752337596178925,0.9999986824371639,0.9999999977407804
1.1518935017953777,4.150467509235785,4.035861555799814,9.338222566830977,0.0026777237722352253,74.0,76.31512750870392,3158.897609481822,0.8163460864182446,0.11083851261339726,0.99999999,1.0,1.0,0.0,0.5752337596178925,0.9999986824371639,0.9999999977407804
1.151893577296506,4.150467519235785,4.035861558126571,9.338222654658862,0.0026777239908064585,74.0,76.31513373798407,3158.8978162444637,0.8163461099837447,0.11083851986822679,1.0,0.99999999,1.0,0.0,0.5752337596178925,0.9999986824371639,0.9999999977407804
1.1518935421736813,4.150467499235785,4.035861537044182,9.33822257845365,0.0026777238890221787,74.0,76.31513083713209,3158.8977200594627,0.8163460996306114,0.11083851649331448,1.0,1.0,0.99999999,0.0,0.5752337596178925,0.9999986824371639,0.9999999977407804
1.151893482743389,4.150467519235785,4.035861563212675,9.338222565191849,0.0026777237171165765,74.0,76.31512593782243,3158.897557307189,0.8163460802486219,0.11083851078270839,1.0,1.0,1.0,1e-08,0.5752337596178925,0.9999986824371639,0.9999999977407804
1.151893468080549,4.150467539235785,4.035861554760799,9.338222562077132,0.0026777236747116497,74.0,76.31512472928202,3158.897517152392,0.8163460754024766,0.11083850937376814,1.0,1.0,1.0,0.0,0.5752337696178925,0.9999986824371639,0.9999999977407804
1.1518934745429328,4.150467519235785,4.035861554959949,9.338222548738667,0.0026777236934761844,74.0,76.31512526407126,3158.8975348498066,0.8163460773589689,0.11083850999473005,1.0,1.0,1.0,0.0,0.5752337596178925,0.999998692437164,0.9999999977407804
1.1518934605211053,4.150467534717346,4.035861574573079,9.33822256981153,0.0026777236490134635,74.0,76.31512399688371,3158.8974965641146,0.8163460687075301,0.11083850865137244,1.0,1.0,1.0,0.0,0.5752337596178925,0.9999986824371639,1.0000000077407805
1.1573720962900698,4.144794994777403,4.036029855805029,9.3381969468725,0.0026935825165856245,74.0,76.7671017226903,3173.9008535426356,0.8181229656538076,0.11136494222956617,1.0,1.0,1.0,0.0,0.5723974973887014,0.9999991759599438,0.9999997340782069
1.1573721107777064,4.144794984777403,4.036029856251453,9.338196951806562,0.002693582558567896,74.0,76.76710291918504,3173.9008932170277,0.8181229702173869,0.1113649436216501,0.99999999,1.0,1.0,0.0,0.5723974973887014,0.9999991759599438,0.9999997340782069
1.1573721865383904,4.144794994777403,4.036029858585945,9.338197039901738,0.002693582778253934,74.0,76.76710918023711,3173.901100687434,0.8181229931813806,0.11136495090131347,1.0,0.99999999,1.0,0.0,0.5723974973887014,0.9999991759599438,0.9999997340782069
1.1573721513749218,4.144794974777403,4.036029837502427,9.338196963654752,0.0026935826761811847,74.0,76.76710627116377,3173.9010043925414,0.8181229831372336,0.11136494752254532,1.0,1.0,0.99999999,0.0,0.5723974973887014,0.9999991759599438,0.9999997340782069
1.1573720916546981,4.144794994777403,4.0360298636621925,9.338196950094293,0.0026935825031526267,74.0,76.76710133984986,3173.9008408486716,0.8181229641964523,0.11136494178416391,1.0,1.0,1.0,1e-08,0.5723974973887014,0.9999991759599438,0.9999997340782069
1.1573720769400648,4.144795014777403,4.0360298552087714,9.338196946926239,0.0026935824605280106,74.0,76.7671001250483,3173.900800552625,0.8181229594650642,0.11136494037026753,1.0,1.0,1.0,0.0,0.5723975073887014,0.9999991759599438,0.9999997340782069
1.1573720834208774,4.144794994777403,4.036029855408468,9.33819693360675,0.002693582479377518,74.0,76.76710066225927,3173.9008183002466,0.8181229613679757,0.1113649409929911,1.0,1.0,1.0,0.0,0.5723974973887014,0.9999991859599439,0.9999997340782069
1.1573720693472542,4.144794994777403,4.036029875020268,9.338196939144925,0.002693582434679072,74.0,76.76709938835356,3173.9007798738435,0.8181229528125237,0.11136493964469626,1.0,1.0,1.0,0.0,0.5723974973887014,0.9999991759599438,0.9999997440782069
1.161921503994089,4.140097892743994,4.036170992660908,9.338190389398992,0.0027067711321651575,74.0,77.14297726670699,3186.359341398559,0.8195609010184186,0.1118020821543354,1.0,1.0,1.0,0.0,0.5700487350052102,0.999999768014776,1.0000002113667847
1.1619215185270837,4.140097882743993,4.036170993108689,9.338190394379765,0.0027067711743365935,74.0,77.14297846859291,3186.3593811966794,0.8195609054882452,0.11180208355076068,0.99999999,1.0,1.0,0.0,0.5700487350052102,0.999999768014776,1.0000002113667847
1.1619215945023116,4.140097892743994,4.03617099544957,9.338190482695875,0.002706771394948416,74.0,77.14298475602986,3186.3595892520775,0.8195609279505753,0.1118020908509501,1.0,0.99999999,1.0,0.0,0.5700487350052102,0.999999768014776,1.0000002113667847
1.1619215593057897,4.140097872743994,4.036170974365136,9.33819040641492,0.002706771292637363,74.0,77.14298184016484,3186.359492867846,0.8195609181629728,0.11180208746904723,1.0,1.0,0.99999999,0.0,0.5700487350052102,0.999999768014776,1.0000002113667847
1.1619214993453544,4.140097892743994,4.036171000517676,9.338190392607025,0.0027067711186749637,74.0,77.14297688223647,3186.3593286681553,0.8195608995914263,0.11180208170765457,1.0,1.0,1.0,1e-08,0.5700487350052102,0.999999768014776,1.0000002113667847
1.1619214845878874,4.140097912743994,4.036170992062977,9.338190389394859,0.0027067710758678478,74.0,77.14297566223367,3186.3592882553003,0.8195608949557874,0.11180208028965966,1.0,1.0,1.0,0.0,0.5700487450052103,0.999999768014776,1.0000002113667847
1.1619214910839006,4.140097892743994,4.036170992263122,9.338190376091017,0.002706771094787847,74.0,77.14297620145364,3186.3593060443313,0.8195608968140571,0.11180208091383619,1.0,1.0,1.0,0.0,0.5700487350052102,0.999999778014776,1.0000002113667847
1.161921476967484,4.140097912743995,4.036171011873826,9.338190401585305,0.002706771049893696,74.0,77.14297492197034,3186.359267501681,0.8195608883389549,0.1118020795614625,1.0,1.0,1.0,0.0,0.5700487350052102,0.999999768014776,1.0000002213667847
1.1619181175101478,4.140101767907653,4.0361701319412475,9.338190017359048,0.002706761455293675,74.0,77.14270147586974,3186.350063295026,0.8195599997624458,0.11180175660684301,1.0,1.0,1.0,0.0,0.5700508839538264,0.9999999508023455,0.9999998340392567
1.1619181320430971,4.140101757907653,4.036170132389026,9.338190022339777,0.0027067614974649414,74.0,77.14270267775083,3186.3501030930233,0.819560004232331,0.11180175800326397,0.99999999,1.0,1.0,0.0,0.5700508839538264,0.9999999508023455,0.9999998340392567
1.1619182080181691,4.140101767907653,4.036170134729903,9.338190110655724,0.002706761718076089,74.0,77.14270896516854,3186.3503111479954,0.8195600266950596,0.11180176530343844,1.0,0.99999999,1.0,0.0,0.5700508839538264,0.9999999508023455,0.9999998340392567
1.161918172821668,4.140101747907653,4.03617011364547,9.33819003437479,0.0027067616157651977,74.0,77.14270604930813,3186.35021476382,0.819560016907261,0.11180176192153754,1.0,1.0,0.99999999,0.0,0.5700508839538264,0.9999999508023455,0.9999998340392567
1.1619181128614189,4.140101767907653,4.036170139798014,9.338190020567087,0.0027067614418035094,74.0,77.14270109140001,3186.3500505646375,0.8195599983354317,0.11180175616016272,1.0,1.0,1.0,1e-08,0.5700508839538264,0.9999999508023455,0.9999998340392567
1.1619180981039756,4.140101787907653,4.036170131343317,9.338190017354947,0.0027067613989965045,74.0,77.14269987140038,3186.350010151847,0.8195599936997142,0.11180175474217008,1.0,1.0,1.0,0.0,0.5700508939538265,0.9999999508023455,0.9999998340392567
1.161918104599985,4.140101767907653,4.036170131543462,9.3381900040511,0.0027067614179164773,74.0,77.1427004106196,3186.350027940868,0.819559995558012,0.11180175536634625,1.0,1.0,1.0,0.0,0.5700508839538264,0.9999999608023455,0.9999998340392567
1.1619180904835815,4.140101767907653,4.036170151154166,9.3381900095454,0.0027067613730224135,74.0,77.14269913113878,3186.349989398254,0.8195599870828464,0.11180175401397383,1.0,1.0,1.0,0.0,0.5700508839538264,0.9999999508023455,0.9999998440392568
1.1618203981434085,4.1402037907659075,4.036167172043834,9.33819136095315,0.0027064779684203987,74.0,77.13462209998136,3186.0824622068635,0.8195294479110542,0.11179236709497767,1.0,1.0,1.0,0.0,0.5701010279026458,1.000000216870077,0.9999998594679733
1.1618204126753882,4.140203780765908,4.036167172491584,9.33819136593288,0.002706478010587608,74.0,77.13462330174683,3186.082502002215,0.8195294523829668,0.11179236849130578,0.99999999,1.0,1.0,0.0,0.5701010279026458,1.000000216870077,0.9999998594679733
1.1618204886458654,4.1402037907659075,4.036167174832324,9.338191454244097,0.0027064782311788846,74.0,77.13462958859822,3186.0827100446595,0.8195294748564885,0.11179237579104069,1.0,0.99999999,1.0,0.0,0.5701010279026458,1.000000216870077,0.9999998594679733
1.1618204534500634,4.140203770765908,4.036167153747909,9.33819137796388,0.0027064781288730897,74.0,77.13462667288306,3186.0826136623723,0.8195294650631769,0.11179237240920605,1.0,1.0,0.99999999,0.0,0.5701010279026458,1.000000216870077,0.9999998594679733
1.161820393494966,4.1402037907659075,4.03616717990061,9.338191364161483,0.002706477954931462,74.0,77.13462171554667,3186.0824494772555,0.8195294464833891,0.11179236664832476,1.0,1.0,1.0,1e-08,0.5701010279026458,1.000000216870077,0.9999998594679733
1.1618203787384485,4.140203810765907,4.036167171445939,9.338191360950294,0.0027064779121284033,74.0,77.13462049565949,3186.0824090669903,0.8195294418456137,0.11179236523042071,1.0,1.0,1.0,0.0,0.5701010379026459,1.000000216870077,0.9999998594679733
1.16182038523412,4.140203870765907,4.036167171646074,9.338191427646102,0.002706477931046822,74.0,77.13462103483444,3186.08242685509,0.8195294437048621,0.11179236585456456,1.0,1.0,1.0,0.0,0.5701010279026458,1.000000226870077,0.9999998594679733
1.1618203711186483,4.1402037907659075,4.036167191256803,9.338191353141358,0.0027064778861570073,74.0,77.1346197554747,3186.0823883150074,0.8195294352279751,0.11179236450228096,1.0,1.0,1.0,0.0,0.5701010279026458,1.000000216870077,0.9999998694679734
1.1619115713974375,4.140108485888702,4.036169933661074,9.338189990947214,0.0027067424645600587,74.0,77.14216023996167,3186.332136995164,0.8195579536138884,0.1118011276138654,1.0,1.0,1.0,0.0,0.570054242944351,0.9999999686254131,0.9999998357426491
1.1619115859303266,4.140108475888702,4.036169934108851,9.33818999592788,0.002706742506731066,74.0,77.14216144183537,3186.3321767929965,0.8195579580839204,0.11180112901028058,0.99999999,1.0,1.0,0.0,0.570054242944351,0.9999999686254131,0.9999998357426491
1.161911661905092,4.140108485888702,4.036169936449719,9.338190084243513,0.002706742727340887,74.0,77.14216772921527,3186.3323848471337,0.8195579805473698,0.11180113631042574,1.0,0.99999999,1.0,0.0,0.570054242944351,0.9999999686254131,0.9999998357426491
1.161911626708631,4.140108465888702,4.036169915365286,9.33819000796262,0.0027067426250303194,74.0,77.1421648133641,3186.3322884630657,0.8195579707591886,0.11180113292852861,1.0,1.0,0.99999999,0.0,0.570054242944351,0.9999999686254131,0.9999998357426491
1.1619115667487254,4.140108485888702,4.036169941517841,9.338189994155268,0.0027067424510699685,74.0,77.1421598554941,3186.3321242648217,0.8195579521868344,0.11180112716718672,1.0,1.0,1.0,1e-08,0.570054242944351,0.9999999686254131,0.9999998357426491
1.1619115519913576,4.140108505888702,4.036169933063146,9.338189990943206,0.0027067424082632655,74.0,77.14215863550307,3186.332083852238,0.8195579475509858,0.11180112574920134,1.0,1.0,1.0,0.0,0.5700542529443511,0.9999999686254131,0.9999998357426491
1.1619115584873325,4.140108485888702,4.03616993326329,9.338189977639324,0.0027067424271831004,74.0,77.14215917471836,3186.332101641164,0.8195579494093366,0.11180112637337418,1.0,1.0,1.0,0.0,0.570054242944351,0.9999999786254131,0.9999998357426491
1.1619115443709886,4.140108485888702,4.036169952873996,9.338189983133686,0.0027067423822893155,74.0,77.14215789524549,3186.3320630987114,0.8195579409340502,0.11180112502100742,1.0,1.0,1.0,0.0,0.570054242944351,0.9999999686254131,0.9999998457426491
1.1618513964567887,4.140171301768781,4.036168110976024,9.338190809201594,0.002706567894574008,74.0,77.13718499535923,3186.167350017849,0.8195391411845404,0.11179534561466137,1.0,1.0,1.0,0.0,0.5700851210168256,1.0000001324668912,0.999999851401363
1.161851410989075,4.140171291768781,4.036168111423783,9.33819081418164,0.0027065679367425043,74.0,77.13718619716137,3186.167389814037,0.8195391456558109,0.11179534701101884,0.99999999,1.0,1.0,0.0,0.5700851210168256,1.0000001324668912,0.999999851401363
1.161851486961017,4.140171301768781,4.036168113764567,9.338190902494365,0.0027065681573401022,74.0,77.13719248419291,3186.1675978604762,0.8195391681259124,0.11179535431089391,1.0,0.99999999,1.0,0.0,0.5700851210168256,1.0000001324668912,0.999999851401363
1.1618514517649896,4.140171281768781,4.036168092680146,9.338190826213918,0.002706568055032679,74.0,77.13718956843135,3186.1675014775806,0.8195391583343481,0.11179535092903792,1.0,1.0,0.99999999,0.0,0.5700851210168256,1.0000001324668912,0.999999851401363
1.1618513918082605,4.140171301768781,4.036168118832797,9.338190812409838,0.002706567881084696,74.0,77.13718461091383,3186.1673372880086,0.8195391397570925,0.1117953451680003,1.0,1.0,1.0,1e-08,0.5700851210168256,1.0000001324668912,0.999999851401363
1.1618513770514416,4.140171321768781,4.036168110378117,9.33819080919834,0.002706567838280362,74.0,77.13718339099032,3186.167296876921,0.8195391351199621,0.1117953437500674,1.0,1.0,1.0,0.0,0.5700851310168257,1.0000001324668912,0.999999851401363
1.1618513835472275,4.140171381768781,4.036168110578256,9.338190875894263,0.0027065678571992946,74.0,77.1371839301799,3186.167314665333,0.8195391369789137,0.11179534437422221,1.0,1.0,1.0,0.0,0.5700851210168256,1.0000001424668912,0.999999851401363
1.1618513694314456,4.140171301768781,4.036168130188976,9.338190801389203,0.0027065678123080954,74.0,77.13718265078072,3186.167276124407,0.8195391285025538,0.11179534302190902,1.0,1.0,1.0,0.0,0.5700851210168256,1.0000001324668912,0.9999998614013631
1.1619074865635122,4.14011267798421,4.036169809932434,9.338189974480157,0.0027067306141883352,74.0,77.14182250436755,3186.320950820695,0.8195566767631904,0.11180073511651561,1.0,1.0,1.0,0.0,0.5700563389921052,0.9999999797472071,0.999999836805585
1.161907501096358,4.14011266798421,4.036169810380209,9.338189979460779,0.002706730656359167,74.0,77.14182370623627,3186.3209906184093,0.8195566812332947,0.11180073651292664,0.99999999,1.0,1.0,0.0,0.5700563389921052,0.9999999797472071,0.999999836805585
1.1619075770709355,4.14011267798421,4.036169812721072,9.338190067776218,0.0027067308769681696,74.0,77.14182999359284,3186.3211986720335,0.819556703697198,0.1118007438130538,1.0,0.99999999,1.0,0.0,0.5700563389921052,0.9999999797472071,0.999999836805585
1.161907541874501,4.1401126579842105,4.03616979163664,9.338189991495351,0.0027067307746578054,74.0,77.14182707774745,3186.321102288038,0.8195566939087898,0.11180074043115923,1.0,1.0,0.99999999,0.0,0.5700563389921052,0.9999999797472071,0.999999836805585
1.1619074819148123,4.14011267798421,4.036169817789201,9.338189977688224,0.002706730600698298,74.0,77.14182211990149,3186.3209380903854,0.8195566753361025,0.11180073466983809,1.0,1.0,1.0,1e-08,0.5700563389921052,0.9999999797472071,0.999999836805585
1.1619074671574738,4.14011269798421,4.036169809334507,9.33818997447619,0.0027067305578917355,74.0,77.14182089991446,3186.3208976778815,0.8195566707001617,0.1118007332518555,1.0,1.0,1.0,0.0,0.5700563489921052,0.9999999797472071,0.999999836805585
1.1619074736534443,4.14011267798421,4.036169809534651,9.338189961172304,0.0027067305768115257,74.0,77.14182143912848,3186.320915466796,0.8195566725585686,0.11180073387602793,1.0,1.0,1.0,0.0,0.5700563389921052,0.9999999897472072,0.999999836805585
1.1619074595371375,4.14011267798421,4.036169829145358,9.338189966666706,0.002706730531917919,74.0,77.1418201596607,3186.3208769244434,0.8195566640831972,0.11180073252366468,1.0,1.0,1.0,0.0,0.5700563389921052,0.9999999797472071,0.9999998468055851
1.161870466868648,4.140151314594431,4.036168688614515,9.338190470077594,0.0027066232182838767,74.0,77.13876172109049,3186.219573678823,0.8195451037863802,0.11179717802381835,1.0,1.0,1.0,0.0,0.5700753351284207,1.0000000805421987,0.9999998464387986
1.1618704814011274,4.140151304594431,4.03616868906228,9.33819047505784,0.0027066232604531755,74.0,77.1387629229155,3186.219613475538,0.8195451082572535,0.11179717942019432,0.99999999,1.0,1.0,0.0,0.5700753351284207,1.0000000805421987,0.9999998464387986
1.1618705573739563,4.140151314594431,4.036168691403089,9.338190563371477,0.0027066234810546224,74.0,77.13876921005674,3186.2198215243952,0.819545130725235,0.11179718672015422,1.0,0.99999999,1.0,0.0,0.5700753351284207,1.0000000805421987,0.9999998464387986
1.1618705221777978,4.140151294594431,4.036168670318666,9.338190487090895,0.0027066233787462223,74.0,77.13876629426734,3186.219725141146,0.8195451209347516,0.11179718333828581,1.0,1.0,0.99999999,0.0,0.5700753351284207,1.0000000805421987,0.9999998464387986
1.161870462220057,4.140151314594431,4.036168696471286,9.338190473285774,0.0027066232047943096,74.0,77.13876133663783,3186.2195609488117,0.8195451023590368,0.11179717757715128,1.0,1.0,1.0,1e-08,0.5700753351284207,1.0000000805421987,0.9999998464387986
1.1618704474630697,4.140151334594431,4.036168688016602,9.338190470074103,0.0027066231619892363,74.0,77.13876011669323,3186.2195205372645,0.8195450977223293,0.11179717615920226,1.0,1.0,1.0,0.0,0.5700753451284207,1.0000000805421987,0.9999998464387986
1.1618704539589129,4.14015139459443,4.036168688216742,9.338190536770085,0.0027066231809084497,74.0,77.13876065589082,3186.219538325832,0.8195450995810781,0.11179717678336254,1.0,1.0,1.0,0.0,0.5700753351284207,1.0000000905421986,0.9999998464387986
1.1618704398429573,4.140151314594431,4.036168707827458,9.338190462264846,0.0027066231360164407,74.0,77.13875937646856,3186.2194997844344,0.8195450911050715,0.11179717543103279,1.0,1.0,1.0,0.0,0.5700753351284207,1.0000000805421987,0.9999998564387986
1.1619049223552023,4.140115309530327,4.0361697322631755,9.338189964148706,0.0027067231752589157,74.0,77.1416104948791,3186.313928826089,0.8195558752207067,0.11180048873073997,1.0,1.0,1.0,0.0,0.5700576547651636,0.9999999867288023,0.9999998374728324
1.1619049368880208,4.140115299530327,4.036169732710951,9.3381899691293,0.00270672321742963,74.0,77.14161169674446,3186.3139686237296,0.819555879690867,0.1118004901271484,0.99999999,1.0,1.0,0.0,0.5700576547651636,0.9999999867288023,0.9999998374728324
1.1619050128624704,4.140115309530327,4.036169735051809,9.338190057444606,0.002706723438038095,74.0,77.1416179840857,3186.3141766770054,0.819555902155045,0.11180049742726335,1.0,0.99999999,1.0,0.0,0.5700576547651636,0.9999999867288023,0.9999998374728324
1.1619049776660575,4.1401152895303275,4.036169713967378,9.338189981163762,0.0027067233357278716,74.0,77.14161506824433,3186.314080293068,0.8195558923664927,0.1118004940453708,1.0,1.0,0.99999999,0.0,0.5700576547651636,0.9999999867288023,0.9999998374728324
1.1619049177065082,4.140115309530327,4.036169740119944,9.33818996735678,0.0027067231617689046,74.0,77.14161011041378,3186.313916095796,0.8195558737935961,0.11180048828406301,1.0,1.0,1.0,1e-08,0.5700576547651636,0.9999999867288023,0.9999998374728324
1.1619049029491944,4.140115329530327,4.036169731665249,9.338189964144771,0.002706723118962445,74.0,77.14160889042968,3186.3138756833596,0.8195558691576037,0.1118004868660828,1.0,1.0,1.0,0.0,0.5700576647651636,0.9999999867288023,0.9999998374728324
1.1619049094451535,4.140115309530327,4.036169731865393,9.338189950840874,0.002706723137882191,74.0,77.14160942964244,3186.313893472243,0.8195558710160281,0.11180048749025413,1.0,1.0,1.0,0.0,0.5700576547651636,0.9999999967288024,0.9999998374728324
1.1619048953288655,4.140115309530327,4.036169751476101,9.338189956335295,0.002706723092988673,74.0,77.14160815017718,3186.313854929942,0.8195558625406189,0.1118004861378927,1.0,1.0,1.0,0.0,0.5700576547651636,0.9999999867288023,0.9999998474728324
1.161882181649392,4.140139036774978,4.036169043452536,9.338190261876907,0.002706657203293518,74.0,77.13973029386527,3186.2516541979667,0.8195487662646395,0.111798303656069,1.0,1.0,1.0,0.0,0.5700693238049133,1.000000048645644,0.9999998433903701
1.16188219618199,4.140139026774978,4.036169043900305,9.338190266857273,0.00270665724546331,74.0,77.13973149570434,3186.251693995005,0.8195487707352724,0.11179830505245632,0.99999999,1.0,1.0,0.0,0.5700693238049133,1.000000048645644,0.9999998433903701
1.161882272155371,4.140139036774978,4.036169046241131,9.33819035517148,0.0027066574660671457,74.0,77.13973778291366,3186.2519020453665,0.8195487932019662,0.111798312352469,1.0,0.99999999,1.0,0.0,0.5700693238049133,1.000000048645644,0.9999998433903701
1.161882236959124,4.140139016774978,4.036169025156704,9.338190278890806,0.0027066573637581216,74.0,77.13973486710647,3186.251805661878,0.819548783412136,0.1117983089705922,1.0,1.0,0.99999999,0.0,0.5700693238049133,1.000000048645644,0.9999998433903701
1.161882177000764,4.140139036774978,4.036169051309306,9.338190265085048,0.0027066571898037915,74.0,77.13972990940806,3186.251641467853,0.8195487648373802,0.11179830320939835,1.0,1.0,1.0,1e-08,0.5700693238049133,1.000000048645644,0.9999998433903701
1.1618821622436615,4.140139056774978,4.036169042854619,9.338190261873258,0.00270665714699824,74.0,77.13972868944984,3186.2516010559925,0.8195487602009068,0.11179830179143833,1.0,1.0,1.0,0.0,0.5700693338049133,1.000000048645644,0.9999998433903701
1.1618821687395473,4.140139116774978,4.03616904305476,9.338190328569285,0.002706657165917641,74.0,77.13972922865277,3186.251618844676,0.8195487620595624,0.11179830241560267,1.0,1.0,1.0,0.0,0.5700693238049133,1.000000058645644,0.9999998433903701
1.1618821546234843,4.140139036774978,4.036169062665473,9.338190254063935,0.002706657121025132,74.0,77.13972794921627,3186.2515803029864,0.8195487535837638,0.11179830106326268,1.0,1.0,1.0,0.0,0.5700693238049133,1.000000048645644,0.9999998533903701
1.1619032999744205,4.140116974518106,4.036169683121648,9.338189957614176,0.002706718468633295,74.0,77.1414763560489,3186.3094859931434,0.8195553680772968,0.11180033284186468,1.0,1.0,1.0,0.0,0.5700584872590533,0.9999999911460803,0.999999837895002
1.1619033145072317,4.140116964518107,4.036169683569423,9.338189962594761,0.0027067185108039698,74.0,77.14147755791313,3186.3095257907635,0.8195553725475018,0.1118003342382724,0.99999999,1.0,1.0,0.0,0.5700584872590533,0.9999999911460803,0.999999837895002
1.1619033904816085,4.140116974518106,4.036169685910279,9.338190050909994,0.002706718731412108,74.0,77.14148384524508,3186.309733843841,0.8195553950118694,0.1118003415383804,1.0,0.99999999,1.0,0.0,0.5700584872590533,0.9999999911460803,0.999999837895002
1.1619033552852083,4.140116954518106,4.036169664825849,9.338189974629163,0.002706718629101978,74.0,77.14148092940637,3186.309637459937,0.8195553852232256,0.11180033815648903,1.0,1.0,0.99999999,0.0,0.5700584872590533,0.9999999911460803,0.999999837895002
1.1619032953257413,4.140116974518106,4.036169690978417,9.338189960822264,0.0027067184551433335,74.0,77.14147597158501,3186.30947326289,0.8195553666501918,0.11180033239518913,1.0,1.0,1.0,1e-08,0.5700584872590533,0.9999999911460803,0.999999837895002
1.1619032805684448,4.140116994518107,4.036169682523724,9.338189957610275,0.0027067184123369444,74.0,77.14147475160291,3186.3094328505013,0.8195553620141618,0.11180033097721057,1.0,1.0,1.0,0.0,0.5700584972590533,0.9999999911460803,0.999999837895002
1.1619032870643935,4.140116983686749,4.036169682723867,9.338189953475009,0.002706718431256653,74.0,77.14147529081461,3186.3094506393563,0.8195553638725982,0.11180033160138092,1.0,1.0,1.0,0.0,0.5700584872590533,1.0000000011460803,0.999999837895002
1.1619032729481222,4.140116974518106,4.036169702334575,9.338189949800803,0.002706718386363213,74.0,77.14147401135158,3186.3094120971004,0.8195553553971666,0.11180033024902107,1.0,1.0,1.0,0.0,0.5700584872590533,0.9999999911460803,0.9999998478950021
1.1615125627578273,4.140519324052338,4.036157997839201,9.338189884649367,0.0027055849462207155,74.0,77.1091709672904,3185.239466115932,0.8194330879283191,0.11176278828476954,1.0,1.0,1.0,0.0,0.5702596016889823,1.0000000114712964,1.0000000144520012
1.161512577286747,4.140519314052337,4.03615799828686,9.338189889625944,0.002705584988375137,74.0,77.1091721686914,3185.239505902937,0.8194330924065858,0.1117627896808048,0.99999999,1.0,1.0,0.0,0.5702596016889823,1.0000000114712964,1.0000000144520012
1.1615126532427287,4.140519324052338,4.036158000627168,9.338189977922234,0.0027055852089037462,74.0,77.10917845375677,3185.2397139058585,0.8194331149140989,0.11176279697915292,1.0,0.99999999,1.0,0.0,0.5702596016889823,1.0000000114712964,1.0000000144520012
1.161512618049149,4.140519304052338,4.036157979542815,9.338189901644302,0.002705585106614058,74.0,77.10917553850065,3185.239617529577,0.8194331051034239,0.11176279359752903,1.0,1.0,0.99999999,0.0,0.5702596016889823,1.0000000114712964,1.0000000144520012
1.1615125581102874,4.140519324052338,4.036158005696003,9.33818988785863,0.0027055849327356505,74.0,77.10917058296604,3185.239453388786,0.8194330864985875,0.11176278783820301,1.0,1.0,1.0,1e-08,0.5702596016889823,1.0000000114712964,1.0000000144520012
1.1615125433566627,4.140519344052338,4.036157997241419,9.33818988465042,0.002705584889944938,74.0,77.10916936343074,3185.239412986409,0.819433081854323,0.11176278642057576,1.0,1.0,1.0,0.0,0.5702596116889823,1.0000000114712964,1.0000000144520012
1.1615125498513144,4.140519404052338,4.036157997441524,9.338189951345177,0.002705584908858605,74.0,77.10916990247024,3185.2394307717313,0.8194330837166055,0.11176278704462216,1.0,1.0,1.0,0.0,0.5702596016889823,1.0000000214712963,1.0000000144520012
1.1615125357387248,4.140519344052338,4.036158017052326,9.338189896843389,0.0027055848639820157,74.0,77.10916862348745,3185.2393922394767,0.8194330752342512,0.11176278569261322,1.0,1.0,1.0,0.0,0.5702596016889823,1.0000000114712964,1.000000024452001
1.1617561107223338,4.140268480902813,4.036165281320558,9.338189872945705,0.0027062914593315424,74.0,77.12930659094896,3185.9064136280485,0.819509334814711,0.11178618995186135,1.0,1.0,1.0,0.0,0.5701342404514065,0.9999999988019208,0.9999999043982177
1.1617561252536808,4.140268470902813,4.036165281768289,9.338189877924783,0.0027062915014960925,74.0,77.12930779263864,3185.9064534216745,0.8195093392879672,0.11178619134812894,0.99999999,1.0,1.0,0.0,0.5701342404514065,0.9999999988019208,0.9999999043982177
1.1617562012211287,4.140268480902813,4.0361652841089395,9.338189966232882,0.002706291722074278,74.0,77.12931407911692,3185.9066614558587,0.8195093617685749,0.111786198647574,1.0,0.99999999,1.0,0.0,0.5701342404514065,0.9999999988019208,0.9999999043982177
1.1617561660257893,4.140268460902813,4.036165263024538,9.338189889953139,0.0027062916197718406,74.0,77.12931116349746,3185.906565074823,0.8195093519716345,0.11178619526578326,1.0,1.0,0.99999999,0.0,0.5701342404514065,0.9999999988019208,0.9999999043982177
1.1617561060740798,4.140268480902813,4.036165289177339,9.338189876154232,0.0027062914458434117,74.0,77.12930620653724,3185.906400898955,0.8195093333866197,0.11178618950522648,1.0,1.0,1.0,1e-08,0.5701342404514065,0.9999999988019208,0.9999999043982177
1.1617560913181655,4.140268500902813,4.036165280722687,9.338189872943666,0.0027062914030429254,74.0,77.12930498672337,3185.9063604903345,0.8195093287474846,0.11178618808738015,1.0,1.0,1.0,0.0,0.5701342504514065,0.9999999988019208,0.9999999043982177
1.161756097813635,4.140268551318179,4.036165280922816,9.33818993005463,0.002706291421960384,74.0,77.12930552587095,3185.906378277884,0.8195093306073794,0.1117861887115047,1.0,1.0,1.0,0.0,0.5701342404514065,1.0000000088019207,0.9999999043982177
1.1617560836987548,4.140268480902813,4.03616530053356,9.338189865135128,0.002706291377073301,74.0,77.12930424658907,3185.9063397394075,0.8195093221293415,0.11178618735927745,1.0,1.0,1.0,0.0,0.5701342404514065,0.9999999988019208,0.9999999143982178
1.1563385319447381,4.145860013335043,4.036003370097768,9.33820191537755,0.00269058768592817,74.0,76.68174904895285,3171.0704629930224,0.8177903842844616,0.11126563028045693,1.0,1.0,1.0,0.0,0.5729275970780302,0.999999917648369,1.000002409589201
1.1563385464220468,4.145860003335043,4.0360033705438845,9.338201920300975,0.0026905877278674633,74.0,76.6817502442227,3171.0705026392416,0.8177903888692689,0.11126563167155233,0.99999999,1.0,1.0,0.0,0.5729275970780302,0.999999917648369,1.000002409589201
1.1563386221338263,4.145860013335043,4.0360033728769205,9.338202008345789,0.0026905879473429956,74.0,76.68175649927538,3171.070709976299,0.8177904119469085,0.11126563894653681,1.0,0.99999999,1.0,0.0,0.5729275970780302,0.999999917648369,1.000002409589201
1.1563385869780876,4.145859993335043,4.036003351793617,9.338201932106749,0.0026905878453249645,74.0,76.68175359176149,3171.0706137023067,0.8177904018445222,0.11126563556850198,1.0,1.0,0.99999999,0.0,0.5729275970780302,0.999999917648369,1.000002409589201
1.1563385273124172,4.145860013335043,4.036003377955025,9.338201918602484,0.002690587672508185,74.0,76.68174866648327,3171.070450307377,0.817790382820243,0.11126562983534656,1.0,1.0,1.0,1e-08,0.5729275970780302,0.999999917648369,1.000002409589201
1.1563385126075378,4.145860033335044,4.036003369501893,9.338201915444476,0.0026905876299250357,74.0,76.68174745286352,3171.07041003793,0.8177903780671737,0.11126562842238351,1.0,1.0,1.0,0.0,0.5729276070780303,0.999999917648369,1.000002409589201
1.156338519084872,4.145860013335043,4.036003369701486,9.338201902121401,0.0026905876487584835,74.0,76.68174798961678,3171.070427776076,0.8177903799801935,0.11126562904477459,1.0,1.0,1.0,0.0,0.5729275970780302,0.9999999276483691,1.000002409589201
1.1563385050210868,4.1458600333350475,4.036003389313539,9.338201927669672,0.002690587604104784,74.0,76.68174671698634,3171.0703893763994,0.8177903714066245,0.11126562769741752,1.0,1.0,1.0,0.0,0.5729275970780302,0.999999917648369,1.000002419589201
1.1613429242083406,4.140694078012619,4.036152932771506,9.338189934992466,0.002705092867195712,74.0,77.09514671507779,3184.774916719692,0.8193799212927143,0.11174648830595411,1.0,1.0,1.0,0.0,0.5703469438474045,0.999999992622389,1.000000095158905
1.161342938735571,4.14069406801262,4.036152933219114,9.338189939967306,0.0027050929093430745,74.0,77.09514791627763,3184.77495650209,0.819379925774492,0.11174648970182771,0.99999999,1.0,1.0,0.0,0.5703469438474045,0.999999992622389,1.000000095158905
1.1613430146835741,4.140694078012619,4.036152935559184,9.338190028255378,0.002705093129837184,74.0,77.09515420035974,3184.775164483256,0.8193799483007378,0.1117464969994125,1.0,0.99999999,1.0,0.0,0.5703469438474045,0.999999992622389,1.000000095158905
1.1613429794912256,4.1406940580126195,4.036152914474866,9.33818995197871,0.002705093027556388,74.0,77.09515128535706,3184.775068110303,0.8193799384805136,0.11174649361790537,1.0,1.0,0.99999999,0.0,0.5703469438474045,0.999999992622389,1.000000095158905
1.161342919561307,4.140694078012619,4.036152940628323,9.33818993820225,0.002705092853712802,74.0,77.09514633081486,3184.774903993928,0.819379919861863,0.11174648785943607,1.0,1.0,1.0,1e-08,0.5703469438474045,0.999999992622389,1.000000095158905
1.1613429048092718,4.140694098012619,4.036152932173787,9.338189934995677,0.0027050928109288827,74.0,77.09514511147316,3184.7748635958856,0.8193799152140159,0.11174648644196089,1.0,1.0,1.0,0.0,0.5703469538474045,0.999999992622389,1.000000095158905
1.1613429113033549,4.140694098991731,4.0361529323738745,9.338189942668961,0.002705092829839912,74.0,77.0951456504375,3184.7748813796575,0.8193799170779653,0.11174648706595289,1.0,1.0,1.0,0.0,0.5703469438474045,1.000000002622389,1.000000095158905
1.1613428971923618,4.140694098012619,4.036152951984717,9.338189947189697,0.002705092784970629,74.0,77.09514437166293,3184.77484285174,0.8193799085926077,0.11174648571409614,1.0,1.0,1.0,0.0,0.5703469438474045,0.999999992622389,1.000000105158905
1.161606853740876,4.140422139371812,4.036160820606954,9.33818981371964,0.0027058584700218853,74.0,77.11696639562373,3185.497678716332,0.8194626183675947,0.11177184837601165,1.0,1.0,1.0,0.0,0.5702110696859058,0.9999999965698516,0.9999999733016666
1.1616068682707343,4.140422129371812,4.036160821054641,9.338189818697188,0.002705858512180226,74.0,77.11696759713644,3185.497718505898,0.8194626228439198,0.11177184977213676,0.99999999,1.0,1.0,0.0,0.5702110696859058,0.9999999965698516,0.9999999733016666
1.1616069442311487,4.140422139371812,4.036160823395081,9.338189906998041,0.002705858732728009,74.0,77.11697388274825,3185.497926520905,0.8194626453410168,0.11177185707090895,1.0,0.99999999,1.0,0.0,0.5702110696859058,0.9999999965698516,0.9999999733016666
1.1616069090368937,4.140422119371812,4.036160802310709,9.338189830719415,0.0027058586304333997,74.0,77.11697096735189,3185.497830142799,0.8194626355356707,0.11177185368922102,1.0,1.0,0.99999999,0.0,0.5702110696859058,0.9999999965698516,0.9999999733016666
1.161606849093059,4.140422139371812,4.036160828463748,9.338189816928619,0.002705858456535632,74.0,77.11696601126552,3185.49766598843,0.819462616938496,0.1117718479294186,1.0,1.0,1.0,1e-08,0.5702110696859058,0.9999999965698516,0.9999999733016666
1.1616068343385466,4.140422159371812,4.036160820009138,9.338189813719495,0.002705858413741134,74.0,77.11696479162232,3185.497625583633,0.819462612296218,0.11177184651170642,1.0,1.0,1.0,0.0,0.5702110796859059,0.9999999965698516,0.9999999733016666
1.161606840833508,4.140422191930624,4.036160820209251,9.338189852973382,0.0027058584326562483,74.0,77.11696533070308,3185.4976433697984,0.8194626141575768,0.1117718471357824,1.0,1.0,1.0,0.0,0.5702110696859058,1.0000000065698516,0.9999999733016666
1.1616068267200332,4.140422139371812,4.036160839820031,9.338189805911876,0.002705858387775598,74.0,77.11696405160454,3185.49760483514,0.8194626056768892,0.11177184578368912,1.0,1.0,1.0,0.0,0.5702110696859058,0.9999999965698516,0.9999999833016666
1.1610409950095417,4.141004962645422,4.036144723329648,9.33819068098461,0.0027042169531031716,74.0,77.07018316344039,3183.9480979603754,0.8192850065116705,0.11171747712141668,1.0,1.0,1.0,0.0,0.5705018406321184,0.9999999918480078,1.0000006406905724
1.1610410095337613,4.141004952645423,4.036144723777166,9.33819068595635,0.002704216995237963,74.0,77.07018436428194,3183.94813773456,0.8192850109996713,0.1117174785170021,0.99999999,1.0,1.0,0.0,0.5705018406321184,0.9999999918480078,1.0000006406905724
1.1610410854675386,4.141004962645422,4.036144726116813,9.338190774229773,0.002704217215670589,74.0,77.07019064661179,3183.948345676939,0.8192850335592506,0.11171748581322592,1.0,0.99999999,1.0,0.0,0.5705018406321184,0.9999999918480078,1.0000006406905724
1.161041050277387,4.141004942645422,4.036144705032555,9.338190697955364,0.002704217113405646,74.0,77.07018773206092,3183.9482493099226,0.8192850237220014,0.11171748243192711,1.0,1.0,0.99999999,0.0,0.5705018406321184,0.9999999918480078,1.0000006406905724
1.1610409903633951,4.141004962645422,4.036144731186491,9.338190684195308,0.002704216939624067,74.0,77.07018277928591,3183.9480852370293,0.8192850050787958,0.11171747667498348,1.0,1.0,1.0,1e-08,0.5705018406321184,0.9999999918480078,1.0000006406905724
1.161040975614195,4.141004982645423,4.03614472273204,9.338190680991659,0.0027042168968522446,74.0,77.07018156028897,3183.948044846718,0.8192850004246026,0.11171747525777957,1.0,1.0,1.0,0.0,0.5705018506321184,0.9999999918480078,1.0000006406905724
1.161040982107271,4.141004977429484,4.036144722932098,9.338190682468852,0.0027042169157586006,74.0,77.07018209912012,3183.948062627747,0.8192850022914987,0.11171747588167533,1.0,1.0,1.0,0.0,0.5705018406321184,1.0000000018480077,1.0000006406905724
1.1610409679991358,4.141004982645423,4.036144742543014,9.338190693187574,0.002704216870902374,74.0,77.07018082071765,3183.9480241075926,0.8192849938008115,0.11171747453009097,1.0,1.0,1.0,0.0,0.5705018406321184,0.9999999918480078,1.0000006506905723
1.1615443487588395,4.140486460459447,4.036159042481822,9.338189851700108,0.0027056771336802276,74.0,77.11179830988648,3185.3265115212043,0.8194430249324015,0.11176584250951595,1.0,1.0,1.0,0.0,0.5702431832198112,0.9999999960483583,1.000000047009912
1.1615443632880733,4.140486450459446,4.03615904292949,9.338189856677008,0.002705677175835962,74.0,77.11179951132492,3185.3265513090664,0.8194430294100185,0.11176584390558128,0.99999999,1.0,1.0,0.0,0.5702431832198112,0.9999999960483583,1.000000047009912
1.161544439245548,4.140486460459447,4.036159045269843,9.338189944974838,0.002705677396371031,74.0,77.11180579657439,3185.326759316059,0.8194430519140222,0.11176585120407224,1.0,0.99999999,1.0,0.0,0.5702431832198112,0.9999999960483583,1.000000047009912
1.1615444040517513,4.140486440459446,4.036159024185484,9.33818986869668,0.002705677294079717,74.0,77.11180288127193,3185.3266629391924,0.8194430421051458,0.11176584782242781,1.0,1.0,0.99999999,0.0,0.5702431832198112,0.9999999960483583,1.000000047009912
1.161544344111207,4.140486460459447,4.036159050338621,9.338189854909274,0.0027056771201947635,74.0,77.11179792555076,3185.3264987938073,0.8194430235028953,0.1117658420629406,1.0,1.0,1.0,1e-08,0.5702431832198112,0.9999999960483583,1.000000047009912
1.1615443293572874,4.140486480459447,4.036159041884028,9.338189851700761,0.0027056770774027852,74.0,77.11179670597937,3185.3264583906257,0.8194430188593048,0.11176584064528511,1.0,1.0,1.0,0.0,0.5702431932198112,0.9999999960483583,1.000000047009912
1.1615443358520363,4.140486508846313,4.036159042084137,9.338189886782486,0.0027056770963169207,74.0,77.11179724503224,3185.3264761762116,0.8194430207212645,0.11176584126934076,1.0,1.0,1.0,0.0,0.5702431832198112,1.0000000060483583,1.000000047009912
1.1615443217391561,4.140486480459447,4.0361590616949305,9.338189863893533,0.002705677051438987,74.0,77.11179596601113,3185.3264376431684,0.8194430122394756,0.11176583991730416,1.0,1.0,1.0,0.0,0.5702431832198112,0.9999999960483583,1.000000057009912
1.1615921589918137,4.140437238748979,4.0361604025743345,9.338189800315128,0.002705815838041045,74.0,77.11575138416978,3185.4574377829426,0.8194580125774916,0.11177043641343658,1.0,1.0,1.0,0.0,0.5702186193744896,0.9999999964472518,0.9999999906300086
1.1615921735215182,4.140437228748979,4.036160403022016,9.338189805292513,0.002705815880198755,74.0,77.11575258566451,3185.457477572088,0.8194580170541114,0.11177043780954694,0.99999999,1.0,1.0,0.0,0.5702186193744896,0.9999999964472518,0.9999999906300086
1.1615922494812463,4.140437238748979,4.036160405362437,9.338189893592663,0.002705816100743561,74.0,77.11575887119149,3185.4576855852238,0.8194580395528315,0.11177044510825347,1.0,0.99999999,1.0,0.0,0.5702186193744896,0.9999999964472518,0.9999999906300086
1.1615922142870954,4.140437218748979,4.036160384278068,9.338189817314142,0.0027058159984497164,74.0,77.11575595581692,3185.4575892074,0.8194580297466535,0.11177044172657544,1.0,1.0,0.99999999,0.0,0.5702186193744896,0.9999999964472518,0.9999999906300086
1.1615921543440377,4.140437238748979,4.03616041043113,9.338189803524147,0.0027058158245549728,74.0,77.11575099981673,3185.4574250551523,0.8194580111482909,0.11177043596684745,1.0,1.0,1.0,1e-08,0.5702186193744896,0.9999999964472518,0.9999999906300086
1.1615921395896571,4.140437258748979,4.036160401976524,9.33818980031516,0.0027058157817610442,74.0,77.11574978018976,3185.457384650714,0.8194580065057023,0.11177043454914787,1.0,1.0,1.0,0.0,0.5702186293744896,0.9999999964472518,0.9999999906300086
1.1615921460845746,4.140437290326994,4.036160402176636,9.338189838588203,0.002705815800675945,74.0,77.11575031926444,3185.45740243676,0.8194580083671997,0.11177043517321965,1.0,1.0,1.0,0.0,0.5702186193744896,1.0000000064472518,0.9999999906300086
1.1615921319712306,4.140437240008996,4.036160421787419,9.338189793767647,0.002705815755795911,74.0,77.11574904018346,3185.4573639024557,0.8194579998862526,0.1117704338211388,1.0,1.0,1.0,0.0,0.5702186193744896,0.9999999964472518,1.0000000006300085
