A,C,D,J,peak_I_norm,peak_I_day,peak_I,final_R,final_Q,attack_rate,mask_u,vent_u,online_u,club_u,disinfect_u
1295.5968934649277,503.3252562604093,189.9754089921598,1988.8975587174968,0.2522960880234204,6.0,7190.438508667481,26980.847245391815,1.033046278678993,0.9466963945751514,0.4181716138141522,0.38723625221106783,0.7418893333612303,0.09786242242644394,0.5117528914435543
2360.5689126319503,399.21975486901346,116.38225609126911,2876.1709235922326,0.2887977249568142,5.0,8230.735161269205,27597.392029651466,1.0838291199984489,0.9683295449000514,0.7378158498175704,0.17665356392115672,0.21573848755004277,0.7178335453250984,0.8857289245376411
3124.4094806193084,213.70779518544367,55.93501824251427,3394.052294047266,0.28082881885540834,5.0,8003.621337379137,27706.287604318506,1.0448893449883432,0.9721504422567897,0.3056276778404399,0.8626211550311462,0.1495140985245187,0.22279593996255315,0.048868283976546634
1063.422512601094,641.2091619154318,248.6005309295593,1953.2322054460851,0.24985483169056455,6.0,7120.862703181089,26712.711890772684,1.0628939342354784,0.9372881365183398,0.09516175480170747,0.4929969320310964,0.9646528148393286,0.14453818698101772,0.7630656863324898
1804.32959996031,446.645191479288,116.84900109924962,2367.8237925388476,0.27987573171908464,5.0,7976.458353993912,27420.810875318984,1.131336025419765,0.9621337149234731,0.8747796800783109,0.6256246756767802,0.2660790019612522,0.5887782292061009,0.8679515638764987
809.8678265735343,663.4996206958638,250.61583272607328,1723.9832799954713,0.22263492833234325,6.0,6345.0954574717825,26586.318123724952,1.1528064684488686,0.9328532674991211,0.9765885722976547,0.7474731545774742,0.8439955130332011,0.48831614804341217,0.2811660548337813
3138.8244477823855,272.7275242528505,78.9963855226821,3490.548357557918,0.2813241629522341,5.0,8017.738644138672,27717.518084208317,1.04524910796228,0.972544494182748,0.4916819593782547,0.18774956758060346,0.18576656207860487,0.3823601180424103,0.5694697880211391
1173.6315624667332,516.276181505465,187.3152422033467,1877.222986175545,0.2526155116401365,6.0,7199.542081743891,26914.318697493327,1.0531180756904162,0.9443620595611694,0.642154818919118,0.1393501946486842,0.7624551586482298,0.013947360581187285,0.7354402486422197
2803.41216287174,314.2146739183614,110.52722279894417,3228.154059589045,0.2855125264500379,5.0,8137.1070038260805,27651.879461521607,1.0608964726686494,0.9702413846147933,0.2533680592358094,0.5698141398870905,0.23137482391905784,0.611080722870781,0.22229060147071944
1177.4239838375627,646.924104943079,232.53639775903721,2056.884486539679,0.252853131971714,6.0,7206.314261193848,26946.410043918007,1.05515990638421,0.9454880717164214,0.3926056518623778,0.586631379946851,0.6446042798178976,0.8224366500925707,0.854308142592316
2796.065356109868,263.8034095323764,85.93422438566733,3145.8029900279116,0.28477859488424623,5.0,8116.189954201018,27622.5900260026,1.0590754135022464,0.9692136851228982,0.0395124470327351,0.8226364443557305,0.2513047221296238,0.28467878971730687,0.12939111622551613
1918.9024870591677,459.53055960000114,152.21645661437174,2530.64950327354,0.28471143063932014,5.0,8114.275773220624,27469.60392675957,1.1155906386345036,0.9638457518161253,0.5853395132618379,0.5591711842648289,0.29706806146536335,0.8991124651409395,0.5804322415976065
1586.654731887968,457.5385109296181,189.1235931800261,2233.316835997612,0.2635571376458693,5.0,7511.378422907274,27238.453828950347,1.1614575797148121,0.9557352220684332,0.5098798163848903,0.008777568795041046,0.5904134480494307,0.5269373960906968,0.3992379532909903
1050.788844379535,591.6864894038926,241.82604351411834,1884.301377297546,0.24943034949696163,6.0,7108.764960663407,26758.82517531168,1.0711138080028162,0.9389061465021642,0.33328627080654777,0.24942192412286268,0.9111039608465366,0.21329701713184068,0.5318183098296283
1284.9639000973011,469.5718637197386,220.01922530608252,1974.5549891231221,0.25181396318537597,6.0,7176.697950783216,26927.75555191467,1.030570028095341,0.9448335281373569,0.20399816404950222,0.03522279403980705,0.8932572842552716,0.022562272653510906,0.11366097906484907
1723.7248523313297,491.9385656958604,152.22462341781718,2367.8880414450073,0.27494259499042406,5.0,7835.863957227086,27356.44514915828,1.141802166531607,0.9598752683915186,0.5697331666167632,0.9004971898277252,0.3132383302945379,0.8560824905236453,0.6021715148227088
1678.5624394634792,467.66135415615304,151.5979396677904,2297.821733287423,0.2732353730399839,5.0,7787.2081316395415,27254.089942035564,1.1396224990357866,0.9562838576152829,0.14378942718168575,0.7378689327939573,0.47438925911901875,0.4193835275469545,0.7452492103184573
976.0247531163627,630.1788641938894,180.72168439806978,1786.9253017083217,0.2442019701798508,6.0,6959.756150125748,26809.725892738006,1.102557879928117,0.9406921365872984,0.9973547790755202,0.9759363417665032,0.6028049817799722,0.3676204245219296,0.9721203164140002
846.9396636775915,719.0680929934986,261.0460129241372,1827.0537695952273,0.2290111537682831,6.0,6526.817882396068,26618.71031518765,1.1380351686229815,0.9339898356206193,0.7532332252633552,0.9283822863863261,0.7974912408167493,0.7263185810366158,0.5416545999984488
3449.793318803016,255.8786310023968,59.89244817120063,3765.5643979766132,0.29954014020130476,4.0,8536.893995737186,27810.942073896502,1.0254708752551327,0.9758225289086492,0.7835853661631548,0.14259843010670947,0.06127634512208352,0.502068059354451,0.6353729498383531
2138.4318024180493,426.4941407176693,162.8484530474229,2727.7743961831416,0.2880046531170934,5.0,8208.132613837162,27535.5888498551,1.0963001880597962,0.9661610122756176,0.44911552579667224,0.22917831551076684,0.3362804076933207,0.9126795022336217,0.44353545565878466
2405.841653164013,382.2969069556186,74.67485241386086,2862.8134125334923,0.28898114259168817,5.0,8235.962563863113,27619.81721738289,1.0824815499108627,0.9691163935923821,0.8860189738356188,0.9493476320311058,0.01717195839822766,0.7839286933142915,0.7862064734580019
1052.200074023742,589.1367660137823,221.00356489773876,1862.340404935263,0.2494921569454931,6.0,7110.526472946553,26803.266055490018,1.0750758339132693,0.9404654756312287,0.5234118593707378,0.6179232154367953,0.8100148237240469,0.2552999771483205,0.48083228347723783
1614.194591109133,522.9982701889357,180.49425089085022,2317.687112188919,0.2650190012621997,5.0,7553.041535972691,27295.22448983573,1.1618088839705016,0.9577271750819555,0.6334448018607962,0.8897716809070306,0.38175299838632204,0.9874836808681436,0.3660302417829575
2191.330914971811,351.6179406353463,125.99477817680184,2668.9436337839593,0.28796824677822325,5.0,8207.095033179363,27525.179931172122,1.090939441103417,0.965795787058671,0.36304624205426334,0.4440472672959046,0.34923754460502776,0.4686418607955021,0.31567796418212823
1323.651677967077,497.5394286216423,127.87093179395194,1949.0620383826713,0.25284617680097154,6.0,7206.1160388276885,27062.020014968915,1.0347077644241416,0.9495445619287338,0.8155480967648236,0.9920621431467745,0.5028904837773209,0.0564552322654166,0.8301265986324127
1801.3174591029397,347.835177628265,116.34631288164472,2265.498949612849,0.2803776583544969,5.0,7990.763263103161,27385.890271629694,1.127107292633636,0.9609084305834981,0.7008982123878467,0.47517039059670424,0.44611913248301305,0.10308578984135097,0.2526943664000118
1312.9308982414323,630.2578361232222,252.4398675143888,2195.6286018790433,0.25228132747311827,6.0,7190.017832983871,27006.494447413133,1.031857972389521,0.9475962964004608,0.0645447744356955,0.3739264075015547,0.685119301811352,0.9319208510646875,0.714972160389139
1415.472775273064,469.51894556660966,185.21659384343226,2070.208314683106,0.2496355673211307,6.0,7114.613668652225,27039.413984964212,1.0149286587070678,0.9487513678934811,0.23561458062043938,0.6903011425846344,0.7303771672077289,0.07655262343985164,0.17664519602790402
1041.5808706526063,621.8053290777929,258.78077217468984,1922.1669719050892,0.24903196050583057,6.0,7097.410874416171,26735.85060835463,1.0717321671162277,0.9381000213457765,0.19609528714993607,0.7648194115001137,0.9393246382428637,0.3233394583981541,0.18279504967218618
1213.2906261583905,623.1743159085565,198.79220335050664,2035.2571454174538,0.2534114212960482,6.0,7222.225506937374,27006.028760663787,1.0524597505387152,0.9475799565145189,0.6165258384838871,0.851622332184418,0.5316212227940079,0.7549357922269805,0.9021179480750151
2117.886162674937,365.22877728639105,159.7741020979739,2642.889042059302,0.2875817433592953,5.0,8196.079685739916,27508.52773750839,1.0959603771732447,0.9652114995616979,0.27107158801315995,0.28817057287449277,0.4254448312369032,0.6407482511235236,0.02900771875791136
998.5843628062124,607.0286044547198,227.92905508844072,1833.542022349373,0.24597017567952842,6.0,7010.15000686656,26848.388417506078,1.098150991665199,0.942048716403722,0.9560872183122595,0.1093344200745407,0.7198475112811168,0.5714345610475215,0.6790579879013949
3458.226773101915,195.28631293665006,46.546612397205685,3700.0596984357708,0.30878462689882535,4.0,8800.361866616522,27825.095851618822,1.0125562612884738,0.9763191526883798,0.04741596048465163,0.6765957948626483,0.035721286105539096,0.42192781924307,0.3204542414626772
3338.566953876357,310.2130905263117,111.65727529943563,3760.437319702104,0.2940763890474302,4.0,8381.177087851762,27757.443574529156,1.030712336016552,0.9739453885799704,0.015479120971119253,0.08709051936259737,0.174005302040045,0.7766222534424981,0.6510970493878296
1878.578660510585,456.0916311589321,169.53519131959794,2504.205482989115,0.2835123475788156,5.0,8080.1019059962455,27436.688934070884,1.118490735881284,0.9626908397919608,0.4771322856818475,0.07109169574031671,0.4053173992291904,0.802877950051025,0.6832921563516404
802.6762664960638,687.4374480156694,271.41428273567925,1761.5279972474125,0.2216959679715368,7.0,6318.335087188799,26578.382793288136,1.155580513876426,0.9325748348522153,0.9184961685862406,0.41399414267621504,0.8624750760730069,0.6663427778564543,0.4155750180793159
2629.454246479627,377.4436013781632,86.74422894318367,3093.642076800974,0.28789078195782947,5.0,8204.88728579814,27647.948634675115,1.0707421766919234,0.9701034608657935,0.7787362630106756,0.42898723004287576,0.09941396048789808,0.6987208714009793,0.9885176417274701
1864.9919531325531,360.4784610215053,133.03382464862642,2358.5042388026845,0.28327408252873915,5.0,8073.311352069066,27388.660518537145,1.115416271253661,0.9610056322293735,0.34180095721551285,0.354447187011929,0.4816888864227978,0.1936499100794995,0.3500208955020673
2891.2268925766734,279.3540767514526,45.3262216735508,3215.907191001677,0.28538362100050635,5.0,8133.433198514431,27679.89150884522,1.0580020078629688,0.9712242634682533,0.8538852487128576,0.2711841432149083,0.12651650716276303,0.16624733282764081,0.9421828799353148
867.0524810912574,681.398368436391,292.19828267802706,1840.6491322056754,0.23145860944074356,6.0,6596.570369061192,26683.468399545323,1.1358407902064267,0.9362620491068534,0.8245931205999771,0.30587187515533365,0.8335531734722572,0.9706153918119811,0.15339627989365023
3449.9219019153884,222.1763106174486,64.85285329987411,3736.951065832711,0.30631669021581215,4.0,8730.025671150646,27813.002364577464,1.0159675970410924,0.9758948198097356,0.10389277415703935,0.3281277372288014,0.1008760753157446,0.45158439137883793,0.47254617681404887
1582.1649409290542,429.1734566230789,143.3818839681887,2154.720281520322,0.26422280899248185,5.0,7530.3500562857325,27197.26687468701,1.157475810646827,0.9542900657784916,0.4343378037831799,0.7087019412000608,0.549646068738858,0.1274091941206974,0.4380520479308768
1861.993264612995,353.1284063172046,116.54420799696965,2331.6658789271696,0.2829456101268785,5.0,8063.949888616037,27430.016885441324,1.1204846579733085,0.9624567328225025,0.6674184456772488,0.7919876558304169,0.3689231255114806,0.31114064304682554,0.07263328798244129
1330.231044876028,586.4462090642998,212.55838260144148,2129.235636541769,0.2522488975856859,6.0,7189.093581192048,27030.78840781944,1.0306209559788924,0.94844871606384,0.2842916934563906,0.5065972242466557,0.633188452693838,0.6345398922857376,0.800278725754164
894.0734904323356,754.433948677359,321.5207887263975,1970.0282278360921,0.23691287493334504,6.0,6752.016935600333,26589.87464926975,1.1126439008239832,0.932978057869114,0.16874303837744664,0.8194365285212194,0.9882514313854736,0.8785512510201301,0.2141033075725267
1594.1714399969796,405.8326846654487,162.35703908610222,2162.3611637485305,0.2646849962958475,5.0,7543.522394431654,27234.546752248818,1.1589611902152304,0.9555981316578532,0.540456077420594,0.538502402367536,0.5787565290994997,0.2606163566913588,0.0018835469577530017
692.7271815445378,769.5982409736175,288.6883142309764,1751.0137367491318,0.22174014405349823,7.0,6319.594105524699,26375.628376357505,1.0281659518295136,0.9254606447844739,0.9228067919412783,0.20014724539502016,0.9556952689850438,0.5556547045450058,0.9386604644320042
1363.0249720500929,472.7552792004614,196.3893945393053,2032.1696457898597,0.25236151101204973,6.0,7192.3030638434175,27098.21709011109,1.0303440806365045,0.95081463474074,0.6858183567628025,0.05853529977697203,0.6761650294412861,0.34322543558067203,0.2687343477846473
3457.216286273643,273.4559738764056,97.32265878754578,3827.9949189375943,0.3042465074392559,4.0,8671.025462018793,27821.975495048384,1.01963366645629,0.9762096664929257,0.13489524311815637,0.6583202369027522,0.05287730240161331,0.9403567356795398,0.09556766994147525
827.9473750336142,590.58132781554,241.63614978579534,1660.1648526349497,0.22626167060027602,6.0,6448.457612107866,26579.29964161048,1.1428684726599156,0.9326070049687888,0.9765885722976547,0.3237985635360153,0.9405944096955184,0.13258047890807484,0.148438989920058
2372.7234330173983,324.6856271686507,68.8402081779115,2766.2492683639603,0.2880669434165147,5.0,8209.907887370668,27558.584606611606,1.0800978587410028,0.9669678809337405,0.4941416465174234,0.5674360119696147,0.21573848755004277,0.18958856851001388,0.8857289245376411
3011.532937794936,236.68642861815454,43.72838227308275,3291.9477486861733,0.2835891412080953,5.0,8082.290524430716,27697.252135706076,1.0520551903586255,0.9718334082703887,0.748520211319862,0.45191612534760794,0.1495140985245187,0.08716665141331403,0.5303833342626052
1488.5966702065086,449.83879961008523,177.78797453365257,2116.2234443502466,0.25435617915054687,5.0,7249.151105790586,27151.55807813303,1.011029756283654,0.9526862483555449,0.5026648155823974,0.4584097675950146,0.6308322403647424,0.2608186654060701,0.17750658243696749
2489.538660994234,304.5937424445463,61.90201011870079,2856.034413557481,0.2873697818991856,5.0,8190.03878412679,27565.697791272072,1.0731221393540717,0.9672174663604236,0.3388218955175779,0.6256246756767802,0.2186999799881575,0.10460016579492215,0.8679515638764987
2971.2025934084154,292.43236358789767,69.32956793692466,3332.964524933238,0.28384880202765117,5.0,8089.690857788059,27685.004247506728,1.0534829456398809,0.9714036578072536,0.4181716138141522,0.7474731545774742,0.10575464422090652,0.48831614804341217,0.5117528914435543
3387.5409999643753,246.71237705280387,58.8670083793077,3693.1203853964867,0.29590103802192286,4.0,8433.179583624802,27782.064544465244,1.0291903390870922,0.9748092822619384,0.5621707337375722,0.18774956758060346,0.10189415731454488,0.3823601180424103,0.6529221265639984
1669.9084401844689,418.23299995307184,156.57129316180573,2244.7127332993464,0.27307950969512224,5.0,7782.766026310984,27225.68817040142,1.1381751207584712,0.9552873042246112,0.15045401155747407,0.1393501946486842,0.6121649402127506,0.10724119456383979,0.6960137951469195
2486.145732632866,335.5707640816477,110.52722279894417,2932.2437195134576,0.2885430022435147,5.0,8223.475563940168,27630.378578951986,1.078131306112849,0.9694869676825258,0.7977537427086142,0.4441802416084017,0.23137482391905784,0.611080722870781,0.22229060147071944
1286.2261537075979,474.0673668356164,184.38875581741647,1944.6822763606308,0.25340266848569437,6.0,7221.97605184229,27065.042631604978,1.042446658681141,0.9496506186528062,0.8211763742101403,0.586631379946851,0.6446042798178976,0.29623291302567695,0.012469877941213237
2512.0869782625878,307.8366668608013,81.16666183962187,2901.0903069630112,0.28849346613594995,5.0,8222.063784874574,27634.089913668555,1.076781161115352,0.9696171899532826,0.9353813695664948,0.4676402566265965,0.19674218075063132,0.3772059828830039,0.3941069825931186
997.8776249822196,590.0227585380497,206.45858727105792,1794.3589707913272,0.24615397571493122,6.0,7015.38830787554,26809.087819901553,1.0941105961441429,0.9406697480667212,0.8661639561544986,0.5842278600612182,0.7351294275196334,0.29603286291002573,0.5804322415976065
1416.0902153449315,525.2949918351391,206.7157203626413,2148.100927542712,0.25132823585262215,6.0,7162.854721799731,27133.77733411295,1.0234274317354979,0.9520623626004544,0.5098798163848903,0.6056762557539939,0.5904134480494307,0.6847523392194557,0.20771725335153923
863.3143296019415,638.3143741010385,248.05188320814588,1749.680586911126,0.23184966576753785,6.0,6607.715474374829,26615.422664550937,1.1297785773555666,0.9338744794579276,0.8037972330675696,0.30925838981869297,0.8969223932438831,0.31915649460807005,0.5318183098296283
1645.8503137616854,397.1361979425845,155.09376400340744,2198.080275707677,0.2711074358164507,5.0,7726.561920768844,27210.546776814324,1.142438225816404,0.954756027256643,0.19780984725919692,0.41392852177017947,0.6334309146279317,0.03411493880782068,0.31522093450751304
1665.4873556659716,502.454067245636,152.22462341781718,2320.1660463294247,0.2695547089421154,5.0,7682.3092048502895,27333.066339719953,1.1538624424040185,0.9590549592884194,0.7449915257796885,0.9004971898277252,0.3132383302945379,0.8560824905236453,0.6021715148227088
1862.6221795608312,350.4523930298053,123.76138893690151,2336.8359615275376,0.2831146540790601,5.0,8068.767641253213,27402.47793785498,1.1173690943899839,0.9614904539598238,0.55218492855933,0.10785090614232296,0.47438925911901875,0.11008851942596676,0.5007661490802783
972.131309357363,658.7966517349358,224.18202064911867,1855.1099817414174,0.24462023881020603,6.0,6971.676806090872,26702.04628216361,1.0922712917054251,0.9369139046373196,0.5148895055379406,0.6603898578838912,0.8231246099500947,0.2550777685387495,0.9721203164140002
948.9659318874286,653.6693814840871,228.88656224610554,1831.5218756176212,0.2423664083670944,6.0,6907.44263846219,26706.49080136614,1.1019435378948532,0.9370698526795137,0.6157237145556287,0.9283822863863261,0.7974912408167493,0.37484917471933,0.6015584524560157
1049.4647384969132,530.6347439506955,203.17464512961192,1783.2741275772207,0.24934721115660444,6.0,7106.395517963227,26837.265268315816,1.079368644957019,0.9416584304672216,0.7835853661631548,0.5780640484362147,0.7909837389289299,0.11119795443664515,0.19339250757053694
1876.3735680264085,371.54636548670425,113.56052773523571,2361.4804612483485,0.28328907389258207,5.0,8073.738605938589,27457.814166988443,1.1213393512284493,0.9634320760346822,0.9327796196569825,0.3914919795306634,0.34969544321431856,0.32926245959776956,0.44353545565878466
1474.8758244375688,516.9980358875168,188.3901749292461,2180.2640352543317,0.2508920330248151,6.0,7150.42294120723,27215.18003461376,1.01993220542914,0.9549185977057459,0.8860189738356188,0.0651451333811297,0.5242627885119067,0.6608749129217579,0.657456958366218
3495.478467754991,136.4766129272187,50.472364274096094,3682.427444956306,0.3152718963176455,4.0,8985.249045052897,27868.14408095182,1.0024530117844257,0.9778296168755025,0.2143264028549866,0.13753960161661938,0.1396236541791207,0.1884743030123014,0.08578113385192998
1101.7673375216532,636.6538640488525,229.97644790981886,1968.3976494803246,0.2515282677228346,6.0,7168.555630100786,26965.40507669336,1.0765379606817715,0.9461545640945039,0.8300191791590281,0.8897716809070306,0.5765648482219522,0.9758975403678963,0.3660302417829575
2240.661344410639,326.75992389657677,121.99084776621284,2689.4121160734285,0.28806998586924487,5.0,8209.994597273479,27538.492383183228,1.0880987445807584,0.966262890638008,0.36304624205426334,0.5569551868515851,0.34923754460502776,0.42415374512229065,0.09057905853543935
884.7165736195125,690.8274307456393,273.6674640306941,1849.2114683958457,0.23405338835369094,6.0,6670.521568080192,26695.910296505415,1.128977062845136,0.9366986068949269,0.8155480967648236,0.1831047513795262,0.8005020909151824,0.8562290037966075,0.6310654428718875
1759.4651381333285,444.999768649365,177.4675993700247,2381.9325061527184,0.2769233138522671,5.0,7892.314444789613,27405.762342204263,1.1396018773659422,0.9616056962176934,0.8482629345901387,0.09508533869448976,0.44611913248301305,0.782211195267795,0.25509261126169386
825.4788470518528,702.2190128502035,248.5418850463627,1776.239744948419,0.22588215970349512,6.0,6437.641551549611,26570.670187493182,1.143088496712276,0.932304217105024,0.8081553778995276,0.7498487556080002,0.8478368672236546,0.45540644200864444,0.714972160389139
3272.821364072191,222.3169680664515,38.58943329402271,3533.7277654326654,0.28606928788107944,4.0,8152.974704610764,27770.01982016587,1.0406836034944387,0.9743866603566972,0.9940777724523785,0.6903011425846344,0.038644309826884604,0.32571998817300457,0.19471943582205242
1157.829103828579,526.4358831537254,234.71778245901228,1918.9827694413168,0.2521529530598911,6.0,7186.359162206897,26863.844870054098,1.052309698306973,0.9425910480720736,0.31190305590142897,0.17129219416073171,0.8828577291487503,0.21093438848871293,0.18279504967218618
1509.8214455071557,452.7902411948406,155.70627327491408,2118.31795997691,0.25499234671487253,5.0,7267.281881373868,27214.884006864428,1.0130958226994753,0.9549082107671729,0.8755390445272362,0.3039651372056491,0.5316212227940079,0.28405131052651544,0.49309018749618105
1697.8100516585798,380.5528456075212,130.96004203699366,2209.3229393030947,0.27285568645212543,5.0,7776.387063885574,27344.469762693272,1.1466807740342397,0.9594550793927464,0.8397201373432591,0.7196514115776553,0.43504308664429225,0.2949966804707059,0.02900771875791136
2995.447281918656,322.11388760830096,105.08619843198352,3422.6473679589403,0.2833880869080413,5.0,8076.560476879176,27684.352227108888,1.0519014937491973,0.9713807798985574,0.30766546637903003,0.13327338014916323,0.21662236418404268,0.5899647891979252,0.6790579879013949
1273.7511320912072,552.7589238456433,221.53551168624904,2048.0455676230995,0.2535162260575833,6.0,7225.212442641124,27062.273557914297,1.0447307321787918,0.9495534581724315,0.6349478044877237,0.6931657816226646,0.6194664569568105,0.7692425812982214,0.061732912958362085
1741.1642741929104,461.415306664107,170.27346598021825,2372.8530468372355,0.27779447959527365,5.0,7917.1426684653,27295.847690842747,1.12927808723967,0.957749041783956,0.015479120971119253,0.4837688206160737,0.505502819357067,0.5439198814946908,0.6366702799163061
1944.6339845917478,433.5706221234629,177.36950477191456,2555.5741114871253,0.2853599610199677,5.0,8132.7588890690795,27453.17831720131,1.1101222066730618,0.9632694146386425,0.3002719121425267,0.07109169574031671,0.4379603719471763,0.802877950051025,0.4534753769537803
1033.4803079069686,606.7103116511463,262.76745941349515,1902.9580789716101,0.24858558971153505,6.0,7084.689306778749,26792.748240993355,1.0799928829357743,0.9400964295085388,0.39770417169803673,0.4172536098586862,0.8624750760730069,0.5718419765211091,0.15357977908611453
3121.7353874849064,238.72514024865157,54.43147025085303,3414.8919979844113,0.28264961939573346,5.0,8055.5141527784035,27737.696544058497,1.0485523049255463,0.973252510317842,0.901593411019593,0.6382642113866605,0.09941396048789808,0.33969021926397214,0.15269013384142072
2065.0897870461968,320.09348804136687,95.16479495978417,2480.348070047348,0.2871006969452493,5.0,8182.369862939605,27482.91473092303,1.0988671978457971,0.9643127975762467,0.45250793152438407,0.8426546217181962,0.32390126271928843,0.1936499100794995,0.22312088563081522
3454.6641017935617,179.29096205242112,10.63171290441159,3644.586776750394,0.30733349338422256,4.0,8759.004561450343,27809.23197817566,1.013983680510582,0.9757625255500232,0.3426502960336406,0.2711841432149083,0.03897937753732039,0.014185136616163274,0.9421828799353148
1413.4667436806326,572.1002397989611,214.35214421277163,2199.9191276923652,0.25249044014249,6.0,7195.977544060966,27187.413161773657,1.028934676830257,0.9539443214657424,0.8282977769147021,0.30587187515533365,0.5145116223851449,0.9706153918119811,0.5318238557779342
679.7407494513856,762.6311108593712,322.7001479042434,1765.072008215,0.2213263748216164,7.0,6307.801682416068,26373.103724931243,1.0353165454579745,0.9253720605239033,0.9002277850145997,0.31809885967331863,0.9922431384133845,0.8239123610507965,0.25672176153516624
1407.5172542408718,605.0205809138059,219.17498594904785,2231.7128211037257,0.25160602850959235,6.0,7170.771812523381,27125.146386786437,1.024280521507909,0.9517595223433838,0.4343378037831799,0.26865411463904276,0.549646068738858,0.9296321877242243,0.9474930450447849
992.361022405348,659.2494726334637,295.9009349007395,1947.5114299395511,0.24614115735065029,6.0,7015.022984493533,26733.008693683016,1.0880198478683163,0.9380003050415093,0.2321404545913064,0.48552758435035215,0.9150815154970345,0.7936726242564269,0.07263328798244129
1240.6210343454024,547.4583031213888,176.21696499866465,1964.296302465456,0.2530182299432634,6.0,7211.0195533830065,26977.062641136345,1.0439309489078294,0.9465636014433805,0.5639786148465515,0.7827680535451411,0.633188452693838,0.23736592941385992,0.7294950878609792
1165.7784213699042,536.3258996858489,249.6958018517455,1951.8001229074987,0.2518218743199982,6.0,7176.923418119948,26806.807761176584,1.0453435186059075,0.9405897460061959,0.06639827904327456,0.07391691187835903,0.9882514313854736,0.09357871687092822,0.2141033075725267
1691.8983382853123,430.82125318754623,143.1540974809636,2265.8736889538222,0.2752398627047585,5.0,7844.336087085616,27217.770216573972,1.1315656135771328,0.9550094812832972,0.008617257133752054,0.3995396487105096,0.5787565290994997,0.04725033885648511,0.9003121201137337
1103.6659843019504,622.3453813532203,198.88967373285288,1924.9010393880235,0.2515902554710656,6.0,7170.32228092537,26956.86752503057,1.07515131779812,0.9458550008782657,0.9228067919412783,0.5875217805288743,0.5659922879963879,0.6643448684342539,0.9386604644320042
1301.9635274470656,493.0987480960901,232.77576213471713,2027.8380376778728,0.2521241338631716,6.0,7185.537815100391,26982.205193291855,1.031940450664533,0.9467440418698897,0.23484016325923107,0.0035022633610715115,0.8252894867995313,0.34322543558067203,0.10575013746151407
815.9743834344508,728.4950188077692,291.08470702899024,1835.55410927121,0.22490801642922148,6.0,6409.878468232812,26523.188787404823,1.1424169007851372,0.9306382030668359,0.5685722494697146,0.416080139744798,0.9581603785843741,0.6261592858404692,0.6030439733236648
1583.7032643721361,388.3726913828838,145.16110971841303,2117.237065473433,0.2622467929017567,5.0,7474.033597700065,27269.85281555013,1.0036936612993508,0.9568369408964957,0.9765885722976547,0.22261215590878347,0.5452049012226401,0.13258047890807484,0.148438989920058
785.4545732951299,715.2438322988252,262.41293625282725,1763.1113418467824,0.22167312009313683,7.0,6317.6839226544,26509.19331538756,1.1565439360755803,0.9301471338732478,0.8230676165684149,0.35138695507000145,0.9021496684090012,0.4621684935631798,0.8857289245376411
1648.9455813528907,414.8113292856017,127.97144695074012,2191.728357589233,0.2686818138142429,5.0,7657.431693705923,27304.99890562677,1.154223861458398,0.9580701370395358,0.8107003200174604,0.7889454259801212,0.41546769048238297,0.31399112483298,0.32684439870719106
1450.9765583167361,496.37038888513786,158.07663544668685,2105.423582648561,0.25047561811772845,6.0,7138.555116355261,27149.795733284343,1.0182650187137645,0.9526244116941874,0.6887522127599198,0.4929969320310964,0.5327404273378781,0.30697236258190813,0.7630656863324898
2237.549450234039,358.9951649223077,93.57370580840086,2690.1183209647475,0.2880032905097087,5.0,8208.093779526698,27522.73081930168,1.087052971847933,0.9657098533088309,0.3605651107758504,0.5117739888197228,0.2660790019612522,0.3301638370855592,0.8679515638764987
1815.7354591866163,394.91762077814263,103.83561377441767,2314.4886937391766,0.28141681653281025,5.0,8020.379271185092,27360.24423538021,1.1211583835687688,0.9600085696624635,0.3547351952319894,0.9215118932297739,0.3514108513995381,0.21663343820587244,0.691885092705903
3241.3303027006064,257.9692601887531,78.9963855226821,3578.2959484120415,0.28737441244131456,4.0,8190.170754577464,27729.086516153347,1.037773370930926,0.972950404075556,0.21999343932726134,0.289522954814493,0.18576656207860487,0.3823601180424103,0.5059984737537403
772.3311250950611,697.1727672224315,286.51726106614615,1756.0211533836386,0.22228978642295136,7.0,6335.258913054114,26525.752755768288,1.0031575760064642,0.9307281668690627,0.9047384264046507,0.47467451621872203,0.9146815924503423,0.6416798509511963,0.19273977939281967
795.4122347829339,708.1590139427312,247.98088538494213,1751.5521341106073,0.2212537325786676,6.0,6305.731378492026,26497.865924260877,1.1500323942992579,0.9297496815530133,0.7977537427086142,0.7614776392199762,0.9228643629251906,0.24920197629721963,0.7693365645819159
1137.0823950053762,533.2334533329085,184.38875581741647,1854.7046041557012,0.25245038399647646,6.0,7194.835943899579,26964.760276068773,1.0668521398821142,0.946131939511185,0.9353840469433672,0.586631379946851,0.6446042798178976,0.29623291302567695,0.4403339636835522
788.5182460693528,712.748089286109,240.32923074127015,1741.5955660967318,0.22172591234794828,7.0,6319.188501916526,26525.30976445321,1.1567990179482122,0.9307126233141477,0.9098197242987925,0.8754653405029902,0.8405302076151789,0.3851350828761365,0.7908651308632676
1350.193363064792,511.38473538958,195.84628200916768,2057.42438046354,0.2521723633938894,6.0,7186.912356725847,27064.231312909982,1.0297573523148587,0.9496221513301748,0.4909527248295779,0.5842278600612182,0.6494496692109739,0.4085307401277602,0.29743611443474527
1786.3898912336508,353.0588396687458,143.09707340408332,2282.54580430648,0.28053050372724564,5.0,7995.119356226501,27305.590676113006,1.1205031507380905,0.9580909009162458,0.11321156183279923,0.3905103194269619,0.5904134480494307,0.015531620802443802,0.20771725335153923
1017.4617828435634,539.0130806890426,223.1556322001323,1779.6304957327382,0.2477254554707772,6.0,7060.175480917151,26764.427848545805,1.0824490733150154,0.939102731527923,0.6324462346907863,0.3660480585380106,0.8969223932438831,0.04706631965710184,0.16909179193780344
1054.4917658067031,647.0771169877429,265.3039072467644,1966.8727900412105,0.2495865923781887,6.0,7113.217882778378,26772.31787431279,1.0713013526119644,0.9393795745372909,0.18613875410423886,0.3317493124592229,0.8725808724931806,0.5726139274145173,0.6127850524904638
993.1645630949058,597.3313843362542,208.311265814202,1798.807213245362,0.24615645661659855,6.0,7015.459013573059,26737.358568465937,1.0881744807091125,0.938152932226875,0.6478774808850705,0.7472131266651566,0.8281660340836361,0.06818309833655506,0.5968715187213047
1248.205776202326,514.8040468108088,191.12551585976576,1954.1353388729005,0.25313073818215165,6.0,7214.226038191322,26995.201099904065,1.0439640613900911,0.9472000385931251,0.6438283410122614,0.1325463142747627,0.7022604589390075,0.21610889484861145,0.665176217486792
1684.3728116846726,430.42074741176185,135.05713932713567,2249.85069842357,0.2706906974021079,5.0,7714.684875960075,27365.76890863136,1.1533515382164452,0.9602024178467143,0.9973547790755202,0.9759363417665032,0.3238270024634159,0.6370962081768428,0.10525759378311705
1487.432618820197,508.9670139070983,170.65749351686813,2167.0571262441636,0.2524249365073693,5.0,7194.110690460026,27213.446881926284,1.0172850532266193,0.9548577853307468,0.7532332252633552,0.9895639317186143,0.434035615756316,0.7076809100800767,0.25540738016429665
845.88169393153,651.7436175049237,274.3648189075402,1771.9901303439938,0.22985380417580403,6.0,6550.833419010415,26555.361112298026,1.131309640259858,0.9317670565718605,0.6302850402080464,0.24402654298469068,0.9972435454103085,0.3392064899172126,0.3462144553610915
1863.3202802024132,373.9470417913216,113.56052773523571,2350.8278497289702,0.2827840759473607,5.0,8059.346164499781,27451.383119233822,1.122952186184842,0.9632064252362744,0.9327796196569825,0.4181661606930787,0.34969544321431856,0.32926245959776956,0.44353545565878466
1019.1278900418633,621.8671450116874,270.5138670363576,1911.5089020899084,0.24780481086092285,6.0,7062.437109536301,26772.20870369813,1.082669351265627,0.939375743989408,0.3643615764756113,0.1916887021538839,0.8789688723864574,0.6125187122848306,0.33667080759737233
1604.1824978885204,413.11858715245364,129.61099857141818,2146.9120836123925,0.2654231276703473,5.0,7564.559138604898,27242.868702035845,1.1576473188486418,0.9558901298959945,0.6763937767172867,0.6179232154367953,0.4989903713435214,0.1094812160997004,0.48083228347723783
1054.8588829218518,605.6418348082758,217.0290282261417,1877.5297459562694,0.24960513092487346,6.0,7113.746231358894,26781.946220571575,1.0721444172198502,0.9397174112481255,0.43232529586910806,0.8897716809070306,0.8140786537905194,0.20102553771863374,0.5229330041392086
2070.3428126239337,345.2436137503295,112.66900009845386,2528.2554264727173,0.28713517933219557,5.0,8183.352610967574,27482.110853309885,1.098273589288989,0.9642845913442065,0.36304624205426334,0.6693498147590058,0.34923754460502776,0.3205776599249689,0.31567796418212823
695.0768022529279,759.4638958765993,299.51977117311765,1754.0604693026448,0.22179556401143438,7.0,6321.17357432588,26378.92838086485,1.0272178169686714,0.9255764344163105,0.8902579336462912,0.25739967630977717,0.9817822257226909,0.602556765525702,0.6555660624797147
700.7888943169568,749.8955469332228,277.2074846462543,1727.8919258964338,0.221866367903579,7.0,6323.191485252001,26372.92972352823,1.0234703154995322,0.9253659552115168,0.9300250249618527,0.6376364436654524,0.9858098298348797,0.35189942846456035,0.6332164260660664
3394.1643956968874,170.73834154698503,12.828604468830559,3577.731341712703,0.2965946439184671,4.0,8452.947351676314,27786.80145281276,1.0285762112204488,0.9749754895723776,0.7019113079544292,0.7498487556080002,0.024777875161596796,0.07646571588941475,0.2956672177278177
1470.1877730978158,474.97361715969316,174.28404737476671,2119.4454376322756,0.2507761534243505,6.0,7147.120372593989,27207.555346999332,1.0200332131391365,0.9546510648069941,0.8564960009015917,0.6903011425846344,0.5107564867485148,0.542726389159881,0.0901369820382667
1167.467010479879,517.420300036132,234.71778245901228,1919.6050929750234,0.2522585353832004,6.0,7189.368258421212,26873.559702302024,1.0509323517090359,0.9429319193790183,0.31190305590142897,0.24960473342585932,0.8828577291487503,0.21093438848871293,0.0501624229479839
1181.656858718602,582.9806190542715,202.4300605119455,1967.067538284819,0.25318860027015966,6.0,7215.87510769955,26989.76111194922,1.058193911863848,0.9470091618227797,0.7685169925989775,0.23150351712230632,0.6277520957908803,0.5383447993330133,0.9021179480750151
869.203356100581,692.187900786362,255.92763331882423,1817.3188902057673,0.23343198551833885,6.0,6652.811587272658,26571.441331147096,1.1220008382329574,0.9323312747770911,0.5638058980177268,0.8627723131239945,0.9382599879334207,0.2949966804707059,0.5491541616293985
789.3884241999755,691.3728997602476,278.1843416962305,1758.9456656564535,0.22168544108937122,7.0,6318.035071047079,26528.160943956438,1.1566802117318395,0.930812664700226,0.8198851218197009,0.33658465201712917,0.9258118006573044,0.5714345610475215,0.444210887518177
892.5504684020973,763.6723263703345,267.37879353804493,1923.6015883104767,0.23619432808823132,6.0,6731.538350514593,26624.189891668422,1.1171565067987919,0.9341821014620499,0.4254226298337358,0.9590263840124423,0.807348759628105,0.7692425812982214,0.9443692191577738
3434.6544093645102,250.33670673340325,75.64031591517309,3760.631432013087,0.29803934347469213,4.0,8494.121289028726,27810.465553330087,1.02760304969654,0.975805808888775,0.754741335553858,0.27074735227780916,0.0952336102883754,0.5864916605107,0.2450361088735229
1675.2896372783832,393.52270522137377,130.24022013119614,2199.052562630953,0.2704670831551272,5.0,7708.3118699211245,27340.902190879173,1.1522799921378861,0.9593299014343569,0.9863592440258194,0.5126132687812387,0.4354489077615562,0.2859164696491405,0.23104596772600705
1415.5222260838004,488.8871333551271,206.27534424942235,2110.68470368835,0.2501638869912927,6.0,7129.670779251842,27065.96418394175,1.0173219571549545,0.9496829538225176,0.27420240229339987,0.04039265041900264,0.7292712438603892,0.30965203002718433,0.458312875434806
1485.319420905204,552.025412510061,165.9844141325824,2203.3292475478474,0.2521172621288971,5.0,7185.341970673568,27207.09802858465,1.0171646522264142,0.9546350185468298,0.7787362630106756,0.5678089607704214,0.4182436655712819,0.6987208714009793,0.9885176417274701
863.106736544093,607.3865574238198,237.03748319026187,1707.5307771581747,0.23188915808326188,6.0,6608.841005372964,26613.92215881439,1.129714158038946,0.9338218301338382,0.8614580526635823,0.7878687147925418,0.9076959035384226,0.1700511773430246,0.07108739694508126
1222.973174804067,489.4132807362743,191.57733758295282,1903.9637931232942,0.2530795208391882,6.0,7212.766343916865,26978.5929957511,1.0478929583410845,0.9466172980965298,0.6582468560458509,0.5859819965772943,0.7228102730705889,0.16624733282764081,0.102362251350405
854.082348150683,641.3123432141134,269.0845102507626,1764.479201615559,0.229390508624467,6.0,6537.62949579731,26673.905778051187,1.1409738317215676,0.9359265185281118,0.9753309775451923,0.30587187515533365,0.8335531734722572,0.7180058570877794,0.12836767627556156
911.3527602238838,736.2568131860783,323.04928211329604,1970.6588555232584,0.23890913938593145,6.0,6808.910472499047,26615.83887552829,1.1078560282279646,0.9338890833518698,0.15627397711707924,0.5388577207437598,0.9827998883009449,0.9097935450039947,0.25672176153516624
1522.4400890064683,428.5592832178685,156.31457125600653,2107.3139434803434,0.2585174057679759,5.0,7367.746064387313,27149.03117597878,1.0039295275609825,0.9525975851220625,0.4343378037831799,0.7087019412000608,0.6185402365031989,0.05891533933580351,0.20155169717439214
1010.8875264792302,548.6459334771736,225.20855915865073,1784.7420191150547,0.24737190634073358,6.0,7050.099330710907,26744.69848035406,1.0826745381765084,0.9384104729948793,0.5887707829895721,0.48552758435035215,0.9150815154970345,0.021078353851085252,0.14662314286435274
1063.5051694550164,631.0549615376607,227.97550347432423,1922.5356344670013,0.24998315306054958,6.0,7124.519862225663,26847.381673908163,1.0759913991836658,0.9420133920669531,0.5639786148465515,0.312089212681404,0.730632948032472,0.5431810290098474,0.9192220993690502
1024.621334173878,545.404691480672,192.63400308543726,1762.6600287399874,0.24801572381254122,6.0,7068.448128657425,26817.611476818744,1.0855168815538583,0.940968823748026,0.8360466812139788,0.9072921773977753,0.7543916003760136,0.09357871687092822,0.2141033075725267
1492.1664815950558,476.82586688119653,165.06298973753727,2134.0553382137896,0.25418002010174845,5.0,7244.130572899831,27166.424703531062,1.0118298830392296,0.9532078843344233,0.6359192651892537,0.1254469234034717,0.5787565290994997,0.2606163566913588,0.7904132683455726
668.961483279564,821.4069116164328,288.89588780876704,1779.264282704764,0.22077105134558617,7.0,6291.974963349206,26321.39978177163,1.0361477223833593,0.9235578870797063,0.8909911239572644,0.7739762228384932,0.9556952689850438,0.557886678499744,0.9386604644320042
865.3255412622301,625.2219545385135,232.77576213471713,1723.3232579354606,0.23171703563261453,6.0,6603.935515529514,26648.415010848585,1.1326141841614772,0.93503210564381,0.9282441894198125,0.9157445742316438,0.8252894867995313,0.34322543558067203,0.15784349321537194
946.3296356983591,666.0950108386841,226.36197553975558,1838.7866220767987,0.24151633147900323,6.0,6883.215447151592,26764.78248241051,1.1095543755186672,0.9391151748214214,0.8119131650297464,0.986590075922091,0.6833259799155278,0.6516987589111125,0.6030439733236648
1313.4905337390546,562.8107543490655,192.708543670817,2069.0098317589373,0.2520367871364112,6.0,7183.048433387718,26984.13029253273,1.029756103318525,0.9468115892116747,0.2729398117749001,0.43036416053488546,0.6801319438308897,0.2924191188642614,0.9948034245919716
1715.852482619617,447.89510884490454,125.08412323374255,2288.831714698264,0.2735969948535158,5.0,7797.514353325199,27370.51579106758,1.146182471448799,0.9603689751251783,0.9969094246100404,0.35138695507000145,0.3478706617210682,0.4621684935631798,0.8857289245376411
863.978513048352,723.4181644688638,267.4250857438452,1854.8217632610608,0.23206635486783347,6.0,6613.891113733254,26605.85665814897,1.1283591187864412,0.9335388301104901,0.6059753896134813,0.46927593810047996,0.8553032328078505,0.6418699118986855,0.8906946383488277
1209.5171706660915,551.1940870646273,190.51475060486402,1951.226008335583,0.2531690581466692,6.0,7215.3181571800715,26978.723104903514,1.0508155350242663,0.9466218633299479,0.6588167668174209,0.4929969320310964,0.6547312272594383,0.3361784825525798,0.6956356049032073
653.4206928550858,776.4733826644582,302.37419636289826,1732.2682718824421,0.21992803477064332,7.0,6267.948990963335,26312.319401542554,1.0447031349217788,0.9232392772471072,0.9761041702655291,0.4028322587571661,0.9984589558335922,0.5887782292061009,0.5947026719176003
2799.1223755316487,323.885845933069,114.22854082930691,3237.2367622940246,0.2866624648084893,5.0,8169.880247041945,27688.026573603944,1.0639887918294793,0.9715097043369805,0.7754244526726743,0.40918484728454624,0.2016880132804536,0.7313713071333117,0.1006388404873797
1543.056041944333,424.85727186638934,179.33738105393624,2147.2506948646583,0.2610265108729877,5.0,7439.255559880151,27147.59773457221,1.1612268079100148,0.9525472889323582,0.26871514868066315,0.18774956758060346,0.6919933663865142,0.1473219235685871,0.27635116462852294
813.1982108961741,643.8454989548331,246.140539599938,1703.1842494509453,0.2238954311478509,6.0,6381.019787713751,26553.313840519026,1.1472949220554578,0.9316952224743518,0.9047384264046507,0.7962964224956219,0.9146815924503423,0.2509096288749123,0.19273977939281967
3370.93069063936,210.3011283720287,38.34089227619411,3619.572711287583,0.29273343981680433,4.0,8342.903034778923,27789.072646585555,1.0334411653667033,0.9750551805819493,0.9650772923596074,0.41855243032144085,0.07080047177365889,0.23720865611684422,0.31704156290945307
954.2239907338279,565.5318778422607,217.75992726417493,1737.5157958402635,0.24246061490293447,6.0,6910.1275247336325,26761.122804399896,1.1058586130838113,0.938986765066663,0.9182032554717333,0.586631379946851,0.8043541388258977,0.23494554525306988,0.16659715954916615
869.906358941244,659.6943821688093,240.2257033731131,1769.8264444831661,0.23359324802575648,6.0,6657.40756873406,26565.477798447228,1.1209951753787695,0.9321220280156922,0.6626506607923018,0.4626856737588419,0.9590811158021446,0.06786788106436947,0.7908651308632676
994.6282099533701,645.972883659356,237.39426376058603,1877.995357373312,0.24635409062640107,6.0,7021.09158285243,26716.194694067366,1.0854158294099627,0.9374103401427146,0.41223064968769685,0.5842278600612182,0.8619149869029453,0.29603286291002573,0.7588642402592863
1620.9442570193755,425.37078447679283,150.1797008798392,2196.4947423760077,0.26872384803522964,5.0,7658.629669004044,27196.24378432357,1.147265164503297,0.9542541678710025,0.21950415094834308,0.6056762557539939,0.5904134480494307,0.09422748164417571,0.47775225535295374
789.8920225503998,690.8383190078456,249.9598758986464,1730.690217456892,0.22102558336765493,7.0,6299.229125978166,26473.79216439674,1.1501604371565906,0.928904988224447,0.8037972330675696,0.716433175755905,0.9847297025969266,0.10585604879777377,0.6256827902603751
1058.8511921740926,515.2021973741087,213.04108071751628,1787.0944702657175,0.24976685176771907,6.0,7118.355275379993,26875.07542214282,1.0802577690447166,0.9429851025313271,0.8601228894166846,0.3317493124592229,0.7839542266279953,0.2377732177080374,0.05161866880852051
923.1846732143014,621.5219262747328,218.9979340292748,1763.7045335183088,0.23977674502734886,6.0,6833.637233279443,26668.911127971573,1.1086199712078415,0.9357512676481253,0.743380546131845,0.7472131266651566,0.8538187450275936,0.11657005729554065,0.5722118345268752
1483.9179981641232,565.6680707424516,206.7421841943634,2256.328253100938,0.2529528810568696,5.0,7209.157110120783,27176.90873359114,1.014437454297137,0.9535757450382856,0.44835775732845873,0.4734160544248168,0.5238049864260474,0.8626641257530911,0.6681664768591647
1056.084371972976,597.1284043052359,179.82403352031832,1833.0368097985304,0.24962858100145374,6.0,7114.414558541432,26880.420051247474,1.0816769297768694,0.9431726333771043,0.8780089859231989,0.9759363417665032,0.6028049817799722,0.35781003241535636,0.7756033922266312
1028.0744290365872,580.2992807640229,198.3971152816069,1806.7708250822168,0.24830445013946673,6.0,7076.6768289748015,26779.90606418923,1.0804493549679144,0.9396458268136572,0.6693824162768143,0.6502122741817089,0.7974912408167493,0.04163117510732295,0.6817893419696484
980.490135200922,554.8604459502324,212.1402097323009,1747.4907908834555,0.24499125817837045,6.0,6982.250858083557,26762.232516392884,1.0955690082658356,0.9390257023295748,0.8375262984681324,0.24402654298469068,0.8368266547042759,0.08693449163341616,0.4685450294752067
885.5337786946163,623.8079872649682,228.20079804159013,1737.5425640011747,0.23461195797975035,6.0,6686.440802422885,26669.225301466595,1.1255168403342075,0.9357622912795296,0.8919730625229038,0.9316558618930374,0.8117757499524353,0.32926245959776956,0.22745510659572077
1080.1421134568745,586.9801684585154,262.5358373328292,1929.6581192482192,0.2505620009159295,6.0,7141.017026103991,26820.156105395523,1.0684186330261922,0.9410581089612464,0.3062595609368469,0.023528109823277354,0.8789688723864574,0.525327130825504,0.33667080759737233
3397.782895099262,222.9398527182984,25.66738056264977,3646.39012838021,0.2973680949933223,4.0,8474.990707309686,27782.538034165707,1.027293479202547,0.9748258959356388,0.5234118593707378,0.6179232154367953,0.001051972560388137,0.2823878572017402,0.7048940886786919
1373.0940037161226,481.2827176766103,169.85225015790348,2024.2289715506363,0.2520503163209831,6.0,7183.434015148019,27092.801782309718,1.0279190688795725,0.9506246239406918,0.6982422739891901,0.3845640671309203,0.6207312026911824,0.20102553771863374,0.5229330041392086
870.3583565809207,756.1980948920276,293.142935040628,1919.6993865135764,0.2338039863998246,6.0,6663.413612395001,26557.293858570367,1.119864721979614,0.9318348722305392,0.311771458777917,0.8296979780032447,0.9607883418861213,0.6416456789116327,0.6145639412952608
977.8228168292146,566.6240484865147,245.29009933726252,1789.7369646529917,0.2452041705529149,6.0,6988.318860758075,26690.650484938986,1.0889339293285976,0.9365140521031223,0.5064808839284889,0.25739967630977717,0.9817822257226909,0.06268017771503775,0.17702004516399344
770.5887433937527,727.4913930141199,265.48483978887066,1763.5649761967431,0.22224849190934998,7.0,6334.082019416474,26512.963660960675,1.0026733512382573,0.9302794267003746,0.9159304604056197,0.6582278285918045,0.8693869030235869,0.536310621924958,0.6332164260660664
843.006521704356,672.5313584122787,269.0977638744254,1784.6356439910603,0.22830987264142186,6.0,6506.831370280523,26622.84740020166,1.1404397718836945,0.9341349964983038,0.8081553778995276,0.8969427918333073,0.8478368672236546,0.6800608554300946,0.024328583268927395
865.5428130778505,594.214359046019,226.55498726598174,1686.3121593898513,0.23218433618153192,6.0,6617.25358117366,26619.790809283248,1.129228010938424,0.9340277476941491,0.9244445254452022,0.6903011425846344,0.899796812382112,0.07655262343985164,0.17664519602790402
921.4097091588335,596.0855795414601,254.50779429113635,1772.0030829914301,0.2391887937349972,6.0,6816.880621447421,26704.923501913454,1.1134321396631013,0.9370148597162615,0.7623690828202205,0.17129219416073171,0.8828577291487503,0.4272186708070084,0.2040347634544839
981.6283050015555,629.938402164376,230.1462181037268,1841.7129252696584,0.2454121525968878,6.0,6994.246349011302,26703.853574870325,1.0888754432135865,0.9369773184165027,0.5019318177723593,0.31660913013832437,0.8753799510748327,0.18091267804882638,0.9021179480750151
936.580713699904,637.0425988410524,242.05104012564902,1815.6743526666053,0.24134270940319147,6.0,6878.267217990957,26672.991392537628,1.1033808869261517,0.9358944348258816,0.5638058980177268,0.9552508960097329,0.8813887043548337,0.2949966804707059,0.25526968709657755
3453.152182155125,244.65254659037865,86.88396550413343,3784.688694249637,0.30109122195119903,4.0,8581.099825609172,27815.67360115161,1.0237152866258123,0.9759885474088285,0.5943228447873232,0.01923886081843229,0.1477285625410687,0.5714345610475215,0.27911456184344596
965.6414539813628,560.3384811491268,221.07175453989046,1747.05168967038,0.24359795112442403,6.0,6942.541607046085,26765.62496191169,1.1017370775839903,0.9391447355056733,0.8730041032257682,0.4191746726499887,0.8233227475313534,0.2205574223195656,0.2179281903696726
1311.2651503328432,550.6545913080042,173.11135707988853,2035.0310987207358,0.2533157688862643,6.0,7219.499413258532,27082.661971761405,1.0390043088386545,0.9502688411144352,0.7380757089380074,0.8932839863739821,0.505502819357067,0.5439198814946908,0.6366702799163061
753.2658590568177,765.5048138067499,295.0478428999817,1813.8185157635494,0.22261790734693412,7.0,6344.610359387622,26506.161218772166,1.0102338577440173,0.9300407445183216,0.8791438228525572,0.6510646042044379,0.8634493386301123,0.8700258808571377,0.4867193774106072
842.8103091615081,636.0678192015071,265.3733330710816,1744.2514614340967,0.2279658819877251,6.0,6497.027636650166,26640.22591039005,1.1425528035144366,0.9347447687856159,0.9359094464841625,0.41399414267621504,0.8624750760730069,0.6003214700466446,0.08483780958144438
1056.5967019423992,679.6608737639327,242.62070359565075,1978.8782793019827,0.2496852984430129,6.0,7116.031005625868,26815.85403449584,1.0749452968169038,0.9409071591051171,0.3584556454325618,0.5678089607704214,0.7323268191084473,0.6987208714009793,0.9885176417274701
885.5428592608833,618.3304174741145,231.13596117565638,1735.0092379106543,0.23478779240481892,6.0,6691.45208353734,26656.684434115174,1.1240760890649208,0.9353222608461464,0.8614580526635823,0.7878687147925418,0.8471860052180007,0.26691339784113877,0.25753743038365257
877.386686873742,581.6444532575758,236.66582379985192,1695.6969639311699,0.23380964944110832,6.0,6663.575009071587,26638.33109314245,1.1257705141203929,0.9346782839699105,0.8891091480724964,0.4397650627191027,0.9151946216812611,0.14599274436747783,0.1134315113659995
938.8219313784626,582.4270280741656,222.05036367362203,1743.2993231262503,0.2411296178435591,6.0,6872.194108541435,26721.26102853773,1.1078038829168413,0.9375881062644817,0.8356011708934784,0.7044290335500782,0.8335531734722572,0.20397146826657103,0.1876997764966164
2111.5008586330428,285.27072053104996,85.63822039216534,2482.409799556258,0.28783407762232094,5.0,8203.271212236146,27529.364645428446,1.0982800469533824,0.9659426191378402,0.9093128498650116,0.31809885967331863,0.34939642508239954,0.01981198191543826,0.25672176153516624
1216.9209598467166,516.0096294436674,153.84535733775144,1886.7759466281354,0.2531890770288668,6.0,7215.888695322703,26980.989698687703,1.0493856274111593,0.9467013929364106,0.8069354398184031,0.7087019412000608,0.6185402365031989,0.03192939487399882,0.772537912454397
3448.652561841103,245.9083622451946,89.13835382787515,3783.6992779141724,0.300448969585719,4.0,8562.79563319299,27815.791083156168,1.024659495024694,0.975992669584427,0.5887707829895721,0.1734822397885789,0.13665197007797647,0.6260209001017866,0.13910005024248262
968.3323263609204,565.5512691605132,213.06042692182587,1746.9440224432594,0.2439298557633721,6.0,6952.0008892561045,26755.62007376963,1.099569329672937,0.9387936867989344,0.852805084189441,0.466706610082092,0.8220253596608964,0.13646163021384838,0.366439757039297
721.6420836514866,796.3244099666122,292.1671728863259,1810.1336665044248,0.22234911146086564,7.0,6336.949676634671,26427.91823640249,1.0180593766941022,0.9272953767158768,0.8360466812139788,0.450142978843867,0.9021010200522621,0.7359797840146763,0.9539667171468871
946.4500178142887,549.6262960953213,240.49173816236606,1736.5680520719761,0.2422726663557375,6.0,6904.770991138518,26690.112398194862,1.1011827850865543,0.9364951718664863,0.6912789219311637,0.1254469234034717,0.9535858139971242,0.08542950324664222,0.12292141017516856
2985.74362673637,252.52021225443968,39.105520312844064,3277.3693593036537,0.2841317466330168,5.0,8097.75477904098,27693.0442381671,1.0533817638668252,0.9716857627427052,0.8540555127981793,0.20014724539502016,0.14458536512678244,0.04894480758240316,0.8754382397942415
1104.6178533576958,583.13615787829,262.3425438384228,1950.0965550744086,0.25109871609537476,6.0,7156.313408718181,26788.41080270791,1.058701102555965,0.9399442386915056,0.1143955574012756,0.2002848091005548,0.9469502307739862,0.3419310112521329,0.2716957472726703
816.1914995989513,648.1834373735082,291.08470702899024,1755.4596440014498,0.22423200211369804,6.0,6390.612060240394,26568.915100971513,1.147573151013153,0.9322426351218075,0.7722261941593692,0.13234220139711583,0.9581603785843741,0.6261592858404692,0.055728803639100266
781.4952992851539,711.3545530336548,306.5463606766698,1799.3962129954784,0.22209338861999242,7.0,6329.661575669784,26537.957007282897,1.0001360486112991,0.9311563862204525,0.8122164540201271,0.3059976681685849,0.9268924332718237,0.8244842712393285,0.1568276483176515
1871.418995640355,353.36946325351005,113.43850415186637,2338.2269630457313,0.2832228313653735,5.0,8071.850693913146,27440.54215498775,1.1201503445908887,0.9628260405258859,0.8230676165684149,0.35138695507000145,0.3935665213130747,0.21091710040809375,0.37902976666143584
948.136697701667,595.3262684491464,235.84457921610274,1779.3075453669162,0.24257827547478503,6.0,6913.480851031373,26670.933343289544,1.0983910623419313,0.9358222225715629,0.6059753896134813,0.15913122381798928,0.9366686822629756,0.07975323217417168,0.591082821894856
950.5968459762573,612.5640996920212,248.52823076143738,1811.689176429716,0.24292588999705986,6.0,6923.387864916206,26660.353961682515,1.0962570728072503,0.9354510161993865,0.4930716083141704,0.4275421047866214,0.9624828376409709,0.14953462707148102,0.37959153667218126
589.6722738210799,871.5712676256619,339.74342844306693,1800.9869698898087,0.21359085244054157,7.0,6087.339294555435,26200.83823531175,1.0770590576430934,0.9193276573793596,0.9848608040521488,0.6159130061345428,0.9984589558335922,0.9905979289928608,0.5947026719176003
771.3992514871254,656.7957964210586,248.54328837734644,1676.7383362855305,0.22179102782648127,7.0,6321.044293054716,26473.021737155563,1.1598919336211162,0.9288779556896689,0.9373113039713239,0.43824456139892254,0.9804014273909365,0.10191628517986834,0.5117528914435543
1185.6562333258273,542.8330159028675,202.5654814911852,1931.0547307198801,0.25307738455618206,6.0,7212.7054598511895,26973.521365406454,1.0557604351383996,0.9464393461546124,0.7198121310747698,0.18774956758060346,0.6919933663865142,0.36851475511339615,0.6279871105845152
859.9404722083298,579.8645307278098,249.13160693416512,1688.9366098703047,0.23119552983298788,6.0,6589.072600240154,26624.743574273914,1.132463217484427,0.9342015289218918,0.9047384264046507,0.16079452659118382,0.9336655412675811,0.23297502584563196,0.09589814480084102
817.2802060889576,678.786033519123,247.98088538494213,1744.0471249930229,0.2249621444577035,6.0,6411.42111704455,26534.755978100704,1.1430883619095715,0.9310440694070422,0.7977537427086142,0.7614776392199762,0.9228643629251906,0.24920197629721963,0.5285744299621766
994.5818662833162,529.495508858998,217.75992726417493,1741.8373024064892,0.24583349083759856,6.0,7006.254488871559,26821.0438065107,1.096631520611491,0.9410892563687965,0.9668527809838504,0.16035826476103987,0.8043541388258977,0.23494554525306988,0.16659715954916615
859.9933509306495,635.4558567778771,214.76573002390313,1710.2149377324297,0.23125126207541102,6.0,6590.660969149214,26616.17574357617,1.1314543872922473,0.9339009032833743,0.9494287535815086,0.5631005114347555,0.8405302076151789,0.10575256137485756,0.7908651308632676
1069.1709843112485,500.12969448530765,184.08453245336193,1753.385211249918,0.25022465529776117,6.0,7131.402675986193,26888.79540532076,1.0784624701636494,0.9434665054498512,0.9797831422276566,0.5842278600612182,0.7351294275196334,0.051507673645588836,0.15358203858274821
960.5267085898761,600.4720545190346,241.3350212047751,1802.3337843136858,0.24383048095528886,6.0,6949.168707225733,26667.37929752154,1.0930776064638843,0.9356975192112821,0.5098798163848903,0.4658102922454772,0.9645159924977893,0.06549856869196191,0.3612926358159416
723.5533735358396,765.6727894090005,285.7366568610349,1774.962819805875,0.22212240527079186,7.0,6330.4885502175675,26398.024835599736,1.0140512229928424,0.9262464854596398,0.806234263699113,0.716433175755905,0.9847297025969266,0.4464912969569582,0.6256827902603751
1068.0013241283348,530.8876909906642,203.27797563701117,1802.1669907560101,0.2501676577994056,6.0,7129.778247283059,26855.43878833398,1.0754566573290698,0.94229609783628,0.7701733732557177,0.41866548172900897,0.7839542266279953,0.13107261573530393,0.32002682270359606
1044.7752917822868,511.12006874303944,218.9979340292748,1774.893294554601,0.2491273658047568,6.0,7100.129925435569,26825.61898234418,1.079682898525692,0.9412497888541816,0.743380546131845,0.1471991150543538,0.8538187450275936,0.11657005729554065,0.11728908477847444
1039.3213317541465,570.0460256270478,245.68425682957673,1855.051614210771,0.24893538768527584,6.0,7094.658549030361,26720.52675696157,1.070916674737946,0.9375623423495288,0.31138731220771176,0.2015606358197677,0.993489100507472,0.035769577112060746,0.33803350611241967
780.6034928053695,667.8758576536426,263.4501734753295,1711.9295239343414,0.2218469063315705,7.0,6322.636830449759,26509.93956461903,1.1592226888323003,0.9301733180568081,0.8995144749167283,0.2890928136519467,0.9418561665228398,0.3676204245219296,0.4889601252779515
869.5494839544167,595.7930812598343,234.03983392801135,1699.3823991422623,0.2324799704771188,6.0,6625.679158597885,26644.18453412988,1.1301243128878877,0.9348836678642063,0.9343287482314842,0.6502122741817089,0.8757671213828654,0.22243340230155412,0.09200767765626805
958.6164043829583,567.1399525076164,219.91001712866802,1745.6663740192428,0.2432361457860443,6.0,6932.230154902262,26721.983586640068,1.09974354326447,0.9376134591803532,0.7840819011673092,0.24402654298469068,0.8731119276002914,0.07508969173985691,0.4685450294752067
1810.2178681745684,363.42798097084835,140.23927167414382,2313.8851208195606,0.2804060795244587,5.0,7991.5732664470725,27419.75782819649,1.1295469102403888,0.9620967659016312,0.8653060257173778,0.1124390378435528,0.46085687629310235,0.32926245959776956,0.17426302227998547
840.012919468155,613.6899378298291,236.78992005466483,1690.492777352649,0.22836473587203784,6.0,6508.394972353079,26582.386135993507,1.1372508307604805,0.9327153030173161,0.9189965093266668,0.1916887021538839,0.9246535306040538,0.12212523046202978,0.5451786426597738
1000.5676895640688,548.6613715786508,221.6883861357233,1770.917447278443,0.24637744979615167,6.0,7021.757319190323,26809.4849739647,1.093157007811325,0.940683683297007,0.8542407251937729,0.252179554651876,0.8100148237240469,0.26278436226290575,0.2467334903257159
889.3681338069846,615.9924985630776,261.94316885075204,1767.3038012208142,0.2360948731335885,6.0,6728.703884307272,26600.567985408637,1.1159669131712302,0.9333532626459171,0.5999988085596921,0.18755306956087142,0.9981530006126929,0.20102553771863374,0.31430432520174245
1076.1612251882375,608.1406727725428,224.36524761169653,1908.6671455724768,0.25037620190421883,6.0,7135.721754270237,26782.66920857195,1.0659260275149227,0.9397427792481386,0.3271566608580422,0.7046647038118831,0.8451979337977197,0.19821805207708115,0.6145639412952608
859.4443451820401,647.4011880160585,251.50612610257474,1758.3516593006734,0.23203031521471543,6.0,6612.86398361939,26559.209432902735,1.1252264737534619,0.9319020853650083,0.669800095180972,0.25739967630977717,0.9817822257226909,0.1306148964616194,0.6555660624797147
789.9607389557061,667.5395862186015,264.39662255961537,1721.8969477339228,0.22149675472663502,7.0,6312.657509709098,26512.94698605516,1.154616324471828,0.9302788416159706,0.8530039732443788,0.10339557105359043,0.9516304297340494,0.35189942846456035,0.6332164260660664
812.9007799609957,678.8624383392295,256.08203852304644,1747.8452568232715,0.2240153299924205,6.0,6384.436904783984,26540.535935082844,1.145962386399105,0.9312468749151875,0.8081553778995276,0.5291554970964943,0.9190664917261904,0.34786682559405435,0.565435698827345
801.1421850889284,616.3313974679945,247.0907691965015,1664.5643517534243,0.22182343707440594,6.0,6321.96795662057,26536.424868426526,1.1515330381052922,0.9311026269623343,0.959928564894183,0.6903011425846344,0.9539469177449386,0.15658711766925149,0.0035382136881332293
1024.5621787778596,571.7644577266336,230.84702224048922,1827.1736587449825,0.24815510726809614,6.0,7072.42055714074,26758.331766255964,1.0794348616161251,0.938888833903718,0.5071863930484379,0.5305686831351737,0.8913863027666972,0.1458881351411488,0.2506967931379678
971.8861641191962,521.873923473728,224.50132461517074,1718.261412208095,0.24421442362897355,6.0,6960.111073425746,26764.45864837102,1.0991393804544247,0.9391038122235446,0.8753342257812634,0.0385457119272421,0.8753799510748327,0.119219853037285,0.13072912974907264
680.6518356167713,756.982945121471,275.5897532919409,1713.2245340301831,0.2212861687836644,7.0,6306.655810334435,26348.480962052174,1.0321873181368115,0.9245081039316552,0.9913296801436688,0.9552508960097329,0.9785152075588339,0.3539567937349471,0.44760213741755306
807.9248957483502,626.3426546201388,232.56361782899847,1666.8311681974876,0.22302492434586785,6.0,6356.210343857234,26541.769290854376,1.1486474978843761,0.9312901505562939,0.989023041889951,0.5102872691763625,0.9258118006573044,0.07284741495755392,0.444210887518177
785.0864763308941,630.2114881459873,252.9407600043045,1668.2387244811862,0.22174833770450475,7.0,6319.827624578385,26519.07337226212,1.1579126774935826,0.930493802535513,0.9735778092590864,0.4191746726499887,0.9539334256641978,0.2205574223195656,0.2179281903696726
768.2867827810812,740.5673828373693,254.9874872792992,1763.8416528977498,0.22236199721983285,7.0,6337.316920765236,26516.25962718797,1.0040829443362604,0.9303950746381744,0.9488407521225644,0.8932839863739821,0.824205396372149,0.5439198814946908,0.7152328299547713
1083.9255360739257,568.3326530279593,240.06538761550877,1892.3235767173937,0.25064159134830977,6.0,7143.285353426828,26805.379788580685,1.0659516325849896,0.9405396417045855,0.339140007072975,0.6510646042044379,0.8835853986820817,0.267437708601976,0.06509775476052648
817.7106537976607,635.9937437370298,268.59596143777077,1722.3003589724613,0.22404408281925614,6.0,6385.2563603488,26594.524195094407,1.149764628805811,0.9331411998278739,0.9358684699781367,0.18758146256864316,0.9028283075720446,0.5279328348654854,0.20123065875238538
1126.378115359313,481.43475915205056,191.68350245364977,1799.4963769650133,0.25215458049292555,6.0,7186.405544048378,26949.662545825126,1.0682132662831596,0.9456021945903553,0.9646774979390604,0.2960479246569739,0.7323268191084473,0.14203014853758056,0.09945935872422323
933.1173372460008,632.3669392041726,273.1105672317938,1838.5948436819672,0.24116416571433788,6.0,6873.17872285863,26652.0087619797,1.1025308828931577,0.9351582021747263,0.428634650006233,0.5609445755508718,0.9733267240542651,0.38927701161260253,0.07108739694508126
790.2446008098958,676.8436696644935,238.06749330628807,1705.1557637806775,0.2213651637728178,7.0,6308.907167525308,26502.17664281369,1.1532251971615848,0.9299009348355681,0.9125806520455404,0.6111133575654505,0.9237900372329648,0.13839042864966822,0.7305277955729573
937.1039872294062,559.8040535202845,232.59502704689268,1729.5030677965835,0.24092519176496383,6.0,6866.367965301469,26721.676870774794,1.1085765477202043,0.9376026972201682,0.8496767657180183,0.21731523480997572,0.8767690069692682,0.20397146826657103,0.1876997764966164
870.9344332161254,579.8449435334093,240.33155848282496,1691.1109352323595,0.2326272118782203,6.0,6629.875538529279,26647.940980993542,1.1299022074319975,0.9350154730173172,0.9482009660845798,0.10952472928207246,0.9018543622659612,0.22162944360579728,0.25672176153516624
790.283639576058,647.3928583577718,246.56436686723026,1684.2408648010603,0.221231871006793,7.0,6305.108323693601,26494.34971931061,1.152325547996804,0.9296263059407232,0.9026760792894786,0.6344423077757579,0.9830138325510283,0.07332231393201527,0.3372902674194359
818.4043494177042,590.9892681975509,255.1245423317123,1664.5181599469674,0.22451708685144914,6.0,6398.736975266301,26575.636035861808,1.1472324226371318,0.9324784573986599,0.9687954538726528,0.04104521768790731,0.95080254022038,0.2527729236933287,0.14662314286435274
848.342661531921,613.8581479670149,237.2138663250767,1699.4146758240126,0.2299702223362856,6.0,6554.15133658414,26574.6229836818,1.1323105516743386,0.9324429117081333,0.852805084189441,0.466706610082092,0.9507905243532322,0.057059873037027864,0.366439757039297
786.9929281497666,676.1303040705035,250.89974405826501,1714.022976278535,0.22116633642257782,7.0,6303.240588043468,26476.24163950192,1.1519765703272893,0.9289909347193657,0.8360466812139788,0.9072921773977753,0.9931856207564552,0.09357871687092822,0.33044864072151015
854.1860058206606,580.6795474076712,231.76270670768156,1666.6282599360134,0.23039774014629402,6.0,6566.33559416938,26613.07772532096,1.1338908529614784,0.9337922008884547,0.9683091511640487,0.470938401420006,0.9178110949205484,0.08542950324664222,0.12292141017516856
1406.4894904263178,451.8645495346888,157.1890643147628,2015.5431042757696,0.2518569028228396,6.0,7177.921730450929,27141.374711132175,1.0259828959776902,0.952328937232708,0.8865108644118052,0.3914673437522179,0.5840680448932036,0.16039848481771712,0.39008193625176335
873.3711653452702,575.9616618605987,224.6647316442274,1673.9975588500963,0.23298855170286956,6.0,6640.173723531782,26651.509414067597,1.129165029133871,0.9351406811953543,0.9899139542643922,0.6785779272750584,0.8732918262574454,0.12657405505366925,0.034078418166788194
883.9314893241366,583.0228720126114,248.22445131116294,1715.178812647911,0.23453878758187185,6.0,6684.3554460833475,26657.62275387006,1.1249287652250548,0.9353551843463178,0.8669411539975281,0.13234220139711583,0.9110421127564524,0.2833898994381264,0.17689547187377141
1143.8166131134387,555.2706563905117,241.96453311856726,1941.0518026225177,0.25173025313360137,6.0,7174.312214307639,26807.600812645433,1.050563634567427,0.940617572373524,0.14972204929646016,0.20186730734331065,0.9419402430265509,0.13258047890807484,0.35850562724901813
956.3667227794616,626.3467661957509,274.0297267436264,1856.7432157188387,0.24331660092336674,6.0,6934.523126315952,26685.13634643829,1.096625477247412,0.9363205735592381,0.4014826777231747,0.18636236533514616,0.9497594655024404,0.4621684935631798,0.30118617163293854
777.500354274886,660.8567476336494,263.9754739013126,1702.332575809848,0.22202333868911078,7.0,6327.665152639657,26514.227608913923,1.161375903051398,0.9303237757513657,0.9367675312814377,0.03990028581075261,0.9366686822629756,0.3871947041436786,0.591082821894856
783.7302926904765,640.6172289815636,248.52823076143738,1672.8757524334774,0.22163802717584496,7.0,6316.683774511582,26503.466068952635,1.1568204141543856,0.9299461778579872,0.952958973716505,0.4275421047866214,0.9624828376409709,0.14953462707148102,0.37959153667218126
3460.7852031282146,242.45994294373193,58.78094128132683,3762.0260873532734,0.30236456894525365,4.0,8617.390214939729,27814.827944902947,1.0217791441970048,0.9759588752597526,0.5959606099411179,0.19751225727221255,0.06755343173266992,0.4729790851720672,0.5947026719176003
1251.8528210518139,522.7769577188365,190.94132106199777,1965.571099832648,0.25380456904260873,6.0,7233.430217714348,27063.75205031481,1.0494120853371416,0.9496053350987653,0.9373113039713239,0.09588712486550266,0.6206443836603374,0.43173870435929457,0.6143004436671856
826.6604913283012,586.4162244446406,241.94786032584463,1655.0245760987866,0.22595077268323843,6.0,6439.597021472296,26582.914355763125,1.1439255031595188,0.9327338370443202,0.9986943421458246,0.17592901386976234,0.9375161835221569,0.14419575460588352,0.20903806682764703
3183.411416999265,207.27616234528932,56.70390962620033,3447.3914889707544,0.2815620470682451,5.0,8024.518341444986,27748.768262659883,1.0452961737119089,0.9736409916722766,0.9917406308345182,0.25395697629685177,0.18052296268619017,0.14864887312794095,0.09589814480084102
876.8073159994046,622.3325629422103,237.94755020800557,1737.0874291496204,0.23389814313811266,6.0,6666.097079436211,26625.098602659542,1.124529272946153,0.9342139860582296,0.7977537427086142,0.7614776392199762,0.8953698360256424,0.21286677833605283,0.23032196911758873
1081.5509531306104,513.5122667357589,203.88756614568672,1798.9507860120561,0.25064092126393017,6.0,7143.26625602201,26839.01603514445,1.0698546397920214,0.9417198608822615,0.6768742336728105,0.44407561291177766,0.8331305112393717,0.00659804812327891,0.19520399679439637
992.6202794941951,642.3210158112283,239.02348194739773,1873.964777252821,0.24631421688422508,6.0,7019.955181200415,26690.12800392787,1.0834271019598982,0.9364957194360657,0.36478674179219917,0.4976668273419682,0.9123447186749286,0.17935924142858084,0.7908651308632676
2017.2415620423783,366.102498090955,120.60154623817854,2503.9456063715115,0.28688834498916216,5.0,8176.317832191121,27521.280179220536,1.1075854198146238,0.9656589536568609,0.9797831422276566,0.01230296866127445,0.3455819525117757,0.41846530705947094,0.541709582511865
1088.0165231223439,552.2150592411994,219.8505877923115,1860.0821701558546,0.2508644478343707,6.0,7149.636763279565,26849.215805827873,1.068992052806523,0.9420777475729079,0.5653950989700408,0.4612523927708446,0.8090456150942784,0.24528369081210477,0.29360810394156966
881.8148028436145,604.4631442406755,239.02348194739773,1725.3014290316878,0.2345980056392151,6.0,6686.043160717631,26631.019284213184,1.122876903502492,0.934421729270638,0.8037972330675696,0.716433175755905,0.9123447186749286,0.17935924142858084,0.09697470120568136
901.5203524796782,554.2947308845244,228.85576583030402,1684.6708491945067,0.2366203277259842,6.0,6743.67934019055,26695.617648895925,1.1212254760107154,0.9366883385577517,0.9824698285124264,0.3317493124592229,0.8736467981894687,0.17143111554178858,0.05161866880852051
840.3427163046863,619.9577043149288,241.6979529029164,1701.9983735225314,0.22844867077902098,6.0,6510.787117202098,26580.715838183398,1.1368961799923725,0.9326566960766105,0.8869174764072917,0.13825124192319677,0.9286379604071452,0.1651397875800324,0.5722118345268752
1062.144185861148,565.6526925745131,238.97123438756358,1866.7681128232246,0.24985229868922718,6.0,7120.790512642974,26746.497204393312,1.0665425679322338,0.9384735861190636,0.31138731220771176,0.3415604243334154,0.9659767134500411,0.035769577112060746,0.30707228629678673
836.6889504966782,586.0755682392341,243.8541081053923,1666.6186268413046,0.22765847834340727,6.0,6488.2666327871075,26590.591225222808,1.1398310422176838,0.9330032008850108,0.9595056612050309,0.004265320801736028,0.9418561665228398,0.15345577567015733,0.32333794952117867
879.8778129169033,586.1926320726232,223.10673807232965,1689.177183061856,0.23395430136820627,6.0,6667.6975889938785,26652.108616143138,1.1261882783169859,0.9351617058295838,0.9718975086077791,0.23912274057871258,0.8757671213828654,0.10294601590066116,0.4820793208191567
876.8196695618324,618.4867031672657,244.68963359317954,1739.9960063222775,0.23391176396400623,6.0,6666.485272974178,26622.41959009606,1.1242157384992875,0.9341199856174056,0.7840819011673092,0.2635622558877102,0.9174354812256813,0.22770902922528224,0.4685450294752067
961.1167269046348,572.9683944126863,231.06704355372483,1765.152164871046,0.24305744594512668,6.0,6927.13720943611,26775.20316534978,1.1046200690862908,0.9394808128192905,0.884565028321187,0.31832041063351235,0.8117757499524353,0.36058754716208297,0.22745510659572077
852.4700241265048,641.143955504295,259.09770090042474,1752.7116805312246,0.23094092328546698,6.0,6581.816313635809,26556.57032934811,1.1282668365724444,0.9318094852402845,0.6750188608709529,0.30365771654572443,0.9942629127087503,0.1803010950763897,0.44252231251134166
796.7831207830478,653.3414309822209,257.5621738141068,1707.6867255793754,0.2216997573207429,7.0,6318.443083641173,26557.77885118092,1.1562520231944322,0.93185188951512,0.9645007333354185,0.5385907409924532,0.8940682059136553,0.43070526307294965,0.2467334903257159
1074.575069414792,564.0297268253009,246.7385905283091,1885.343386768402,0.25030781020205184,6.0,7133.772590758478,26778.525773216596,1.0660312808707115,0.9395973955514595,0.29539328389611086,0.3966932570279925,0.9358391550289102,0.20102553771863374,0.1330829707619567
796.2986563056074,582.8787129050295,257.7551535781644,1636.9325227888014,0.221493408929615,7.0,6312.562154494028,26541.16500991832,1.1545904829028117,0.9312689477164323,0.9968535990035763,0.05839084222949531,0.9820418107094733,0.19821805207708115,0.009980115946588208
776.5695669813983,656.0934103617731,261.6954385065955,1694.358415849767,0.22175675646770907,7.0,6320.067559329708,26491.603141260395,1.1592847423346446,0.9295299347810665,0.8902579336462912,0.8461960427477748,0.9767402092514262,0.25541887922674855,0.007949684301122306
747.4582536478944,648.9427617774384,280.5505585994382,1676.9515740247712,0.22236700573851576,7.0,6337.459663547699,26467.405876055655,1.009151854143905,0.9286809079317774,0.9628802718858529,0.025244500243936208,0.9992899667428794,0.35189942846456035,0.20802684837865293
789.1742465587562,617.1404479762984,252.27994557921437,1658.594640114269,0.2215769709500047,7.0,6314.943672075134,26519.44551023598,1.1557994856382936,0.93050686000828,0.970806756707789,0.2774432810242804,0.9704356178407331,0.1693295609407155,0.22930561020469692
1373.5744029244863,466.7182975987193,170.51388987579642,2010.806590399002,0.2517379455795686,6.0,7174.531449017704,27077.71771353036,1.026470203195478,0.9500953583694863,0.6049102845800829,0.6903011425846344,0.6394439539862674,0.15835590276663591,0.2100691470594046
1011.0038695661003,680.4351362566763,279.7745474121586,1971.2135532349353,0.24736533894571885,6.0,7049.912159952987,26745.315143684136,1.0826609023392106,0.9384321103047065,0.2253840447763341,0.13922136131201052,0.8659977735019763,0.7483179309035665,0.7737611486963425
906.1235450697579,579.3376158263264,232.5250215603004,1717.986182456385,0.23740383726373473,6.0,6766.00936201644,26684.61390424963,1.1178943211806986,0.936302242254373,0.8787087800396873,0.47559888995043553,0.8753799510748327,0.20691053003323712,0.14072982535114675
778.7059758102567,609.3705441052028,260.90404568380626,1648.980565599266,0.22195160239289718,7.0,6325.62066819757,26515.140144683948,1.160856434764258,0.9303557945503139,0.9913296801436688,0.10910225432939052,0.9785152075588339,0.24203644851858785,0.1402334916203884
2962.2736616219586,260.86168203634725,45.3883432759578,3268.5236869342634,0.28303071666623986,5.0,8066.375424987836,27655.60767851576,1.0515094317886764,0.970372199246167,0.16169001816132167,0.9352495547731959,0.10316499273902846,0.22920827798434418,0.6350927872097057
755.7690355187804,706.0858009624479,264.16510098921566,1726.019937470444,0.22246793159362774,7.0,6340.33605041839,26497.39753657861,1.0081506733261612,0.929733246897495,0.9735778092590864,0.9717277333775686,0.8836538793510554,0.48407461193713885,0.2179281903696726
853.0298615055176,651.7615930211662,250.87478587156855,1755.6662403982523,0.22976034928258723,6.0,6548.169954553736,26640.9807096689,1.1376562773141214,0.9347712529708386,0.8872440346215764,0.8932839863739821,0.824205396372149,0.5439198814946908,0.11602172469584865
1917.3892821788731,429.38629105111687,165.22694684840422,2512.0025200783944,0.28458646839116314,5.0,8110.714349148149,27495.979315243807,1.1187173933373107,0.9647712040436424,0.8791438228525572,0.23243800436929685,0.3621859065469243,0.8700258808571377,0.21053622991598553
750.4927720931119,726.4776151086982,252.93248534528558,1729.9028725470955,0.2223100308423451,7.0,6335.835879006835,26462.65661979218,1.0071697638893256,0.9285142673611291,0.95197144928741,0.5734809575654369,0.9028283075720446,0.3121619899722424,0.8730377863606604
1566.173456064329,460.5525580103674,209.11780478822917,2235.8438188629257,0.26340803371910027,5.0,7507.128960994357,27162.15263762997,1.157158693076378,0.9530579872852621,0.05944197328430956,0.036475108491106856,0.6984624408755553,0.4609646553121765,0.2955639189387571
973.0800118579208,683.8776234213424,242.36303587711387,1899.320671156377,0.24496163418317515,6.0,6981.406574220492,26657.739065545808,1.0872147023019176,0.9353592654577476,0.3065540874784084,0.7878687147925418,0.9076959035384226,0.22825393894796459,0.888211187929624
1513.0039676701176,418.89700512839784,163.26210266403203,2095.1630754625476,0.25519939634395294,5.0,7273.182795802659,27224.65125757716,1.0133921763163014,0.9552509213184969,0.9199472716766063,0.2449985993596594,0.5729776937992509,0.25634475821874114,0.1134315113659995
780.9474808247526,621.5388436909418,260.7392147960152,1663.2255393117096,0.22172909052343756,7.0,6319.27907991797,26502.947099020446,1.1582468684393505,0.9299279683866823,0.9389622521510077,0.21731523480997572,0.9921140387279669,0.20397146826657103,0.1876997764966164
744.9373610198005,707.1147750159303,262.41338699193705,1714.4655230276676,0.22234144663767658,7.0,6336.731229173783,26456.756156887983,1.0092951490236184,0.928307233575017,0.9569832143884727,0.6142975554091679,0.9377801718100892,0.32090219766704253,0.5308497507009532
832.0927913020361,599.719736642395,236.28477415638315,1668.0973021008144,0.22710053874771421,6.0,6472.365354309855,26572.931899841922,1.1400714542511445,0.93238357543305,0.955096318090229,0.18781236900505904,0.9408843542278842,0.07332231393201527,0.42380722264067106
788.1133344223193,622.8650523719907,251.88113751346248,1662.8595243077725,0.22163698320097946,7.0,6316.654021227915,26518.75514962069,1.1562680279350936,0.9304826368287962,0.9728298915313323,0.04104521768790731,0.9626012366403474,0.18586268604609518,0.459053414288615
902.3004381453002,615.3671802043872,202.98258540336096,1720.6502037530483,0.23669535938013503,6.0,6745.817742333848,26692.714601732165,1.1205579536529053,0.9365864772537602,0.9958920256094034,0.6165536876737592,0.7751001868973535,0.15145507978586553,0.756048634535596
790.5242235777847,652.9217939048972,261.2024705519562,1704.648488034638,0.22123923279218702,7.0,6305.31813457733,26494.42221551486,1.1521948337111418,0.9296288496671881,0.8360466812139788,0.1272047595613307,0.9931856207564552,0.20617682062711595,0.5563833585825442
1035.7366250847715,540.7466426959306,243.36331822004178,1819.8465860007439,0.24875425080434926,6.0,7089.496147923954,26748.75943274105,1.0748478644622625,0.9385529625523176,0.4283788159925379,0.11245658302034223,0.9653545847253033,0.08542950324664222,0.14425509126181163
1080.3605994897819,580.3837999266907,280.5379603493119,1941.2823597657843,0.25051915875356673,6.0,7139.796024476652,26799.035751191837,1.066360589313416,0.940317043901468,0.16487710122506882,0.09665527830416754,0.9413752249321471,0.5556547045450058,0.0033312958074296906
740.113281943236,679.9203961057686,259.4316695912143,1679.465347640219,0.22226313719497343,7.0,6334.499410056743,26439.819283929726,1.0099735957515137,0.9277129573308676,0.9899139542643922,0.6785779272750584,0.982729122133495,0.16897685271083362,0.29495681066425294
869.397771482028,683.4717564923432,254.08509961999764,1806.9546275943687,0.23377257404050292,6.0,6662.518360154333,26547.360251912578,1.1192027312707329,0.9314863246285116,0.5503097758072746,0.6455568672604475,0.9953583369933123,0.12259743599594997,0.6775754719161738
1029.643531212165,580.954544253731,249.13559535532988,1859.733670821226,0.24848072531967172,6.0,7081.700671610644,26718.35029143401,1.0737633307362835,0.9374859751380354,0.31289883284903264,0.26520240335748935,0.9823961467216036,0.1030703339372524,0.3223811871481147
775.2190916527123,703.7170561338525,253.47742373217827,1732.413571518743,0.22157627411800254,7.0,6314.923812363072,26463.436253302123,1.1567099686691025,0.9285416229228816,0.8230676165684149,0.35138695507000145,0.9631644013733589,0.20180666444894746,0.93773096450752
3476.7009605379435,210.82038466661322,42.98121488893669,3730.5025600934937,0.3018629024370851,4.0,8603.092719456925,27826.338349868172,1.0229627795024663,0.9763627491181814,0.9064643468666983,0.36581259642258057,0.04209849784626973,0.36530639339813276,0.31289133665588087
796.5791780346179,656.5753153740449,280.51564106443914,1733.6701344731018,0.22140066010049297,7.0,6309.91881286405,26533.52966910168,1.1535483316179178,0.9310010410211116,0.8180832105293531,0.15022708166210225,0.9624828376409709,0.49912381071084366,0.26143589697371983
688.8986722778294,766.3411203650979,275.7690369182533,1731.0088295611806,0.22152855057982526,7.0,6313.56369152502,26346.55622177632,1.0272768330527526,0.9244405691851341,0.9317051360665005,0.4028322587571661,0.9876284726218603,0.33158253449496694,0.9643058711939674
807.5520105977246,604.4924175956204,248.54328837734644,1660.5877165706916,0.22311631249318523,6.0,6358.814906055779,26535.15482249771,1.1480913224046116,0.9310580639472881,0.9373113039713239,0.43824456139892254,0.9804014273909365,0.10191628517986834,0.08303667156291306
907.1841071180921,559.8650353799236,244.51603951162437,1711.56518200964,0.2377784328174351,6.0,6776.6853352969,26666.18377712766,1.1153311052677635,0.9356555711272863,0.8028243713039679,0.04099576980203079,0.9405944096955184,0.16405468356194397,0.148438989920058
855.5222973095379,651.8585007452381,232.13410464808175,1739.5149027028576,0.23046185914846345,6.0,6568.162985731208,26617.218066072706,1.133716923795732,0.9339374760025511,0.9047384264046507,0.16079452659118382,0.8477395028814141,0.2763460759018219,0.9646602316007996
1002.0029053527421,692.394817383483,246.95702895895758,1941.3547516951828,0.24697630477740395,6.0,7038.824686156013,26680.624465573568,1.0791333689668823,0.9361622619499498,0.19348948861063664,0.7086302648851405,0.8953698360256424,0.3113310269803373,0.9986740280600711
2846.0896276937533,288.3368815311416,52.8322934601223,3187.258802685017,0.28628421746686944,5.0,8159.100197805778,27689.789013157853,1.0614421559121852,0.9715715443213282,0.9714107202281607,0.586631379946851,0.08467007176554919,0.3612386248487832,0.5965902266832569
1037.9384225864937,510.61616752708557,201.92576412180503,1750.4803542353843,0.2487103864642914,6.0,7088.246014232304,26854.643382520313,1.0849006107485892,0.9422681888603619,0.9494287535815086,0.17873355043519157,0.7879073965410064,0.10575256137485756,0.2663554545097008
713.8462881581012,748.133303333226,307.2374070817007,1769.2169985730277,0.22247539109983042,7.0,6340.548646345167,26458.51680056496,1.0253306184623736,0.928369010546139,0.9797831422276566,0.3579028175805148,0.9114390907443889,0.8731237911515299,0.3195723573929181
1843.3656156292368,355.6663051453685,141.28043502490124,2340.3123557995063,0.2824101109636322,5.0,8048.688162463519,27397.664262084934,1.1201174526540636,0.9613215530556117,0.46550489999896383,0.3537049141876919,0.48762971256091026,0.26943671122536406,0.1111808234894664
822.8112949272921,702.1058345654362,298.31653400283335,1823.2336634955616,0.2250998291115484,6.0,6415.34512967913,26591.940654675273,1.1468866032559897,0.9330505492868517,0.7292813798393321,0.5372206430871815,0.8940564383494689,0.8761394868367537,0.09697470120568136
810.5091808454883,616.0096418202542,262.5894181100304,1689.1082407757729,0.22278393079468212,6.0,6349.34202764844,26587.02918484439,1.1525661722381855,0.9328782170120838,0.9910823631215679,0.29739147741063204,0.912150799860907,0.4374275731581322,0.025930010382826996
829.6259022223638,618.3175345367521,256.5050485336977,1704.4484852928135,0.22646119704887419,6.0,6454.144115892915,26585.95813350586,1.1427947928160849,0.9328406362633636,0.8981561921817023,0.300762148137675,0.9286379604071452,0.3269659693372049,0.18852600976783268
1724.7295079657536,355.61683986697744,125.39328614736918,2205.7396339801003,0.27556504274619387,5.0,7853.603718266525,27337.717199912728,1.138869804753343,0.9592181473653588,0.768763160249494,0.2015606358197677,0.5090584341970155,0.035769577112060746,0.33803350611241967
1725.746914161082,406.5384303933394,117.29551286646799,2249.5808574208895,0.27616672716362833,5.0,7870.751724163407,27313.822073983538,1.1354578540051352,0.9583797218941592,0.4927421650152318,0.7117057223745868,0.42399912715898014,0.172619137203475,0.6527446645481395
3495.330020654867,157.56463463951016,18.892559280224788,3671.787214574602,0.3141313935290483,4.0,8952.744715577875,27858.910085672705,1.0042800702560042,0.9775056170411476,0.30171369207708654,0.4869686228459622,0.003643996196768695,0.20020000214444778,0.4820793208191567
2072.4306625230206,329.8880845699536,106.40874875411224,2508.7274958470866,0.2874501488824872,5.0,8192.329243150885,27514.079679298196,1.100809335541897,0.9654063045367788,0.7840819011673092,0.15333632727406427,0.3632193903066989,0.21373438978338327,0.4685450294752067
1909.6992947478209,364.8279248473555,114.44179359466993,2388.9690131898465,0.2844857256195268,5.0,8107.843180156513,27453.142937331064,1.115172439892577,0.9632681732396865,0.6514920631717019,0.7635637638075775,0.3333086958119834,0.3827522955532656,0.23445062604192912
802.6486048825477,622.115915476871,253.99819652663496,1678.7627168860538,0.22171037578984668,6.0,6318.74571001063,26558.93472395301,1.1533488323180672,0.9318924464544917,0.9784533737558676,0.4757715281697367,0.9246535306040538,0.310193825784108,0.0893505884996893
1026.4829037793747,615.0885717620421,227.0820927794656,1868.6535683208826,0.2483066837916263,6.0,7076.740488061349,26726.89555617168,1.075603965965295,0.93778580898848,0.3878020348178458,0.5385907409924532,0.8940682059136553,0.0975896233500948,0.7212082727738749
3519.5830653436938,151.16638838683716,32.35644955629408,3703.105903286825,0.3100405215813166,4.0,8836.154865067523,27858.212684862097,1.0117905131326141,0.9774811468372666,0.8981122361828915,0.054353887891056996,0.09533968590820108,0.10527694375917579,0.23062420994233646
882.0098471178414,637.760817442038,235.22155559303454,1754.9922201529141,0.23474703196101523,6.0,6690.290410888934,26616.32320092048,1.12111061428941,0.93390607722528,0.759311677101791,0.17592901386976234,0.900115821372069,0.17041852653824785,0.859854009702266
905.0929142561264,588.336997866719,269.91520707702676,1763.3451191998722,0.23774195391424052,6.0,6775.645686555855,26647.402586314853,1.1141456885047964,0.9349965819759597,0.625495333689061,0.10253012975842385,0.9767402092514262,0.34525241551561503,0.007949684301122306
1448.181959844333,463.88100144138576,181.94796501431324,2094.010926300032,0.2514164291776834,6.0,7165.368231563977,27194.80474336153,1.023041864549589,0.9542036752056676,0.9278968386370795,0.11821577839233716,0.580234211375837,0.4412111195476398,0.26693951256556203
687.3987726190704,757.1603532553544,286.4233486563758,1730.9824745308006,0.22159184373654034,7.0,6315.3675464913995,26373.17827571536,1.0309070301750027,0.9253746763408898,0.970806756707789,0.18812547721956113,0.9579296090907694,0.5253419957189784,0.8599029648814563
973.1369062166353,537.1123323933523,212.65873408162588,1722.9079726916134,0.2441062383510203,6.0,6957.027793004078,26791.526542161035,1.1016437313143275,0.9400535628828434,0.9996119018466001,0.01529623032935018,0.8128320197331531,0.15658711766925149,0.4050732224780522
992.502509762936,592.425186224737,245.16301937440653,1830.0907153620794,0.2461142141240367,6.0,7014.255102535046,26737.278650520133,1.0884080378376026,0.9381501280884257,0.5233332392721941,0.1826362148990785,0.8964159992476165,0.28893459626216544,0.4382344771889698
833.1624086655534,610.3428986525256,253.6626678222933,1697.1679751403722,0.2273803118211396,6.0,6480.338886902478,26570.23439703824,1.1392383660053025,0.932288926211868,0.8570133358009238,0.3622728068539839,0.9620096488698856,0.20691053003323712,0.14419498112248563
1098.5358147131685,571.6632043124288,258.03074470259577,1928.2297637281931,0.2509442435182625,6.0,7151.910940270482,26781.442112899716,1.0596850997029137,0.9396997232596391,0.15346171337569214,0.3183832176353292,0.9601489173802497,0.2596110258121845,0.1402334916203884
767.4789965977914,636.1252981306994,254.46936505296753,1658.0736597814584,0.22193997138853988,7.0,6325.289184573387,26475.497096525232,1.00039496707603,0.9289648104043942,0.989023041889951,0.22115120327533921,0.9987683687980445,0.07284741495755392,0.36532320583048983
919.2458727751329,672.7445987838859,261.6701070318514,1853.66057859087,0.24004033274743705,6.0,6841.149483301956,26595.18895995575,1.1021613940328612,0.9331645249107281,0.38191647480969915,0.4191746726499887,0.9993183058454226,0.1949337749242439,0.7192868623714541
880.9448552454319,597.6699874695311,221.2577280895801,1699.8725708045429,0.23392886720231845,6.0,6666.972715266076,26668.184565537304,1.1275322151081713,0.9357257742293791,0.9715474774468508,0.8932839863739821,0.824205396372149,0.22023618988825977,0.11602172469584865
1150.2551592484815,559.8988722817226,228.15163771232469,1938.3056692425287,0.2519667620254691,6.0,7181.052717725869,26837.92098139364,1.0517284204342954,0.9416814379436365,0.2562057067827658,0.24558882635461698,0.8726405761510482,0.16641898504337627,0.5368497633760414
1030.9620082054867,540.7667499533261,220.98246454591893,1792.7112227047317,0.24825209559103387,6.0,7075.184724344465,26869.59387719772,1.0888196707918134,0.9427927676209726,0.9358684699781367,0.18758146256864316,0.7653463518038267,0.37418529733098604,0.20123065875238538
1082.4008262191105,530.2357019067687,203.66763916947116,1816.3041672953502,0.25076508756539434,6.0,7146.804995613738,26907.15614783093,1.07633088539311,0.9441107420291555,0.9007332740165936,0.2960479246569739,0.7323268191084473,0.27300432029519134,0.33497794054672947
867.895645662356,577.4805285124537,237.0059109123242,1682.3820850871339,0.23245080972479007,6.0,6624.848077156517,26628.256285306175,1.1290815732266608,0.9343247819405676,0.9177252691356963,0.3970483005630817,0.9231074325904614,0.12860871431969018,0.0914552931885732
804.8876292729312,645.9020212284054,236.66582379985192,1687.4554743011886,0.22247459942065204,6.0,6340.526083488583,26537.667766059127,1.1497249427899383,0.9311462374055834,0.958506114925979,0.4397650627191027,0.9151946216812611,0.14599274436747783,0.6054344047493359
823.6804904557812,613.7439555632931,257.47713639362263,1694.901582412697,0.22544407829788465,6.0,6425.156231489713,26580.165998982757,1.1450972997836235,0.9326374034730792,0.9181305911204535,0.21731523480997572,0.9349635587399676,0.32072161815377687,0.1876997764966164
2969.981784108583,241.63865449325652,62.79288600721907,3274.4133246090587,0.28480267781381696,5.0,8116.876317693783,27711.558588557727,1.055878996926631,0.972335389072201,0.9482009660845798,0.48434940765567175,0.16299427878615658,0.26304732331712777,0.12974481520610914
1653.3628978051838,434.3108287383009,128.00290504694385,2215.6766315904288,0.2689807235275409,5.0,7665.950620534915,27304.84126454985,1.1533155084422428,0.9580646057736789,0.8671879667448483,0.22893159683120212,0.4374900941423574,0.255614249475312,0.8805824743742842
2171.0243685924597,334.0398958889595,102.55588817027532,2607.6201526516948,0.28835538379616305,5.0,8218.128438190646,27554.150727675737,1.0949520762839091,0.9668123062342364,0.8760216999313049,0.20809335120192557,0.3088888825562579,0.31580618174192693,0.48032013286964415
777.0788943620311,644.4042571082565,254.67232110880195,1676.1554725790895,0.22194712647825154,7.0,6325.493104630169,26505.79892296851,1.1606247234103808,0.9300280323848601,0.9690734392124428,0.03905521575228088,0.9507905243532322,0.2478626575586153,0.5932178922734418
743.6669904713476,661.6496215905329,264.4989684314796,1669.8155804933601,0.22230827589507882,7.0,6335.785863009746,26450.603303621203,1.009301168027454,0.9280913439867089,0.9950020377900656,0.1272047595613307,0.9892117907788622,0.20617682062711595,0.47686706246278976
1052.4433567984354,587.2702548511619,235.40013666610645,1875.1137483157036,0.24950086087185896,6.0,7110.77453484798,26807.521745587735,1.0754394253272013,0.9406147980907977,0.4721899968576627,0.6914520260228584,0.8271143501127333,0.3670408222797763,0.1999879617175414
756.5259216453682,657.4473969553369,250.48150463066423,1664.4548232313693,0.22204099857683698,7.0,6328.168459439854,26455.064742307328,1.0035503816816393,0.928247885694994,0.9951469435643318,0.9337865596727519,0.9966308104595382,0.035667350932245157,0.06405747696333802
811.7539628070887,575.0628228083858,249.61634281029288,1636.4331284257676,0.22355638609869571,6.0,6371.357003812828,26557.434857423217,1.148511201081727,0.9318398195587094,0.9942567215571908,0.12046896345861535,0.9755525277577136,0.12657405505366925,0.034078418166788194
791.0404700391035,610.7348173213073,250.23061166755858,1652.0058990279695,0.2215730607953743,7.0,6314.832232668168,26525.239828937694,1.1554850125857312,0.9307101694364103,0.9908958012165983,0.10390165604796375,0.9657630770612902,0.15939257775523225,0.3305077752753205
3023.1868210959965,244.35985524122506,72.43445056236479,3339.9811268995863,0.2819738258532275,5.0,8036.254036816984,27663.06702355772,1.048133826348827,0.9706339306511481,0.1922661215866619,0.12046896345861535,0.27743399229593824,0.06500324901488452,0.6426065009168366
1010.6216366520471,665.5838360571826,304.2768849220608,1980.4823576312904,0.2473333523060235,6.0,7049.0005407216695,26753.162873648555,1.0836336996134996,0.9387074692508265,0.17190869582914892,0.35138695507000145,0.9089701419164766,0.9015100578627374,0.11796499490637535
830.6496577057619,630.2181455515888,233.12813281126287,1693.9959360686137,0.22668911037795095,6.0,6460.639645771602,26580.428405253828,1.1416445577727776,0.9326466107106606,0.9573443502404799,0.3655931179587042,0.8935910748889133,0.16493891298762842,0.591082821894856
806.053300384259,609.4110681704847,254.9340337228499,1670.3984022775935,0.22267853860044695,6.0,6346.338350112738,26543.619698278526,1.149832447547364,0.9313550771325798,0.9319157396192401,0.4275421047866214,0.9677544782921464,0.20548569420290874,0.02931178704947046
808.0126485883385,649.6298966604128,247.56166925634588,1705.204214505097,0.2235890106160348,6.0,6372.286802556992,26509.829523308945,1.144935709030678,0.9301694569582086,0.8397133446791534,0.4028322587571661,0.9824294333479965,0.08578019146923233,0.5444663315246878
1150.6832214188905,613.0058216723415,241.98579557154335,2005.6748386627755,0.2516941933571623,6.0,7173.2845106791265,26790.073475549474,1.0473030348433947,0.9400025780894552,0.004506097560003308,0.4786986832584863,0.9163044030279232,0.2011750954396731,0.6963805660651069
1715.2436222873034,374.1523792660006,117.04106003801311,2206.437061591317,0.27403927565701547,5.0,7810.119356224941,27358.67257612953,1.1443791203800358,0.9599534237238432,0.993705261014529,0.3237985635360153,0.4379534039011932,0.13258047890807484,0.4275506067571776
880.7438759564026,663.1135622342931,249.13160693416512,1792.9890451248607,0.23489111777930746,6.0,6694.396856710263,26593.97105668263,1.119170549952667,0.9331217914625484,0.6201308639383659,0.638175802970978,0.9336655412675811,0.23297502584563196,0.5625350794580178
2526.210025973876,315.08832974744473,67.89478087719553,2909.193136598516,0.2871753599885944,5.0,8184.4977596749395,27570.857282988087,1.0712293402750064,0.9673985011574767,0.30311634124357345,0.4669127271231922,0.22810928376793815,0.14609503080989306,0.9924136839779331
812.1474993946993,602.2046561335912,260.3568067745063,1674.7089623027969,0.2237559886330101,6.0,6377.045676040788,26550.066658747626,1.147458115492654,0.9315812862718466,0.9037467238279847,0.12241682057246112,0.9789315138682394,0.23494554525306988,0.12427338810402755
732.7967937487864,692.197236605944,256.12855601815977,1681.1225863728903,0.22218531980540165,7.0,6332.281614453947,26415.13604634957,1.0111026036532331,0.9268468788192832,0.9829867027822026,0.3408382284021143,0.99512533219156,0.10040294230809554,0.7040080141591227
2751.356812915009,227.08829827488245,63.89385088269047,3042.338962072582,0.286927189691013,5.0,8177.42490619387,27674.10019121026,1.0656636772840633,0.9710210593407108,0.9998029556868777,0.43497086171990695,0.228052586861754,0.10179144484299457,0.001375346779143527
807.3124436285617,599.0323806753261,256.5536999154517,1662.8985242193396,0.22248017540835857,6.0,6340.68499913822,26567.89346029695,1.1519845850612465,0.9322067880805948,0.9962638689094725,0.11305933678187674,0.9425838251591826,0.2903087057553132,0.12137668463445078
1490.3774161987028,445.0028789929734,197.61678663473512,2132.9970818264114,0.2559158832958891,5.0,7293.60267393284,27101.140939479516,1.0058134709451343,0.9509172259466496,0.20571211209092655,0.1034124972096625,0.7426451477213933,0.17935924142858084,0.22752969992846306
747.9243252325792,687.6976877725119,254.08060130741126,1689.7026143125022,0.2222110699975888,7.0,6333.015494931281,26446.20325911517,1.0067655494839387,0.9279369564601814,0.975280167340115,0.22671636914963456,0.9665256278792625,0.1546478020790768,0.7901975197716632
960.688243798202,558.3644917628809,200.26684701579597,1719.319582576879,0.2430895454461606,6.0,6928.052045215577,26763.262705992114,1.1034804365686486,0.9390618493330566,0.9887270864712382,0.2873888089246297,0.7960963160895763,0.06578520098294383,0.5837899134421298
785.7977358252168,611.9598196953038,245.8637250540366,1643.6212805745574,0.2215693720508201,7.0,6314.727103448373,26505.340862894573,1.1559466517164207,0.930011960101564,0.9902804619719325,0.20311665203527407,0.9840460660798255,0.06291240361266837,0.33803350611241967
810.2056843680368,618.9011684138677,243.35428588426643,1672.4611386661709,0.22336993711762243,6.0,6366.043207852239,26549.163365045442,1.148339044119414,0.9315495917559804,0.9595056612050309,0.45437787545336683,0.939807714796914,0.15345577567015733,0.26300963694954893
920.8303807472696,575.0906913906717,227.52252587803773,1723.443598015979,0.23922290475597796,6.0,6817.852785545372,26694.500695095703,1.1125144071162887,0.9366491471963405,0.8575730693978237,0.36619916851692047,0.8757671213828654,0.1512059919193286,0.28054474165599075
796.1755269826353,621.1361830553543,239.83234473192937,1657.144054769919,0.2213027702321197,7.0,6307.128951615411,26521.89108410545,1.1524134907000576,0.930592669617735,0.9867713701933587,0.2635622558877102,0.9562968178769585,0.07099367398854078,0.4685450294752067
855.945451725488,596.6166373543122,251.7429649176598,1704.30505399746,0.23115628649966896,6.0,6587.954165240565,26582.594164059807,1.1295598219055483,0.9327226022477125,0.7927387910241974,0.18605593728785386,0.9837335897630114,0.12799966137142083,0.22745510659572077
799.983411530425,587.153430037346,250.3539139986259,1637.4907555663967,0.22164717810659604,6.0,6316.944576037987,26532.565079616663,1.1516849440570076,0.9309671957760233,0.9827719575446375,0.1903170435638315,0.9889857989831001,0.09881288575682468,0.07444674708017018
812.6276002008887,593.8718324365915,245.8474962351025,1652.3469288725826,0.22386804864367968,6.0,6380.239386344871,26547.87618653651,1.146959719710423,0.9315044275977722,0.9645007333354185,0.14470829959768966,0.9710239340327114,0.09746072493028313,0.2467334903257159
833.2462429728366,594.4049761082358,254.5462621189776,1682.19748120005,0.22760371607201402,6.0,6486.7059080523995,26557.323457484523,1.137722201979129,0.9318359107889306,0.8427942887822104,0.16095761402990583,0.9981530006126929,0.12018502698885869,0.1571670374658139
1857.7487196041977,332.85864322353535,85.95483041499641,2276.5621932427293,0.2826695949511159,5.0,8056.083456106802,27439.189513456957,1.1224296586191662,0.9627785794195424,0.8992779245764414,0.91008598777376,0.3040717187519454,0.14419575460588352,0.20903806682764703
818.1985789335657,571.9586294690058,241.4234731502106,1631.5806815527822,0.22479452640095487,6.0,6406.644002427214,26557.93546491955,1.1453042063941241,0.9318573847340192,0.9982816920405536,0.2485323700486019,0.9767402092514262,0.03386734527718671,0.044883508972653585
708.384078614252,698.2145492095975,285.9864401965737,1692.5850680204233,0.22212117267556433,7.0,6330.453421253584,26406.306587540945,1.0228421086417596,0.9265370732470507,0.9786905131026559,0.3775186921594969,0.9992899667428794,0.4103497682187054,0.2455936986552602
709.601485524505,725.673367033274,316.52230840121797,1751.797160958997,0.2222805150928268,7.0,6334.994680145564,26434.15884299666,1.0250754141803018,0.9275143453683039,0.9194280235844359,0.2774432810242804,0.9732962124381979,0.8080091152316655,0.07920957768826592
906.232329072607,571.7551280797971,224.80263450240287,1702.7900916548072,0.23719076386616167,6.0,6759.936770185607,26703.257070190113,1.1199723898431786,0.9369563884277232,0.959928564894183,0.6903011425846344,0.8382636394388755,0.2214896882985491,0.0035382136881332293
1057.909653649773,576.9748470328503,254.50779429113635,1889.3922949737596,0.24973423843040793,6.0,7117.425795266626,26804.033741759355,1.0734145480639612,0.9404924119915563,0.39103879549019605,0.20998525447244437,0.8828577291487503,0.4272186708070084,0.2040347634544839
1592.4869807952837,430.74382167829475,140.05565065600624,2163.2864531295845,0.2634100902044553,5.0,7507.187570826976,27262.091962988954,1.001074283820733,0.9565646302803141,0.8570133358009238,0.3191187224628253,0.4964071194998567,0.20691053003323712,0.5668470801399786
836.8695307210953,562.5062861067663,236.34445776565147,1635.720274593513,0.22784565101608598,6.0,6493.60105395845,26583.01608321431,1.1388799293039213,0.9327374064285722,0.9913296801436688,0.23669934369214202,0.9648332438428937,0.010110888174703847,0.06301860769564438
895.7907303597508,590.317774306504,240.0701559973163,1726.178660663571,0.23669517934871992,6.0,6745.812611438518,26624.765190147293,1.1157728152086692,0.9342022873735892,0.743814690178002,0.22115120327533921,0.9586874653384924,0.0672176443139254,0.36532320583048983
803.2020831417328,631.3281228900265,252.9407600043045,1687.470966036064,0.2222266465051197,6.0,6333.459425395911,26535.634197226886,1.150370113625046,0.931074884113224,0.9134763315064542,0.47144598288987766,0.9539334256641978,0.2205574223195656,0.2179281903696726
1012.9405622402368,498.5704065532205,207.6414928056847,1719.152461599142,0.24720629373819297,6.0,7045.3793715385,26828.007596901934,1.0906820236418515,0.941333599891296,0.9715474774468508,0.062155672228702774,0.824205396372149,0.07142487531016795,0.15029328531694136
733.5301535725422,849.2321941684872,322.8747932754293,1905.6371410164586,0.22204696250308584,7.0,6328.3384313379465,26398.02368477857,1.0089965068470894,0.9262464450799499,0.5383613829502881,0.6103997474972188,0.9756547836924011,0.8700258808571377,0.9140082690118511
1007.4227790842168,704.4211182916715,276.6489320270354,1988.492829402924,0.24726811095048215,6.0,7047.141162088741,26700.899780933567,1.0793480839745206,0.9368736765239848,0.0838858032235813,0.635717532685003,0.9028283075720446,0.6159434423984318,0.7199841475433153
1038.369283101081,539.5365677466093,212.7332009625819,1790.6390518102721,0.24866547938865277,6.0,7086.966162576604,26883.90478201827,1.0878224692311327,0.9432949046322201,0.9679066370576594,0.46878490925216376,0.7323268191084473,0.37208149836197535,0.09945935872422323
822.6199953474842,605.2554703568749,244.63425878005694,1672.509724484416,0.2256825213967394,6.0,6431.951859807073,26554.263457401048,1.142654377683981,0.9317285423649491,0.9177252691356963,0.3970483005630817,0.9649700732039538,0.10034492806876755,0.19406386785214313
831.765369259851,604.3341843162635,246.4610076482998,1682.5605612244142,0.22713587561453974,6.0,6473.3724550143825,26570.120353552884,1.1399202709415264,0.932284924686066,0.8962465529072852,0.5458666848871154,0.9553388177814574,0.14599274436747783,0.05569121004220129
917.4810582551638,642.3375824354129,254.66107665948869,1814.4797173500651,0.23958845515165628,6.0,6828.270971822204,26619.45317096487,1.1055853755225453,0.9340159007356095,0.5008507962880486,0.21731523480997572,0.9672036365290879,0.20397146826657103,0.6768785783422281
789.6152430164149,611.6347166221478,254.94229863276604,1656.192258271329,0.2216876015435844,7.0,6318.096643992156,26530.0425964123,1.1567912146512027,0.930878687593414,0.9903041265576342,0.10952472928207246,0.9617344448476869,0.22162944360579728,0.25672176153516624
987.0345237461753,647.3259795051681,246.79687751974754,1881.1573807710909,0.24609302076978462,6.0,7013.651091938862,26642.774505030284,1.0805382585957277,0.9348341931589573,0.2691961205748493,0.18781236900505904,0.997964540240911,0.03599486011983921,0.9846428634970845
850.1082580146217,597.3836213930626,245.16241028312785,1692.6542896908122,0.23039330580118586,6.0,6566.209215333797,26567.226977179165,1.130618349941127,0.9321834027080409,0.8174242997629452,0.21998959397597673,0.9920526750000994,0.03389680418692481,0.30382680895463365
823.0671406376978,581.415004249152,241.5314677026458,1646.0136125894956,0.2255304777823466,6.0,6427.618616796878,26568.74381784949,1.1440959300591802,0.9322366251877013,0.9872661954340901,0.28675160770405395,0.9583858214517484,0.08399264774228632,0.09746769522508225
871.650339773133,583.4223588921844,256.13714720298344,1711.209845868301,0.2332713151785977,6.0,6648.232482590034,26613.49180704509,1.125625115312791,0.9338067300717576,0.7791194414868503,0.1272047595613307,0.9724260988344358,0.20617682062711595,0.098217566029983
768.3608903747116,638.4214341217538,274.3751628842653,1681.1574873807308,0.22218763201636296,7.0,6332.347512466345,26505.102074796254,1.0029534847477293,0.9300035815717984,0.9683091511640487,0.31257227872662724,0.975627492000228,0.34859725664740626,0.00457031499577204
766.0897779063367,628.774758556785,263.91888234039607,1658.7834188035176,0.22207887456025058,7.0,6329.247924967141,26487.01810173897,1.00220957085868,0.9293690562013673,0.9884511488948167,0.3409666182909712,0.9966308104595382,0.18015528329495262,0.06405747696333802
1157.8801223998792,545.8330978676137,257.6987844451745,1961.4120047126676,0.2518063841399026,6.0,7176.481947987224,26809.089050085793,1.0473936097198873,0.9406697912310804,0.04455453991718106,0.1266833381267542,0.9820418107094733,0.1976019959788306,0.13218177544031617
2438.028523306155,267.4026675845034,88.47853442116696,2793.9097253118252,0.2886589294791345,5.0,8226.779490155333,27618.88174649359,1.0803312197655548,0.9690835700524066,0.993702851298084,0.13992765765469478,0.30855451225575825,0.1602827942198331,0.15191615396134917
796.009241037867,580.3648357854802,249.6449637293888,1626.019040552736,0.22132412615205488,7.0,6307.737595333564,26525.594242252482,1.1529413176666101,0.9307226049913152,0.9982816920405536,0.05935016925550313,0.9979156362102166,0.0672518961103381,0.12089495594549382
867.7700606370382,590.3547194099597,257.73487791782577,1715.8596579648236,0.23245191195200077,6.0,6624.879490632022,26626.734743739344,1.1289626379354116,0.93427139451717,0.8230676165684149,0.07468036566449143,0.9430270176540595,0.3020359083085819,0.1462670943060156
754.2519363491267,669.7537643734496,260.14296431173324,1684.1486650343097,0.22213773416816743,7.0,6330.925423792772,26455.328487401857,1.004635603706353,0.9282571399088371,0.9573443502404799,0.18084103354958198,0.9871114734027573,0.16493891298762842,0.591082821894856
777.3576106396964,664.0451725477848,241.96581313765978,1683.368596325141,0.2216168911244325,7.0,6316.081397046326,26476.545049926506,1.1570923093221785,0.9290015806991757,0.9319157396192401,0.466236900694864,0.9677544782921464,0.06375650747951978,0.6607049978861596
794.2001834206317,602.2317166044714,247.56166925634588,1643.9935692814488,0.22136329619680162,7.0,6308.853941608846,26520.791111626724,1.1533240281086496,0.9305540740921657,0.9832837398231129,0.1854820808649732,0.9824294333479965,0.08578019146923233,0.24718409478216996
797.1617954393829,626.9748815425406,248.54328837734644,1672.67996535927,0.221391825344171,6.0,6309.667022308874,26513.971028966487,1.151002007693281,0.9303147729461926,0.92119411741035,0.5303319676020144,0.9804014273909365,0.10191628517986834,0.2063122015592787
799.4733743620789,628.6823050865097,241.63614978579534,1669.791829234384,0.2214967653049044,6.0,6312.657811189775,26531.37793579801,1.1517913347560609,0.9309255416069477,0.9765885722976547,0.1387251346966364,0.9405944096955184,0.13258047890807484,0.5995471539345885
1019.5415097916008,522.192612631395,236.11721967760053,1777.8513421005964,0.24785413945885226,6.0,7063.842974577289,26763.858720959004,1.081688215572553,0.9390827621389124,0.5898425105245673,0.021915165914421608,0.9336655412675811,0.09074128533672954,0.09813559387726034
967.6613150437687,532.8169508926129,231.62340537227175,1732.1016713086533,0.24394602083192152,6.0,6952.461593709763,26746.885463928294,1.0988737822551893,0.9384872092606419,0.8009219104052452,0.024451887915758364,0.8953698360256424,0.1437504413334974,0.15144717925457052
794.0599303190022,619.1912843907071,262.59040659678925,1675.8416213064986,0.22135664149346307,7.0,6308.664282563697,26520.16379047965,1.1533239884808824,0.9305320628238474,0.9037467238279847,0.12241682057246112,0.9880856115005464,0.23494554525306988,0.22689165542001177
793.4076854539243,620.3448691174588,239.11633654056743,1652.8688911119502,0.22131645529402683,7.0,6307.518975879764,26511.13953412913,1.1526109499797124,0.930215422250145,0.9829867027822026,0.08740593239368893,0.9681489474621895,0.031562768959488396,0.607806265185139
2220.025246897116,286.8432538172569,84.44685287315684,2591.31535358753,0.2883885823618993,5.0,8219.07459731413,27556.88536472623,1.0911152549487175,0.9669082584114467,0.8080653559253039,0.5670642453943905,0.2972331000174744,0.14567676521069994,0.15358203858274821
804.047522813445,602.7564752040904,255.7739152616628,1662.5779132791981,0.22248671813802368,6.0,6340.871466933675,26530.561517141563,1.1493536714401085,0.9308968953383004,0.9194762099742887,0.11305933678187674,0.9916278820969774,0.15100231726776325,0.20307923407206052
957.2573426275202,529.0423928082283,230.66023558294597,1716.9599710186944,0.24307425060334453,6.0,6927.616142195319,26728.52115812411,1.1010077418117694,0.9378428476534775,0.8037972330675696,0.1543799650780282,0.9123447186749286,0.08795764181708643,0.03741412803749977
1237.2332262581972,523.2681949543446,239.40036296806935,1999.9017841806112,0.25202532475811573,6.0,7182.721755606298,26879.089600893734,1.0360872389143194,0.9431259509085521,0.05943023151306037,0.34508611451380966,0.9168623602294905,0.17143111554178858,0.07595774932701316
885.1282926541861,580.1621411122284,235.7139085878407,1701.0043423542552,0.23481254062710166,6.0,6692.157407872397,26651.5761501479,1.123685868920386,0.935143022812207,0.8869174764072917,0.469579756503433,0.9041131886240481,0.1651397875800324,0.09562139471834497
823.3778668054598,566.3715613256263,240.33144900525397,1630.08087713634,0.22573744083924255,6.0,6433.5170639184125,26559.934564736624,1.142929746567323,0.93192752858725,0.9880705776147117,0.14385971162335287,0.9840460660798255,0.002450370292640003,0.1005999546482303
911.8846470492389,642.3792606622304,268.389856594848,1822.6537643063173,0.23873019711745805,6.0,6803.810617847555,26637.047553087326,1.1099782304031143,0.9346332474767483,0.5104263353048053,0.3912362063551413,0.9520942574026585,0.3943044567060038,0.31692973883152187
951.2504710712747,515.9297853151776,223.10673807232965,1690.2869944587817,0.24222661033349369,6.0,6903.45839450457,26752.369703830314,1.106104082041006,0.9386796387308882,0.9580724693373058,0.03392140053601933,0.8757671213828654,0.10294601590066116,0.06696787206472787
869.942254923286,598.1178383549865,228.0536949051464,1696.1137881834188,0.23241380855125746,6.0,6623.793543710837,26649.657029103022,1.1305720267735757,0.9350756852316849,0.9867713701933587,0.2694524739554484,0.8635014218944508,0.1897196498677639,0.4685450294752067
713.8291405852899,696.5795147552857,291.43680564156267,1701.845460982138,0.22228047933418407,7.0,6334.993661024246,26425.80963261514,1.0219568388829399,0.9272213906180751,0.9760662280214136,0.18605593728785386,0.9837335897630114,0.5104395202186647,0.2894080255408249
756.7998360398957,666.557065114452,254.45807652319354,1677.8149776775413,0.22206413696919125,7.0,6328.827903621951,26453.767708668805,1.0032574906417004,0.9282023757427651,0.9670889413075613,0.15028480062696964,0.9889857989831001,0.09881288575682468,0.6750396068442571
775.1535080140142,608.4621892209949,256.21451326755937,1639.8302105025684,0.2218997836465371,7.0,6324.143833926307,26498.03191436302,1.160777863497094,0.9297555057671235,0.9903998244630858,0.13560028733094454,0.9953519158745037,0.1458868392806612,0.190256943465955
1041.8354016034964,539.3374076149092,239.82809714918957,1821.0009063675952,0.24904063939774604,6.0,7097.658222835762,26748.862498484155,1.0729326994621509,0.9385565788941809,0.4226100501961395,0.16095761402990583,0.9677880500881427,0.040303966422762294,0.1571670374658139
1164.6886861901905,526.618778683213,241.94786032584463,1933.2553251992483,0.2520098153558209,6.0,7182.279737640896,26837.506479662676,1.048349625314918,0.9416668940232518,0.1820766961888466,0.2886203204802169,0.9375161835221569,0.14419575460588352,0.042685411803805806
851.2254040232547,568.6958856144879,243.40754125979842,1663.328830897541,0.23023373038175232,6.0,6561.661315879941,26591.222051246805,1.1328167670530351,0.9330253351314668,0.9016903038374416,0.1148778592787465,0.9755525277577136,0.05871830040345677,0.13415057735083458
1702.8025411992796,411.1054072039141,144.13613507382834,2258.044083477022,0.27408930884001226,5.0,7811.545301940349,27317.177414176345,1.141618099085623,0.9584974531289946,0.5363971168395979,0.6265468576679076,0.46860494380007456,0.35189942846456035,0.28550077379808175
3373.1803377179504,185.9785857948743,65.66082168936015,3624.8197452021845,0.2956548335803933,4.0,8426.16275704121,27779.440343940372,1.0296416288414443,0.9747172050505394,0.526344358466658,0.1378572050348285,0.21008817168623228,0.1693295609407155,0.08890943712516641
873.7905216846864,536.7959460620154,234.7116814069086,1645.2981491536104,0.2333090790822023,6.0,6649.308753842765,26634.509871837025,1.1270213701507277,0.9345442060293693,0.959928564894183,0.09164239037924543,0.9539469177449386,0.021296540733809766,0.0035382136881332293
1051.3149788919561,562.5192439209115,243.78541799512638,1857.619640807994,0.2494387920815437,6.0,7109.0055743239955,26731.751065413315,1.0683363331367344,0.9379561777338005,0.3060067220564344,0.17129219416073171,0.9895926559716374,0.02540775888575808,0.3328587058976178
2347.460951617133,261.40693035362824,89.22269942612867,2698.09058139689,0.28803900828936413,5.0,8209.111736246878,27557.859506161294,1.0818335770179341,0.9669424388126769,0.5508930191635677,0.3622728068539839,0.36577201899192346,0.015971276311856075,0.14419498112248563
938.4078145715577,561.1453478352337,236.34445776565147,1735.8976201724427,0.2415939218405641,6.0,6885.426772456077,26667.542685962326,1.1020255953810416,0.9357032521390289,0.6827018466141984,0.21182079607838566,0.9648332438428937,0.010110888174703847,0.22483620343682298
900.3650296602714,552.7464958791129,232.82296050138567,1685.93448604077,0.23644572900034316,6.0,6738.70327650978,26696.28424949457,1.121825074925067,0.936711728052441,0.9805539181878421,0.22115120327533921,0.8797661788573159,0.19847008590383164,0.0577987767802427
938.3177077559336,575.0734482366652,236.9896024471008,1750.3807584396995,0.24106893598087764,6.0,6870.464675455013,26721.351599644513,1.1080254573771133,0.937591284198053,0.806659130936897,0.27651144404604117,0.8703052482780033,0.26923630456030617,0.2179281903696726
1283.2852656996777,524.2418376668613,203.0706059062398,2010.5977092727787,0.25181407208517204,6.0,7176.701054427403,26918.429750341165,1.0300219163050561,0.9445063070295145,0.19020476417973897,0.22639024314690304,0.824205396372149,0.02146982722880253,0.7031428523891479
841.8407234510353,585.2172101661795,255.33021386953044,1682.3881474867453,0.22845626789081339,6.0,6511.003634888181,26600.073102581493,1.1383918449391508,0.9333358983361927,0.9088265238253963,0.040095518429485,0.9506347797203235,0.2554680613964102,0.12663626670058614
2412.4253461491166,299.3195964439674,96.09445982461544,2807.8394024176996,0.28740055597963593,5.0,8190.915845419624,27537.541301989473,1.0759964569660947,0.9662295193680517,0.2015828632314156,0.18758146256864316,0.372506257056864,0.07436620145520095,0.6512781114139471
1167.9999290791266,476.8272909091348,197.04947466132185,1841.8766946495832,0.2529600599064499,6.0,7209.361707333821,26980.319034271273,1.0606032392712135,0.9466778608516236,0.9044345141637322,0.16856605965189264,0.7323268191084473,0.20067465353946135,0.09945935872422323
865.4869304101644,674.4821628741744,307.1104649751287,1847.0795582594674,0.23238654458845587,6.0,6623.016520770992,26606.75375983616,1.1277545663175186,0.9335703073626722,0.512549332529695,0.058141330728350704,0.9649700732039538,0.7831449957744697,0.19406386785214313
800.392541609367,591.871434001191,254.213535619897,1646.4775112304549,0.22169413340420585,6.0,6318.282802019867,26534.70321573274,1.1517194265520359,0.9310422180958856,0.9646885637929433,0.18084103354958198,0.9871114734027573,0.14599274436747783,0.06599512951016961
1117.205473073387,560.0368719933218,260.7392147960152,1937.981559862724,0.2512750229514415,6.0,7161.338154116083,26779.05356958807,1.0545910966244292,0.9396159147223885,0.08613484480655365,0.11371414355742565,0.9921140387279669,0.20397146826657103,0.1876997764966164
750.7741674382229,640.079351224011,272.98160667048074,1663.8351253327146,0.22233446894700842,7.0,6336.53236498974,26471.202390021313,1.007924304330355,0.9288141189481163,0.9903041265576342,0.10952472928207246,0.9971757928002475,0.2761506457636492,0.18170550171970457
1002.7734371703496,558.5466131952248,230.02579040104357,1791.345840766618,0.24688181048265193,6.0,7036.13159875558,26731.992360323984,1.0841920739334552,0.9379646442218942,0.5591736053589743,0.5506219990378267,0.9251167215163191,0.046965140448761655,0.1147830291334358
820.6100318120909,616.0231347840448,251.88113751346248,1688.514304109598,0.22530939461436042,6.0,6421.317746509272,26553.981065674117,1.1436290469294412,0.9317186338833023,0.8862104055106454,0.3781577956321234,0.9626012366403474,0.18586268604609518,0.19344743213632126
891.0643671015097,552.986434305354,239.26802559406724,1683.318827000931,0.23566199858444625,6.0,6716.366959656718,26653.727837683455,1.1212016712092983,0.9352185206204721,0.8846405626860894,0.03925549712363596,0.9388690541407956,0.1113002883465915,0.13848713775865057
829.8069152576577,572.2705951024303,248.68437316224865,1650.7618835223368,0.22694184431855152,6.0,6467.842563078719,26559.630616396404,1.1396903394208686,0.9319168637332071,0.9132894021486783,0.07395109361609503,0.9995285202052626,0.0524526145591756,0.1018415588605816
1538.33253803112,397.00096074388375,146.43731269472335,2081.770811469727,0.2577736395884065,5.0,7346.548728269585,27239.336646935048,1.009840887520614,0.9557661981380718,0.9852585165339667,0.2589261002026144,0.5575254321026822,0.11367330340621717,0.1666707186666055
1100.1231904178605,573.6671537493966,250.6126920824037,1924.4030362496608,0.25088914847315136,6.0,7150.340731484814,26754.30750847408,1.0567315609322279,0.9387476318762835,0.13090103899694383,0.3409666182909712,0.9974779357644578,0.07899536345219677,0.27260951337829264
762.6712546633189,670.5642712265835,255.88580011799272,1689.121326007895,0.22196991846022077,7.0,6326.142676116292,26465.752776649355,1.0016980786724954,0.928622904443837,0.9448089983912387,0.9608809886114886,0.9820418107094733,0.13268205443057357,0.08752081572155523
981.3437491084933,548.5956534538113,228.9440297471228,1758.8834323094275,0.24497590261856508,6.0,6981.813224629105,26778.90323547991,1.0970487048754622,0.9396106398414004,0.8179158769287559,0.2866982152678721,0.8440590458427512,0.251296421437066,0.11952326860574813
740.3723870166849,653.260901681347,271.9982346050927,1665.6315233031246,0.22236316216381477,7.0,6337.350121668721,26453.55911843974,1.0112387780048804,0.9281950567873594,0.9982816920405536,0.3094216027652118,0.9979156362102166,0.2636038368275163,0.14995772989905298
810.273740137992,573.2945555837928,247.90668180613847,1631.4749775279233,0.22346668101856323,6.0,6368.800409029052,26545.600367041206,1.1479021796562576,0.9314245742821476,0.9837553398686932,0.07468036566449143,0.9911406629787427,0.06632087474672427,0.08720379328872574
880.7410726291309,582.2831036078331,244.56525528702792,1707.589431523992,0.23416288762385465,6.0,6673.642297279857,26649.479743032793,1.1254793871444886,0.9350694646678173,0.8754990516153398,0.18084103354958198,0.9144781642067432,0.23423588219215946,0.19016554356930176
857.6671609221386,554.1552262560148,238.18644388005373,1650.008831058207,0.231158640154685,6.0,6588.021244408523,26602.63902449385,1.13102596867628,0.9334259306839947,0.9319157396192401,0.1897206596622758,0.9722857454883979,0.010368546239176601,0.02931178704947046
839.7234256558747,573.1130836651068,238.35360571084883,1651.1901150318304,0.22817289558121778,6.0,6502.927524064707,26594.14388002916,1.1387521931808238,0.9331278554396197,0.9832837398231129,0.2603511623046887,0.9446914679975986,0.08578019146923233,0.10330682592885498
893.7137797700775,585.1317596943386,247.00232394548104,1725.8478634098972,0.23648925059125794,6.0,6739.943641850851,26619.76422520076,1.1161549142820373,0.9340268149193249,0.7179771912048775,0.3533438559399261,0.9804014273909365,0.08507514384800563,0.12294705181455529
791.3268441291975,633.4048617315864,241.63614978579534,1666.3678556465793,0.22148516459954332,7.0,6312.327191086984,26520.523929888026,1.1547985752914998,0.9305446992943167,0.9765885722976547,0.7918153276458105,0.9405944096955184,0.13258047890807484,0.148438989920058
773.7755530161307,626.248253595794,264.9697117866467,1664.9935183985715,0.22189064622216584,7.0,6323.883417331726,26492.687918386804,1.1608992747761144,0.929567997136379,0.9325090833722939,0.16079452659118382,0.9985758070564401,0.23297502584563196,0.2025662028991594
996.7428663730536,556.0170938043798,254.5632002191588,1807.3231603965921,0.24655853070540634,6.0,7026.918125104081,26707.053754143435,1.0837451379642742,0.9370896054085416,0.4291277008641431,0.024451887915758364,0.9949904714549966,0.12880355392502324,0.15144717925457052
789.2947695758043,623.299768804768,272.9088759179639,1685.503414298536,0.22165557078693232,7.0,6317.183767427571,26527.87399984815,1.156714099895112,0.9308025964859,0.9037467238279847,0.13069893063648663,0.9789315138682394,0.37212662878812586,0.08520093985323418
763.4869594173229,672.3897768819929,243.03627648385543,1678.9130127831713,0.22194721672025014,7.0,6325.495676527129,26459.717557741464,1.0006729462178205,0.9284111423768935,0.9829867027822026,0.14779881026774755,0.9681489474621895,0.031562768959488396,0.9002157982813312
1245.2052472886894,469.1216190856348,169.3059896787474,1883.6328560530717,0.25360765654912637,6.0,7227.818211650101,27044.655625804466,1.049093684078703,0.9489352851159462,0.9599998534112576,0.5624643315425171,0.6359613196106538,0.15444183271855588,0.16790296995010578
737.9580216829497,703.1747444331161,304.08260546961014,1745.215371585676,0.22240014665810598,7.0,6338.40417975602,26454.68456253857,1.0125476134009128,0.9282345460539848,0.8532599933976966,0.23137460379401875,0.9916278820969774,0.6253644162318255,0.16604496572899008
1404.23276436947,432.6458796941128,160.16858823620373,1997.0472322997866,0.25147539778055306,6.0,7167.048836745763,27115.772944133318,1.024057568615293,0.9514306296187129,0.8037972330675696,0.14678995931355798,0.6487067270227045,0.020591768772282415,0.40857205514256567
750.742899130205,685.5320634698818,288.4251553087446,1724.7001179088315,0.2226272323806403,7.0,6344.876122848249,26504.298644775517,1.0112853400039867,0.929975391044755,0.9824698285124264,0.3317493124592229,0.9286381488280491,0.6249773591332093,0.13641885020898714
803.0512380739588,633.2046201326568,244.55407241972932,1680.8099306263448,0.22274413898829312,6.0,6348.207961166354,26505.180292960504,1.1469661908222395,0.9300063260687896,0.8869174764072917,0.8560513560296767,0.9991102376077817,0.008428135993776675,0.09562139471834497
830.8906511776556,555.7901676690152,240.33144900525397,1627.0122678519247,0.22693928150847323,6.0,6467.769522991487,26572.372794935956,1.1406157057721413,0.932363957717051,0.9880705776147117,0.1587330568765159,0.9840460660798255,0.002450370292640003,0.002712210818103522
1191.7407281964925,481.49550083783737,174.96997834473504,1848.2062073790648,0.25329213521305477,6.0,7218.825853572061,27002.44469548095,1.0570524454964627,0.9474541998414369,0.9595056612050309,0.5137127442897002,0.6645462688404131,0.14011681691447264,0.2132867435438755
801.4870401311413,606.3753777247866,246.04731213445874,1653.9097299903867,0.2219355694104418,6.0,6325.163728197591,26532.019966871667,1.150837213117241,0.930948069013041,0.9718975086077791,0.23912274057871258,0.9697858675391321,0.10294601590066116,0.27143667760526524
808.962822298246,608.3266268689109,253.9667449767061,1671.256194143863,0.22316401489151141,6.0,6360.1744244080755,26547.758481034823,1.1488143160737492,0.9315002975801693,0.934062091722442,0.2528578441476489,0.9646088178582019,0.20330266032027156,0.16622013590917895
775.1067228212498,641.4097289137808,245.8815446112738,1662.3979963463044,0.221814313107274,7.0,6321.707923557309,26488.818112615438,1.1597291950924664,0.9294322144777346,0.9760662280214136,0.512321730993041,0.9694725610292685,0.10196983300690987,0.3543373884923253
870.3140847589623,593.2106559119036,217.9479412138923,1681.4726818847582,0.23266900098294924,6.0,6631.066528014053,26638.68969459903,1.12913488958302,0.9346908664771589,0.9763040129570163,0.7844321834994603,0.8608389982818722,0.08637405063514225,0.2129892123241005
814.3716162627097,611.3877976078751,250.9418018549606,1676.7012157255456,0.2242820670798401,6.0,6392.038911775443,26544.10854063751,1.1456438719533497,0.9313722294960529,0.9057165835331052,0.339280166115716,0.9724482174573661,0.1493381070531506,0.190256943465955
2038.9058378888851,320.77196744393854,116.80449957560666,2476.4823049084303,0.2870824074121862,5.0,8181.8486112473065,27511.105145997168,1.1040955654905253,0.965301934947269,0.8166159390325901,0.16095761402990583,0.3940564557536834,0.24701055771914027,0.19733188906731924
769.9407565724002,624.157219703754,260.11969250629625,1654.2176687824503,0.2219909277688305,7.0,6326.741441411669,26489.42895368216,1.0006398987194227,0.9294536474976196,0.9941244534620189,0.17592901386976234,0.9965116346014977,0.13962158199058994,0.20903806682764703
1219.6546333988085,535.3016289727469,220.05393547278416,1975.0101978443397,0.2520565395401124,6.0,7183.611376893205,26862.453920842374,1.0383354083293823,0.9425422428365745,0.13671861833555277,0.8003211751928225,0.8881151514647686,0.03665397284568983,0.11167651457841488
734.0846703861603,701.5615501856503,249.58614380379032,1685.2323643756008,0.22210720193909783,7.0,6330.0552552642885,26408.914180799595,1.0098478217182403,0.9266285677473542,0.9841833738953983,0.9268135593062778,0.9992899667428794,0.018948731737163937,0.4449696159763793
779.7649880556258,612.6670692894328,258.9347707948041,1651.3668281398627,0.221758156436665,7.0,6320.1074584449525,26502.018961165602,1.1587751392129306,0.9298954021461615,0.9591056325191628,0.2774432810242804,0.9977094916751172,0.1693295609407155,0.0893936385445413
1047.490463304025,586.7533575086002,250.57194415653976,1884.815764969165,0.24928770448107812,6.0,7104.699577710727,26757.627637816684,1.0720515398626054,0.9388641276426907,0.30129683891840187,0.672233639441558,0.9296337737726467,0.2594677962405897,0.046893311578652674
1025.198939175179,500.4786528955015,218.98500667897622,1744.6625987496568,0.2481033114365573,6.0,7070.944375941884,26799.719198589293,1.0834689710591008,0.940341024511905,0.7623690828202205,0.17129219416073171,0.8828577291487503,0.03899148378886519,0.002712210818103522
820.0046018438197,623.5052732516284,251.83335307739412,1695.3432281728421,0.2253730415055578,6.0,6423.131682908397,26542.25268888267,1.1425839358546352,0.93130711189062,0.8570133358009238,0.26465074735133143,0.9739852687308049,0.15498303286423737,0.35528860844538523
2724.9310767315405,272.0852763793836,50.361268279183165,3047.3776213901074,0.2870539435712614,5.0,8181.037391780949,27657.73279231914,1.0659283455650084,0.9704467646427769,0.9688685673169856,0.21243589041884198,0.17872153726381923,0.08297888150962829,0.7842616303691861
961.0322704706614,593.6221725455963,250.22435570726387,1804.8787987235214,0.2439357918203476,6.0,6952.170066879907,26658.47648343377,1.0919310141814806,0.9353851397696059,0.4617039380000941,0.22338895958189253,0.9987683687980445,0.07131009530645893,0.36532320583048983
1552.5918211180906,424.91779821200083,180.04722824593526,2157.556847576027,0.2614646532741819,5.0,7451.742618314183,27175.82509594043,1.0002773762053816,0.9535377226645765,0.3541818830139334,0.4191746726499887,0.6551894430479303,0.2205574223195656,0.03986692056398766
790.599998945085,632.0778771539876,257.6410283700048,1680.3189044690773,0.22153589473941743,7.0,6313.773000073396,26519.98853499784,1.1551041374932867,0.9305259135086961,0.9294639230221632,0.08975617450201501,0.9644492369585763,0.243884312044942,0.42529369789091553
976.9871701759355,655.4933360437973,268.80397337594786,1901.2844795956808,0.24453509294936165,6.0,6969.2501490568075,26782.230112438407,1.0990923896872433,0.9397273723662599,0.6230375997880595,0.040095518429485,0.8003625496892182,0.8034482104019519,0.6246832440043619
798.4648098596241,601.3685606998789,269.6693469307913,1669.5027174902943,0.22146085989479408,7.0,6311.634507001631,26547.112548504483,1.1541495525387855,0.9314776332808591,0.9358684699781367,0.03262341267808272,0.9762171932307644,0.343960128770325,0.016039736963815443
868.3346000282074,593.2998801827271,247.11524904537066,1708.7497292563053,0.2319461761886172,6.0,6610.466021375591,26664.956181540314,1.1330954509798168,0.9356124975979058,0.977283662690919,0.1392159732945678,0.8732368522346308,0.37208149836197535,0.21899030419169507
727.766992375783,689.8907437586189,296.94472969373214,1714.6024658281342,0.22254706625561393,7.0,6342.591388284997,26464.939304667823,1.018744505573753,0.928594361567292,0.9791796534461784,0.37322812502384844,0.9597694000590665,0.6335690159041251,0.004692985728013355
837.779429193494,623.8240090598135,257.1973606618401,1718.8007989151477,0.22854000729382348,6.0,6513.390207873969,26550.540672084833,1.134725289027584,0.931597918318766,0.7623879089848471,0.6110934643762647,0.9993402645582619,0.14599274436747783,0.05744732211171649
734.4691020592959,708.3861974834962,250.45822189043005,1693.3135214332221,0.22212100582970332,7.0,6330.448666146544,26410.349435043358,1.0097924044722089,0.926678927545381,0.9712662824840651,0.8118771778631032,0.9896483505871317,0.0540368918798001,0.5786021503818978
712.1610101830792,706.830371814103,292.16714635237895,1711.158528349561,0.22230289722790703,7.0,6335.63257099535,26433.184003875765,1.0236099767019593,0.927480140486869,0.9903041265576342,0.5248639844906688,0.9617344448476869,0.5769570325822859,0.09907155407370616
1707.0317508445007,395.69352912038846,145.48630265124194,2248.211582616131,0.27508211782425257,5.0,7839.840357991198,27289.868905920768,1.136971600000167,0.957539259856869,0.41837004754660434,0.08233088835825941,0.5559024131707608,0.13410803878065936,0.6017411751072083
1833.7125390127749,332.74020457823735,109.22739704424725,2275.6801406352597,0.2816677774779199,5.0,8027.531658120717,27421.476531761604,1.1250060790373027,0.9621570712898808,0.9437617242208541,0.02859219246508682,0.4460213279321439,0.024247537117030094,0.459053414288615
763.7103967938993,665.4543143663566,249.50514027246118,1678.6698514327172,0.2219436599546524,7.0,6325.394308707593,26460.43370482886,1.000640578845095,0.9284362703448723,0.9646240933535921,0.005749164526665629,0.9808670922728795,0.0672053912772802,0.8556666752623509
1109.7534049651774,475.7586903970561,200.003430862761,1785.5155262249946,0.25163206729063914,6.0,7171.513917783216,26912.249518686862,1.0690645499467597,0.9442894567960303,0.877405087654474,0.06735514896489453,0.7916254675121819,0.0748285987955043,0.13169772290428972
3622.3589187666485,75.93914515980998,4.005607768568438,3702.303671695027,0.3218749681492613,4.0,9173.436592253947,27923.514020839608,1.1479419432497098,0.9797724217838459,0.4002794669541091,0.41871786471790695,0.005377888775621842,0.03092006799459529,0.0614822885156433
1165.739100329232,536.789370030277,252.9588820299263,1955.4873523894355,0.2518076871251563,6.0,7176.519083066954,26806.40249340709,1.0453419434490643,0.9405755260844594,0.05059681453845277,0.2182534217929124,0.9966308104595382,0.10689578445681969,0.06405747696333802
1680.0951191457189,363.93994583138556,111.36003916892481,2155.395104146029,0.27102297529061786,5.0,7724.15479578261,27342.208331083635,1.1510904626221505,0.9593757309152152,0.9968535990035763,0.8912337515525645,0.3949443349080416,0.18414887545549807,0.009980115946588208
918.8062745349184,562.5214839559237,231.39306780886113,1712.7208262997033,0.23892047209328196,6.0,6809.233454658536,26697.604545950508,1.1137515474152595,0.9367580542438775,0.8851606220135285,0.04015617245068187,0.8885600284600712,0.15939257775523225,0.3448054148863828
1852.2412259666419,355.1249296044812,118.87240752729456,2326.2385630984177,0.2828922397755179,5.0,8062.428833602261,27374.046503908157,1.115972794118772,0.9604928597862511,0.3035547680549495,0.7197348479057359,0.4479724960696646,0.12621120522861162,0.2865891012923243
923.9075063261389,594.2371331097326,252.00205597087538,1770.1466954067466,0.2401136878813259,6.0,6843.240104617788,26646.72283181169,1.1058435709355403,0.934972730940761,0.5986484473971104,0.07468036566449143,0.9706877882904951,0.16562006150813757,0.38428042965948395
1181.1695194447573,525.4634841206454,223.9115570770772,1930.54456064248,0.2522015222151981,6.0,7187.743383133146,26858.612686604996,1.0464197752054185,0.9424074626878947,0.26278496827765907,0.3638228633274205,0.8889901117230061,0.0764805444444121,0.23213684350077612
1191.9012017056923,484.0478673896515,208.19901321839458,1884.1480823137385,0.2525669712263593,6.0,7198.15867995124,26907.881235331886,1.048401283554282,0.9441361836958556,0.4925941295713304,0.1897206596622758,0.8422940597187164,0.029281558983910105,0.16591933352387622
760.7130394516623,713.4311325189127,272.86677393793195,1747.010945908507,0.22209169689777483,7.0,6329.613361586583,26467.194562992685,1.002730775779739,0.9286734934383398,0.8529256230992774,0.1854820808649732,0.9544139126810813,0.38894756551638476,0.786825503955251
776.3307628773944,652.7688562163222,245.42997866882172,1674.5295977625383,0.22164723148144624,7.0,6316.946097221218,26476.62020741221,1.1576567897943648,0.9290042178039372,0.9373113039713239,0.43824456139892254,0.9821746763344765,0.06316237861431101,0.5297830489215293
982.5313648667865,501.04933205920923,213.01170249072575,1696.5923994167215,0.24499649393932543,6.0,6982.400077270775,26791.05406170297,1.0979264222860403,0.9400369846211568,0.9765885722976547,0.03742119674997646,0.8523653579912417,0.055022460555877506,0.09860643168014654
1042.6139943939297,537.5354874384236,198.48387779359223,1778.6333596259456,0.24894369790760848,6.0,7094.895390366842,26869.206776081475,1.084869933328425,0.9427791851256658,0.9325090833722939,0.6444983717140085,0.7260928808553971,0.23297502584563196,0.2025662028991594
847.7874105651155,629.1807909988486,275.9147829129856,1752.8829844769498,0.22887939285138734,6.0,6523.062696264539,26638.474428409227,1.139912225804097,0.9346833132775167,0.8782875996142749,0.05791394237539954,0.8953698360256424,0.6278092122702602,0.15144717925457052
863.9128303425873,567.3290569985912,241.5385520308782,1672.7804393720567,0.232223705377119,6.0,6618.375603247891,26599.38744237872,1.1276747224994732,0.9333118400834639,0.8657156584351113,0.12241682057246112,0.9789315138682394,0.029281558983910105,0.16591933352387622
912.9210744944494,576.4043843508406,210.57222014417835,1699.8976789894684,0.23812419233688226,6.0,6786.539481601144,26701.458638867087,1.1167818407115055,0.9368932855742838,0.9479442074063794,0.9923445438384673,0.8114385966009274,0.13749948167816445,0.05439198073340168
1901.5837850776986,305.904860720886,114.13114846018263,2321.619794258767,0.28419547534550094,5.0,8099.571047346776,27464.3536958881,1.1177181173053612,0.9636615331890562,0.9797831422276566,0.004730340410350808,0.4503417969213752,0.06721241332280636,0.15358203858274821
808.0814866893708,600.170424182685,253.05608100444204,1661.307991876498,0.2232317403866704,6.0,6362.104601020106,26533.639010768176,1.147640981313188,0.9310048775708132,0.9194762099742887,0.13400453126846562,0.9916278820969774,0.1212992106314702,0.21072785864184235
957.3068289185935,528.4870181394235,230.66023558294597,1716.454082640963,0.24307899811062847,6.0,6927.751446152912,26728.779573957185,1.1010162760677755,0.9378519148756906,0.8037972330675696,0.18540143708247114,0.9123447186749286,0.08795764181708643,0.009595772650522194
1088.8874783874564,554.2261468619283,256.3485322097884,1899.462157459173,0.2506824808539117,6.0,7144.450704336483,26767.840049207312,1.061015755443588,0.9392224578669233,0.1901194820302844,0.0774329630283952,0.9863220702365358,0.17143111554178858,0.1872678518148037
2483.5813115668866,250.13989227781238,99.84367764698763,2833.5648814916867,0.28745072460168614,5.0,8192.345651148054,27575.45330285994,1.074273340110455,0.9675597650126294,0.42923538344772716,0.003546948302573516,0.41285477253144887,0.008428135993776675,0.2031599052478491
809.7915425248675,568.3156988226137,243.94571029489867,1622.0529516423799,0.22346786347204384,6.0,6368.83410895325,26540.656709547606,1.1475843877639076,0.9312511126157055,0.9968448616838219,0.21077433825458658,0.9988586123488611,0.002450370292640003,0.002712210818103522
2551.3553626644157,312.9612821591975,89.32646185009914,2953.6431066737127,0.2868979270885209,5.0,8176.590922022846,27569.647876133025,1.0696231750854377,0.967356065829229,0.21899878560136077,0.0701644512284032,0.31464767516577075,0.15345577567015733,0.9571135892696773
785.6269846016004,645.9245368421538,258.09728863477625,1689.6488100785305,0.22189538248362592,7.0,6324.018400783339,26532.219039868713,1.1591421000212887,0.9309550540304812,0.9718975086077791,0.23912274057871258,0.9269360465691014,0.3489059373979838,0.3980695146276614
693.3909806594075,735.8112410783426,314.21518162648033,1743.4174033642307,0.22191326126012928,7.0,6324.527945913685,26418.898501422573,1.032362560620955,0.926978894786757,0.9867713701933587,0.2635622558877102,0.9562968178769585,0.8285330192795117,0.17491744415997468
975.3873974366423,581.4166023138785,245.8815446112738,1802.6855443617944,0.2450126908764668,6.0,6982.861689979303,26687.6003969814,1.0895181883917142,0.9364070314730316,0.4899564496726052,0.18073233076763068,0.9694725610292685,0.10196983300690987,0.3543373884923253
776.4637736169976,623.4885216560438,243.3439599781508,1643.2962552511922,0.22172919804946034,7.0,6319.28214440962,26483.678421419703,1.1583955507389496,0.9292518744357791,0.9912181066942203,0.009217057662890604,0.9889857989831001,0.022201366407370138,0.6187945607806581
770.7734366246104,683.8184786418494,300.7978057973359,1755.3897210637958,0.2226642574109562,7.0,6345.931336212251,26557.189743106956,1.0070660442516952,0.9318312190563844,0.9940542868364591,0.08088778492171389,0.9028383669370125,0.8268160300748043,0.10539465536772419
2331.7746356474477,419.3673144553527,126.47222145896683,2877.6141715617673,0.2887941345114145,5.0,8230.632833575313,27591.94839804301,1.0854268045496613,0.9681385402822108,0.666719676683535,0.32153820837344727,0.20441172926542117,0.8601489603918417,0.8123437681899722
869.0751872175349,709.6578919195355,324.3635192582267,1903.0965983952972,0.23327856744742648,6.0,6648.439172251655,26584.696480797153,1.123562494280462,0.9327963677472685,0.3326337668492275,0.16926811347802206,0.9996393614992299,0.879251530627482,0.20616525608229602
706.0140088149631,698.0424675169202,296.18135774623255,1700.2378340781158,0.22216182142858004,7.0,6331.611910714531,26420.31946057654,1.025572390750621,0.9270287530026856,0.9906494253660604,0.419127878337594,0.9848889825222408,0.5583751621582456,0.04258544327712155
1167.13730157191,437.3038456236436,186.13889180030566,1790.5800389958592,0.2529457383624591,6.0,7208.953543330083,26979.696553354977,1.0607592852527472,0.9466560194159641,0.9981358949326071,0.025244500243936208,0.7561515348273237,0.01790073554577798,0.014999185736254694
1768.026629524282,382.84852583983263,150.50556393493494,2301.3807192990494,0.2794105760376044,5.0,7963.201417071726,27310.701646156795,1.1249762270499684,0.958270233198484,0.17716420360102902,0.2774432810242804,0.5636079310427939,0.1693295609407155,0.38531375384763156
775.8505070826611,658.6948065710841,234.7116814069086,1669.256995060654,0.2217110990938369,7.0,6318.766324174352,26477.163207411017,1.1579547126118028,0.9290232704354743,0.9755947437312732,0.10148802064560852,0.9539469177449386,0.021296540733809766,0.9874918893490658
927.7793389900779,535.2610846687778,217.91401846497544,1680.954442123831,0.23992353691968332,6.0,6837.820802210975,26710.754866622345,1.1113365370665662,0.9372194690042928,0.9507886811464332,0.30710461114178783,0.8828577291487503,0.02728669456481303,0.10930218253623614
784.209371047024,609.4281766354266,251.83335307739412,1645.4709007598447,0.2217487870995919,7.0,6319.840432338369,26516.263047461904,1.1580552685243737,0.9303951946477861,0.9994164201672484,0.26834573061890876,0.9739852687308049,0.15498303286423737,0.16592979097381966
677.5353694959856,744.3543193809832,314.27950900791967,1736.1691978848883,0.22127984670978457,7.0,6306.47563122886,26386.288248563942,1.0380085045940541,0.9258346753882085,0.9941694685462216,0.3051254164552612,0.9700618483817084,0.792517963540387,0.20790427891079694
755.9273237417113,652.2845521512211,258.6187987691755,1666.8306746621079,0.22215289028885807,7.0,6331.357373232455,26463.005118795354,1.0046128687873954,0.9285264953963283,0.989023041889951,0.30567148916895026,0.9922113762384619,0.1349502952907199,0.36532320583048983
2014.0683931921208,426.78866961845745,154.25222459231608,2595.109287402894,0.2868832306059783,5.0,8176.172072270382,27536.62904117471,1.1094197652628097,0.9661975102166565,0.90678528418276,0.4191746726499887,0.293486412007701,0.9312831745607538,0.2179281903696726
951.8269668515096,564.4354792407248,223.81982941337344,1740.0822755056079,0.24219922704068392,6.0,6902.677970659492,26759.124662302398,1.106630101069385,0.938916654817628,0.9294639230221632,0.08975617450201501,0.8258377658248411,0.243884312044942,0.42529369789091553
818.4540506768201,586.7240410095721,244.21694304173894,1649.3950347281311,0.2249434895524207,6.0,6410.88945224399,26551.690193939627,1.1444555667722611,0.9316382524189343,0.956074210326632,0.282182665469109,0.9785697343780232,0.05951833719673555,0.11598290332578859
677.8646569982512,730.7286273682813,318.12524396841314,1726.7185283349456,0.22129105575386518,7.0,6306.795088985157,26387.225426729936,1.037923140759323,0.9258675588326293,0.991690488987438,0.33338066377119113,0.9862009667422009,0.7908323034015842,0.016039736963815443
952.8848445487046,701.7764036369205,306.35666276074966,1961.0179109463747,0.24327001533261866,6.0,6933.195436979632,26646.024825418037,1.0938096733689613,0.9349482394883522,0.10903697500971032,0.5644735979216394,0.9938855463085725,0.6977987919285027,0.25215154450818655
821.831693813936,584.1667601806779,245.4882192440597,1651.4866732386738,0.22516184002441622,6.0,6417.1124406958625,26575.844836451826,1.1455300906055588,0.9324857837351518,0.9955115413773291,0.09604727639978022,0.9482468986022224,0.15427296158598286,0.19406386785214313
629.5650961727548,829.2231486065232,306.9927744320083,1765.7810192112863,0.21813063165936064,7.0,6216.723002291778,26261.85968987083,1.0547739067003863,0.9214687610480994,0.9573350358585814,0.4572976917509419,0.9871114734027573,0.6687003121303704,0.9141463079551363
803.5826212768495,586.349397189904,247.89833141674745,1637.830349883501,0.22236726691806755,6.0,6337.467107164925,26532.695861679153,1.1498438503470747,0.9309717846203212,0.9758044300217491,0.21731523480997572,0.9921140387279669,0.0636339449958856,0.09134688639319455
1199.1601523298932,507.1052452698404,224.6393564958161,1930.9047540955498,0.252233145057812,6.0,7188.644634147643,26866.60409472473,1.0431093793774633,0.9426878629727976,0.25030876233841615,0.12281576905218117,0.9070053016117429,0.03639413008252279,0.25672176153516624
736.0842735650042,722.1653262430144,254.59842503331657,1712.848024841335,0.22205183447042665,7.0,6328.47728240716,26403.286182956574,1.008270562636485,0.9264310941388272,0.9215586629621696,0.6789096337472525,0.9991106848291901,0.07332231393201527,0.7475261543083259
842.7146370167675,639.3136118249113,259.32241695483077,1741.3506657965095,0.22775346205821123,6.0,6490.97366865902,26650.809336070713,1.1438337739315552,0.9351161170551128,0.9916921835036359,0.44721291322242646,0.8357837395690941,0.6053681366117137,0.15783256689898395
987.6196753113244,609.5139710683935,246.3117443002985,1843.4453906800163,0.24603999673692198,6.0,7012.139907002276,26669.538354580167,1.083103081275372,0.9357732755993041,0.36479002725836407,0.13514807510720234,0.9869792379096484,0.05998699727152218,0.6743626387928471
909.6805718469352,536.079879048473,228.1426081902017,1673.90305908561,0.2379976099650583,6.0,6782.9318840041615,26675.87235195124,1.1153194052883468,0.9359955211210961,0.9094304047492767,0.12999713439751626,0.9278840053249644,0.019004490611042646,0.1018415588605816
866.3170004667137,549.7815011966695,232.8739193937096,1648.9724210570928,0.232249174669442,6.0,6619.101478079097,26623.90605509613,1.1293332377555432,0.9341721422840747,0.9683091511640487,0.06538065273452143,0.9470325041280537,0.019650146300158544,0.15561044641831623
795.5442680585827,624.0931548893252,267.0937111611669,1686.731134109075,0.2212504100067017,7.0,6305.636685190999,26518.80386502427,1.152402632954287,0.9304843461412025,0.8687818180963168,0.31797846419222753,0.9966308104595382,0.2613747913556239,0.06405747696333802
913.7631072668925,720.7185273672817,308.45840022881293,1942.940034862987,0.23912044814340505,6.0,6814.932772087044,26621.298821617216,1.1073954448636718,0.9340806604076216,0.22468078293349159,0.16303380303940868,0.9617492521938401,0.8064653846285895,0.6162180833820243
655.0093076797593,788.7645025672673,330.46514563774457,1774.2389558847713,0.22004984734930508,7.0,6271.4206494551945,26350.52754169392,1.047862858458594,0.9245799137436462,0.9761899725949167,0.2830910629758455,0.9657630770612902,0.9780204572746732,0.3305077752753205
644.7024914933003,778.0794978675426,321.63235143468364,1744.4143407955266,0.21932865634460114,7.0,6250.866705821132,26319.868496633695,1.0511136619145143,0.9235041577766209,0.9968448616838219,0.21077433825458658,0.9887790492672318,0.8216682496388189,0.43071290416211205
1176.6114134885183,531.4105545853797,251.5214668866214,1959.5434349605193,0.25187865369229895,6.0,7178.54163023052,26816.16151040139,1.0437293295215448,0.9409179477333821,0.0490773833685646,0.2343231229535674,0.9911406629787427,0.10582672262085402,0.03224044816723859
806.6479041554069,591.2344529881724,251.68561215896193,1649.567969302541,0.22284600091337967,6.0,6351.111026031321,26539.908794488452,1.1490973058304808,0.931224869982051,0.9555168272637843,0.13726677564638723,0.9850516873270003,0.1238579284281296,0.13948190356978118
3200.8578275154,229.49413685888368,73.13437943187877,3503.4863438061625,0.28218132034549515,4.0,8042.167629846612,27755.20893249383,1.0446415788059973,0.9738669800875028,0.9302915762966143,0.26544965523769776,0.17889569210794343,0.3355490369552484,0.02931178704947046
1122.8666738666327,575.5414331660762,249.8527607972586,1948.2608678299675,0.25129933800856685,6.0,7162.031133244156,26764.948760502684,1.051846830051296,0.939121009140445,0.07401158583763623,0.23331933350825562,0.9918191527779666,0.08578019146923233,0.4096105395037529
2301.3607291936614,377.3178566803594,144.47380307473196,2823.152388948753,0.2891057513578042,5.0,8239.51391369742,27612.699459963795,1.08926931363542,0.9688666477180279,0.9373113039713239,0.24630190783407158,0.2832565122008054,0.8499137794059852,0.08303667156291306
1165.8876677225712,563.6369464413652,189.16069450857802,1918.6853086725143,0.2523723486134372,6.0,7192.611935482961,26885.65352590259,1.0523331756020078,0.9433562640667575,0.4520267802267621,0.9055818021048897,0.7255310683954473,0.13258047890807484,0.6137802371949127
812.583949286425,605.282982360366,255.80444379582593,1673.6713754426169,0.2237217857051139,6.0,6376.070892595746,26556.37184104366,1.1479596784571655,0.931802520738374,0.9325090833722939,0.1567028907701148,0.961013233323568,0.23297502584563196,0.18403873916015356
983.364355386859,517.8696093306328,226.63518492691904,1727.8691496444108,0.24526208780577438,6.0,6989.96950246457,26761.722522555752,1.0944198106717622,0.9390078078089737,0.8009219104052452,0.07247163092391373,0.8953698360256424,0.08923437089248398,0.07468728452898876
716.0245387463814,707.3591873593081,275.6297771122664,1699.013503217956,0.22222315535381693,7.0,6333.359927583782,26412.038847628774,1.0193727800143444,0.926738205179957,0.9759562487924099,0.18722555355560577,0.9789315138682394,0.3532770072359468,0.6304707195885038
810.0871322716345,576.0995837404636,246.9009705808103,1633.0876865929083,0.22345512475349907,6.0,6368.4710554747235,26544.449862627254,1.1478667313056974,0.9313842057062195,0.9829867027822026,0.17982031089204353,0.9899073263214677,0.05861839298767413,0.04821225625005332
1719.4188929552702,344.77638677679954,116.66720624424714,2180.8624859763167,0.27450487007170987,5.0,7823.388797043731,27359.637281810807,1.1432779624402656,0.9599872730459932,0.9897775144137995,0.37361643103941644,0.46679798173393394,0.051507673645588836,0.15358203858274821
1683.9871401845685,471.92942889142614,177.37685531325644,2333.293424389251,0.2706216084464693,5.0,7712.715840724376,27365.98319214392,1.153509794526684,0.9602099365664534,0.9216565477070114,0.40654424850523885,0.4199318880479025,0.8510355797973315,0.21072785864184235
998.4334338739096,627.2410582472119,283.85794996661565,1909.5324420877373,0.24668799907099903,6.0,7030.6079735234725,26705.092682975064,1.0829553572166677,0.9370207958938619,0.2047066876477971,0.501282689662308,0.981845624826817,0.4840176776925935,0.009595772650522194
1012.1344240223763,510.82100023822545,223.52321605019242,1746.4786403107942,0.24727930461098427,6.0,7047.460181413052,26797.129456164817,1.0876933000640985,0.9402501563566602,0.7880951668927496,0.10276814604091122,0.8736467981894687,0.11315188297226303,0.05161866880852051
737.25203462943,699.5585315995221,247.06754543181924,1683.8781116607715,0.2221081116530824,7.0,6330.081182112848,26413.879649667033,1.0087685334000773,0.926802794725159,0.9881273228679225,0.8560513560296767,0.9930795515499921,0.008428135993776675,0.5205384726396178
767.3138669124363,650.5709081708209,284.0834514931518,1701.968226576409,0.2224660345586428,7.0,6340.28198492132,26528.155302854007,1.0057587586612615,0.9308124667668073,0.9982816920405536,0.05935016925550313,0.9418790198772952,0.5429833824041141,0.12089495594549382
1775.7636122104377,361.4798640149638,127.75501937898052,2264.9984956043822,0.27829896717515823,5.0,7931.520564492009,27402.21260704121,1.1351858308829221,0.961481144106709,0.9820798696077845,0.09160532375549207,0.4534605327461706,0.21027212799888423,0.32333794952117867
890.6555002752334,589.7695717831821,238.08771632260311,1718.5127883810187,0.23584696091514967,6.0,6721.638386081766,26633.75112822622,1.1191189401864536,0.934517583446534,0.7991938996193749,0.23912274057871258,0.9349103197724256,0.10895735844952226,0.35216049588722764
3423.2980977929506,162.24141612972883,37.934303350649365,3623.4738172733287,0.2978413003172953,4.0,8488.477059042916,27803.940842639717,1.027635849633205,0.975576871671569,0.8954022625942131,0.28654623243030003,0.13481901752005454,0.06197487939818086,0.05716260628375247
1528.6768376079567,478.83362522497754,197.96906466759222,2205.4795275005267,0.25758398487163026,5.0,7341.143568841462,27209.33424861592,1.008683867868464,0.9547134824075761,0.5463536956445234,0.3224216012293528,0.5874173366827583,0.5971501040109201,0.16447822904091303
736.4474379732961,667.8924656090203,289.4260717068201,1693.7659752891363,0.2224629931485687,7.0,6340.195304734209,26460.961791391444,1.0139448438897045,0.9284547996979454,0.9603131632398085,0.24799098726795699,0.9889857989831001,0.4748128339678629,0.05191729240800069
759.9267434444228,767.7073092632779,330.8214191284752,1858.455471836176,0.22201447494673235,7.0,6327.412535981872,26460.44525645247,1.002442391934826,0.9284366756649989,0.5918057537044134,0.13560028733094454,0.9986653902611664,0.8941118531581281,0.4577555447973871
836.1040705795326,601.4674611128092,249.33571341162911,1686.907245103971,0.22818492710717092,6.0,6503.270422554371,26552.027922488574,1.135706507715544,0.9316501025434587,0.832600037631681,0.16095761402990583,0.9981530006126929,0.06323913947685311,0.30557221565804926
782.4336945469508,610.7426512428724,251.57099460919034,1644.7473403990136,0.2217613440263492,7.0,6320.198304750952,26510.687180357756,1.1583507742576313,0.9301995501879914,0.9963892352527657,0.23298660678797894,0.9786705731846367,0.13962158199058994,0.20903806682764703
1117.3472521992617,519.8998809439653,177.93259897427606,1815.1797321175031,0.2519403547411674,6.0,7180.30011012327,26943.761950298518,1.0700537463360653,0.9453951561508251,0.9991289985765641,0.34613141986235807,0.6749366025989959,0.14478762776088594,0.5853835177445659
940.6732777919481,637.1123201166198,282.7488984490312,1860.5344963575992,0.2407067414103302,6.0,6860.14213019441,26781.87136358286,1.1138698984017934,0.9397147846871179,0.8175948644785515,0.025244500243936208,0.811039595776331,0.9273796402142775,0.15927348125447294
738.8650912112805,704.9802768917227,268.42375287679783,1712.269120979801,0.2221498339469766,7.0,6331.270267488833,26420.08074086782,1.0085757304163407,0.927020376872555,0.8965011146866351,0.12586821626922745,0.9990589877160498,0.22211961207760755,0.8132577251170766
841.7956059394539,577.1176781042069,234.7116814069086,1653.6249654505696,0.22869125011838112,6.0,6517.700628373862,26584.915413768904,1.1366789651473623,0.9328040496059264,0.959928564894183,0.38651324883359844,0.9539469177449386,0.021296540733809766,0.11289107019319877
3495.2569244984525,140.00272059364661,18.623518213657917,3653.883163305757,0.3054051384976456,4.0,8704.0464471829,27837.81907006902,1.0183308380428493,0.9767655814059306,0.9688889015223875,0.35006764634043563,0.0723433889918218,0.014012276173563154,0.10930218253623614
681.7885455476222,757.802706140159,305.6725648816629,1745.2638165694439,0.22140365754462046,7.0,6310.0042400216835,26375.253741455053,1.034363595113937,0.9254474997001774,0.9444905861906172,0.7239125371210888,0.9739852687308049,0.6895077229722929,0.16592979097381966
2963.423614193563,204.50666374866194,66.2271089453756,3234.1573868876008,0.28400061469771565,5.0,8094.017518884895,27688.20124885002,1.0542156736451231,0.9715158332929831,0.6963311990829958,0.25233712210504083,0.27215470420688437,0.010110888174703847,0.06301860769564438
767.0545334370079,664.9394831876473,268.6837480209419,1700.677764645597,0.2219133389466104,7.0,6324.530159978396,26471.97574025386,1.0002424062531896,0.9288412540439951,0.8969910125686906,0.3028546153343082,0.9987683687980445,0.225690242570181,0.3531698801646299
768.0842066689189,633.5180500335638,266.210507925621,1667.8127646281037,0.2220667440134591,7.0,6328.902204383585,26490.797644044702,1.001643227717603,0.9295016717208667,0.9735778092590864,0.13659383661049934,0.990720434072183,0.2205574223195656,0.2260643806732413
788.2506706676801,624.3470427318099,249.4355533255148,1662.0332667250048,0.2215876987584638,7.0,6315.249414616218,26515.382528182294,1.155807723268463,0.9303642992344664,0.9717874328616292,0.15640515337190408,0.9644492369585763,0.1542069891543405,0.42529369789091553
914.7706886480717,587.7762125705659,229.7196051007761,1732.2665063194138,0.23805634474596496,6.0,6784.605825260001,26726.368062026264,1.1188046971651877,0.9377673004219742,0.956074210326632,0.6145626018351471,0.8092555241602899,0.3525820459635559,0.11298358582928841
829.984126737242,562.5926595762988,241.47536581124942,1634.0521521247904,0.22683458937275353,6.0,6464.785797123475,26568.375389629316,1.1406059085375069,0.9322236978817304,0.9719827326187939,0.16563436249894792,0.9849895801163583,0.012436155878229438,0.0425855499622943
926.7318966523785,529.548843198713,218.81908891815067,1675.0998287692423,0.23967704771544812,6.0,6830.7958598902715,26721.462067612363,1.1129990296580234,0.9375951602671004,0.990792405285828,0.2693265164607778,0.8732368522346308,0.06283384669836911,0.055975019539467485
1116.9196070528687,525.617013677468,245.4882192440597,1888.0248399743966,0.25141081728822356,6.0,7165.208292714372,26812.515383520902,1.057748095010209,0.9407900134568737,0.27563068081564435,0.1002139808491721,0.9482468986022224,0.15427296158598286,0.07096331485159801
2119.3361745548996,294.54721074887556,108.2880952707626,2522.171480574538,0.28803641166881894,5.0,8209.037732561339,27548.08915739879,1.099131751455294,0.9665996195578522,0.9646885637929433,0.18084103354958198,0.37214608771007374,0.2108114913371656,0.03178344466926114
820.2568734623347,580.5136179474636,238.74017251217006,1639.5106639219684,0.22523677499613265,6.0,6419.24808738978,26554.050292436405,1.1438174012020867,0.9317210628925054,0.9825524763420226,0.226750316452823,0.9751285617128232,0.008839382013564712,0.1831960484493993
830.3970021499406,563.5907240100416,239.05661965199934,1633.0443458119817,0.22682269871081032,6.0,6464.446913258094,26573.888571405743,1.1410340774683603,0.9324171428563419,0.9903041265576342,0.2640942672239173,0.9729588414582723,0.018083741379026075,0.0074123568445809696
3205.533701295056,331.31829631031144,127.41637343257557,3664.268371037943,0.2820373545373308,5.0,8038.064604313928,27770.451622626253,1.046086802640142,0.9744018113202194,0.955096318090229,0.18781236900505904,0.15875962390917175,0.9923784854930484,0.018972142910760048
818.4052542406957,572.1068506952797,242.10444890516686,1632.6165538411424,0.22497410221288197,6.0,6411.761913067136,26548.63217985472,1.1441270622408342,0.931530953679113,0.9756286664934796,0.04104521768790731,0.9915359295019309,0.001854449253505086,0.20187677713442764
3507.0213906675294,165.4117314776237,19.988366598019297,3692.421488743172,0.3065420016484512,4.0,8736.447046980858,27842.04284326168,1.0166837539916742,0.976913783974094,0.9872661954340901,0.1947983600563502,0.05178761792172304,0.08399264774228632,0.40555978458723485
800.3606514766444,581.4926373051572,250.89033630364474,1632.7436250854464,0.22160291406523272,6.0,6315.683050859133,26539.077667993537,1.1522390480901064,0.931195707648896,0.9998065584218327,0.07395109361609503,0.9836547368579296,0.11889159027661145,0.0980101603956004
869.2677153523819,573.7151434690333,232.8739193937096,1675.8567782151247,0.23286623727016403,6.0,6636.687762199675,26612.711369770877,1.1266564685396467,0.9337793463077501,0.9011003606518734,0.06538065273452143,0.9470325041280537,0.019650146300158544,0.3853922373495161
783.4219089677769,604.0454408427886,256.0156084467725,1643.482958257338,0.22178140540100108,7.0,6320.770053928531,26517.089344669956,1.1585729930063018,0.9304241875322792,0.9937541020238388,0.25770722990450473,0.9816860656773947,0.18015528329495262,0.06405747696333802
1604.9663370382616,399.8895465237946,192.2821818861086,2197.1380654481645,0.2674997902769962,5.0,7623.7440228943915,27180.081549348582,1.149294712881483,0.9536870719069678,0.09811742691793435,0.006468333068737175,0.7268439883298804,0.19821805207708115,0.07379989300262502
827.1891900788145,567.1499018452394,243.2319759900098,1637.5710679140634,0.2262457974797167,6.0,6448.005228171926,26572.563484346207,1.1424757966742254,0.9323706485735511,0.9836097024894445,0.16105609062719184,0.9725050803929084,0.06492608059169591,0.048763325581766714
759.2358644978517,661.2187432134348,289.85790308853973,1710.3125107998262,0.22252654914074277,7.0,6342.006650511169,26513.833051181744,1.0081548081056055,0.9303099316204121,0.9731278284151021,0.22400750035671047,0.9497515853802149,0.5840807517660912,0.002712210818103522
1048.6812071850693,490.54849835288775,212.77329892494058,1752.0030044628975,0.24931881117049154,6.0,7105.586118359009,26826.10305892105,1.0784908861022704,0.9412667739972298,0.7791767912046089,0.07468036566449143,0.8663517835245634,0.015119822349148548,0.08720379328872574
2677.98877037388,250.543476421031,64.16824723007161,2992.7004940249826,0.28736317541551254,5.0,8189.8504993421075,27653.505435099156,1.0683389491974262,0.9702984363192686,0.9555168272637843,0.24658953040495885,0.2401732296296688,0.07251857909945669,0.35569095490512004
709.695316897038,700.7355532517307,302.12671491100474,1712.5575850597734,0.22231109566975626,7.0,6335.866226588054,26439.52036140523,1.0255848964046632,0.9277024688212361,0.9988024064492589,0.3324915337175578,0.966267559724086,0.6719608612842088,0.02931178704947046
789.7167125269998,593.5768571972742,253.39951834778583,1636.6930880720597,0.22151186406625983,7.0,6313.088125888406,26517.638477336306,1.1553167909377224,0.9304434553451335,0.9832837398231129,0.27063848475820196,0.996710725811562,0.1114983743143686,0.016672877189484958
723.9224190018734,677.0488918495442,282.32338862282523,1683.2946994742429,0.22236136014092633,7.0,6337.2987640164,26436.30158894026,1.0177846541083277,0.9275895294365003,0.9894971470966586,0.43824456139892254,0.991237731161386,0.3924347451053921,0.08303667156291306
1149.5351063621495,521.2697135350896,244.53417106224202,1915.3389909594812,0.25172440767643517,6.0,7174.145618778402,26802.92738899718,1.0488213613933466,0.9404535925963923,0.156685070614082,0.1862116906653692,0.9926032886980486,0.02556249857834031,0.045944363993978166
3487.5469864022607,158.20854873697672,30.419967060801024,3676.1755022000384,0.30395861672514735,4.0,8662.8205766667,27831.853456789133,1.0202016922954895,0.9765562616417239,0.976486047904483,0.16079452659118382,0.10290899701169731,0.06357564197770749,0.2025662028991594
858.7136879816094,580.2309191692917,251.46368736890483,1690.4082945198058,0.2316095418291024,6.0,6600.871942129418,26583.93943928052,1.1283937640147876,0.9327698048870358,0.8009219104052452,0.1758444612743002,0.9999864413394124,0.08160651018675624,0.10129130893576777
2254.4195955364867,445.48853896614133,131.18006743661797,2831.088201939246,0.28899107314481526,5.0,8236.245584627235,27592.51729224844,1.0912131574909496,0.9681585014824015,0.8657156584351113,0.3317962691962229,0.17710189602354365,0.985284582121861,0.8443650029928225
810.2938603732252,564.8586977779902,249.28525512143,1624.4378132726456,0.22347918957473117,6.0,6369.1569028798385,26545.387852444215,1.1478691594383452,0.9314171176296215,0.9857378556659411,0.003019487180341507,0.999678984274827,0.05861839298767413,0.04821225625005332
818.8475304511298,578.4062267211104,239.53815068968746,1636.7919078619277,0.22500121221919037,6.0,6412.534548246926,26552.33252706641,1.1443304154352154,0.9316607904233828,0.9847434145473443,0.22430129341259364,0.9787662382314279,0.007859984275617904,0.15358203858274821
1544.8966707858212,391.55087392667315,148.15389022601045,2084.601434938505,0.2586946736366555,5.0,7372.798198644682,27234.672223451344,1.008032006195618,0.9556025341561875,0.9388996739226694,0.13400453126846562,0.5794939123063052,0.07385109970789072,0.21072785864184235
2828.828671090518,218.0824294610665,78.37800857201681,3125.2891091236015,0.28580950182806364,5.0,8145.5708020998145,27673.644634231907,1.0611200704725205,0.97100507488533,0.8037972330675696,0.1327453957212893,0.30154339296228017,0.06675104734521742,0.009595772650522194
973.8413373633919,553.3500382785921,243.1126697239765,1770.3040453659605,0.2446437681383571,6.0,6972.347391943177,26729.771687704477,1.0946113701092641,0.9378867258843676,0.6403873792637772,0.29611736126637506,0.9227035996514026,0.19642613561786082,0.007920738849798548
670.281421138563,754.6517121612834,301.5033459584614,1726.4364792583078,0.2208761847277432,7.0,6294.971264740681,26348.805905377223,1.0383155906999637,0.9245195054518324,0.9705675998149331,0.8560513560296767,0.9940716164891215,0.5911138179479495,0.09562139471834497
831.9647135090901,570.3049404732735,241.17267712630297,1643.4423311086666,0.22700306254867336,6.0,6469.587282637191,26578.974365558686,1.1408342718815205,0.932595591773989,0.9813847764048721,0.03758322820169141,0.963193150131996,0.0672518961103381,0.20210040556980013
3459.698895410413,134.0536100580614,51.56586851414848,3645.318373982623,0.3124283873653134,4.0,8904.209039911433,27837.042193951293,1.0066125125117145,0.9767383225947822,0.06475175070008776,0.004265320801736028,0.19799379879587375,0.04497063114598637,0.22210740929669104
782.5422225400031,609.2794592851801,248.0700725935042,1639.8917544186872,0.22164250686965617,7.0,6316.811445785201,26501.290142508224,1.157212560069677,0.9298698295616921,0.9912031087976056,0.39804012194528426,0.9928160281515342,0.06363892595114579,0.13323978117642776
769.1182044447949,623.9111663666325,260.6146650562596,1653.6440358676869,0.22201343227777356,7.0,6327.382819916546,26489.539355202836,1.001038667864238,0.9294575212351872,0.9965429406033471,0.2635622558877102,0.9966666934614395,0.14453037718088801,0.13213616241249015
2756.209260642357,261.280846456787,72.05975241442482,3089.549859513569,0.2869248660278326,5.0,8177.358681793229,27672.412003457102,1.0652540267909516,0.9709618246827053,0.9760662280214136,0.17863201475081664,0.2297007867526646,0.18812848437539242,0.3543373884923253
991.8650357935054,699.1176094223309,283.6981496587641,1974.6807948746005,0.24640312787598928,6.0,7022.489144465694,26650.79266865614,1.0796440397853635,0.9351155322335488,0.024180629557684408,0.19901358231118543,0.9889857989831001,0.46323076182390965,0.9183323681992661
872.4847342762579,579.7827984837487,256.21451326755937,1708.482046027566,0.233562222746323,6.0,6656.523348270205,26602.8407507371,1.1240284163679903,0.933433008797793,0.7527238376707559,0.21358262022282626,0.9953519158745037,0.1458868392806612,0.015531213937091837
763.4295341668856,632.1684002653607,267.9550528987525,1663.5529873309988,0.22221924667220236,7.0,6333.248530157767,26492.31901869686,1.0039895518613753,0.9295550532876091,0.9967826406018303,0.16095761402990583,0.9842990322543811,0.25643970859855936,0.1571670374658139
3061.4233894289573,215.75259785423293,65.14649762431715,3342.3224849075077,0.28326293530489705,5.0,8072.9936561895665,27720.714773183907,1.050910827205628,0.9726566587082073,0.8694535504163362,0.28714059963001615,0.21531362585140323,0.14968030466644855,0.06208113011597516
2323.6055977477713,266.19601815861586,90.30366105622734,2680.1052769626144,0.288778023657645,5.0,8230.173674242882,27595.582643783724,1.086321854674579,0.9682660576766219,0.9949753778504971,0.20456056197028982,0.3287999837558213,0.12657405505366925,0.06233102331504359
811.3210170363619,630.2716014127952,242.50641231608674,1684.099030765244,0.22402967932424783,6.0,6384.845860741063,26521.80421414633,1.144623079702919,0.930589621548994,0.8898821283180962,0.2888097250101299,0.9763052290475115,0.04686269320758407,0.5290973533999254
756.3983705528766,633.2922541780375,268.22260565798706,1657.9132303889012,0.2222512077531597,7.0,6334.159420965052,26476.873500183483,1.005790990408726,0.9290131052695959,0.9967305833529433,0.2774432810242804,0.9984827359763998,0.22149341006279488,0.07457678676550616
882.3535081092109,559.1132140201839,237.36441894799978,1678.8311410773947,0.23421977226793503,6.0,6675.263509636148,26663.065026166452,1.1262884852733257,0.9355461412689984,0.959928564894183,0.10664313651584634,0.9075322549713224,0.1740606419125369,0.13172857929868242
814.3621737696108,580.6208316767718,244.35020956975902,1639.3332150161416,0.22416973963743234,6.0,6388.8375796668215,26550.34153851864,1.146365899072168,0.9315909311760927,0.9811728412565289,0.10883175864639205,0.9789312317665578,0.060010808947747574,0.18123576479066084
2611.8382293782015,231.2166537177267,74.56170040550492,2917.616583501433,0.2877745652756165,5.0,8201.57511035507,27645.61633280763,1.0716411666467704,0.9700216257125484,0.9583449044906837,0.26834573061890876,0.29003369448849536,0.055040152536289244,0.003678690679783825
795.8607008412552,587.7519518092963,244.73836151598803,1628.3510141665395,0.22123857940325709,7.0,6305.299512992827,26518.59522366596,1.1522165604107644,0.9304770253917881,0.9969591400147005,0.3253819792082497,0.9992344887213224,0.010110888174703847,0.06301860769564438
777.5944183843312,624.6918537909343,247.5960752483295,1649.8823474235949,0.2217394338109249,7.0,6319.573863611359,26490.512618848148,1.1585917751449568,0.9294916708367771,0.9805472847266942,0.27450150617078833,0.9874202327037432,0.07284741495755392,0.36532320583048983
681.4403882598235,732.2535370143911,311.5426735463134,1725.236598820528,0.22139723922217608,7.0,6309.821317832018,26377.12420113063,1.0347634761364133,0.9255131298642327,0.9584334378516007,0.34422942238635723,0.9999839830764385,0.6832972660575979,0.14299984268575694
716.7944860490247,690.9141471628062,276.77807313399484,1684.486706345826,0.22222279342722823,7.0,6333.349612676005,26412.583699156654,1.0190328135519566,0.9267573227774265,0.9850079531105905,0.15640515337190408,0.9958350957588302,0.3205480579118809,0.4979179720836523
1316.6122632923018,485.99438192204576,224.13714900655398,2026.7437942209015,0.25096312400074133,6.0,7152.449034021129,26917.372556500275,1.02342192847117,0.9444692125087816,0.02695951437810129,0.38392244871328685,0.916648179134668,0.0051911835813659435,0.007759421923015097
2893.1197192534264,246.60492733811563,34.483404567627446,3174.2080511591694,0.28544443713884393,5.0,8135.166458457052,27684.144750730764,1.0582337226926393,0.9713735000256408,0.9719827326187939,0.32871480543022047,0.1390908882404116,0.01223990433254063,0.7477901813084435
1651.1426432286996,361.3102648990613,135.29144102254622,2147.7443491503072,0.2686017129312913,5.0,7655.148818541803,27316.5540340491,1.1551789030806752,0.9584755801420737,0.990792405285828,0.2106042739542896,0.5218220315840087,0.11171281602649041,0.10271211567444216
2922.0399699826985,213.7138777457074,66.87195325415274,3202.6258009825588,0.28525857525565274,5.0,8129.869394786103,27701.156033951793,1.0578704347435115,0.9719703871562032,0.9955115413773291,0.18151762815426353,0.249705473228636,0.07714044088089,0.032522435173987285
871.926179069676,576.215493904668,253.26620726959342,1701.4078802439376,0.23338594182376743,6.0,6651.499341977372,26608.678230016383,1.1249505585847916,0.9336378326321538,0.7855509572861232,0.14986956470805424,0.9832289801638083,0.14599274436747783,0.06599512951016961
917.7630207480466,573.0128932818601,242.7887135394909,1733.5646275693975,0.23949917850967709,6.0,6825.726587525797,26634.60132467737,1.1071532090198823,0.9345474149009603,0.6683949116493773,0.19488656206034793,0.9921140387279669,0.007791126665213088,0.23632177183397007
770.1902044681867,666.9565739270296,231.93278585909715,1669.0795642543133,0.22185577188722247,7.0,6322.88949878584,26471.349183245668,1.160329483290426,0.9288192695875673,0.9937263489213287,0.24003104835490968,0.9437628013234273,0.018083741379026075,0.9877938852472142
1068.298549526678,520.0606842330931,243.95113957007985,1832.310373329851,0.2500731588888644,6.0,7127.085028332635,26759.545230659864,1.0660351063891904,0.9389314116021005,0.3500965669528522,0.11803567437178958,0.9982257406886579,0.0041973643939600125,1.844511303905616e-05
1491.6004154981981,537.4491824831323,190.10365394013704,2219.1532519214675,0.2531240983483516,5.0,7214.03680292802,27201.98065611431,1.0154034673367944,0.954455461618046,0.6745945887788571,0.299611313137201,0.509588786042361,0.7187321327409941,0.7268620453712626
768.5924630169064,629.0389403776942,264.2872782597043,1661.9186816543047,0.22201618307442575,7.0,6327.461217621134,26488.482620230654,1.0011804958543367,0.9294204428151107,0.9770980532059653,0.29890656292049084,0.9983942783783802,0.17941394862221482,0.09746769522508225
658.1556383848811,759.177778416521,334.1886252476314,1751.5220420490336,0.22025369333224512,7.0,6277.230259968986,26362.32608038326,1.0471803928524304,0.9249938975573073,0.9977733824651921,0.21139807568395164,0.9836547368579296,0.9703467796437081,0.07482707395007121
862.9023376302436,590.8221583589926,258.3523395467625,1712.0768355359987,0.23223055453700553,6.0,6618.570804304658,26588.706975160967,1.126941528604431,0.9329370868477532,0.7490181184202553,0.20773359928989138,0.9984096303681537,0.16109715559489596,0.07721106317054899
1021.2157081540712,509.08447943344265,209.24939256991237,1739.5495801574261,0.2476835022803727,6.0,7058.979814990622,26851.644727478964,1.0902831618995497,0.9421629728939988,0.9876097812211755,0.24619109780982384,0.7900212465099353,0.18015528329495262,0.06405747696333802
3555.4958697287693,205.48439152553755,62.063138918611244,3823.043400172918,0.3121964932780367,4.0,8897.600058424046,27884.401604189985,1.0092780570162003,0.9784000562873679,0.9960290000769761,0.22665288633451008,0.03729047632872784,0.590149162219073,0.009980115946588208
2422.4026530952183,253.28416160239865,74.70703868528648,2750.3938533829037,0.28858682542632313,5.0,8224.72452465021,27609.16289861953,1.0806134242373635,0.9687425578462993,0.9942555396299146,0.20029787130138044,0.3036540380291989,0.02033410620309717,0.21823286197422143
811.8617059205424,667.4952324531567,302.3361167752511,1781.6930551489502,0.22358920854234932,6.0,6372.292443456956,26558.105321336134,1.1485273085002055,0.9318633446082853,0.7082992988942843,0.21077433825458658,0.9679550332997405,0.7230064333345837,0.002712210818103522
766.7501937105257,643.7622450644768,253.32140851663334,1663.8338472916357,0.22192319063656157,7.0,6324.810933142005,26473.67504069858,1.0005690751982754,0.9289008786210029,0.9837553398686932,0.7022938343177328,0.9965869643757581,0.06632087474672427,0.08720379328872574
799.8106348185576,665.3660808458145,231.02926418274282,1696.2059798471148,0.2219010061263154,6.0,6324.178674599989,26513.405913089056,1.149553573968138,0.9302949443189142,0.9195718839931349,0.9504379933815833,0.9181967935255375,0.07638520833346085,0.4938409111666614
842.23374150342,575.2540739973679,238.18644388005373,1655.6742593808415,0.22887598426262204,6.0,6522.965551484728,26578.101929810986,1.13568491979752,0.932564979993368,0.9319157396192401,0.27979322049286437,0.9722857454883979,0.010368546239176601,0.13469874135565296
1116.4725978178858,549.9986875650281,191.7579321122235,1858.2292174951374,0.25172387195744517,6.0,7174.130350787187,26883.16520559989,1.0644161707491608,0.9432689545824523,0.7049274282288523,0.07100083461864304,0.7462664538803488,0.1056712280373594,0.958898965991929
784.3299187347687,607.7580394141235,251.03457819312123,1643.1225363420133,0.2217062945568822,7.0,6318.629394871143,26512.81428604389,1.157591575928209,0.9302741854752242,0.9964212872376019,0.23142403875925444,0.9800907426064691,0.12997198903981172,0.1945236472124215
2307.578724854701,274.1538996032473,85.87774647380223,2667.6103709317504,0.28874178449823706,5.0,8229.140858199757,27589.05360889247,1.086966021547734,0.9680369687330691,0.9765885722976547,0.25163992591408385,0.3134704037866768,0.11827610627777563,0.17629582487929962
788.1694704604162,675.5639603395954,305.29870427691264,1769.032135076924,0.22162142280949582,7.0,6316.210550070631,26521.54478070913,1.1565719023602956,0.9305805186213729,0.7275865639626088,0.10992235687701629,0.9866031772430451,0.705656054968411,0.08627766991642755
953.5222876863668,568.2147326598297,263.836502937511,1785.5735232837073,0.24312005893438274,6.0,6928.921679629908,26676.25196373203,1.0968145983866053,0.9360088408327027,0.4997181691907383,0.10966525684047324,0.9999864413394124,0.2168285382589551,0.0002012087153219766
1747.9855624152915,481.7313543152367,166.85587254783215,2396.5727892783602,0.2760301908154738,5.0,7866.860438241004,27395.743200314668,1.1413556511061005,0.961254147379462,0.8657156584351113,0.10242486701336362,0.3906869289010715,0.8121223290174998,0.7238202640188586
1035.3822532781098,518.3121675779964,240.73645853836723,1794.4308793944735,0.24872800408967738,6.0,7088.748116555806,26758.99857336269,1.0759878405071952,0.9389122306443048,0.49248392101280924,0.003019487180341507,0.9646429327048978,0.05861839298767413,0.05345449379081513
3187.0876819906803,185.3451278890547,56.71780152461318,3429.150611404348,0.2818471794525948,4.0,8032.6446143989515,27745.37816989444,1.0446174520440816,0.9735220410489277,0.9847434145473443,0.029973078242097606,0.2333766789158649,0.007859984275617904,0.08439452437665751
808.141048774348,599.9633386972473,237.65783127669914,1645.7622187482943,0.22320280090778397,6.0,6361.279825871843,26534.210174433625,1.1476692444854817,0.9310249184011798,0.9856386693504253,0.14198748464147481,0.9699997103473085,0.010687453026840377,0.42239231531785304
959.0207542411614,527.8680086714957,230.66023558294597,1717.548998495603,0.24323260725911855,6.0,6932.129306884879,26730.6360269818,1.1005307782380946,0.9379170535783088,0.8037972330675696,0.09680606595906266,0.9123447186749286,0.08795764181708643,0.07096845289530951
1080.822853591224,480.093054230105,214.0229185660678,1774.9388263873968,0.2506252745436306,6.0,7142.820324493471,26845.80026851548,1.0707339925710166,0.9419579041584378,0.7081107361279034,0.02792332895658789,0.8736467981894687,0.009323495167622264,0.05161866880852051
653.9386290331051,769.0287770136623,333.0318756403257,1755.9992816870931,0.21997395895220673,7.0,6269.257830137892,26341.55688164548,1.0475711121481237,0.9242651537419466,0.9613483782768324,0.36111195500893434,0.9991102376077817,0.916693943156945,0.07885495535497
773.6403103513373,605.7054161416582,257.4630894512589,1636.8088159442545,0.2219571149831258,7.0,6325.777777019085,26499.54394644826,1.1617763128549272,0.9298085595245003,0.9982816920405536,0.2963701491314675,0.9957874904742586,0.15837094836655474,0.022673650648667665
1391.65721413633,413.6222254549235,165.1780131968323,1970.4574527880857,0.25219914064338017,6.0,7187.675508336335,27136.511925837876,1.028361102305105,0.9521583131872939,0.9595056612050309,0.004265320801736028,0.65338427338532,0.06286612558266891,0.19955800716715755
784.7882437701859,622.9123243731141,243.09195360514406,1650.792521748444,0.22157102485258995,7.0,6314.774208298813,26501.834733831594,1.156076117461674,0.9298889380291787,0.9866330661371735,0.39804012194528426,0.9760481255920074,0.05394766077261459,0.328878106315287
2223.8670119042317,263.01043468064813,84.55282624399455,2571.4302728288744,0.2885678226118665,5.0,8224.182944438195,27570.270269778535,1.0918713938362468,0.9673779042027556,0.9963775999624038,0.3383582946445922,0.33270507415575634,0.05226231607347798,0.030582330640846256
894.4322580163034,555.8655884134478,224.2411579230273,1674.5390043527784,0.23589103458196314,6.0,6722.89448558595,26672.277761356945,1.1217808834081358,0.9358693951353314,0.9760662280214136,0.205963393912463,0.892707698237901,0.0701691754423982,0.23768509930407056
2218.0586480785214,277.77185740281533,95.08894265295454,2590.9194481342915,0.2884443286779178,5.0,8220.663367320658,27560.590267279655,1.091564552244275,0.9670382549922686,0.884408527460753,0.1903170435638315,0.3591490955618347,0.09881288575682468,0.14500772107096843
998.3117205895721,592.6028052219848,243.02201739923768,1833.9365432107945,0.2467471313112801,6.0,7032.293242371483,26680.580825279343,1.080452208695515,0.9361607307115559,0.38211298210488065,0.25912677858900757,0.9953519158745037,0.001706556566762718,0.48803096946079916
3293.7103858073906,249.65645966782398,50.24413194244775,3593.6109774176625,0.2891186919805064,4.0,8239.882721444432,27752.379432825346,1.036339032164271,0.9737676993973806,0.6336684828889019,0.16095761402990583,0.11318565903573918,0.25643970859855936,0.80551584622419
1782.8308287850184,356.65032031808386,129.31797005661332,2268.7991191597157,0.27938635656402383,5.0,7962.511162074679,27374.224068684056,1.129686904840455,0.9604990901292652,0.6825940570038874,0.22979252218590196,0.4864667819894176,0.13962158199058994,0.30314508156577336
818.7991825502751,575.8913589973979,239.20156030735924,1633.8921018550323,0.22495096339729848,6.0,6411.102456823007,26555.592901471307,1.1447331907958942,0.931775189525309,0.9942567215571908,0.35716952296549326,0.9755525277577136,0.012751295458766354,0.034078418166788194
688.3787284380668,760.6680379533285,276.0965074499223,1725.1432738413175,0.22153667786340053,7.0,6313.7953191069155,26351.617672801014,1.028095089131668,0.9246181639579303,0.948652025467042,0.31772188453748684,0.9813300830754766,0.35189942846456035,0.9686327597785561
947.5168060437429,569.9332291386901,255.13207889041644,1772.5821140728494,0.24259521327411435,6.0,6913.9635783122585,26665.42951271354,1.0980608448488303,0.9356291057092471,0.5413743599304988,0.2188486652744167,0.9987696770578963,0.12494292555507913,0.054267069913833565
820.5067663058462,572.5776680081419,248.31361617114223,1641.3980504851304,0.2252188186060445,6.0,6418.736330272269,26558.865181970075,1.144247373479715,0.9318900063849149,0.959928564894183,0.1024830967317224,0.9863915394674083,0.08343257421961325,0.065717949642292
1525.9944707904717,437.4423472405669,132.11849651169396,2095.5553145427325,0.2572735626329913,5.0,7332.296535040251,27199.02282940237,1.0083424308121332,0.9543516782246445,0.8535161719827499,0.10883175864639205,0.5376623238963685,0.010151797606339386,0.9113341131974293
1732.5212976857479,333.41103146466514,123.89253083021197,2189.8248599806248,0.2754374799019106,5.0,7849.968177204452,27372.301419147643,1.1416065490058358,0.9604316287420226,0.9994164201672484,0.2709668090480724,0.4878628878866713,0.07561597486012062,0.010616431498998213
809.1160662188236,581.7699821025352,241.0424465861851,1631.928494907544,0.22333245978927077,6.0,6364.975103994217,26540.37361764447,1.1478936649892588,0.9312411795664726,0.9969591400147005,0.3407902868896131,0.9834621551645633,0.011777931432039979,0.06301860769564438
823.4801886065453,683.7979728176505,256.9328402268318,1764.2110016510276,0.22558198965587054,6.0,6429.086705192311,26566.024533316853,1.1435535110100803,0.9321412116953282,0.8110162379389346,0.3341696628685382,0.8896396563690154,0.43563676582286326,0.7367522762068904
818.2192150221977,577.6963876399091,239.84820959760344,1635.7638122597102,0.22489614873403543,6.0,6409.54023892001,26551.530182222614,1.1445552746097205,0.9316326379727233,0.9855947159066959,0.22334971173942436,0.9801796778974339,0.007479433777372535,0.14296878811669145
837.5159647403758,676.8489939482076,228.95723060076514,1743.3221892893487,0.2282224725871199,6.0,6504.340468732917,26560.430638730617,1.1359512323876566,0.9319449346923023,0.8294153007705788,0.5306354196741428,0.880521684807963,0.1542069891543405,0.9818611352417055
1019.9003043467401,638.5853224923823,288.24174045038507,1946.7273672895074,0.24797319433768542,6.0,7067.236038624034,26717.27396260636,1.0768510573219776,0.9374482092142582,0.10736917077763208,0.45248533298831045,0.9785697343780232,0.5406636640671847,0.11598290332578859
2185.9303913891767,334.8778535473873,106.86602864116837,2627.674273577732,0.28751600621419576,5.0,8194.20617710458,27481.20504038832,1.087928954978823,0.9642528084346779,0.1917426735582708,0.16563436249894792,0.4008205033177461,0.11854564272121448,0.7894511935554088
765.3621894099435,634.2628588263595,255.49050808602178,1655.1155563223247,0.22201390501518048,7.0,6327.3962929326435,26476.17246331989,1.0014558702207745,0.9289885074849085,0.9987310966692384,0.19304715284555818,0.9965294877474171,0.08979779703937973,0.3500574955337609
823.0306179301294,659.0758207799454,304.89938934492454,1787.0058280549993,0.2257859680495375,6.0,6434.900089411818,26555.109916452744,1.1425467095909194,0.9317582426825525,0.6307954899146341,0.09604727639978022,0.9984453857555606,0.6697127346510137,0.016476978809210507
3397.4778414197394,166.89453921800913,41.7376744296702,3606.1100550674187,0.2952995071895959,4.0,8416.035954903484,27796.01728787358,1.0305888202903108,0.9752988522060905,0.9613483782768324,0.18084103354958198,0.15668416892865222,0.04592748763104071,0.07885495535497
838.6918448798239,561.204240769902,247.89833141674745,1647.7944170664732,0.228274723088491,6.0,6505.829608021993,26577.02568339562,1.1372973163076736,0.9325272169612497,0.9215960230170906,0.026371115808825896,0.9921140387279669,0.0636339449958856,0.05555133963817199
1443.5705993726915,423.6285463972956,196.119025924594,2063.318171694581,0.25116076620813726,5.0,7158.081836931911,27064.392387359974,1.0117110651523118,0.9496278030652623,0.2692859065282436,0.15365843404203144,0.7879436691548568,0.042194214762939275,0.0074123568445809696
797.933230787179,594.0909307140737,255.27722085440868,1647.3013823556614,0.22139887021354232,7.0,6309.867801085956,26539.26545848232,1.1535175032137046,0.9312022967888534,0.9826206593268794,0.1218293871719669,0.9751779572117774,0.18944042945065565,0.1020429496728007
823.097889153305,651.8999838682266,275.10732869194516,1750.1052017134768,0.22602654089506624,6.0,6441.756415509388,26539.23294858283,1.1406915909474016,0.9312011560906256,0.7096838043210827,0.3068072447120721,0.9915359295019309,0.3625416600379673,0.2485389469638981
1074.7290857790488,502.169825450529,189.38688841795638,1766.2857996475343,0.25045923155259475,6.0,7138.088099248951,26897.732897218844,1.077677804495374,0.9437801016568016,0.9872661954340901,0.28675160770405395,0.744678529301382,0.08399264774228632,0.30274621793619494
824.5608867605753,557.4538917320403,242.0581532902933,1624.072931782909,0.22584748325754364,6.0,6436.653272839993,26567.207373572095,1.1431749607339172,0.9321827148621787,0.9998065584218327,0.11605713964599451,0.9836547368579296,0.02236499996675928,0.014181613197651377
860.8524297290512,603.6091315602048,223.72863615083665,1688.1901974400926,0.23119700837819057,6.0,6589.114738778431,26629.283206393746,1.132552234600626,0.9343608142594296,0.9971807948973275,0.06538065273452143,0.8719125938796853,0.12002145622069321,0.7323073856113583
658.2618061218803,760.579535479837,332.61029735800935,1751.4516389597268,0.22025930468625415,7.0,6277.390183558244,26361.91938753577,1.0470718661813962,0.924979627632834,0.9976608123660001,0.3380803878629378,0.9816860656773947,0.9586253018281231,0.016633018757040985
1752.1674026093297,356.4796080205935,141.97162428113504,2250.618634911058,0.27843264461669265,5.0,7935.330371575741,27308.661159826763,1.1282131991202637,0.9581986371869039,0.30406657385538927,0.37229114910344147,0.5711838994528508,0.054305426805009493,0.17321801339741938
859.4336492225045,630.2018124078286,251.61484968278018,1741.2503113131133,0.23201589879628778,6.0,6612.453115694202,26561.774043777357,1.1255298716559539,0.9319920717114862,0.6968502884239247,0.3495453284165718,0.9964878760423688,0.0925880647917181,0.4301708844122334
655.5407671633753,750.1026333000018,325.2744610694377,1730.9178615328146,0.22007996695866716,7.0,6272.279058322014,26345.961942685983,1.047036739697732,0.9244197172872275,0.9998236143256066,0.17207500480535826,0.9988586123488611,0.8339518839453779,0.1738844485971009
801.4121878666983,586.3063241544414,247.90668180613847,1635.6251938272783,0.22195826935316207,6.0,6325.810676565119,26531.463585987367,1.150821751074663,0.9309285468767498,0.9837553398686932,0.2658617766246136,0.9911406629787427,0.06632087474672427,0.0504715758116559
2328.6766976043587,285.17902641761196,92.13504507468492,2705.9907690966556,0.2888177349665682,5.0,8231.305446547194,27598.359809300877,1.086170273512642,0.9683635020807325,0.9750632487815732,0.28519236569971074,0.30024734533505737,0.22306313549190182,0.13948190356978118
840.7371242635468,552.3025660225201,237.31782406894214,1630.357514355009,0.228463925108544,6.0,6511.221865593504,26587.88846207768,1.1375401817798056,0.9329083670904449,0.9900432051127481,0.14970758855434652,0.9722857454883979,0.000875433549432536,0.02931178704947046
887.2788941491693,579.9824492925329,252.21139166049727,1719.4727351021993,0.23567394455518215,6.0,6716.707419822691,26612.02012729531,1.118216304034734,0.9337550921858003,0.7165133649548961,0.3258826195865852,0.996710725811562,0.09851338319646052,0.016672877189484958
737.9356475620266,662.6064556934001,283.20126730928115,1683.743370564708,0.22249443371143088,7.0,6341.09136077578,26467.005493940567,1.0138166519330685,0.9286668594365112,0.9932346317249878,0.3316537565616958,0.9781602108302728,0.43674768842337075,0.03048043990041016
1511.5278546526902,399.58555551225487,141.64661974293182,2052.7600299078767,0.25519173673562257,5.0,7272.964496965243,27217.331397705548,1.0129778363864874,0.9549940841300192,0.9869789509201936,0.3237985635360153,0.5603023355897843,0.05391092742103215,0.21687730702224595
3053.314895395185,227.57303761198006,96.38992768936684,3377.2778606965317,0.28202297147071276,5.0,8037.6546869153135,27690.797770086185,1.0485005063054784,0.9716069393012696,0.28936998328589325,0.16079452659118382,0.31425906401358317,0.23297502584563196,0.024662298690718787
1436.1255627659768,436.8180496466389,188.22841008257095,2061.172022495187,0.2500291231040792,6.0,7125.830008466258,27105.240553250285,1.0169413689844153,0.9510610720438697,0.4894619292397977,0.19832253669623656,0.708979622931023,0.1665287659825283,0.10129130893576777
650.422200122978,766.2440872761523,336.19759508874347,1752.863882487874,0.21973883974511813,7.0,6262.556932735866,26346.18271780457,1.050314235773985,0.9244274637826165,0.9982279907817078,0.12241682057246112,0.9889647092699829,0.9777886794600827,0.16591933352387622
797.3379470570403,593.0475188065716,248.50947566212713,1638.8949415257391,0.2212760515229577,7.0,6306.367468404294,26526.974897377648,1.1524096096703296,0.9307710490307947,0.9857378556659411,0.22406847624105863,0.9867759843218302,0.08454792882623541,0.1261991205790008
843.3666317034287,564.4690733043843,239.53815068968746,1647.3738556975004,0.2290242411243131,6.0,6527.190872042924,26581.84933247509,1.1355624212082804,0.9326964678061435,0.9404580330854464,0.2227047574697435,0.9787662382314279,0.007859984275617904,0.06268316883865277
2220.323739030202,262.8619143818604,85.96600892311685,2569.1516623351795,0.28851758747082,5.0,8222.75124291837,27565.440005779277,1.0917670720479873,0.9672084212554133,0.9856386693504253,0.18177271638668258,0.35418390896125507,0.010687453026840377,0.12860026583166484
3459.13526552243,191.72563427959506,33.91776547147825,3684.778665273503,0.3066766587387034,4.0,8740.284774053047,27814.206464936324,1.0153185645726417,0.9759370689451342,0.35814290796697756,0.18540143708247114,0.08307299899540077,0.155336063473134,0.7142949960099793
761.0485687414183,648.0326521891786,265.500928485824,1674.5821494164209,0.22220265419235147,7.0,6332.775644482017,26483.54875787609,1.0042367223797504,0.9292473248377576,0.9824698285124264,0.3317493124592229,0.9789522072465555,0.2443094740718087,0.20374983702461807
2660.2575829804027,282.8542948028864,60.68606644764835,3003.7979442309374,0.2876559244398205,5.0,8198.193846534885,27653.791692257862,1.0693880757965994,0.9703084804301004,0.9971859521281824,0.26607336493526945,0.1860443629605939,0.17817132596784235,0.6475366827977042
799.189220952222,593.5639610693152,244.09147217068238,1636.8446541922197,0.2216954900538666,6.0,6318.321466535198,26518.814605593157,1.1505029775702933,0.9304847230032687,0.9781269130199544,0.03388219100931755,0.9950135283165434,0.014296953677003232,0.3493037258719712
1035.024578778411,642.1724192640409,293.01744779559016,1970.2144458380421,0.24871865891184178,6.0,7088.4817789874905,26749.62575444582,1.07516694851741,0.9385833598051165,0.10144412392664826,0.4211648778022077,0.9418561665228398,0.6907600345794234,0.09354791634781079
910.3683237434979,651.0266900542432,276.2577632198124,1837.6527770175535,0.23878685209743333,6.0,6805.42528477685,26613.109325878886,1.1079812294107305,0.9337933096799609,0.4216562280151427,0.19832253669623656,0.9928160281515342,0.3717011185883937,0.44789853768843546
679.2710770183545,718.4169939602388,317.77773779872007,1715.4658087773132,0.22134846941973535,7.0,6308.431378462457,26387.973718150617,1.0371791934562593,0.9258938146719514,0.9950330785287965,0.18961175098519245,0.9966666934614395,0.7591870733363765,0.028512698809599946
1872.600450605988,321.04292990573066,95.79638696741368,2289.439767479132,0.2832187966672469,5.0,8071.7357050165365,27447.071585890204,1.1207321650672586,0.9630551433645685,0.9956039380928311,0.3021492562917152,0.394226453698334,0.01313375644237258,0.3543373884923253
1884.3164595106775,334.36738018947824,128.91390375773042,2347.5977434578863,0.28355277848383764,5.0,8081.254186789373,27469.43157547483,1.1211723989975786,0.9638397044026257,0.9827719575446375,0.1903170435638315,0.42561766524371736,0.29739626776931394,0.003706010838285867
719.5858533708046,712.1443951474394,258.00856869474853,1689.7388172129927,0.22210286890974718,7.0,6329.931763927794,26390.78539558975,1.0153412963061474,0.9259924700206931,0.9756563621754976,0.2419718862713306,0.9953519158745037,0.12001390922442651,0.912364337740546
726.8424445539281,692.9901064263796,266.07898597906603,1685.9115369593737,0.2223042297425343,7.0,6335.670547662227,26425.766798496097,1.0151924607147018,0.9272198876665297,0.9949693712697179,0.3012390517914653,0.9767342462879034,0.25643970859855936,0.573619368007409
776.8002567509866,610.2938524850622,253.49346305886584,1640.5875722949147,0.22188463023410304,7.0,6323.7119616719365,26502.04180517613,1.1603571441142952,0.9298962036903905,0.9997155078582318,0.18384301896180721,0.9865495422406839,0.13962158199058994,0.20903806682764703
1820.7047212451548,402.070008346138,115.10497964391385,2337.8797092352065,0.2806980748567439,5.0,7999.895133417202,27436.0247198465,1.1296756770604073,0.9626675340297017,0.9994057389388628,0.42379193650012975,0.3274708004692959,0.4056887503475871,0.6146202536413908
1142.1955210472192,502.34076748388117,214.08602849181005,1858.6223170229105,0.2519821965345258,6.0,7181.492601233985,26857.452201004675,1.055505826094461,0.9423667438949008,0.472633231443515,0.2649773142712851,0.8750542623198713,0.006259983450945084,0.17289064857691855
787.9553481884312,601.5144215894896,258.58130377408156,1648.0510735520024,0.22156766966854421,7.0,6314.67858555351,26515.812130738388,1.1560316108345072,0.9303793730083645,0.9591056325191628,0.25968108479920216,0.9969207289892846,0.1675699005540554,0.017094681955170055
805.5808231872724,592.9989684653715,248.9390065278134,1647.5187981804575,0.22271399026438443,6.0,6347.348722534956,26535.10319162415,1.1490907535600752,0.9310562523376895,0.959928564894183,0.17070773294395258,0.9863915394674083,0.09026744150563726,0.17168488021989914
731.7147533426687,733.6872461585916,294.6182215737833,1760.0202210750438,0.22230310612497817,7.0,6335.638524561878,26429.945712198514,1.0131413766538644,0.9273665162174918,0.8326415439426491,0.10883175864639205,0.9789312317665578,0.5574545816739456,0.6669812397779548
758.1728956105393,674.5573574739093,247.84056992797687,1680.5708230124255,0.2220447443839036,7.0,6328.275214941253,26455.541976325443,1.0027808700547869,0.9282646307482612,0.9809053619038904,0.3643874052605074,0.9739852687308049,0.06765831486814256,0.6788069071829602
1149.9050398037236,531.528591501467,244.73836151598803,1926.1719928211787,0.25168088870571154,6.0,7172.905328112778,26795.383168007695,1.048061959942575,0.9401888830879893,0.12899377613731533,0.3253819792082497,0.9992344887213224,0.010110888174703847,0.03615407399639098
751.5081227689957,703.0874404625401,252.85117628685884,1707.4467395183947,0.2219647571390252,7.0,6325.995578462218,26426.67487852242,1.0030718147211148,0.9272517501235936,0.9088685444571487,0.22595080704242188,0.9922434140959934,0.07284741495755392,0.9679178473994667
802.7631631431412,590.0221938674416,244.34811480784617,1637.133471818429,0.22216343499252336,6.0,6331.657897286916,26534.06475323146,1.1504182944810728,0.9310198159028583,0.9944406716544416,0.17431939326832108,0.9801796778974339,0.056658725692593115,0.2025808098096472
834.8684869918668,567.3710954996739,235.58139720279658,1637.8209796943372,0.22754878629584901,6.0,6485.140409431697,26577.872175465593,1.1392724392383489,0.9325569184373892,0.9900695114373381,0.10101194667063906,0.9644492369585763,0.0027954468295515733,0.21779891619704583
1456.079985473351,453.6064873249529,212.90570829775115,2122.592181096055,0.2531110506636099,5.0,7213.664943912882,27047.169350263976,1.0076296065199684,0.9490234859741746,0.04032918880836922,0.11491972463773048,0.8124066301480277,0.16042066165718438,0.12147406071957223
647.1677953646104,800.887676683,335.9064770703938,1783.961949118004,0.21950723577750844,7.0,6255.95621965899,26327.613002098806,1.050378444680906,0.9237758948104844,0.9377004408532789,0.7213175704459753,0.9849895801163583,0.9852587225971717,0.031086783530914763
1409.6424691976304,452.1802722105283,183.6530811101137,2045.4758225182723,0.25019470279726286,6.0,7130.549029721991,27059.337508886234,1.017870029181537,0.949450438908289,0.36473923633451977,0.6121611911866592,0.7190023880369281,0.08979779703937973,0.05419891459275267
998.5336911112497,638.4601348991557,277.3586378458361,1914.3524638562415,0.2467571288393969,6.0,7032.578171922812,26683.704238848288,1.0807052438466227,0.9362703241701154,0.1724114368826134,0.35127483749979155,0.9968362746691157,0.37301187788603096,0.3367550321837147
867.5656350434582,648.8886786168505,241.71890755855006,1758.1732212188588,0.23337806977900963,6.0,6651.274988701774,26553.661490820345,1.1207602943381105,0.9317074207305384,0.6613851460624768,0.18084103354958198,0.9871114734027573,0.009439432221609811,0.8898312706569863
904.8915420287309,547.40295483765,228.4251102406204,1680.7196071070014,0.2370960288609941,6.0,6757.236822538332,26695.34668086549,1.1196740548948487,0.936678830907561,0.9758044300217491,0.21731523480997572,0.8846395661035633,0.1374104493043818,0.09134688639319455
816.1535076344137,583.6153569351088,239.05661965199934,1638.825484221522,0.2245140614306975,6.0,6398.650750774878,26550.024949921215,1.1454217179884965,0.9315798228042531,0.9903041265576342,0.18268480130521203,0.9729588414582723,0.018083741379026075,0.23260579173497997
1096.768146038182,560.9898102482271,255.27722085440868,1913.0351771408177,0.2508856145952942,6.0,7150.240015965885,26774.97616046692,1.0595541256190688,0.9394728477356813,0.1731834248897195,0.23090511858095902,0.9751779572117774,0.18944042945065565,0.1536341087785169
1361.817024921274,419.0199204306663,161.2303407403112,1942.0672860922516,0.2527571849425521,6.0,7203.579770862736,27120.916774367528,1.0326448780724595,0.9516111148900886,0.998720352097926,0.1203096247177079,0.6459697189782173,0.03949430939482146,0.20187677713442764
793.8249214402441,597.0333695827875,250.57015039961192,1641.4284414226436,0.22133628905663802,7.0,6308.084238114184,26518.439286085875,1.1532565359876654,0.93047155389775,0.972480691564161,0.28675160770405395,0.9954296029966916,0.08399264774228632,0.08470470896089244
1296.6511421289892,422.11237059533244,169.19802706515782,1887.9615397894795,0.2534002978905105,6.0,7221.908489879549,27075.100516870756,1.0412547146947386,0.9500035269077458,0.9897903556421126,0.11605713964599451,0.6850476621647513,0.02236499996675928,0.104261282731471
915.4051880912426,548.6511760471609,239.39134446792104,1703.4477086063246,0.23894310281842443,6.0,6809.878430325096,26659.21506550477,1.1109200109195592,0.9354110549299919,0.7760979003606407,0.06538065273452143,0.9640673935482555,0.04545246384859791,0.13560807757468069
3548.9274903600144,89.03405989849776,18.939600384935734,3656.9011506434476,0.3191549057904991,4.0,9095.914815029224,27901.210953092857,1.1560774723586242,0.9789898580032581,0.4665748893206568,0.25770722990450473,0.07405019413171587,0.01653959965933094,0.006947888238634403
808.2291314651933,652.530086453514,290.6280440958217,1751.387262014529,0.22315521244372385,6.0,6359.92355464613,26541.25005791832,1.1484398153920201,0.9312719318567833,0.7367969134783503,0.16299628736764937,0.9852951666378531,0.5488089993025741,0.09356742824222364
1646.1194859292639,388.41321520114633,122.72909119988229,2157.2617923302923,0.2681817955826253,5.0,7643.1811741048205,27306.900735121355,1.1553784421105668,0.9581368678989949,0.9970611332221705,0.16859988082098387,0.4820680222553736,0.07814184287325138,0.5663114627846912
762.2211744416921,649.0701272711251,252.73659502799006,1664.0278967408071,0.22197776279441536,7.0,6326.366239640838,26465.266618946764,1.0018643489278216,0.9286058462788338,0.9867443900709595,0.8144775957162116,0.9988586123488611,0.0539748297362635,0.05380942442853176
3229.005727679522,196.28441673301398,44.55657696937498,3469.846721381911,0.2840681247956847,4.0,8095.941556677014,27754.42679152038,1.04240601035019,0.9738395365445748,0.9893096527599334,0.27584652438554286,0.16078207600904082,0.06632087474672427,0.1915541369497431
919.8325149080976,650.6452620401925,259.13780298693734,1829.6155799352273,0.2400171723020427,6.0,6840.4894106082165,26605.403750139947,1.1030317599361967,0.9335229386014017,0.4356064829376115,0.3058857153763012,0.9972667200121902,0.17272921643675387,0.6377796528704242
701.9752747614923,713.2710317344315,297.06970534408816,1712.316011840012,0.22208733434065336,7.0,6329.489028708621,26414.92830993576,1.0271875386412277,0.9268395898223074,0.9900432051127481,0.097573913522783,0.9722857454883979,0.6015359189566184,0.3925368417068224
818.624854957366,562.6686172945557,243.75652983694147,1625.050002088863,0.22498156190557414,6.0,6411.974514308863,26551.692468871726,1.1443727405531778,0.9316383322411133,0.9832837398231129,0.08769755947705749,0.9975940288789907,0.003755046890357605,0.05861412130583715
1006.7738649800986,608.2870434431599,274.23932493858086,1889.3002333618392,0.2472112618337736,6.0,7045.520962262547,26710.6342027004,1.0806018934457127,0.9372152351824702,0.24428211573132608,0.23142403875925444,0.9815558981520385,0.3796686971528247,0.1945236472124215
768.0944122869021,634.1448023318432,259.9535967935355,1662.192811412281,0.22197267037412954,7.0,6326.221105662692,26480.98131822423,1.000654994633094,0.9291572392359378,0.9765885722976547,0.14668428247760434,0.9984823074801796,0.13258047890807484,0.3229635402572611
809.5838087477769,583.4524952921053,239.88837573712334,1632.9246797770054,0.22341631023765485,6.0,6367.364841773163,26540.605463327025,1.1476804971169987,0.9312493145027027,0.9982488105691634,0.34216296669937385,0.9807496081616385,0.006398593941896902,0.09405454852579487
736.8664840313777,664.4496018018309,278.0841846781132,1679.4002705113217,0.2223614216719767,7.0,6337.300517651336,26447.47282724712,1.0123616919339589,0.9279815027104252,0.9704679644483857,0.25644519731437976,0.9999864413394124,0.3235220131821391,0.19566786531909064
1727.0513267829217,378.768729211414,143.64080421529758,2249.460860209633,0.2747836453752964,5.0,7831.333893195948,27375.613876191364,1.1435755439168809,0.9605478553049601,0.9613283058639704,0.12342864284249694,0.47872677600010094,0.31940419972525963,0.18915703810963236
683.2037587990282,717.8558130435961,299.29020042573313,1700.3497722683574,0.22145778770779254,7.0,6311.546949672087,26377.129379805017,1.0337481397735757,0.9255133115721059,0.9993098423102157,0.4127138023235644,0.999678984274827,0.5523635733932903,0.15270821252262162
1266.8125681042543,442.52021691571935,161.62498412893837,1870.9577691489121,0.25352236050594557,6.0,7225.387274419449,27052.300950817447,1.0452595367716755,0.9492035421339455,0.9941937233875452,0.34690978142671214,0.660441144008915,0.005216885144952332,0.22034579123490305
724.0875983954057,675.8489366705916,294.84265484821447,1694.7791899142117,0.22246415984209786,7.0,6340.228555499789,26451.34145519292,1.019237163416796,0.9281172440418568,0.9856386693504253,0.14198748464147481,0.9829900975941828,0.5490442004823349,0.09555801131273456
1042.5567239441114,602.6930394133234,252.53491503459225,1897.7846783920272,0.249076217943725,6.0,7098.672211396162,26714.686869966194,1.0693400030650981,0.9373574340339015,0.21377195643117264,0.39388508834069974,0.9878503670749902,0.1256767810742584,0.39789044605461765
748.3478636910274,683.8890330962275,250.06629091958163,1682.3031877068365,0.22204140805698463,7.0,6328.180129624062,26427.757333344452,1.0047103184245445,0.9272897309945421,0.9608367935283266,0.20704133820116732,0.9991029495907374,0.02461031635568539,0.8462074645612848
766.2568785104827,637.7982887860974,252.58158022152057,1656.6367475181007,0.22194403994269465,7.0,6325.4051383667975,26474.034123689915,1.00083568471195,0.9289134780242075,0.9969825368124682,0.634033958232348,0.9991102376077817,0.051637003169792584,0.09562139471834497
784.3842870862053,602.6813904729767,255.55481729333061,1642.6204948525126,0.22175156906368146,7.0,6319.919718314922,26517.961475791355,1.1581636821691248,0.9304547886242581,0.993872097610116,0.2559154781427577,0.9823416600733632,0.17337106268229524,0.061715505590458575
829.5940239427242,646.8208020833778,284.4965062643478,1760.9113322904498,0.22701032284728243,6.0,6469.794201147549,26553.898469942542,1.1391368492972866,0.9317157357874576,0.6779097013480755,0.2662862950543664,0.9942323372296448,0.4579652019706495,0.0992631293030749
3652.4173932507856,73.61552242630302,6.687861349896052,3732.7207770269847,0.3225322909772949,4.0,9192.170292852905,27926.348558049795,1.1450490564907811,0.9798718792298173,0.26192864377240466,0.328403565707577,0.023952000496322956,0.01169705347755745,0.13323978117642776
737.4886285775981,681.6927241854562,259.7571375617046,1678.938490324759,0.22221489027642272,7.0,6333.124372878047,26426.838865723883,1.0099480202725837,0.9272575040604871,0.9775556427263877,0.2635622558877102,0.9966666934614395,0.13530965143298518,0.6214412049633365
793.3925245907275,604.2929582620513,247.07089166542232,1644.7563745182013,0.22145882465216382,7.0,6311.5765025866685,26526.893594069963,1.154457345155661,0.9307681962831565,0.9969463734675542,0.4675725844219062,0.9694725610292685,0.11496816146754973,0.05372585799247126
764.5364125536898,652.2716054078674,253.8602342384685,1670.6682522000258,0.2220516122172558,7.0,6328.470948191791,26479.506673853582,1.0021903438821964,0.9291054973281959,0.9901704520752244,0.7949373361755413,0.9730581958686129,0.13485808239841401,0.07444674708017018
949.5832394593489,608.1803423422979,274.12023321983867,1831.8838150214854,0.24281999905196527,6.0,6920.3699729810105,26662.81822380974,1.0969364154062164,0.9355374815371839,0.3987065985080763,0.13560028733094454,0.9956656021147837,0.3407412710801251,0.190256943465955
767.9939334662633,625.4986674540116,267.9550528987525,1661.4476538190274,0.22216040791204034,7.0,6331.571625493149,26500.039959135585,1.0026128433859387,0.9298259634784416,0.9967826406018303,0.08924005691862646,0.9842990322543811,0.25643970859855936,0.1571670374658139
808.5363270823109,588.470847610035,241.4347409789597,1638.4419156713057,0.22330447639001513,6.0,6364.177577115432,26534.202238628484,1.1474737464391065,0.9310246399518767,0.9797874988569113,0.18384301896180721,0.9865495422406839,0.007832269641888934,0.23780895071179176
683.477270977646,746.3575143521535,287.89508337708617,1717.7298687068858,0.22144351366955772,7.0,6311.140139582395,26366.668491108878,1.0324675811483457,0.9251462628459255,0.9852652558175421,0.35716952296549326,0.9755525277577136,0.4941726504642281,0.6150333556572798
3534.449648168309,165.23670942647564,36.13679878150424,3735.823156376289,0.31043704803176797,4.0,8847.455868905387,27866.638992012482,1.0114919619393687,0.9777768067372801,0.9998504506011149,0.1065130969823826,0.06811858069172871,0.2198704379498816,0.19488255082488215
1858.9412722131794,325.00831050626863,149.1610199925855,2333.1106027120336,0.2830436479658077,5.0,8066.74396702552,27395.751283009646,1.1171326782041264,0.9612544309827946,0.41502124870996493,0.012924029937491421,0.5586655372613355,0.1675699005540554,0.005181940867712287
2674.812118741932,241.46708849173606,90.85867119102026,3007.137878424688,0.28624316369833225,5.0,8157.930165402468,27613.180784547592,1.0655378251238015,0.9688835362999155,0.35019578254451833,0.3427982799994378,0.34729058129689616,0.08343257421961325,0.065717949642292
754.9383012307119,715.8414184441855,298.0448418183166,1768.824561493214,0.22218229578214352,7.0,6332.195429791091,26464.219751382658,1.0052047082531421,0.928569114083602,0.7861766965651602,0.27453437091210176,0.9855514449666272,0.5766460587805704,0.3667506703684432
807.9657869961527,592.8075956655995,243.15018351655914,1643.9235661783114,0.2230846233596788,6.0,6357.911765750846,26539.510920097262,1.148369961710659,0.931210909477097,0.9829047065952493,0.03762352568368055,0.9739852687308049,0.060085004876969994,0.35334007319765726
3499.8942369504725,146.89255270821008,38.15590091231626,3684.942690570999,0.30849333564042836,4.0,8792.060065752208,27847.49492183061,1.0139733655140086,0.9771050849765126,0.7365453390240077,0.24027020565387913,0.10950778094383895,0.13193370539772126,0.03969760027739988
770.6171310810279,622.4017774606272,263.66023660641446,1656.6791451480694,0.22199563140542342,7.0,6326.875495054567,26493.164275525265,1.0007032910489013,0.9295847114219391,0.9856530281014377,0.27450150617078833,0.9984983417408145,0.17239406295368237,0.06808206799698202
674.4240547611972,756.136598764371,288.30669110765746,1718.867344633226,0.22106237432483988,7.0,6300.277668257937,26347.061394673485,1.0356438032481143,0.9244582945499469,0.9855947159066959,0.22334971173942436,0.9801796778974339,0.48625947300100947,0.7874582336376977
789.0563440237186,594.3189380642411,251.2916516886948,1634.6669337766546,0.22152367559816194,7.0,6313.4247545476155,26514.840463738998,1.1553331775261246,0.9303452794294386,0.9896042689642292,0.10101194667063906,0.9952869210851477,0.09225839282971338,0.18137033737434483
813.8811039760542,593.058490923009,244.21694304173894,1651.156537940802,0.22418924005593044,6.0,6389.393341594017,26544.360729097192,1.1459254797761094,0.9313810782139366,0.956074210326632,0.3514116262716979,0.9785697343780232,0.05951833719673555,0.11598290332578859
739.6079381624354,647.0863854854709,282.5357685110205,1669.230092158927,0.22243798919691976,7.0,6339.482692112213,26462.364327708365,1.0125132960849457,0.9285040114985391,0.9891974928339256,0.16563436249894792,0.9997948276408408,0.3718994758719565,0.0425855499622943
792.2905011760704,589.5752895440637,250.48426592266472,1632.3500566427988,0.22144983225429435,7.0,6311.320219247389,26520.780559120176,1.1543217647370614,0.9305537038287781,0.9942575485573633,0.0321386000568219,0.9929006864490225,0.08979779703937973,0.20505217484865512
2920.1249508570436,291.79283625185803,71.44155683352375,3283.3593439424253,0.2855493688476852,5.0,8138.157012159028,27702.238168126783,1.0581380985441338,0.9720083567763783,0.9771136742181519,0.17074720567935847,0.15739414761331982,0.37407734895918876,0.6242971135048265
812.0462275100558,575.4443293657607,245.3483993807154,1632.838956256532,0.2237905111616574,6.0,6378.029568107236,26547.066554242585,1.1471695748830517,0.9314760194471082,0.9860519710541396,0.18084103354958198,0.9871114734027573,0.049106009513034066,0.06599512951016961
2390.478907561554,260.2299339123708,70.57767879128352,2721.2865202652083,0.28865521771911556,5.0,8226.673704994793,27603.772569108558,1.0823213143563934,0.9685534234774933,0.9758044300217491,0.42962995897523637,0.27021093225689086,0.0636339449958856,0.18216345183939664
785.0892865136756,597.9136450247969,252.3714328953195,1635.374364433792,0.2216620989778083,7.0,6317.369820867537,26512.67062003129,1.1571789449886265,0.9302691445625014,0.9964050631150633,0.251660167385728,0.9921914512262086,0.11231386662431242,0.07674725465856524
784.7908516907466,610.3343337328233,255.27722085440868,1650.4024062779786,0.22174918366733679,7.0,6319.8517345190985,26517.982671328133,1.1579431087208054,0.9304555323273029,0.9867297261040398,0.13358683293268547,0.9751779572117774,0.18944042945065565,0.22431297965835156
793.7489789908751,625.7733787548569,269.0857262905211,1688.608084036253,0.22180933479159082,7.0,6321.566041560338,26555.753070208662,1.15760349932323,0.9317808094810057,0.9707757695896891,0.04104521768790731,0.9362922638523486,0.4440482394595414,0.20187677713442764
795.9779484560022,686.2039113964236,277.17863876065917,1759.360498613085,0.22147283342944218,6.0,6311.975752739102,26494.268509319583,1.1493406497217333,0.9296234564673538,0.7084798620413643,0.3185793803777077,0.9972239716154293,0.37001081624584053,0.4875356474264081
3289.4520175096277,177.8095565932599,44.03182408407686,3511.2933981869646,0.2877886932221555,4.0,8201.977756831431,27767.425973894737,1.0386464001479605,0.9742956482068329,0.9830535685157883,0.2230707487505964,0.17507905869611884,0.02236499996675928,0.08905272438837686
2517.0869851917587,272.28969171275605,103.9595043997874,2893.336181304302,0.287754323696821,5.0,8200.998225359399,27606.736585341037,1.0744855845616488,0.9686574240470539,0.5624074655168053,0.2526850665813973,0.34240086138780823,0.2420366407412604,0.06570482491539265
1699.5912407555927,354.1997725070077,165.34013367952207,2219.1311469421225,0.27525489274894754,5.0,7844.764443345005,27259.353013705517,1.134624800976513,0.9564685267966848,0.20859566916957972,0.036854086246535855,0.6696806096094272,0.051297637480661296,0.06405747696333802
1102.7475143549548,523.8193455412405,250.41911967317282,1876.985979569368,0.25105858200181314,6.0,7155.169587051674,26789.929246505093,1.0593666500938206,0.9399975174212314,0.2532481618532012,0.05839084222949531,0.9815526073947729,0.11934736031528093,0.017952510310252523
813.1453261263616,585.6427654760909,243.2319759900098,1642.020067592462,0.2239528138055741,6.0,6382.655193458862,26550.348092015818,1.1469895396405414,0.931591161123362,0.9836097024894445,0.3909214567506295,0.9725050803929084,0.06492608059169591,0.027945150422397258
1094.6398671139714,538.8740144812078,247.01402735477586,1880.527908949955,0.25085863274723363,6.0,7149.471033296159,26781.606203317555,1.0607480862291472,0.9397054808181599,0.2617581044456442,0.15756650323139537,0.9707643401799165,0.11090194918990381,0.11853590454753532
1015.4074703180455,557.5998225319946,258.51774916534475,1831.5250420153848,0.247714584980423,6.0,7059.865671942056,26719.003556822503,1.0785221050684548,0.9375088967306141,0.3562029811291706,0.07468036566449143,0.9998129863494137,0.15916262837254436,0.0983826958534817
789.4121924947167,595.6354549066866,253.17462309484566,1638.222270496249,0.22158732619687763,7.0,6315.238796611013,26522.502386107622,1.1560360035562331,0.9306141188107938,0.9944815980482337,0.24666027192497236,0.9857281009071072,0.13832750244274877,0.04961816684359138
1909.620550052392,349.69214968395426,89.73626379322948,2349.0489635295758,0.28444529127613205,5.0,8106.690801369764,27460.45748734776,1.1161763529028432,0.9635248241174653,0.9888261947233231,0.0837591498362042,0.35164448661889014,0.05935096671884266,0.8612643910736462
736.2769102186809,656.363675102421,281.042859697585,1673.6834450186868,0.22240931475945683,7.0,6338.66547064452,26453.04167915561,1.0132224077939833,0.9281769010230039,0.9832837398231129,0.1627428683420371,0.9994867046776,0.3566683541670994,0.1466070732452287
1054.383311598019,580.4477727378279,256.2731556513898,1891.1042399872365,0.24955661721736486,6.0,7112.363590694898,26734.78780596822,1.0677260328058615,0.9380627300339726,0.21860269859710835,0.33699247935201404,0.9909798163114426,0.1581866718185554,0.1945236472124215
902.1540791076396,582.4174240526598,248.54299446382757,1733.1144976241271,0.23756526740617465,6.0,6770.610121075977,26627.29953096239,1.113203871258793,0.9342912116127154,0.6899674808236965,0.2746870166613337,0.9832918704054311,0.09420522497161099,0.148438989920058
804.9749795838541,593.9109178313798,240.54221939957995,1639.428116814814,0.22268966085108252,6.0,6346.655334255852,26530.278915669027,1.1488529690392668,0.9308869794971588,0.9847564165417375,0.48567217730749235,0.983429295302854,0.006398593941896902,0.06817486393064293
896.5480155248418,574.5361267334237,250.37428685873755,1721.458429117003,0.23690559006833317,6.0,6751.809316947495,26618.5788250653,1.1147432030949862,0.9339852219321158,0.7001244808996823,0.22711195382507243,0.9999864413394124,0.06970049368219566,0.08441980250880138
889.8874541535603,558.7471037660987,247.62681273355196,1696.261370653211,0.235804483299355,6.0,6720.427774031617,26630.979372819773,1.1191607788051186,0.9344203288708692,0.7892173103140652,0.12241682057246112,0.9789315138682394,0.09581992731914235,0.0340170761266938
739.6563088182809,673.8182536906086,260.1598119929951,1673.6343745018846,0.22223739509021473,7.0,6333.76576007112,26434.736720879104,1.0096797009230618,0.9275346217852317,0.988770884361972,0.4006589207917613,0.9962751800545617,0.1406835197791806,0.44301254226243825
803.9837182566879,578.5076193972623,253.58197697470345,1636.0733146286536,0.2221581093181039,6.0,6331.506115565961,26549.538063799253,1.1515791176841337,0.9315627390806756,0.9968546232699502,0.10205223637961752,0.9787662382314279,0.16134442454901676,0.009817654095518713
2981.40242582161,248.16879358215482,43.98222281932573,3273.5534422230903,0.28448621334926166,5.0,8107.857080453957,27700.41331013334,1.0543070621724122,0.9719443266713452,0.9856386693504253,0.05181587002838273,0.1672577001596086,0.04267083090021845,0.8033549956660283
961.9584528817958,556.5843911961434,251.57742014426256,1770.1202642222017,0.2438937680154342,6.0,6950.9723884398745,26680.505535896995,1.0939361325396217,0.9361580889788419,0.5387973248387319,0.20636074930738912,0.9980708849098326,0.08795764181708643,0.013777914187126927
2007.5053185807799,337.6819591257016,126.0111146705235,2471.198392377005,0.28634364262533785,5.0,8160.793814822129,27451.062315875017,1.102196491401095,0.9631951689780708,0.2992433688410997,0.4806127467914936,0.43343025835025295,0.2443094740718087,0.20374983702461807
1625.9505875624873,370.7346898556894,159.9307217038046,2156.615999121981,0.2690506460746943,5.0,7667.943413128787,27209.819865992486,1.1475363738051638,0.9547305216137715,0.3118344947084515,0.3329209219339711,0.6661258500317012,0.0006724188466256109,0.018335781595964273
811.2167191870864,574.103843439208,248.67644698568762,1633.9970096119819,0.22366401696292787,6.0,6374.424483443444,26544.66207306558,1.1473128106487196,0.9313916516865116,0.9729316492514541,0.028993816810315876,0.9939463052934084,0.0672518961103381,0.12089495594549382
1656.3013837377084,362.8393000008405,119.01962652798596,2138.160310266535,0.26926175550969655,5.0,7673.960032026353,27311.655169375666,1.1532616068263393,0.9583036901535321,0.9927400549541688,0.29372321894529996,0.4939573477463317,0.005220700765181663,0.32333794952117867
3060.693270535065,228.97899045682595,76.926733637104,3366.598994628995,0.28368441597561983,5.0,8085.005855305165,27730.101604368905,1.0518657078027054,0.9729860212059265,0.981641972959627,0.1687185398309159,0.22274321456802826,0.2607595793419689,0.008686135168816111
4060.885209042171,56.828065766313514,16.404722280512765,4134.117997088997,0.32517307753434704,4.0,9267.432709728891,27970.84193966293,1.1295494187649284,0.9814330505144887,0.02442402867495852,0.1424896732601153,0.02725921712967605,0.11267284788597987,0.08446836805038327
801.7382462764027,597.7511022190073,243.09718887032767,1642.5865373657377,0.2219505569282301,6.0,6325.590872454558,26534.981085240935,1.151054837269607,0.9310519679031907,0.9964599152576906,0.38324913373946834,0.9694725610292685,0.07153971561952094,0.1287325730366513
1070.4345139349505,622.9257995727928,243.9520951885047,1937.312408696248,0.25005122716734185,6.0,7126.459974269243,26701.021720222412,1.059763771480713,0.9368779550955232,0.10105351157554454,0.10171254228813392,0.9981143475838946,0.004504856590540007,0.9799233391009086
790.910777608519,588.0353818946104,255.63831419415968,1634.584473697289,0.22154768713632955,7.0,6314.109083385392,26525.131520347513,1.15555448259541,0.9307063691350005,0.9903998244630858,0.16314324891117904,0.9929904442622098,0.1458868392806612,0.011612761792375914
793.9874607948714,589.5951977374364,252.94336176711508,1636.5260202994227,0.22147644696980562,7.0,6312.07873863946,26530.084409370174,1.1545116146470762,0.930880154714743,0.9959732886676739,0.08924005691862646,0.9842990322543811,0.13961090597864573,0.12121834742970411
763.1153538585121,663.8589626011363,245.39268755238527,1672.3670040120337,0.22191212294982426,7.0,6324.4955040699915,26456.080369075084,1.0004916320349708,0.9282835217219327,0.9797874988569113,0.18384301896180721,0.9865495422406839,0.007832269641888934,0.7679787242241056
758.4293715900404,778.7179213081141,301.3681503440673,1838.5154432422219,0.2219081567786406,7.0,6324.3824681912565,26441.941097515082,1.0012900593133058,0.9277874069303538,0.6374621170143753,0.35716952296549326,0.9755525277577136,0.6390443382812293,0.8325984171717532
914.0311061236499,643.2510510275544,289.693668871151,1846.9758260223552,0.23905853261272197,6.0,6813.1681794625765,26634.954885820538,1.1088150978794946,0.9345598205551066,0.4080989842371612,0.41529748910409947,0.990913380533327,0.5236153444920133,0.00795045076852724
759.0931983151632,640.7232991776045,259.93558518641504,1659.7520826791826,0.2221417418901767,7.0,6331.039643870036,26470.415933029213,1.0038436034102425,0.9287865239659373,0.9945708318211114,0.13314963827234788,0.9950341853755109,0.14158179799234738,0.37746629735917125
806.1087219089787,580.1003587379012,243.58328137371143,1629.7923620205916,0.22285685454370854,6.0,6351.420354495694,26532.764907608253,1.148552284615029,0.9309742072845001,0.988697181403127,0.1163139626935899,0.9947328670403737,0.009491385965685883,0.18016836342970521
1707.7099937390353,351.1959905086959,130.00748921382836,2188.9134734615595,0.2734823465310158,5.0,7794.24687613395,27354.629915010053,1.1456489590453371,0.959811575965265,0.9939643671330761,0.10883175864639205,0.5029505653099964,0.10332615043810267,0.18123576479066084
815.0626135165743,584.9496869378544,247.50315190586753,1647.5154523602962,0.22422722333158213,6.0,6390.475864950091,26554.59025890779,1.1464972945449565,0.9317400090844838,0.9702734273883312,0.03762352568368055,0.9730936244757955,0.11003614791009242,0.22388648733913336
843.4234814082441,668.7704649722277,307.66423832911596,1819.858184709588,0.2292370520534875,6.0,6533.255983524394,26570.387141667852,1.1342191776728419,0.9322942856725562,0.5363264438004385,0.1424896732601153,0.9992344887213224,0.6978253888646258,0.06301860769564438
919.6019344156472,637.4804014305003,251.20040951760723,1808.2827453637547,0.2399406264367984,6.0,6838.307853448754,26609.549202138118,1.1035823884211535,0.9336683930574778,0.4936522719986882,0.175647432415022,0.9874202327037432,0.11223904631577997,0.7286479814540282
1165.212421017198,475.5979080925794,194.17990274485,1834.9902318546276,0.2527442134218285,6.0,7203.210082522112,26949.41223818879,1.0583885763608247,0.9455934118662733,0.8035449249750857,0.22334971173942436,0.7628182928971521,0.08800261505950707,0.14578166848558838
807.2768597016786,578.1032505168571,243.1838079150028,1628.5639181335384,0.22306360916688528,6.0,6357.3128612562305,26534.153768112592,1.1481139904072724,0.9310229392320207,0.9896042689642292,0.10101194667063906,0.9952869210851477,0.0036480783631339664,0.18137033737434483
809.7061785286282,583.1709768771506,245.97606271655692,1638.8532181223359,0.22333794977074148,6.0,6365.131568466132,26546.800779199486,1.1483305876898204,0.9314666940069996,0.9860842469150201,0.26291167953661293,0.9785697343780232,0.07874368883409022,0.05746962052967608
1066.3672793614633,597.0140073802537,259.07867886209124,1922.459965603808,0.2499788254305241,6.0,7124.396524769937,26733.87256073327,1.0640849309541731,0.9380306161660796,0.13474427066316275,0.06758675155346106,0.9849895801163583,0.2048220908601074,0.5283037817907916
810.8426324421528,594.2082557874139,243.90432798496926,1648.955216214536,0.2235325917081173,6.0,6370.678863681343,26548.104330062026,1.1478992100412506,0.9315124326337553,0.9790918726664993,0.3696180552349313,0.9659337276879755,0.08979779703937973,0.10536838959690842
852.2060221673137,574.2297658180414,231.96528706618358,1658.4010750515386,0.230305527580704,6.0,6563.707536050064,26596.792428933135,1.1329798698496616,0.93322078698011,0.9504118174804869,0.3130959447147892,0.9482468986022224,0.0064813530846043466,0.19406386785214313
655.5946277193023,776.7256625588801,287.05418169544595,1719.3744719736283,0.2200603331200623,7.0,6271.719493921775,26307.31928106106,1.0427859843147107,0.9230638344231951,0.999179721972485,0.179523768504954,0.9856585556663872,0.4581812891417414,0.9997777897962373
810.4206736224384,579.5589684385217,243.92000033137765,1633.8996423923377,0.22350090426250876,6.0,6369.7757714815,26544.915163544254,1.1477469985967215,0.9314005320541844,0.991722227165856,0.16230614055698217,0.9825708947890824,0.04560330057750317,0.13420409883348677
634.1422322187254,788.5958063319705,339.5116473348288,1762.2496858855247,0.2184711344343986,7.0,6226.427331380361,26309.954328765576,1.0570419256444619,0.9231562922373886,0.9903041265576342,0.3903817161242523,0.9987252499081779,0.9873955414795771,0.09571093722729168
1088.1836294729542,610.2160869937371,239.09858249080906,1937.4982989575003,0.25056589877666946,6.0,7141.1281151350795,26724.862547666573,1.0570989224717118,0.9377144753567218,0.11694870767134669,0.08793370854384758,0.9751779572117774,0.012624709629894926,0.9576976763311863
1445.2997461584077,421.8774912616815,166.45392049926943,2033.6311579193584,0.2513381983651396,6.0,7163.138653406479,27185.950101559116,1.0227534228655069,0.9538929860196181,0.9931974759721134,0.04104521768790731,0.6082837812012715,0.19707844684327003,0.20187677713442764
794.44076887028,582.3751228762624,251.26622171353495,1628.0821134600774,0.22140231479655284,7.0,6309.965971701756,26526.083384294216,1.1538157410981629,0.9307397678699725,0.9984302100559425,0.09403783762350937,0.9954296029966916,0.09159998450647189,0.08470470896089244
2066.4773037534974,286.0000417401328,104.67873526183331,2457.156080755464,0.287483801264614,5.0,8193.288336041498,27529.10463272313,1.1027483699179708,0.9659334958850221,0.9708680995315357,0.18542990734284304,0.39117693257846375,0.11995857158891121,0.014181613197651377
815.1925100368611,658.5355898667623,232.8739193937096,1706.602019297333,0.22479825642952073,6.0,6406.7503082413405,26517.68140248546,1.1421774928903423,0.930444961490718,0.8673949385993158,0.3048815829673222,0.9470325041280537,0.019650146300158544,0.9178688113383175
1672.865615091181,389.7798444866358,112.9427069913071,2175.588166569124,0.27065730285687295,5.0,7713.7331314208795,27320.69043761769,1.1503641153733821,0.9586207171093927,0.9937541020238388,0.13097533211888013,0.45551179820821097,0.0402208380148496,0.7706783707657671
1216.1355092309952,490.44445889274954,204.74938073517706,1911.3293488589218,0.25373906176769057,6.0,7231.563260379181,27050.884715692613,1.0560016536744359,0.949153849673425,0.9965800032241904,0.012054982841407824,0.6784000682133879,0.4286313015421902,0.1561580843912379
663.484618465643,765.972419856747,286.3696236625376,1715.8266619849276,0.22050897646633333,7.0,6284.5058292905,26319.407676858154,1.0392314920573509,0.9234879886616897,0.9888232328400437,0.16105609062719184,0.9915524783950967,0.43510332280165165,0.9431283521553239
1388.9079750696733,429.67071163211415,155.9954512001126,1974.5741379019,0.2523826680154599,6.0,7192.9060384406075,27141.787336504018,1.0293713850570314,0.9523434153159305,0.9968448616838219,0.27055438986116714,0.6055769975981716,0.08999632553178932,0.2632503770235989
1199.0684045017151,518.0503686472069,246.14541114800855,1963.2641842969308,0.2519035663717094,6.0,7179.251641593718,26828.500031994816,1.0398278997472674,0.9413508783156076,0.04865678698342779,0.22352524731071732,0.9911406629787427,0.047072015095031006,0.019171493575983523
783.5841185754209,590.9632930166529,256.0776859244372,1630.625097516511,0.2217364382283022,7.0,6319.4884895066125,26514.115734643245,1.1581459011788833,0.9303198503383595,0.9992487150070826,0.17519482496121203,0.9976258993890397,0.13832750244274877,0.014946090724553773
716.5737608021643,732.7189069170998,331.42650652226183,1780.719174241526,0.22247311181509596,7.0,6340.483686730235,26457.372433050445,1.0237777277692206,0.9283288573000156,0.8971126965023525,0.14970758855434652,0.9645456966243259,0.9916040189185912,0.0025975883377110653
1133.6493837778937,550.0531110145993,265.31551192981937,1949.0180067223123,0.25157850681926586,6.0,7169.987444349076,26800.668047633553,1.0524612396953836,0.9403743174608264,0.06608132483176332,0.08769755947705749,0.984679071135508,0.2738122248388569,0.06038360367272366
750.8004916701022,675.1271954126616,247.17125959829966,1673.0989466810636,0.22212013850447668,7.0,6330.423947377585,26442.95635920884,1.0050489435875642,0.9278230301476786,0.9964212872376019,0.23142403875925444,0.9800907426064691,0.04418016593435825,0.7861622645380679
735.8170943024624,715.19638413814,316.32229296679486,1767.3357714073973,0.22270212299733622,7.0,6347.010505424082,26490.520866969073,1.0172708578613698,0.9294919602445288,0.9320188785156345,0.06838917189778287,0.9405944096955184,0.8930632189495301,0.148438989920058
1272.4852452846942,445.98446952329635,181.19364917532786,1899.6633639833185,0.25303313124062554,6.0,7211.444240357829,27016.69798067074,1.0409070150835757,0.9479543151112539,0.7364495962651996,0.34216296669937385,0.7316716340767265,0.029134103394607425,0.06037569137271126
850.9186460586013,595.6343522427785,254.4348269896218,1700.9878252910016,0.22931573482255638,6.0,6535.498442442857,26646.028178156273,1.1392686893328274,0.9349483571282903,0.9839967373416604,0.26617562834217745,0.8856924488702859,0.4188619613690936,0.01955596141298649
762.8884696471322,675.3668711035564,296.0450054774537,1734.3003462281422,0.22226179844702249,7.0,6334.461255740141,26495.514070697074,1.004563006478841,0.9296671603753359,0.8657156584351113,0.09708055880334943,0.9789315138682394,0.5727955918078526,0.16591933352387622
3458.6791249853345,155.9941514308727,36.39097362575725,3651.0642500419644,0.3005499040394118,4.0,8565.672265123236,27819.268819997098,1.0245674221002983,0.9761146954384947,0.9857682466032832,0.20311820703505357,0.1296471594036107,0.05861839298767413,0.04821225625005332
631.4219286448747,794.4236276916383,329.56798445461806,1755.413540791131,0.21824414069030063,7.0,6219.958009673568,26296.2020853303,1.0573407231654333,0.9226737573800106,0.9968546232699502,0.019285444923395345,0.9915639745008652,0.8995711696602523,0.5781381109821754
995.0100192185461,498.2412531408573,204.52990761181547,1697.781179971219,0.2459661201215778,6.0,7010.034423464967,26804.682475526217,1.0946960796823837,0.9405151745798672,0.9937533751247675,0.12848791135785187,0.8347971210662077,0.00917388056459878,0.13775277168337763
983.5549085995495,542.0942357419764,241.64861716960422,1767.2977615111301,0.24561227608832367,6.0,6999.949868517225,26701.604117077128,1.0879625318829125,0.9368983900728817,0.5503130594834456,0.2629204427422305,0.9877331446117206,0.0070134413589552635,0.009595772650522194
851.4625931960726,582.3431263907543,236.03365574998395,1669.839375336811,0.2303562430095841,6.0,6565.152925773147,26585.338050012357,1.1320298520752847,0.932818878947802,0.9026766013731811,0.3317493124592229,0.9646472092095008,0.00721023718978997,0.20374983702461807
1880.816419617473,366.4449861868476,133.3048436848337,2380.566249489154,0.28338882990270825,5.0,8076.581652227184,27469.268532293703,1.1218874061456432,0.9638339835892528,0.9969825368124682,0.006709302696158215,0.41039220353294614,0.3867857204102959,0.3284375780481489
1073.8464201243207,544.1152887593576,251.45710304077838,1869.4188119244566,0.25024321504330127,6.0,7131.931628734086,26757.450823028244,1.0642465778188548,0.9388579236150261,0.2603107987795311,0.2583385698605171,0.9971520387369381,0.08909295725645305,0.013804465655836984
885.575956141089,536.7770169532904,230.3772849346129,1652.7302580289922,0.23488563178392938,6.0,6694.240505841987,26651.519297000144,1.1234761962646043,0.9351410279649174,0.9595056612050309,0.17115516204628145,0.9374799016337715,0.01783813044778837,0.01501561002723778
1749.5088520562445,338.7065404262109,113.71098459105382,2201.926377073509,0.27670358285394386,5.0,7886.052111337401,27380.797501918198,1.138547675274876,0.9607297369094104,0.9912031087976056,0.39804012194528426,0.44993117189771126,0.06363892595114579,0.13323978117642776
690.8178898459388,725.7274240802475,288.24239157203147,1704.7877054982177,0.22167139746566947,7.0,6317.63482777158,26373.18521614129,1.028998030230437,0.9253749198646066,0.9741459706733938,0.2635622558877102,0.9984701586220321,0.43679346487922033,0.5188250077167509
822.4830133364595,566.347871038277,241.43212471044473,1630.2630090851812,0.22550552266599072,6.0,6426.907395980736,26563.917584138915,1.1438360692743834,0.932067283653997,0.9964599152576906,0.16207520282875254,0.9778131670652699,0.031100677011135225,0.06450562071997984
743.5065496561604,643.1539610490453,282.6845715329348,1669.3450822381403,0.22245407343772147,7.0,6339.941092975062,26470.84089907227,1.0114429851836757,0.9288014350551674,0.9909476334292647,0.10012153789430839,0.9956213873593741,0.3846286824495704,0.05673194908379464
743.0784883223712,672.6563304848415,255.26977347170538,1671.0045922789182,0.22219032156183693,7.0,6332.424164512353,26434.25649672287,1.007937368135569,0.9275177718148376,0.9903998244630858,0.22487256768494068,0.9954254525556963,0.09036840040744876,0.6435390776614515
776.9394000030962,603.633927754326,256.4711302393855,1637.0444579968078,0.22185614773983156,7.0,6322.9002105852,26501.359212852974,1.16021297688279,0.9298722530825605,0.9912809568129933,0.2938732579028583,0.9987570997636862,0.13961090597864573,0.02732890009713751
1012.6423812887996,519.502792811495,222.24376969853682,1754.3889437988316,0.247061252486002,6.0,7041.245695851057,26855.98071720309,1.0937883897373102,0.9423151128843189,0.9944365195754971,0.12805546674349116,0.7909359795514539,0.319731045770296,0.02161926650234819
2239.5089437237916,293.00342910945614,96.91781530853626,2629.430188141784,0.2879302854967524,5.0,8206.013136657444,27521.85611966048,1.086875293897001,0.9656791620933501,0.47225855923554116,0.1680844501358914,0.3919475357780793,0.03167118579774708,0.46420570355017443
1828.4446041048218,299.797597962019,118.73265276914353,2246.9748548359844,0.28136238027465843,5.0,8018.827837827765,27427.926009893832,1.1267179598049324,0.9623833687682046,0.9965766885836013,0.025244500243936208,0.49030659108593955,0.01176745453908934,0.0022140507230126727
852.2070456311981,739.1110655964301,296.22157124975394,1887.539682477382,0.23124856099785646,6.0,6590.583988438909,26529.68611173158,1.1253364785773927,0.9308661793590027,0.3547157882152502,0.19367743027990453,0.9969207289892846,0.5789389440040271,0.8795801241408251
811.518202451933,573.1064173768913,242.19197413655363,1626.816593965378,0.22373741221953394,6.0,6376.5162482567175,26544.603355862495,1.1471582682138974,0.9313895914337718,0.9982915850420377,0.3012887886239148,0.989030788199563,0.009491385965685883,0.00212096932075001
817.6223578266712,575.6350681652603,241.6210943872399,1634.8785203791715,0.22473865773157897,6.0,6405.051745350001,26553.772674915675,1.145111979298524,0.9317113219268658,0.9889181995110667,0.10883175864639205,0.9789312317665578,0.030184413510380204,0.18123576479066084
772.7783538569126,623.8029371488655,245.9291939459979,1642.5104849517759,0.2218232028693651,7.0,6321.961281776906,26481.680455458372,1.1601576092730164,0.9291817703669605,0.9954312271609392,0.30727601606489735,0.9936028968354134,0.03814302861373825,0.35334007319765726
814.2085887192954,565.1716129555878,245.5731472623742,1624.9533489372575,0.224114189400229,6.0,6387.254397906527,26552.64772455687,1.1467133200172541,0.9316718499844516,0.9974990102939078,0.059995723104287635,0.9893736331577566,0.045529844501438266,0.06301860769564438
992.110658355659,553.8201753652514,237.11204873797243,1783.0428824588828,0.2454499949450843,6.0,6995.324855934902,26848.360443067886,1.1005658840178405,0.9420477348444872,0.9931687396352687,0.17179959632429365,0.7759308992711487,0.5222394460744498,0.026992800884281354
3495.5985040922283,150.79142115713785,30.064690996023128,3676.4546162453894,0.3048880937022467,4.0,8689.31067051403,27837.86326231857,1.0191081958093344,0.9767671320111779,0.9855947159066959,0.22334971173942436,0.09792015920195862,0.07293169763947843,0.09520735128451385
1350.3145223613235,434.9951747468257,174.45290508135267,1959.7626021895016,0.2530586220830542,6.0,7212.170729367044,27123.222272927404,1.0350680934820335,0.9516920095764001,0.9896042689642292,0.0393040766954354,0.6483514064756344,0.17765204263713508,0.18137033737434483
707.3259553250625,691.4811085662411,303.9306013426995,1702.737665234003,0.2222232753184054,7.0,6333.363346574554,26428.764403736994,1.0257414708185157,0.9273250667977893,0.9860842469150201,0.20399682862254775,0.988623486458373,0.6317416849572367,0.028314334759789728
1057.5082562686412,583.0564106507826,279.23099241500574,1919.7956593344297,0.2496844551773217,6.0,7116.006972553669,26751.594768809136,1.0684389767990414,0.9386524480283908,0.13401361757412455,0.16563436249894792,0.9935349364264667,0.40227833799943,0.010361073607342508
798.6553488159943,579.8285434226801,250.64552596671854,1629.129418205393,0.2214425456331123,6.0,6311.1125505437,26529.276799829833,1.1519962551257352,0.9308518175378889,0.9885974615687753,0.16557383220275984,0.9988421482551049,0.07571630374287386,0.025270825303239708
711.9951329120718,715.6725068838124,261.5026576665473,1689.1702974624313,0.22203797725236474,7.0,6328.082351692395,26382.83590760125,1.0184890342064112,0.9257135406175877,0.983663322156933,0.2653465575444547,0.9965938396735923,0.15427296158598286,0.8629260945593032
1137.8719339178635,535.968699401872,251.47317065822023,1925.3138039779556,0.25159525167402147,6.0,7170.4646727096115,26795.52672621474,1.0509602932389646,0.940193920218061,0.12622503524059492,0.18875655885808262,0.9920162763240717,0.10296392606717708,0.06599512951016961
875.7670316321459,558.4188807447655,242.6202891342776,1676.8062015111889,0.233989028815531,6.0,6668.6873212426335,26608.42813338518,1.1231291187631924,0.9336290573117607,0.8310665585603373,0.20975465792949854,0.990988486495027,0.008951895404273325,0.026972878717054227
1262.9173667311084,472.6620313379695,155.07000567226044,1890.6494037413381,0.2535359806709364,6.0,7225.775449121688,27044.829886664007,1.0453712172866818,0.9489413995320705,0.9956510267922557,0.14069733761519132,0.6353354188434033,0.0005263767701641497,0.7287991882568118
1004.5136685328476,585.2023523667115,238.73248172369583,1828.448502623255,0.2471048623356288,6.0,7042.488576565421,26694.37288932628,1.0796964723639453,0.9366446627833783,0.4087813792321826,0.1218293871719669,0.9751779572117774,0.008623608349969059,0.5873306218026368
1475.0896993401843,418.9083013747464,145.19386676325047,2039.1918674781812,0.2513875545182772,5.0,7164.545303770901,27194.188174914463,1.0178467881868403,0.9541820412250689,0.9974310301133534,0.18641746698330897,0.5694058866846756,0.06840251816600695,0.4149186621504757
805.0239272008276,580.6469215329064,243.30681158857814,1628.9776603223122,0.2226733816584105,6.0,6346.191377264699,26531.621393443493,1.1489812342826558,0.9309340839804734,0.9917735834651263,0.25356431990326195,0.9954296029966916,0.0046118957091298984,0.08470470896089244
722.5039431552058,704.6368498966378,252.18786128533432,1679.3286543371778,0.2221278669054761,7.0,6330.644206806069,26395.069466917415,1.0142732411333253,0.9261427883128918,0.9989067066823157,0.19469100740836487,0.991199739804586,0.06849812703007507,0.9695374824410293
679.2255568736922,722.6722955321637,307.2550447106031,1709.152897116459,0.2213172350511508,7.0,6307.541198957798,26377.03305679363,1.0360401546071565,0.9255099318173203,0.9948949080642036,0.33188272033172606,0.9976346798656343,0.6434585387518903,0.1259163614526323
796.3101406021115,586.8370140648668,246.23809883405124,1629.3852535010294,0.22124327412952963,7.0,6305.433312691594,26520.752093100884,1.1522307794424227,0.9305527050210837,0.9937541020238388,0.2833530490030926,0.9986717194677355,0.02800217796638027,0.06405747696333802
3026.0889060782256,225.75727052589932,69.83684109077556,3321.6830176949006,0.2841254149412222,5.0,8097.574325824832,27722.389354319737,1.0533710017756468,0.9727154159410434,0.9968535990035763,0.20620299254261976,0.21665506834932613,0.19821805207708115,0.06428419229414839
818.811714582387,573.5224810500571,243.2319759900098,1635.566171622454,0.224844440732542,6.0,6408.066560877447,26561.51529378127,1.1454043334909,0.9319829927642551,0.9950387268283268,0.16105609062719184,0.9725050803929084,0.06492608059169591,0.09528306918952023
818.6109112660528,558.5154820987492,244.08052961307416,1621.206922977876,0.22496207866390838,6.0,6411.419241921389,26553.07518071292,1.1445405114984715,0.9316868484460674,0.9889445759282344,0.10598813137890689,0.9994111505381049,0.002450370292640003,0.002712210818103522
813.3808953877799,570.7314898394094,245.40300328878948,1629.5153885159789,0.2240016621334188,6.0,6384.047370802436,26550.33590071525,1.1468698205326169,0.9315907333584298,0.9906132139293723,0.21038670259202408,0.9880758245748579,0.047131170410100454,0.00203027807351136
671.8423333754558,739.8996749871291,328.71134154170755,1740.4533499042923,0.22102984797407704,7.0,6299.350667261196,26386.11112378878,1.0413694046790114,0.925828460483817,0.9979838012802233,0.03779030769145969,0.9815440296127842,0.9170798085778178,0.137802400072858
765.1115182703049,629.6531682772886,262.1531053873081,1656.9177919349017,0.22208336728645714,7.0,6329.375967664028,26482.863524346867,1.0022448479536343,0.9292232815560304,0.9917674526888106,0.10585053077424,0.9965763334787364,0.16131370628582187,0.27430061349969304
782.4908610542726,601.330614306196,257.1472298977277,1640.9687052581962,0.2217239717797971,7.0,6319.133195724217,26508.502277843072,1.1580728689693343,0.9301228869418622,0.9781424008778579,0.16013240170720028,0.9975940288789907,0.1501014956421194,0.10424060082772502
793.0288870324321,610.1400301876675,246.9623958847958,1650.1313131048953,0.2214957678541778,7.0,6312.629383844067,26526.420026310527,1.1545809739598012,0.9307515798705448,0.9964212872376019,0.17260537374432072,0.963401470851037,0.12997198903981172,0.3249192475325976
721.0735162737,696.9553946069174,307.1803734885239,1725.2092843691412,0.22252434073102015,7.0,6341.943710834074,26460.56957736605,1.0217455209840385,0.9284410378023176,0.9765885722976547,0.039136789218580104,0.9629509705615837,0.735145513862915,0.148438989920058
670.3727767097374,745.4459400909975,327.885878869197,1743.7045956699317,0.2209501649919257,7.0,6297.079702269883,26381.434225711782,1.0417491432311976,0.9256643587969047,0.9921792880606783,0.1299026250999874,0.9807496081616385,0.9103223230657057,0.12966227708502231
762.519566002372,644.9501204590933,249.26365022227702,1656.7333366837422,0.22196599867751216,7.0,6326.030962309096,26461.669892354526,1.001342559246297,0.9284796453457729,0.9995998350640266,0.25644519731437976,0.9999864413394124,0.01362379322691154,0.48869537814784125
760.225112213243,641.6909513444423,253.24704777334824,1655.1631113310336,0.2220446462821337,7.0,6328.27241904081,26462.202710757494,1.0024766485910828,0.9284983407283331,0.9977194581391055,0.02833822707919248,0.9996422354169263,0.05737390741882298,0.5701838247964224
744.0267457789265,681.8928337418782,252.44651324020805,1678.3660927610129,0.22216391422335685,7.0,6331.67155536567,26433.52372309989,1.007402030888742,0.9274920604596453,0.9857378556659411,0.4503633272950788,0.9889017840301983,0.07740721291095581,0.5967763771913823
817.3644412707721,560.2178519231203,244.05476508484918,1621.6370582787415,0.22471246260782132,6.0,6404.305184322908,26553.60983010514,1.1452296749327908,0.9317056080738645,0.9947565631785659,0.1038674621990403,0.9951351979566911,0.01357133096630081,0.01577293941243696
769.6036134215526,632.920593120302,243.979152008708,1646.5033585505628,0.22181305805620075,7.0,6321.672154601722,26468.681281222118,1.160360262661549,0.9287256589902497,0.9848417827179746,0.1955962256154002,0.9986378717537427,0.003404495090653159,0.5490974238793476
910.3883015701821,519.5028207778975,226.1238109951965,1656.014933343276,0.23786114854831789,6.0,6779.0427336270595,26695.298586902674,1.1172086544282351,0.9366771434000938,0.986144715064463,0.0648053213683995,0.9123447186749286,0.03837923102201002,0.009595772650522194
654.6487885447706,774.0006240576266,299.78557483976857,1728.4349874421657,0.22000873135125992,7.0,6270.248843510908,26317.610054097444,1.0445015888663356,0.9234249141788576,0.9907640229512852,0.3317493124592229,0.9891249659849458,0.5858342287688392,0.662495313680661
784.7717449042358,621.5329395389011,241.7734019826173,1648.0780864257542,0.2216014141152697,7.0,6315.640302285186,26502.805272566875,1.1561874523495084,0.9299229920198904,0.9969825368124682,0.13536100584924904,0.971510722100743,0.051637003169792584,0.5310218753516363
677.2083607754672,721.4541201865691,326.00822852489495,1724.6707094869312,0.22126924705820367,7.0,6306.173541158804,26388.926713620123,1.038489522641185,0.925927253109478,0.9857784785961092,0.05935016925550313,0.9986674782842624,0.8423515474236333,0.022579288089182026
3502.434983630062,177.75176486392144,8.007310885391622,3688.194059379375,0.3065801589487576,4.0,8737.534530039593,27835.064690336894,1.016220485886667,0.9766689365030489,0.9595056612050309,0.0897970542259281,0.02192680408605263,0.03049864338598879,0.8007089045041901
826.8585951831649,569.8813255175319,240.52940198355574,1637.2693226842525,0.22623135545514506,6.0,6447.593630471634,26569.107266431572,1.14224164251362,0.9322493777695289,0.9865858395359,0.13536100584924904,0.971510722100743,0.03804137476474817,0.13323978117642776
813.6761153981715,588.0160185179442,251.731369498998,1653.4235034151138,0.22408331173629678,6.0,6386.3743844844585,26548.535185775014,1.146509133626145,0.9315275503780707,0.9412210206447699,0.19025831914168256,0.9849093855157295,0.12473748014382513,0.07975541851764961
1124.7152534072295,524.6505785735052,254.3343047308864,1903.7001367116209,0.25147373256394456,6.0,7167.001378072419,26801.216023690715,1.0547376778738564,0.9403935446909023,0.1813230970238695,0.04046215735711234,0.984732783985928,0.1536557971401089,0.0099915802877098
809.1455377162443,568.9365444887792,244.007339033233,1622.0894212382566,0.22336132715252482,6.0,6365.797823846958,26538.964736589154,1.1477164992840274,0.9311917451434791,0.9960836248737003,0.1210739034014936,0.999389254310465,0.0017088631855686764,0.07444674708017018
1107.2874239762673,460.35929852922857,191.02868244209336,1758.6754049475892,0.25160770333426813,6.0,7170.819545026641,26927.13560759328,1.0711975443739445,0.9448117757050274,0.9957036405211205,0.10203984845600522,0.7728358684199158,0.026849514181791212,0.06743742163548377
793.7151732732375,604.7693793555832,244.51715333548367,1643.0017059643044,0.221309321546654,7.0,6307.315664079639,26513.543508717852,1.152737127781764,0.9302997722357141,0.9808915258008724,0.10984108286790051,0.9866503433263398,0.041251033484773214,0.3758215617077856
1154.9598498160105,619.7565442070746,217.28032229064024,1991.9967163137255,0.25306632172813176,6.0,7212.390169251755,27021.27796394241,1.0677348742987098,0.9481150162786811,0.9832927103728413,0.11310852551846873,0.5772579352237024,0.8352938371153756,0.941521427935336
1610.7832041820102,498.84293366961367,169.4959227298555,2279.122060581479,0.26377305976503057,5.0,7517.532203303372,27316.775900150547,1.00326668847138,0.958483364917563,0.9884089734207316,0.35716952296549326,0.41725817604290005,0.7397259866162611,0.5481731924581585
698.7761472770787,716.035726333721,273.66351395456104,1688.4753875653607,0.22184487743640868,7.0,6322.579006937647,26373.020206828445,1.0245651527447064,0.925369130064156,0.9877706068340985,0.025244500243936208,0.9992899667428794,0.27784518497125743,0.847735340953215
1381.478137218313,473.8027065485437,192.56474868119602,2047.8455924480527,0.2529868969385058,6.0,7210.126562747415,27167.84216703259,1.033177417135734,0.9532576198958804,0.9886168676007332,0.20045430695290578,0.5945460109199072,0.5190767433523351,0.08218041947800075
1159.1405611634668,448.49375978768825,190.6462767264608,1798.280597677616,0.2528461578158834,6.0,7206.115497752676,26978.41324585328,1.0625919249927023,0.9466109910825713,0.9924779227275575,0.06995950591534589,0.7494195568002464,0.08511371439563586,0.00212096932075001
816.639393780759,579.1457463071948,242.01854837407004,1637.8036884620237,0.22458959340823628,6.0,6400.803412134734,26551.4751001743,1.145344292180139,0.9316307052692736,0.9832867279053659,0.1422666213373408,0.9789312317665578,0.03452817292928889,0.18123576479066084
754.1167790405258,665.2800921480755,247.678555840527,1667.0754270291284,0.22205266584303268,7.0,6328.500976526431,26445.354431526812,1.0037018376499613,0.9279071730360284,0.9950234492639817,0.30727601606489735,0.9936028968354134,0.013602552960693404,0.6423778799888643
1152.6655159741258,490.29104010527635,177.76080559030657,1820.7173616697087,0.252691429861759,6.0,7201.705751060132,26960.422061161655,1.0624755930677838,0.9459797214442686,0.9619146637615321,0.13869783005627884,0.7082378125391857,0.054106877931642205,0.5196867457791816
1219.7087679115534,497.3921990062655,160.87886550934863,1877.9798324271674,0.25351294147156,6.0,7225.1188319394605,27018.509483834358,1.052202221277032,0.948017876625767,0.9848249304737405,0.27450150617078833,0.628601851718008,0.0819673627339308,0.7413381919183852
704.3463662282912,690.6728936894025,298.5858662603931,1693.6051261780867,0.22211528897806662,7.0,6330.285735874899,26415.07445632388,1.02592505045031,0.9268447177657502,0.9874823296920541,0.15644222581977368,0.9981688627345056,0.5488170785186641,0.14296878811669145
794.4656680921889,589.8474271985945,247.3526285949806,1631.665723885764,0.22131612887106927,7.0,6307.509672825474,26519.104816972336,1.1529988339878752,0.9304949058586784,0.9918752570612153,0.24508938046799766,0.9969588774842486,0.04475040971392252,0.10009918864817569
797.5582362379328,591.0407059473195,243.9679350102344,1632.5668771954868,0.22140764209453104,6.0,6310.117799694134,26517.098725540967,1.1511547519227272,0.930424516685648,0.9860842469150201,0.13771239822004067,0.9987449693119651,0.0029963114548079983,0.24879518383525123
804.394039279123,577.6185457234035,254.49496233606698,1636.5075473385934,0.22228505374160407,6.0,6335.124031635716,26547.13271784165,1.1510909388314174,0.9314783409769,0.985884140333307,0.08993329764931846,0.9849895801163583,0.15472682828060724,0.002137637344468424
814.1958677915276,568.5311109094622,245.07982707413808,1627.806805775128,0.22418107477912022,6.0,6389.160631204926,26548.945241899066,1.1462961292116565,0.931541938312248,0.9874806580520323,0.16557383220275984,0.9927791754330805,0.031056920966846147,0.024468286667701455
777.2162515996226,609.3614816917791,255.06096090732828,1641.63869419873,0.2218841063138596,7.0,6323.697029944999,26503.54337485924,1.1603085912289757,0.9299488903459383,0.9954732347473682,0.16218470688056336,0.9874794464025035,0.15427296158598286,0.19406386785214313
711.3139994565365,686.8468312255203,296.6303249907005,1694.7911556727572,0.22226394991532605,7.0,6334.522572586792,26427.46567930476,1.0234679373667799,0.9272794975194654,0.9860519710541396,0.16931589236862032,0.9917093637919184,0.5450150835516635,0.13471436329420283
822.8632591337525,568.2290746029164,239.8028917999603,1630.8952255366291,0.22565375562363363,6.0,6431.132035273558,26558.897737166328,1.1430674229755362,0.9318911486725028,0.9889190894329053,0.1303423660098717,0.9825708947890824,0.0006075789226685502,0.13420409883348677
1571.9096085398667,408.89178306050286,126.08695016789319,2106.8883417682628,0.2612383815549358,5.0,7445.293874315669,27252.553683362068,1.0044226263466856,0.9562299538021778,0.9903041265576342,0.2640942672239173,0.5041630279012718,0.03356471431675295,0.5913500455222321
797.3541820429467,587.0180657163163,257.35127978619516,1641.7235275454582,0.22141266321835343,7.0,6310.2609017230725,26538.836694951606,1.1537725517422712,0.9311872524544423,0.9826206593268794,0.1218293871719669,0.9836781987354926,0.18944042945065565,0.010067680317634053
1323.7051246613469,514.5672276889248,201.80205914952643,2040.0744114997983,0.2514835604387253,6.0,7167.28147250367,26968.889911747105,1.026487098033002,0.9462768390086703,0.1762714770530096,0.8260282238168117,0.7643476425442703,0.16722660512267162,0.20187677713442764
802.7455288299133,580.4467568089734,243.45439811166096,1626.6466837505477,0.22225295867903028,6.0,6334.2093223523625,26529.47832773435,1.149904718413992,0.9308588886924333,0.9984302100559425,0.21445482270710614,0.9954296029966916,0.006224863174516038,0.10664837290605494
811.8301117775746,566.3961305291218,244.86850470414961,1623.094747010846,0.22374368115919616,6.0,6376.69491303709,26547.752334934772,1.1473610424209102,0.9315000819275359,0.9998065584218327,0.1681923742083986,0.9926571752626208,0.029072720656504736,0.0023058919428058933
761.4341266528883,623.9693792438126,270.6719694824357,1656.0754753791366,0.2222363737875709,7.0,6333.736652945771,26489.10801037696,1.0046174732855042,0.9294423863290161,0.9970550615794523,0.14037691235000538,0.9965452461283472,0.25299729508178104,0.06252398074568133
1056.4004397486262,469.60432143269304,200.1921553478029,1726.196916529122,0.24965517460614398,6.0,7115.172476275104,26869.692525068785,1.0804836972050123,0.942796228949782,0.9640715200591846,0.1026625839804739,0.8165871862280782,0.010326578231167227,0.008344439174291896
1090.824116403771,544.878524824177,236.37819444950284,1872.080835677451,0.2511228533490426,6.0,7157.001320447714,26955.419869661742,1.0787126125878215,0.9458042059530436,0.9449052932640419,0.11072545978243375,0.7235683146945461,0.6538527394976348,0.0356683070981324
3523.2514283057253,123.95123642327982,24.543792359118594,3671.7464570881234,0.3099814255798945,4.0,8834.470629026993,27861.65729378036,1.0120809837660147,0.9776020103080828,0.9950387268283268,0.16105609062719184,0.09869339572502811,0.00952641539013166,0.005552332824131367
818.6109112660528,558.5154820987492,244.08052961307416,1621.206922977876,0.22496207866390838,6.0,6411.419241921389,26553.07518071292,1.1445405114984715,0.9316868484460674,0.9889445759282344,0.10598813137890689,0.9994111505381049,0.002450370292640003,0.002712210818103522
818.6109075137275,558.5154827087492,244.08052961307416,1621.206919835551,0.22496207801131418,6.0,6411.419223322454,26553.075176922557,1.1445405129539294,0.9316868483130721,0.9889445859282344,0.10598813137890689,0.9994111505381049,0.002450370292640003,0.002712210818103522
818.6109106572831,558.5154830137492,244.08052961307416,1621.2069232841063,0.22496207856421882,6.0,6411.419239080236,26553.075179739666,1.1445405116935103,0.9316868484119181,0.9889445759282344,0.10598814137890689,0.9994111505381049,0.002450370292640003,0.002712210818103522
818.6109014225824,558.5154869787492,244.08053205307414,1621.2069204544057,0.2249620770519819,6.0,6411.419195981484,26553.075164976155,1.1445405146521568,0.9316868478939002,0.9889445759282344,0.10598813137890689,0.999411160538105,0.002450370292640003,0.002712210818103522
818.6109091759681,558.5154839287493,244.08053052807418,1621.2069236327916,0.2249620783014623,6.0,6411.419231591676,26553.075178560644,1.1445405123043433,0.9316868483705489,0.9889445759282344,0.10598813137890689,0.9994111505381049,0.0024503802926400028,0.002712210818103522
818.610910421418,558.5154833187491,244.08052961307416,1621.2069233532413,0.22496207852528394,6.0,6411.419237970592,26553.075179307114,1.144540511762325,0.9316868483967409,0.9889445759282344,0.10598813137890689,0.9994111505381049,0.002450370292640003,0.002712220818103522
821.0604036855026,549.0,244.0,1614.0604036855025,0.2253248582446571,6.0,6421.758459972727,26559.14482424102,1.1440048344250777,0.9318998183944217,1.0,0.0,1.0,0.0,0.0
821.0604074395841,548.99999939,244.0,1614.060406829584,0.2253248588932201,6.0,6421.7584784567725,26559.14482801754,1.1440048329728756,0.9318998185269312,0.99999999,0.0,1.0,0.0,0.0
821.0604030779817,549.000000915,244.0,1614.0604039929817,0.2253248581458314,6.0,6421.758457156195,26559.144823273742,1.1440048346192269,0.9318998183604822,1.0,1e-08,1.0,0.0,0.0
821.0604138464105,548.99999512,243.99999756,1614.0604065264106,0.22532485989753673,6.0,6421.758507079797,26559.144840418754,1.1440048311779225,0.9318998189620615,1.0,0.0,0.99999999,0.0,0.0
821.0604015981799,549.0000018300001,244.00000091500002,1614.0604043431802,0.22532485788509357,6.0,6421.758449725166,26559.144822100643,1.14400483522773,0.9318998183193208,1.0,0.0,1.0,1e-08,0.0
821.0604028314851,549.00000122,244.0,1614.060404051485,0.22532485810542832,6.0,6421.758456004707,26559.144822825427,1.1440048346912277,0.9318998183447518,1.0,0.0,1.0,0.0,1e-08
