A,C,D,J,peak_I_norm,peak_I_day,peak_I,final_R,final_Q,attack_rate,mask_u,vent_u,online_u,club_u,disinfect_u,vax_cov_scale,q_scale
0.07276473413173869,36.83007889238153,8.0467058140799,44.94954944059317,0.0009437051800539712,79.0,26.895597631538177,1774.6177612101997,0.8398227179082618,0.06226728986702455,0.6120510707371107,0.8576594672927813,0.2129797241529658,0.32370603763845573,0.0912496911290025,1.7811459692892118,4.943716545814287
0.0017920136886604063,79.64194876344371,14.163080845615326,93.80682162274769,0.0002105263157894737,0.0,6.0,27.26876785549383,0.9206095492012465,0.0009567988721225905,0.77690456889682,0.9862294262039623,0.6692651498396232,0.9397725849763058,0.9521319022177901,2.1956417145653955,8.268457146329677
0.0027081931104396746,53.907913535964184,10.11230571652266,64.02292744559728,0.0002105263157894737,0.0,6.0,49.18816969062419,0.8086451330142898,0.0017259006908990945,0.44462505433786204,0.9425718168507741,0.23109675404198904,0.7418748033670014,0.7978647668455826,2.2932783859821964,6.111285193511161
0.0028562170934886997,81.98001947446777,14.709965065887543,96.6928407574488,0.0002105263157894737,0.0,6.0,53.0824186811776,0.8060418759346333,0.0018625410063571087,0.9311933318411474,0.7959680033714807,0.5176666051856796,0.5749912510833173,0.4890377248852348,1.447641118792278,8.978733014251704
0.002526112095222273,61.7207516223045,11.031951984896198,72.75522971929593,0.0002105263157894737,0.0,6.0,44.21377758586762,0.862992293168082,0.0015513606170479866,0.661833731500067,0.2368459938420271,0.9351222948922641,0.14619913551236197,0.6318938562932697,2.8482146387310436,6.338056064260892
1.7700360832503543,2.243592527730143,1.9511744942810025,5.9648031052615,0.1513987265435281,35.0,4314.863706490551,25238.00072274504,1.079201658518204,0.8855438850085979,0.34738769846889594,0.05672425749135579,0.18174799072280645,0.24080877548703394,0.8117914215885188,0.11741893714861895,0.43482910939817554
0.0025914463116592846,71.93711831089115,10.306549189153461,82.24625894635626,0.0002105263157894737,0.0,6.0,46.438087341593125,0.7937364343488501,0.0016294065733892325,0.19566171964396767,0.5178262794707337,0.544507000909505,0.16663305057610556,0.32467135163266975,4.4735722746126,6.234223324462444
0.3863298691022822,52.60584322053009,11.554947292934784,64.54712038256716,0.008435835619291305,72.0,240.42131514980218,9172.753194955505,1.0277370701004087,0.3218509892966844,0.5469245726048276,0.7488372614398626,0.03649406838594049,0.8449003125023805,0.42396655248018367,0.24762292883764525,7.013578456794915
0.011190258766690877,11.680475258712704,4.3057557948726535,15.99742131235205,0.0002105263157894737,0.0,6.0,260.1328509420743,0.7601176485396499,0.00912746845410787,0.723088081428916,0.4852318844591883,0.6869213316974788,0.009962400415133743,0.620897133794193,1.1942473539964955,2.171766194970747
0.0029676979984764504,107.02220722532195,15.423670105076969,122.44884502839739,0.0002105263157894737,0.0,6.0,56.1721643393966,0.7894241223385066,0.00197095313471567,0.9644050391206705,0.4124937434405352,0.44853683134035627,0.7135146723259618,0.04039473102846547,3.8913835402946093,9.449776998560008
0.010775498863664244,13.886439599665893,3.5401967882685463,17.437411886798103,0.0002105263157894737,0.0,6.0,249.43430944953496,0.7625031893373165,0.008752081033317016,0.3788408337198064,0.6128950449132516,0.5058938795610526,0.2099958161972964,0.7592540481791742,1.8638904762901083,1.7360445861018814
0.031849932947115044,16.18719820438635,5.779412152577435,21.9984602899109,0.0003740287457716093,69.0,10.659819254490865,766.835546047409,0.8672055123717282,0.026906510387628386,0.22452700270227133,0.9104945870276452,0.2586200423960364,0.7874068368173863,0.6876772561433971,0.31217569328820494,3.158248706565128
0.011780381289763957,40.699466863364464,5.231803623243093,45.94305086789732,0.0002105263157894737,0.0,6.0,275.42285737068397,0.7638924442504424,0.009663959907743297,0.3894637216560409,0.5450516199313151,0.19115744608709262,0.7224632930576265,0.2394074218547887,4.407008627427045,2.9045098567632217
0.003522076033666543,39.42784986808866,9.420707167540455,48.85207911166278,0.0002105263157894737,0.0,6.0,70.31458555439778,0.7633455577999885,0.0024671784405051853,0.6162078886916164,0.37594184359758276,0.7793284723607556,0.6470982353510183,0.5864565980923586,1.626331963708404,5.152365550993596
0.003790265627544997,86.34976874533251,16.067031155324916,102.42059016628497,0.0002105263157894737,0.0,6.0,77.55315778407626,0.7802040571526934,0.00272116343102022,0.5910516305494224,0.9230901281418219,0.7371370491646088,0.6664655334365729,0.0809973427811787,0.38836799420516677,9.61495780053726
0.005622459049805595,22.292550573267533,3.855702480061671,26.15387551237901,0.0002105263157894737,0.0,6.0,122.38710132542062,0.7252217150894349,0.004294284257032302,0.3577844374198904,0.2798702213068774,0.9027577355838415,0.8254470576490216,0.3678372574208136,3.323765876861838,1.2236051580687413
0.0029299224448820827,29.840236378718114,5.152411239525862,34.995577540688856,0.0002105263157894737,0.0,6.0,54.606800015731906,0.7606640713990618,0.0019160280707274354,0.04792179954471243,0.9471620376073531,0.3713196509150834,0.6265367449160365,0.7302819084071589,3.0989349640071677,2.7261042857032054
0.0049023527129829995,11.402621139564939,4.651132968220501,16.058656460498423,0.0002105263157894737,0.0,6.0,105.4544991061658,0.7199609212849268,0.0037001578633742383,0.6323780473928692,0.8405270939951562,0.47994346504620533,0.5053454863343884,0.8657989311092532,0.6050783004387952,2.347441862825015
0.01210420710277505,33.33119066187014,5.771493084778533,39.114787953751446,0.0002105263157894737,0.0,6.0,283.4285120708313,0.7855413451227043,0.009944860072660747,0.9022173284634442,0.5306596177741814,0.3291058936596597,0.11124177682145908,0.1737324539861943,2.886875887550228,3.4520868310831454
0.0024266600209946632,43.393088818841136,7.642845677857081,51.03836115671921,0.0002105263157894737,0.0,6.0,41.51306211911276,0.8644362666667453,0.0014565986708460618,0.7610076420130025,0.2512013995558962,0.9804947016774037,0.07467013355786978,0.6564122560959333,3.279739144252727,4.071534455171763
0.053196576253933835,22.438162538987036,2.507146327773552,24.998505443014523,0.0008238403927431073,80.0,23.47945119317856,1277.6521324148816,0.7831108390206043,0.0448298993829783,0.10199646405156154,0.3990973307219111,0.8001757526555514,0.02948310365863105,0.13291357282946586,3.608759412536652,0.8332397422939772
0.0021859044936531763,42.426124846747214,5.053168537281047,47.48147928852191,0.0002105263157894737,0.0,6.0,35.28219339128789,0.8868824976560848,0.001237971697939926,0.9563717779079728,0.2207051643163398,0.5403523455779478,0.611457512575337,0.9101414956754472,4.683743796425617,2.49914154560636
0.0027037300361798483,71.73997816943637,12.192266064639206,83.93494796411176,0.0002105263157894737,0.0,6.0,48.83967349493989,0.8396241975993266,0.0017136727542084171,0.8084036857138459,0.17271496943965203,0.6743200656160816,0.28512227447487776,0.8158655487285159,2.7267601050668464,7.298244144558681
0.028091389823456683,37.152879831517346,8.770938996194054,45.95191021753486,0.00030905725469778126,66.0,8.808131758886766,676.2899096986398,0.8725059634912162,0.023729470515741747,0.8556719056985232,0.6819270451758612,0.11628281425896653,0.5249430611463349,0.5259509823346272,1.1039840207024008,5.436197418946739
0.004603254851931563,37.94395675457458,7.520481420245906,45.469041429672416,0.0002105263157894737,0.0,6.0,98.47607676000227,0.7409198810709016,0.003455300938947448,0.16659880735324134,0.872246170573618,0.30030874399829044,0.7593944521232142,0.5306267418995878,2.5789484342752944,4.304436821651044
0.01778095989955604,16.670701632742883,6.332855496450635,23.021338089093074,0.0002105263157894737,0.0,6.0,421.861528477687,0.8345197265388958,0.01480215889395393,0.29266654758340227,0.10285583146393013,0.6216317552884344,0.9588459646599677,0.9244225469300088,0.734384563715857,3.079148020505578
0.0032477287379974857,38.93321292697965,5.696411745324375,44.63287240104202,0.0002105263157894737,0.0,6.0,62.73941877017447,0.7846974802991008,0.0022013831147429637,0.3158367963019349,0.3062701637186435,0.38245732045872843,0.01958282891760832,0.9889370409743458,3.497062874707791,3.4011787817234715
0.0017548356180182877,54.73692705621243,8.212578172106348,62.95126006393679,0.0002105263157894737,0.0,6.0,26.048224075775238,0.9423584775397976,0.0009139727745886048,0.3074381771781648,0.5931964706959663,0.7993027808571977,0.85788082738592,0.8539538277241746,4.583794846173036,4.215189990231519
0.003994466386733872,72.9040142506069,14.291599220650362,87.199607937644,0.0002105263157894737,0.0,6.0,82.84647239663823,0.7730493107478856,0.002906893768303096,0.3416573120733944,0.8885968872959865,0.7616348568600608,0.2938818293196582,0.333870318340892,0.18797602850871886,8.605507545803912
0.007586235425462679,29.136391517107665,5.113431288322406,34.257409040855535,0.0002105263157894737,0.0,6.0,172.3747795773005,0.739811575509606,0.006048237879905281,0.4163413928935893,0.6305681201564851,0.5627661493833147,0.35021510184616733,0.027525214126408626,3.169107986436795,2.6544373056714847
0.0059061582986905375,89.8748479897167,14.573639017797596,104.45439316581297,0.0002105263157894737,0.0,6.0,131.5637363014136,0.7600227965528545,0.004616271449172407,0.13949998367737182,0.06690069933203507,0.38915672250008115,0.44005892180260375,0.9376629763158253,2.2616331580545417,9.08736337228244
0.8858603576049016,4.495388394751219,2.552243372184551,7.933492124540672,0.053090376640408894,63.0,1513.0757342516536,17842.621197889614,0.9608692429151466,0.6260568841364776,0.7399892102358866,0.7818526529811053,0.8828709121948811,0.8064902565977392,0.3465137870081086,1.2172581552758492,0.10873424314147861
0.002860715209865368,59.53229031572075,8.098639548637216,67.63379057956783,0.0002105263157894737,0.0,6.0,52.78468249000803,0.8208616275585329,0.001852094122456422,0.8665181291332498,0.016115909038222076,0.4028062095102082,0.7524461630472656,0.43879153042308283,4.872687751906925,4.591477085294844
0.0039069073160490535,56.433439381233136,8.481035684525462,64.91838197307464,0.0002105263157894737,0.0,6.0,80.42871679097276,0.7610089942144099,0.0028220602382797457,0.8862878757078152,0.03181769602549683,0.4975632659268962,0.05397690710105374,0.3975873238874986,3.852580533098267,5.123927233107475
0.0051226988773006065,39.09571714297153,3.4156205664503285,42.51646040829916,0.0002105263157894737,0.0,6.0,110.81995048822769,0.7539239664830206,0.00388841931537641,0.27638385435049767,0.48727348566808193,0.10010517528215723,0.11592185819337103,0.7476233965475463,4.805576824698661,2.1112501291379706
0.003588944535795374,104.40709006016559,14.081458379399164,118.49213738410054,0.0002105263157894737,0.0,6.0,72.57827760249113,0.7804290924253736,0.0025466062316663552,0.6755450802026065,0.9629147770105823,0.012265684570162583,0.40443319532714417,0.2271800342363406,4.142645332702683,9.155960143689171
0.0023152021022464966,69.53388532419851,11.56325979885418,81.09946032515494,0.0002105263157894737,0.0,6.0,39.20213797655329,0.8579954058468959,0.001375513613212396,0.5370633380536636,0.14869326633892332,0.753918877373455,0.5431592573762348,0.8824586914157769,3.366578774092967,6.661845375609659
0.009784843134006625,34.422148340903156,2.4513810118217383,36.8833141958589,0.0002105263157894737,0.0,6.0,224.29213505512155,0.7357823073342667,0.0078698994756183,0.9150642902141614,0.323889144186283,0.2521406657364974,0.49709738697607375,0.37676653898391016,4.969461280937294,1.1115327187174238
0.279553166827978,28.284345116988664,2.404089773357793,30.967988057174434,0.0063642193671314485,83.0,181.38025196324628,6662.976482222501,0.8776772211954192,0.2337886484990351,0.120841653936262,0.25920748841237207,0.27175434101470997,0.4847574745942887,0.5060840298053358,4.342962986489958,0.9546422148535685
0.0028828915439177666,52.95422424413597,9.988896093629883,62.946003229309774,0.0002105263157894737,0.0,6.0,53.70295050781669,0.7889563014425722,0.0018843140529058488,0.7522551897862932,0.6219438290849661,0.5871667414700531,0.36988110380364164,0.46619964445258694,2.4664835421856464,5.871301877368555
0.0032439495060569705,44.27492003943373,8.88809714899882,53.166261137938605,0.0002105263157894737,0.0,6.0,62.93084666223756,0.7760227538894594,0.0022080998828855284,0.9902434415902462,0.19208794679391472,0.8274063127930793,0.9924876096441453,0.06179750511625931,2.9946315620727186,4.5650890367209955
0.007719597387330866,69.4911683911241,13.884318466041188,83.38320645455264,0.0002105263157894737,0.0,6.0,176.3456089535014,0.797587778465659,0.0061875652264386455,0.5123962707682287,0.292724385633636,0.6526534763636563,0.561685587099315,0.6111353934395904,0.645058416754853,8.298634389569163
0.002411759320759933,30.611515100869845,4.258469211504476,34.87239607169508,0.0002105263157894737,0.0,6.0,40.59745963311409,0.7891447295023745,0.0014244722678285646,0.02551520436109933,0.6482780582818132,0.8572204262018386,0.9528539420655581,0.5436485058452036,4.189294643968485,1.4705133939666695
0.002977200563776493,104.77279331669331,14.616851285867268,119.39262180312436,0.0002105263157894737,0.0,6.0,56.65240072171174,0.7714490662192746,0.001987803534095149,0.0593469927438221,0.5740214058513788,0.45749799273408936,0.8428443532924891,0.001345390684109271,4.781471029263965,8.833997174093627
0.01167358250853321,78.29000944116267,10.618827558785359,88.92051058245656,0.0002105263157894737,0.0,6.0,273.8550716628232,0.7957472354561255,0.009608949882906077,0.25181869772432064,0.3564699913581392,0.21817487945493086,0.09721091939281146,0.20379814230656457,4.570014627492763,6.802054248648846
0.005889123090665462,56.273401063917824,10.699554407259793,66.97884459426828,0.0002105263157894737,0.0,6.0,130.9420901187602,0.7719584498149963,0.004594459302412639,0.6475356509201792,0.5668673503828501,0.15504861533240233,0.8929218712884712,0.7036197621977026,2.0801308931877522,6.497272918328582
0.00282538336687081,36.200986993910966,7.566263417573175,43.77007579485101,0.0002105263157894737,0.0,6.0,52.02844090853771,0.7763539432910597,0.00182555933012413,0.4774159188473758,0.43687309441744143,0.9916914292022408,0.3118041703456337,0.2783186205277557,2.708640748034818,3.882752615451105
0.004497430837303466,99.93142812938635,15.502386042419564,115.43831160264321,0.0002105263157894737,0.0,6.0,95.9830749781168,0.7715385846707359,0.0033678271922146247,0.5655877688015853,0.7111803443518506,0.4175665147142693,0.21566272803076425,0.2595798995505269,2.3905272572539493,9.79832946405843
0.056153888652861646,12.140779707422414,3.6624756864831465,15.859409282558422,0.0008098117700243718,79.0,23.079635445694596,1355.6248708967394,0.7999451739531264,0.04756578494374524,0.43848946336632694,0.12241058851361275,0.8300917075981625,0.4471564098825848,0.4829194416516139,1.9395203083303207,1.3481024841760512
0.0030546704188758093,82.08253911581983,11.868437869975567,93.95403165621427,0.0002105263157894737,0.0,6.0,58.34133863019828,0.7783388542118057,0.0020470645133402903,0.17175302961619798,0.09017666630545773,0.31830333976912867,0.6345269909799269,0.8380812105158076,4.228443159086636,7.251989055715226
0.0034429771268736334,80.40950160460855,12.20164906815439,92.61459364988983,0.0002105263157894737,0.0,6.0,68.69095379301297,0.7667356567541413,0.002410208905017999,0.09571807288574641,0.8432714214743495,0.0782243560889419,0.784801999811978,0.6837245581189413,3.5421482782398788,7.633986291028393
0.9119583658059818,2.8619411028558166,2.5337269851378355,6.307626453799633,0.05219942205874935,58.0,1487.6835286743565,18486.97407261848,1.0402058127387406,0.6486657569339818,0.7084811714923764,0.36335852942861485,0.8874989097043663,0.07096442474906017,0.41110578340344534,0.5503689556161668,0.39401253429791083
0.09146603284471198,93.34172265804757,16.26036209978332,109.6935507906756,0.0011906952463333364,80.0,33.93481452050009,2235.79062119747,0.8833213549483565,0.07844879372622703,0.1459226381831361,0.07328459293336387,0.6353982467717678,0.4161688888255217,0.16294838373485815,1.3517942941697711,9.937967414347415
0.0032314957755473824,29.91615637634195,7.395058987662174,37.31444685977967,0.0002105263157894737,0.0,6.0,62.54324736787919,0.7705148236190035,0.0021944999076448837,0.20168579860172164,0.696081651832449,0.9639166961354659,0.2655377796025387,0.10949786937988615,2.069416173290069,3.820969944478432
0.21450691517405268,88.89108112274371,12.766610452108862,101.87219849002663,0.0035459774958180334,79.0,101.06035863081395,5209.110655985682,0.9243491066729675,0.18277581249072566,0.23294223748786647,0.16510045931916112,0.05561601601888855,0.5330047810560582,0.2924784200150993,4.021097073238863,8.065506868828365
0.3233873435550971,51.83652815811347,11.10997856419661,63.269894065865174,0.006430905455189567,75.0,183.28080547290267,7746.922891443262,0.9836622597850646,0.2718218558401145,0.01105651497937088,0.7623456002538864,0.1683414029872345,0.19002160127354106,0.4498369149335933,0.9544151864680994,6.9715548822978715
0.0022576685372443766,55.04726579171479,8.614795387392164,63.6643188476442,0.0002105263157894737,0.0,6.0,37.71169005118983,0.857779500902016,0.0013232171947785904,0.7998090220703474,0.4561080364429501,0.4314253664522865,0.9038679821616828,0.720942645042589,3.974076705999372,4.826394778464598
0.006046255381251742,63.3633736376873,12.250061916201242,75.6194818092698,0.0002105263157894737,0.0,6.0,134.84694545508563,0.7773961457025175,0.0047314717703538815,0.8326272633980576,0.3318601998699269,0.2991118064996426,0.1780268175750198,0.9772683301346957,0.8438585989047167,7.768051353354402
0.0024463145233191855,55.61739050179304,8.999380436213874,64.61921725253023,0.0002105263157894737,0.0,6.0,42.39079331166724,0.850777655898705,0.0014873962565497276,0.4085626113074406,0.9801569649576661,0.6139938668655227,0.13656010229636306,0.04563769582645666,3.651221683278579,5.3093616746764685
0.0021579007294093176,61.849720089325686,10.089599193646642,71.94147718370174,0.0002105263157894737,0.0,6.0,35.434088356048754,0.8669463656898765,0.0012433013458262722,0.5720496437430399,0.4703544061330289,0.711358783414044,0.5976208364826937,0.5795890378820395,3.778454753382967,5.693018803831745
0.0030521792736842796,72.89509273334798,12.614006084438735,85.51215099706039,0.0002105263157894737,0.0,6.0,58.318981416966864,0.7644544814824511,0.0020462800497181356,0.8835629834703296,0.21374139520785018,0.34701311197343027,0.9773115842369368,0.8963598304046977,2.546566501827141,7.537504592438665
1.767737504620386,6.6981697299885745,1.5854182239398253,10.051325458548787,0.15220809272331037,36.0,4337.930642614346,25147.10469474586,1.019780850991288,0.8823545506928372,0.6870727964032848,0.7167327329156112,0.09760371144850288,0.38088087518811087,0.12383432802557814,1.7021278387951724,0.2603945161815471
0.0020342968140328026,89.4749259871356,14.077218753624358,103.55417903757399,0.0002105263157894737,0.0,6.0,32.4793676722973,0.9286954099672562,0.0011396269358700808,0.9775414744811621,0.8098013766443635,0.5748106410157771,0.46507425774752603,0.5643503748146033,3.04589166257111,8.558662603875842
0.9313801576721153,22.960061063436697,7.093586075898361,30.985027297007175,0.045725193970990036,48.0,1303.168028173216,19328.096020856672,1.0465605119337769,0.6781788077493569,0.07413530512977551,0.7356021887939347,0.020719799112793813,0.884682791859604,0.14369003916698664,1.5100177920713294,3.6990638056711234
0.003689176562761746,66.96729836847268,13.749094057239398,80.72008160227485,0.0002105263157894737,0.0,6.0,74.8197793054232,0.7749718289219891,0.0026252554142253753,0.46123494609831506,0.4144848041101171,0.9148907221654309,0.6990848546100089,0.19471832275884127,1.4130525162321632,7.874560239762158
0.14221028134255834,5.646338735621928,3.879976752179697,9.668525769144184,0.002400916423933151,84.0,68.4261180820948,3445.8493084735424,0.9267839094226986,0.12090699327977342,0.48596909691395695,0.664791925569,0.7223564373067491,0.38746797046302117,0.3128022967405681,0.06968731083119684,1.595281845701101
1.1672979471966698,13.076087976582425,4.0824966830820095,18.325882606861104,0.07524392805995507,42.0,2144.4519497087194,22043.307936740734,1.043501485164843,0.7734494012891485,0.5207699554582328,0.13763883314286557,0.06778231651296884,0.3364978924198783,0.24879724860243724,1.8493423207770376,1.8696642741880143
0.3734499955527025,2.6416205705969027,3.1976532708216494,6.2127238369712545,0.010381103840390527,80.0,295.86145945113003,8734.981328258542,0.9334555459503514,0.30649057292135234,0.034905917126104746,0.5086158165334104,0.8462975436863021,0.9269163673052402,0.6686341689706725,0.4491662931378744,0.6385079730394008
0.002222715614275858,41.47895471799474,10.558742893273779,52.03992032688279,0.0002105263157894737,0.0,6.0,36.85512219762491,0.8738251296865029,0.0012931621823728038,0.8206044875295413,0.8185989627348927,0.9511145316543934,0.6813542589831213,0.782575735627277,1.069226884096266,5.721322017132513
0.19428206302350673,82.5686835641578,14.503148121387186,97.26611374856849,0.003086955442760011,80.0,87.97823011866032,4727.128256368977,0.8920390126159282,0.1658641493462799,0.2618551601761826,0.006269691996457882,0.13647970572368562,0.24406349030199842,0.9590584944267537,0.8929317696502403,9.306447179237864
0.0027945764429529595,19.5614705653969,6.089009482611208,25.653274624451058,0.0002105263157894737,0.0,6.0,50.896954455809,0.7893402423378258,0.0017858580510810176,0.4029114435943719,0.7535045630002579,0.88103605191787,0.30575823219644405,0.8117914215885188,1.3905667843574392,3.011842373997097
0.006160264449735454,78.28530694156976,13.749533569497661,92.04100077551715,0.0002105263157894737,0.0,6.0,137.70611698822512,0.7883360033614238,0.0048317935785342145,0.6503227060607621,0.1984476532227495,0.4979602393961804,0.7411545047808453,0.46558060553142805,2.1956417145653955,8.268457146329677
0.00992830514183341,13.545947496895707,3.123039100943596,16.678914902981138,0.0002105263157894737,0.0,6.0,227.46441006049147,0.7497864924651096,0.00798120737054356,0.9050559594749624,0.6599513011292788,0.5996953567159904,0.7418748033670014,0.4727839727589982,2.2932783859821964,1.0811384983659371
0.0036434349254799263,31.306533987253644,8.10720235988278,39.4173797820619,0.0002105263157894737,0.0,6.0,73.51548408188137,0.7482360556852033,0.002579490669539697,0.9343560280846523,0.5259476336434367,0.7516023716129302,0.40571619926086266,0.44394288639597634,1.447641118792278,4.433169614265635
0.006403627480829809,8.06753297403046,4.249105252405646,12.323041853916937,0.0002105263157894737,0.0,6.0,142.4034899584071,0.7328627259868257,0.004996613682751127,0.2078911489613693,0.6861629156151504,0.9351222948922641,0.20357986876579448,0.9166116167084242,0.24090397298630117,1.7847012895306085
0.4812877808905609,5.859926072118371,3.976390169890275,10.317604022899207,0.0137363621096742,70.0,391.4863201257147,11152.991318773315,0.9544909163847022,0.39133302872888825,0.4788661204663629,0.5798793659399973,0.5137650666763336,0.273815278621876,0.0912496911290025,0.8814568251106509,1.7534651145392188
0.23325457086256607,48.567743357423936,10.034508516194622,58.83550644448112,0.004042787867786608,79.0,115.21945423191832,5645.198332977745,0.9804234719272028,0.1980771344904472,0.6320515372388257,0.4870160886839827,0.28627076347674174,0.10136188167880178,0.10181117068045475,1.601986017986539,6.234223324462444
0.049312798235988296,16.447941594043673,5.407240264811565,21.904494657091227,0.0006215755363270188,76.0,17.714902785320035,1195.9483403714091,0.8191592554658141,0.04196309966215471,0.3785927875597309,0.5166918241579724,0.22215187484014837,0.4608262768480993,0.940850957140028,0.4731988412469432,3.113070219030383
0.8765794621904494,3.6605141749429775,3.1340405958911974,7.671134233024624,0.04486723639551101,55.0,1278.7162372720638,18224.318600378832,1.0356642554037774,0.6394497754518889,0.5721175791887398,0.3037966184099441,0.1910903835650724,0.8743342563348132,0.620897133794193,1.1942473539964955,1.001088605148308
0.0024437854918196995,107.64748567537576,15.423474108698114,123.0734035695657,0.0002105263157894737,0.0,6.0,42.61881494543062,0.8403091585035719,0.0014953970156291446,0.9644050391206705,0.42989443175868547,0.44853683134035627,0.7135146723259618,0.3530339560553747,3.8913835402946093,9.449776998560008
0.00453186505340292,53.239157331807384,7.215408022398405,60.45909721925919,0.0002105263157894737,0.0,6.0,96.65418954463809,0.7562090987442283,0.003391375071741687,0.43475974680904617,0.6128950449132516,0.22864560266211464,0.7219067795126763,0.16887304161271477,4.683348459325633,4.192743574174344
0.22209116919177857,8.465806783023925,4.359039375517383,13.046937327733087,0.004133534510250318,82.0,117.80573354213406,5362.994570401746,0.8754278038216651,0.1881752480842718,0.22452700270227133,0.9104945870276452,0.30833320395284425,0.6647101848292968,0.42343390897290695,0.6363809916451961,2.1418238694573306
0.003001658922068069,37.59545564299392,4.644059091340643,42.24251639325663,0.0002105263157894737,0.0,6.0,56.44962475743265,0.7527181516878744,0.001980688587980093,0.3894637216560409,0.7553807164205905,0.5330700544114962,0.26759915647922533,0.17674161343949202,4.407008627427045,2.416911824423569
0.003921022771425735,26.00972834980815,6.033549174138791,32.04719854671836,0.0002105263157894737,0.0,6.0,80.44192514095667,0.7335057591265555,0.0028225236891563743,0.6162078886916164,0.18537527280248567,0.7793284723607556,0.6470982353510183,0.7292943583936142,2.319140552314381,2.8942970750806496
0.0040340827404289304,64.89288800009282,13.452974201359138,78.3498962841924,0.0002105263157894737,0.0,6.0,83.9102385865898,0.7516608877061225,0.0029442188977750806,0.5676369012689484,0.34609669272330257,0.7371370491646088,0.6557566003672594,0.8689942352208112,0.38836799420516677,7.877928506388727
0.0024671752810940823,77.73532819437,10.575859235118795,88.3136546047699,0.0002105263157894737,0.0,6.0,42.83707543598305,0.8660569639482332,0.0015030552784555456,0.3577844374198904,0.06963142991905258,0.277972098095552,0.8024776758564388,0.8636338874738253,4.949115346024367,6.341161844254904
0.6833726962441568,12.941201013605175,5.521491931625043,19.146065641474372,0.025112096739726416,59.0,715.6947570822028,15170.888089788134,1.0266920383156977,0.5323118627995836,0.36955508625948985,0.07185033548623432,0.3713196509150834,0.3869443210139917,0.5156874385219721,0.6000461941850699,2.7261042857032054
0.10893656392678255,19.255565483041703,5.843679140007519,25.208181186976006,0.001585535577721119,82.0,45.18776396505189,2654.153456002646,0.8858547091036373,0.09312819143868933,0.6323780473928692,0.4083230226329888,0.1304472196720135,0.710466490778509,0.7491741573155329,1.1695804909122427,3.3354992647835537
0.6227710323597707,67.7642109868693,13.864746171188061,82.25172819041713,0.019688246756445326,59.0,561.1150325586918,14081.686752830268,1.1265822778987395,0.4940942720291322,0.6160577255201454,0.012541285417991821,0.1590292343845765,0.8926678984529645,0.41393031905460087,0.8833349066358083,8.24415542683493
0.0021676091258230343,59.53439330283131,9.873113814585247,69.40967472654238,0.0002105263157894737,0.0,6.0,35.59800932765457,0.8826007556873919,0.0012490529588650727,0.33504687750513473,0.8456994006469721,0.4386691963791627,0.49658480272830163,0.8027456315036386,3.279739144252727,5.875253077754619
0.02357094069280833,4.827188556963264,3.6882928316277908,8.539052329283864,0.00029959305872062186,64.0,8.538402173537722,560.1011462346053,0.7997635739588341,0.019652671797705447,0.28717173822201014,0.6122831329479511,0.8001757526555514,0.6338031013696124,0.7956373222287085,0.2501384498331398,1.3092131214649907
0.022464151915167693,46.702273100187355,10.5146901162124,57.23942736831492,0.0002386751366380294,60.0,6.802241394183838,538.663143919952,0.8186142642227441,0.018900461190173752,0.22998986212779143,0.5332498098317082,0.5403523455779478,0.611457512575337,0.17791248829614448,1.4901059881746885,6.131094189941395
0.006731447377521858,23.597566505944467,5.417345509139452,29.02164346246144,0.0002105263157894737,0.0,6.0,150.9923276762716,0.747034464167961,0.00529797640969374,0.2874944088736746,0.04020088893124102,0.6743200656160816,0.7842614490845939,0.8158655487285159,2.3989029601093264,2.514362012373617
0.005239425897893685,39.79258007046465,7.664922165059664,47.46274166142221,0.0002105263157894737,0.0,6.0,114.40813152144798,0.7682894528340287,0.004014320404261333,0.3690544989689034,0.6819270451758612,0.35516488699387183,0.4239698185242715,0.5259509823346272,2.530381869833774,4.52450234834758
0.0037587304030460428,73.06398792157276,13.968822545636774,87.03656919761258,0.0002105263157894737,0.0,6.0,76.86610771643977,0.7570486573270714,0.00269705641110315,0.0700763176351078,0.872246170573618,0.30030874399829044,0.7593944521232142,0.9090654067524773,0.7603160598629186,8.603458907817833
0.05893853525119477,16.275338782842496,5.462424854480233,21.796702172573923,0.0007665633245881519,78.0,21.84705475076233,1431.2622695799837,0.8694453718957731,0.05021972875719241,0.21082173477849808,0.3067356215284682,0.46277134122179153,0.13409843642800234,0.88680883893225,0.6929027572123143,3.079148020505578
0.22420198339149208,10.823890212704217,5.278611505575131,16.32670370167084,0.004114556929037698,81.0,117.26487247757439,5417.36798798154,0.8798147077092283,0.1900830872975979,0.7415836871438155,0.7622513483035116,0.38245732045872843,0.9871863320416938,0.0448803224762766,0.6907228049634762,2.5062628982817587
0.009194959932041424,26.376183280337937,7.46913423596784,33.85451247623782,0.0002105263157894737,0.0,6.0,212.14210942863133,0.8020336586690847,0.007443582786969521,0.538357752809168,0.6415472033408566,0.4898601274858483,0.5034050537259743,0.47300480205061807,1.1630946811603669,4.215189990231519
2.2580760669336253,1.1761482923028543,1.685293695239777,5.119518054476257,0.1942868946673858,30.0,5537.176498020495,26416.487282159153,1.0841477796112446,0.9268942906020755,0.3416573120733944,0.6103462187531435,0.11116689569845067,0.35830270691680755,0.333870318340892,0.18797602850871886,0.28851156166302605
0.011978900901400349,22.79471478003446,2.089855835822788,24.89654951675865,0.0002105263157894737,0.0,6.0,275.03675250685,0.7289541481911601,0.009650412368661404,0.17181308512503712,0.5326674449653426,0.6783106084017082,0.22586006664348163,0.8844433967864339,3.4795686235917493,0.5886253463608861
0.0239621967666065,102.2672418229518,14.195701500501029,116.48690552021944,0.00025085047524418184,62.0,7.149238544459182,576.0058460891204,0.8483722517308767,0.02021073144172352,0.13949998367737182,0.0056806682327560365,0.38915672250008115,0.07508208071508182,0.16543290192956028,4.115338082842074,9.021496684090012
1.143127173637622,8.196223971215261,1.2589496052183198,10.598300750071202,0.08264114690223279,53.0,2355.2726867136344,20928.50498130825,1.0021947195108256,0.734333508116079,0.7456479912378577,0.8527673686843553,0.3240177258695767,0.11747892871651111,0.6547048119626631,1.706892470905964,0.10873424314147861
0.0030443812049790325,58.62291998065686,7.77862702835695,66.40459139021878,0.0002105263157894737,0.0,6.0,57.84603914424282,0.7762596319481542,0.00202968558400852,0.841645820709735,0.016115909038222076,0.4028062095102082,0.5202351644904659,0.4013897574863985,4.872687751906925,4.501975707082709
0.003113101322997119,43.59903092177068,9.316690213445774,52.918834236539446,0.0002105263157894737,0.0,6.0,59.574309745815775,0.7835760010985092,0.002090326657747922,0.11791602223950581,0.5833080701588128,0.691885092705903,0.5154710955851376,0.6317836972825932,2.1079482788621324,5.2407529108390865
0.5367419717121542,8.619886224825605,4.435746198348811,13.59237439488657,0.016361444937591063,67.0,466.3011807213453,12306.659353244673,0.9930108635809989,0.431812608885778,0.05081833107037709,0.43299821516981385,0.4382383570875735,0.24535626493362672,0.4026524823666475,1.0471364072971445,2.1112501291379706
0.7464975847169865,28.22293590124463,8.041699879404218,37.011133365365836,0.028932115009962296,55.0,824.5652777839255,16358.178706412362,1.0274235133139846,0.5739711826811355,0.6755450802026065,0.5052709215271396,0.012265684570162583,0.9312433284794626,0.14922772844025645,1.321919803286734,4.4196612504077075
0.37670463753840006,37.70393884761781,5.564089510030468,43.644732995186686,0.00858805620337608,74.0,244.75960179621828,8923.404990016686,1.0250899230356048,0.3131019294742697,0.23531788937621945,0.4759504820096362,0.10783095068095994,0.053298370101431514,0.1833181618695403,3.624427642333421,3.382869664001011
0.002236456516800487,48.67976617950443,6.04044798186921,54.722450617890445,0.0002105263157894737,0.0,6.0,37.07536706662374,0.8296050661369654,0.0013008900725131136,0.9150642902141614,0.23122669489935965,0.5707306061202463,0.584022174022104,0.5406405419551799,4.969461280937294,3.1415488807834233
0.4668815677164524,27.927468489035338,5.166443760891686,33.56079381764348,0.012584170509004056,69.0,358.6488595066156,10862.155479551553,1.0279936462793808,0.3811282624404054,0.120841653936262,0.25920748841237207,0.27175434101470997,0.4847574745942887,0.222871105781818,3.044039046027971,2.67299668810597
0.003750079495270854,53.62516428228615,10.189696673507651,63.81861103528907,0.0002105263157894737,0.0,6.0,76.46984728728576,0.7455965593594314,0.0026831525363959917,0.894463534721319,0.025902407902484326,0.5871667414700531,0.6205160061051122,0.7305654910601604,2.4664835421856464,5.871301877368555
0.004914614067232046,24.46693426267327,3.8725033839337906,28.34435226067429,0.0002105263157894737,0.0,6.0,104.99959856454969,0.7426716096561083,0.0036841964408613924,0.9902434415902462,0.19208794679391472,0.6999221701376476,0.5370858212857503,0.5415869142941241,3.2393874044253526,1.5915571903882642
0.7166595051021513,13.891231490470394,2.3452348891234593,16.953125884696007,0.033763551716162236,65.0,962.2612239106237,15379.129624985915,1.0277237791276261,0.5396185833328391,0.130959875274746,0.292724385633636,0.6526534763636563,0.4676819430467287,0.6111353934395904,2.444877576721373,0.3731029240292756
0.0039757137595938415,33.75410417239403,2.774461564238854,36.53254145039248,0.0002105263157894737,0.0,6.0,81.36318267993217,0.722307755419199,0.002854848515085339,0.02551520436109933,0.9070230130595189,0.3075655714209601,0.12782977533285356,0.5462319581133382,4.684532700113389,1.4705133939666695
0.27635170497009254,26.015207178695963,7.4794818045311855,33.77104068819724,0.005231360156647768,78.0,149.09376446446137,6653.6094314449,0.9625704643782348,0.23345998005069826,0.7205940181167441,0.8123168705662231,0.10258818125311447,0.6330823130795318,0.28397466096331647,0.6752540233988735,4.410418796753934
0.00641525579799505,12.433847914511311,4.339570605538579,16.779833775847884,0.0002105263157894737,0.0,6.0,142.90588289304773,0.7442914373654745,0.005014241505019218,0.17123488652386631,0.9068991517980379,0.8784721553959879,0.027930494193019295,0.08256165445915303,1.6012937926413062,1.9952953966458997
0.0023748608281327784,63.59786386092308,9.39674828269222,72.99698700444343,0.0002105263157894737,0.0,6.0,40.46783669069072,0.8881768049645552,0.0014199240944102005,0.24021603141331888,0.8979084930452862,0.15504861533240233,0.8929218712884712,0.7052400587918379,4.191617956479533,5.629822420663771
0.0028516861373162404,49.0946208551326,6.2181435430278285,55.315616084297744,0.0002105263157894737,0.0,6.0,52.49168463763373,0.8147649035393434,0.001841813496057324,0.6614705226717343,0.43687309441744143,0.11444531897113008,0.27143464032069325,0.8519650356015908,4.318410197109351,3.882752615451105
0.0029310502932870315,23.19698951537192,5.350391896498752,28.550312462163962,0.0002105263157894737,0.0,6.0,54.19361688066923,0.7949822494550607,0.001901530416865587,0.544421182193197,0.8053172107532833,0.6945327912863815,0.6596596252583506,0.49553002386998657,2.3905272572539493,2.5171918942661935
0.1237004084118897,22.10941435327805,6.430298541036292,28.663413302726234,0.001849134549621534,82.0,52.70033466421372,3013.4287485364116,0.8864192628189324,0.10573434205390918,0.48435860185216023,0.376998670976409,0.4447104344296119,0.6108245504659697,0.28194877887641806,1.4812736768965273,3.4585052776079026
0.0017245195865578438,81.02068692080181,11.529934939070296,92.55234637945867,0.0002105263157894737,0.0,6.0,25.421797940526034,1.0038388151093707,0.0008919929101938959,0.9618861013685905,0.9716870073355606,0.24892069925741878,0.6345269909799269,0.8735020562259158,4.228443159086636,7.0961950988591225
0.004344660141923828,36.0173586769466,8.787349719918112,44.809053057006636,0.0002105263157894737,0.0,6.0,91.80238373447872,0.7541422671852921,0.0032211362713852184,0.9329800266492713,0.8432714214743495,0.18768757838243438,0.784801999811978,0.6837245581189413,1.1309444490103104,5.248111876092038
0.018781663645481932,28.233473319288436,7.566279455298335,35.81853443823225,0.0002105263157894737,0.0,6.0,447.1644565969342,0.8550207098400865,0.01568998093322576,0.7323191155153514,0.6174509071399709,0.41739405880470215,0.7054493312345776,0.23626757727833037,1.4165291959341282,4.240170981569679
1.2149346626068203,2.4971318046317887,3.3641866713152333,7.076253138553842,0.08127587647104885,44.0,2316.362479424892,22551.248406467843,1.149377671441274,0.7912718739111524,0.4867591204348764,0.759274568721362,0.18567401917080456,0.4161688888255217,0.16294838373485815,0.013283432227845005,1.2499504150855056
0.06209063610945068,4.934846317437908,3.2176516496276077,8.214588603174967,0.0009046651457348973,80.0,25.78295665344457,1500.601950575708,0.8409735196496171,0.05265270002020028,0.8078372880484518,0.6181100878415129,0.555275469040573,0.3120758016948356,0.4979675587786656,1.0053483273784822,1.395824639394121
0.012950691773353921,24.61646456680353,6.969671662902156,31.599086921479042,0.0002105263157894737,0.0,6.0,304.45122798717296,0.7938534427554983,0.010682499227620103,0.44798969348295914,0.9703875551786186,0.18436677312944366,0.5330047810560582,0.7153801646209255,0.38156387904760347,4.170197735275079
0.007251718428322099,29.640816289717954,7.193876598110305,36.84194460625658,0.0002105263157894737,0.0,6.0,164.50453235155925,0.7480600244559125,0.005772088854440675,0.15624123976064241,0.7586106650519164,0.5701519728234508,0.9864790360519667,0.07498477977840673,2.253467219336933,3.6947104618125284
0.0021022397513460202,55.34035209623182,8.316097898065136,63.6585522340483,0.0002105263157894737,0.0,6.0,33.66717607559836,0.9345312434627423,0.0011813044237052057,0.7998090220703474,0.5082123156427711,0.6268162361303028,0.16419954231880468,0.720942645042589,3.974076705999372,4.826394778464598
0.013504249212318445,34.38662134105474,8.125160229115176,42.52528581938223,0.0002105263157894737,0.0,6.0,318.20195529510596,0.8152188359438892,0.011164980887547577,0.7044844575804932,0.948767376593469,0.3814333294304056,0.1780268175750198,0.03351418133065531,1.4603017300084846,4.932448747446174
0.05386302027814998,24.265303300296885,1.7338974812051182,26.053063801780155,0.0009886382535897922,84.0,28.176190227309075,1278.4576093413536,0.7736030014070718,0.04485816173127557,0.4255595610389176,0.5826523244682053,0.6139938668655227,0.4118351345594333,0.8544897363655244,3.651221683278579,0.30312408177270456
0.4142097229897771,31.60422393729614,1.6651279271183401,33.683561587404256,0.013472276321399553,84.0,383.95987515988725,9547.072732965307,0.9215216601242587,0.33498500817422133,0.5720496437430399,0.4703544061330289,0.4026993787353044,0.5636245450156739,0.41441073862521993,4.699912968524963,0.2630165740854853
0.024022890354204674,23.15856273548026,4.648247655885633,27.830833281720096,0.0002796211194700195,63.0,7.969201904895556,574.0450378247667,0.8498949645764545,0.0201419311517462,0.8835629834703296,0.6738029687186347,0.34701311197343027,0.4780915302683628,0.05782291025654679,2.546566501827141,2.4844544882073016
0.957839935090571,25.964165352697428,5.748352061540883,32.67035734932888,0.04911565658971891,48.0,1399.796212806989,19659.31354954108,1.051643624103514,0.689800475422494,0.013972719418462565,0.5832846577657689,0.09760371144850288,0.2652776523070966,0.002235204747397135,2.553303158699485,3.0495551374919483
1.1445259735690392,6.782530334686195,1.982632033821635,9.909688342076869,0.0812998976445106,51.0,2317.047082868552,21039.499650915433,1.135212007231235,0.7382280579268573,0.8091094381651472,0.647269748260038,0.495653974576189,0.46507425774752603,0.3413602924180318,1.5684024187275876,0.19450403602150068
0.0028456613135992626,39.2059265662665,6.188744612186391,45.39751683976649,0.0002105263157894737,0.0,6.0,52.20328573999295,0.8074603969737696,0.0018316942364909807,0.07413530512977551,0.569131091127985,0.4793728442466423,0.884682791859604,0.6448265977209905,3.85304666319216,3.1712066187513823
0.006693701364502567,67.44398611418436,12.26061446872267,79.71129428427152,0.0002105263157894737,0.0,6.0,151.31171721089694,0.752654765195153,0.005309183060031471,0.46123494609831506,0.9812622507439888,0.04058580067409495,0.47579663834658115,0.6720157222995868,1.5172463073405602,7.874560239762158
0.008280119666862014,44.91840475335401,8.027364027232148,52.95404890025302,0.0002105263157894737,0.0,6.0,190.05861200647766,0.7579644455050168,0.006668723228297461,0.32284268411418565,0.28510988184367053,0.4715425622267913,0.2566643494764151,0.45055687132799915,2.930598939630717,4.737677518315727
0.020801525883782188,29.83400523527069,7.519177999893178,37.37398476104765,0.00022674743011996256,58.0,6.462301758418933,496.58842574421743,0.8455193700040726,0.017424155289270788,0.5207699554582328,0.13763883314286557,0.6685854458209842,0.6202415373231298,0.24879724860243724,1.8493423207770376,4.002120211765981
0.8220387518864403,23.860671049529486,7.430053986253085,32.11276378766901,0.03508065763233152,53.0,999.7987425214484,17665.4116614428,1.0116410374260574,0.6198390056646595,0.4948122790904763,0.3712631905978181,0.0018106194589936897,0.6066118760975289,0.53322964797998,0.4491662931378744,4.1512061061207595
0.002612075312447878,34.02611094939027,5.101444864426961,39.13016788912968,0.0002105263157894737,0.0,6.0,46.17646491270447,0.8088923322836957,0.001620226839042262,0.2652402058771358,0.8185989627348927,0.5523847893120535,0.18521616892596993,0.6097315493950553,3.5727604913504107,2.7464814261752792
0.011040261260613292,18.615918955386302,3.3655243467429794,21.992483563389897,0.0002105263157894737,0.0,6.0,255.1210425167656,0.7913144481467823,0.008951615526904056,0.17296944112337953,0.5667777303117377,0.6352159682061327,0.36382803081930737,0.4923786123266637,2.7720979872298916,1.4082289121971674
1.0918567376776331,5.387632389810735,2.0294327105081993,8.508921837996567,0.07017610404599482,49.0,2000.0189653108525,20953.12293412239,1.1019849103796224,0.735197295934119,0.3416573120733944,0.857670918984624,0.11116689569845067,0.20043627129279484,0.43765996077436753,1.5004881015801161,0.654423261398013
0.009419201213885998,35.270858764239826,3.8805307277219487,39.16080869317566,0.0002105263157894737,0.0,6.0,216.87100847587698,0.7750086934935535,0.007609509069329017,0.6391992738700822,0.49019970130122176,0.13241694060906095,0.47112380855422453,0.46558060553142805,4.2747256431526655,2.197621626095636
0.00527681144730033,79.01076024576324,13.243015674077727,92.25905273128826,0.0002105263157894737,0.0,6.0,115.71778502717086,0.7734486122785273,0.0040602731588481,0.20523585718483428,0.7072429698304078,0.3333454878127305,0.346329562252553,0.5415005324655648,2.2932783859821964,8.30634826982857
1.1123670521134639,3.0791825383921223,2.143202222668369,6.3347518131739555,0.07891214922469175,54.0,2248.996252903715,20613.116961610966,1.0074643760687254,0.723267261810911,0.6284822901346552,0.643611922333315,0.7516023716129302,0.40571619926086266,0.5127502592093043,1.037224521552433,0.11860194894612341
0.003297854891420331,44.976767699276564,5.122900401004798,50.102965955172785,0.0002105263157894737,0.0,6.0,64.46839627392866,0.7441594575760452,0.0022620489920676724,0.2875787875913378,0.7111818114605752,0.3017692985194961,0.4609472826131807,0.2988105482596441,4.956000153881256,2.864226047092341
0.022959372728906136,7.100424098757828,4.2378607988520915,11.361244270338826,0.0002782183541516847,62.0,7.929223093323015,546.5801826396064,0.8224264434931543,0.01917825202244233,0.5525612182136834,0.5798793659399973,0.9109858394978042,0.27982148550035585,0.376735575958968,0.40482664493396037,1.7534651145392188
0.5716423056309798,78.70159517181764,13.660420641847336,92.93365811929596,0.01677834035384549,62.0,478.18270008459643,13087.52943541288,0.9940833771769911,0.45921155913729406,0.9563399400734179,0.30747582840954285,0.024968068212946615,0.003200893168856911,0.10181117068045475,1.601986017986539,8.752418092119761
1.064593749571498,1.666238744928394,3.1077961675735155,5.838628662073408,0.06448417054647299,49.0,1837.79886057448,20864.655249592466,1.0879202235485275,0.7320931666523672,0.44734269536279275,0.7188186763109294,0.16543440615117722,0.7658406855966913,0.4853722201694178,0.06073809671278951,0.9887787387621589
0.7752721008775645,6.946409932916423,4.753632842554831,12.475314876348818,0.03289751822062707,57.0,937.5792692878716,16754.673006663266,1.1388675282564105,0.5878832633916935,0.2913186024903416,0.3037966184099441,0.39544701685730616,0.8743342563348132,0.38716860172782147,0.399758395545438,1.8894575046218876
0.0038155367361418853,66.99045210700636,13.129470368789564,80.12373801253207,0.0002105263157894737,0.0,6.0,78.28103958638309,0.7661590964486575,0.002746703143381863,0.9644050391206705,0.9254448407936317,0.44853683134035627,0.34105937498016287,0.28305560051608003,1.0369455870355853,8.11876110587393
0.9563926183774951,43.427729849018505,10.786669941025108,55.17079240842111,0.046822425811387805,47.0,1334.4391356245524,19782.517220634516,1.099721087547215,0.6941234112503339,0.3788408337198064,0.6431390650915624,0.05278264071400324,0.5780858116448623,0.10032787158617867,0.43604249233512515,6.260488772454097
1.1703356946635737,48.37518168491694,11.472988887454088,61.018506267034596,0.07117810903227154,40.0,2028.5761074197387,22354.59460230564,1.1269659882073677,0.7843717404317768,0.33288262541404656,0.1750566264314653,0.12511711650868856,0.26680097248344514,0.10939615636923805,0.6363809916451961,6.703645038290117
0.06292336420676575,48.42150895508324,10.654011738036239,59.13844405732625,0.0007806850101223497,78.0,22.249522788486967,1533.0132095629845,0.900723552690818,0.05378993717764858,0.17124805639759988,0.38666810934826523,0.5330700544114962,0.5011479737328706,0.17674161343949202,1.5265192819481002,6.27125975312123
2.844180455700721,1.030209330285172,1.6478043623364682,5.522194148322361,0.23374091166404912,27.0,6661.6159824254,26875.77083615844,1.159758198345061,0.9430095030231032,0.3672175177215605,0.3096997601186602,0.2571420371411961,0.5758227853343958,0.13863937842590868,0.7369827373893232,0.090307625167239
0.7029647643314526,1.9687684696059817,3.0248427161216567,5.696575950059091,0.028842204418129982,63.0,822.0028259167045,15416.15037869512,1.0335776682065716,0.5409175571471971,0.5676369012689484,0.7150137798301184,0.34810749747105335,0.6098773185382954,0.43042620907031925,0.38836799420516677,1.003293178450484
0.6446865447983761,2.9745088093021437,2.7402147159987416,6.359410070099262,0.02377229061620814,65.0,677.5102825619321,14396.60916536079,1.0638056906630582,0.5051441812407295,0.5813254624852886,0.9901424011021607,0.2684538861597849,0.03249824582705285,0.3678372574208136,0.09187246315237063,1.2236051580687413
0.6622171752961077,46.42071178571779,10.816939887671918,57.89986884868581,0.022006647949096205,59.0,627.1894665492418,14875.759072018664,1.1206046247395474,0.5219564586673215,0.271688246017962,0.9320585101562382,0.0872762347494741,0.3869443210139917,0.13623587001237586,0.4159796509248488,6.533642866030318
2.2159019009671392,1.1941573371782943,2.072527396902362,5.482586635047795,0.18987790068566587,29.0,5411.520169541477,26392.77162881403,1.086503715314266,0.9260621624145273,0.5269512551638483,0.22823876739275772,0.05798127638002859,0.5053454863343884,0.2901170837222015,0.6050783004387952,0.4637233880471783
0.16044879947952712,17.299389027069306,5.254185631406084,22.71402345795492,0.0026141094126532803,82.0,74.50211826061849,3899.215323860552,0.8657008567717409,0.1368145727670369,0.14039397967551015,0.527555970134674,0.432802112769974,0.20533932499308905,0.4233204575956032,1.438719750842508,2.8862565561057467
0.5274139348634803,67.08525056751014,12.930006574730921,80.54267107710454,0.014354399452769574,65.0,409.1003844039329,12201.717200414843,1.0114191785518885,0.42813042808473134,0.5806776685092404,0.1750566264314653,0.12511711650868856,0.07467013355786978,0.6564122560959333,0.2579419540675074,8.159310621992494
0.7498741080761355,16.62551927893059,4.128310661215827,21.503704048222552,0.030549143489379087,57.0,870.650589447304,16343.80821738375,1.0185510182113124,0.573466954995921,0.2610731915128507,0.7119171510158427,0.01994523917615293,0.039066246578076946,0.36116683552358964,1.9520614262532194,2.300103403269773
0.6702684840277731,11.847749037980591,5.6785185136607,18.196536035669062,0.023998472706114254,61.0,683.9564721242563,14950.033703783207,1.043688113245027,0.5245625860976564,0.38265550381413704,0.2207051643163398,0.5403523455779478,0.5017314883357972,0.24563918078724561,0.00471362858526625,2.6117208401659076
0.021504588489529644,19.312696324801898,5.909318279073633,25.243519192365063,0.00024011022301657955,60.0,6.843141355972517,513.5805248550937,0.8164358623366592,0.01802036929316118,0.2874944088736746,0.9320627692662593,0.42283532300425264,0.5261077401370244,0.22389454100724654,1.4040905730619997,3.224692261172785
2.0565960323679913,1.005429178245457,1.6290818348703946,4.691107045483843,0.17893085148163732,33.0,5099.529267226663,25996.032276666192,1.0823990441115845,0.9121414833917962,0.5609446016651954,0.9412040348590831,0.01470087907857387,0.6548915005521587,0.21121662898120042,0.6070935564987328,0.22408199799049644
0.6193236472846855,13.493332846276445,2.8314757833938664,16.944132276954996,0.02339414171947918,67.0,666.7330390051567,13817.342201110614,1.0197145359850588,0.4848190246003724,0.16659880735324134,0.7827119582057412,0.38954595819974824,0.643666077340044,0.055413813710612825,2.5789484342752944,0.8663919229531665
0.013531428160315516,28.055734046936724,7.277425363306731,35.346690838403774,0.0002105263157894737,0.0,6.0,318.6627189042268,0.8128008575117656,0.011181148031727255,0.3649267095504153,0.6640120361070388,0.2543255616970412,0.13409843642800234,0.88680883893225,0.6929027572123143,4.5178380243799285
0.19664587723342242,11.219411177721481,4.549219662182086,15.96527671713699,0.0034483508133712286,82.0,98.27799818108002,4763.8864021198315,0.8781026167988975,0.16715390884630987,0.4535482404034319,0.861112113711169,0.15551260101227238,0.5261557630268103,0.5568670679399422,0.6907228049634762,2.5062628982817587
0.1573748406840874,32.725660327486004,8.088843140949958,40.971878309120044,0.0024274435277189025,81.0,69.18214053998872,3832.3696743394225,0.9443441785894693,0.1344691113803306,0.3730189009159295,0.670655934876826,0.16648253011306868,0.45470418428640746,0.47300480205061807,1.2529632779884854,4.9083156625818365
0.9973126342971763,18.6632981402076,2.227852176293639,21.888462950798417,0.060830161440183904,54.0,1733.6596010452413,19692.91684316697,1.066721442603897,0.6909795383567359,0.5963026254324786,0.63576388086076,0.14950475241162509,0.9228699298408203,0.2709329590948414,3.1626090584960003,0.43482910939817554
0.015650816103899394,13.26412922329699,4.09196781567911,17.371747855080002,0.0002105263157894737,0.0,6.0,368.37041219414544,0.7969882651946428,0.01292527762084721,0.22866751844917205,0.616577623556849,0.6783106084017082,0.4839121107513519,0.3751781351546558,1.831656768669768,1.7832134091685603
0.5160535039853097,10.713414601492186,1.7901887452568983,13.019656850734394,0.019490837050041756,77.0,555.48885592619,11626.933904276211,0.8918412748302524,0.40796259313249866,0.4322189345668352,0.7471528732762055,0.34552228051569756,0.7217167802112965,0.9376629763158253,1.985948286690019,0.2757631181635949
0.006559213063769203,17.212475544471694,6.546590837344397,23.76562559487986,0.0002105263157894737,0.0,6.0,146.8793601107026,0.761724795294843,0.005153661758270267,0.7526398736138994,0.35280943622785954,0.9421322739280427,0.8064902565977392,0.20100166347950404,1.2172581552758492,2.987532128919372
0.3789681650514583,64.08220033505273,13.500234541048826,77.96140304115302,0.008193813627544667,72.0,233.523688385023,9005.487461867611,0.9759471311954575,0.3159820162058811,0.608468966583684,0.016115909038222076,0.4028062095102082,0.8863783569331491,0.4013897574863985,0.27760310007229716,7.925115093167623
0.5126799832506653,7.384360114030255,1.9372643087475152,9.834304406028435,0.017852445116408263,74.0,508.7946858176355,11644.041995931244,1.0055974199552251,0.4085628770502191,0.6068753284923251,0.8606800507210658,0.28827313389166687,0.5154710955851376,0.6317836972825932,1.6351884612669054,0.5173531040762223
0.14680829602332426,8.59839404586109,4.1195952859219505,12.864797627806364,0.0024152014519748196,83.0,68.83324138128236,3564.7874392633094,0.8669204282480655,0.1250802610267828,0.02932615210586187,0.8487455716416428,0.4382383570875735,0.24535626493362672,0.4026524823666475,1.0471364072971445,2.1112501291379706
1.3528904842508507,1.4211890295592855,2.451923133345474,5.22600264715561,0.1016210648824386,43.0,2896.2003491495,23445.505130260426,1.1122530402524071,0.8226493028161553,0.5198754731299752,0.9262833210715731,0.0682997247431939,0.770763037886819,0.3994319846572598,0.06923822986983952,0.6130121330954488
1.9178015047225538,0.76370063913674,2.6098684319935286,5.291370575852822,0.1622685124683373,31.0,4624.652605347613,25991.102391905646,1.1268949713079317,0.9119685049791455,0.23531788937621945,0.4759504820096362,0.10783095068095994,0.3253153281803215,0.1833181618695403,0.3752507496310069,0.8086233046716842
1.105730823413642,6.61248608414845,3.242180032182368,10.96039693974446,0.07032416491647356,46.0,2004.2387001194966,21237.915810433846,1.0036466223969505,0.7451900284362752,0.4884124693180856,0.323889144186283,0.3180759708121753,0.49709738697607375,0.07361189381638022,1.6544077136172404,1.0478778216614355
0.9008375131716082,14.791440774225393,5.879915082118916,21.572193369515915,0.04355546020032157,50.0,1241.3306157091647,18826.409240736848,1.0174359994701971,0.6605757628328719,0.6694085690509507,0.25920748841237207,0.21231401541223377,0.4549160541016055,0.05444500284464976,1.1295925871571448,2.9542512003701127
0.07506225835546909,51.785167550860734,9.381717451631888,61.241947260848086,0.0009673044103776175,79.0,27.5681756957621,1830.602083958989,0.9162732723585763,0.06423165206873645,0.5812347995523998,0.6219438290849661,0.03312800724909826,0.5876949842169628,0.3827105435976298,2.4664835421856464,5.871301877368555
1.3980029707878414,18.72892034833792,2.505207893347338,22.632131212473098,0.10714395296974938,40.0,3053.6026596378574,23694.090298729017,1.0430633223128187,0.8313715894290883,0.5742530146195195,0.35839673430580155,0.005730900713121323,0.8711713063541721,0.11548587362294893,3.2393874044253526,0.6429829322453893
0.005191276579657024,20.50447715710109,3.6649840601317885,24.174652493812538,0.0002105263157894737,0.0,6.0,112.26451885517184,0.7142927340901065,0.003939105924742872,0.45617830261008563,0.8276752184108546,0.6526534763636563,0.41827511778847515,0.19015410709549885,2.928652897013206,1.5637920890559687
1.2359325527818816,1.9033737141460587,3.2163812735801587,6.355687540508099,0.09126937178133537,46.0,2601.1770957680583,22064.20652003821,1.027544741491118,0.7741826849136214,0.37003375637629454,0.0792334890069597,0.8572204262018386,0.9078495019625249,0.12375465923350315,0.8097747108435023,0.3485196655502989
0.08987071606120893,15.307748879742624,4.6200972239978775,20.017716819801713,0.0013027004489074745,82.0,37.12696279386302,2184.858732132208,0.8954789762799674,0.07666170989937572,0.6551117884180344,0.5688428559785789,0.4376138696065317,0.38558401035812984,0.2262634549468533,1.611832327700395,2.395510242965045
0.01023671241989956,3.180619162113051,2.706229895785461,5.897085770318411,0.0002105263157894737,0.0,6.0,234.43715493029129,0.739649152816414,0.00822586508527338,0.8321822313602949,0.9847425233976334,0.8784721553959879,0.027930494193019295,0.5153643488293872,0.8712015967008511,0.9052654238847673
0.015431837581229905,10.658556687625993,3.0124528625249756,13.686441387732199,0.00022224501342794746,50.0,6.333982882696502,357.7978272303556,0.759537625241144,0.012554309727380898,0.5278132082652004,0.7669517235672666,0.9558192060173925,0.9392614486411965,0.53848460951904,1.9525056814120778,0.5444527291892785
0.6627835733593762,2.1228582967701755,3.3941536448901015,6.179795515019653,0.026970160477020715,66.0,768.6495735950904,14615.993418479135,0.98614376786689,0.5128418743326012,0.3109661444307539,0.43687309441744143,0.9916914292022408,0.5316016367844991,0.16217750426803018,0.061891323791412045,0.6903272982887856
0.05102956150537156,12.157574899878151,4.580523436301214,16.789127897684736,0.0006631107715806464,77.0,18.898656990048423,1236.3750220964494,0.8424583283539132,0.04338157972268243,0.8309186132562142,0.976670366806066,0.1604198243288788,0.6596596252583506,0.33506903689332534,1.1150496794830478,2.5171918942661935
1.209860888613838,83.47001777866333,15.679042264537443,100.35892093181461,0.07527474629222913,39.0,2145.3302693285304,22825.542761578203,1.0538890697993164,0.800896237248358,0.43848946336632694,0.12241058851361275,0.03634816109075434,0.4471564098825848,0.2119880911548342,0.2761288817762364,9.476983214653384
0.002264034247104354,97.88617579978438,13.636530347502768,111.52497018153426,0.0002105263157894737,0.0,6.0,38.07951078186397,0.8723319866981714,0.0013361231853285605,0.46781124066339164,0.4516854958057447,0.24892069925741878,0.6213167745853951,0.8735020562259158,4.228443159086636,8.507339014963048
1.0723470394993566,4.93354141454791,3.304032847583221,9.309921301630487,0.06430769071794751,47.0,1832.7691854615039,20979.90691873716,1.1580203865474379,0.7361370848679706,0.29992040065545367,0.8432714214743495,0.06644508166425284,0.4077388826705116,0.20687536782152094,1.2488063016342432,1.3744790820427797
0.6013264143225557,5.315264870082235,4.111463437563862,10.028054721968653,0.0206238997269114,65.0,587.7811422169749,13570.415683894364,0.9989194697439062,0.47615493627699523,0.7147181272560015,0.36335852942861485,0.48339902788793465,0.6756940812495205,0.22281982356387564,0.5503689556161668,1.5917663372566384
0.007307782680215662,70.43854164574935,13.771186662472987,84.21703609090255,0.0002105263157894737,0.0,6.0,166.39866351910624,0.7729665161001256,0.005838549597161622,0.7392351521583834,0.759274568721362,0.24222841097316028,0.9703724736835025,0.5254543570015165,0.941423007309981,8.415885967530699
0.010816334637784369,8.756597886482925,4.224836905163644,12.992251126284355,0.0002105263157894737,0.0,6.0,250.98697548683717,0.7550995175483636,0.008806560543397795,0.3055601727359504,0.9297664996274883,0.555275469040573,0.3120758016948356,0.4979675587786656,1.0053483273784822,2.0885359183358676
0.022972231272206593,23.51551697782974,7.37305368780131,30.911542896903256,0.000252271203807068,61.0,7.1897293085014375,550.1089635109126,0.8396723660731228,0.01930206889511974,0.15002379710981684,0.9703875551786186,0.5249490457332999,0.5330047810560582,0.01410875928450872,1.0934354378405322,4.093877889617318
0.08773134366112935,38.138292585375964,9.869358878606693,48.09538280764379,0.0011645190613952016,80.0,33.18879324976324,2141.929286730249,0.8865165237125642,0.07515541356948241,0.6130550548978766,0.6391275452306799,0.36483385872348306,0.9864790360519667,0.3145951681700213,0.16831838915795938,5.6463093197529535
0.8295737395468422,4.727642663659912,3.805863378167074,9.363079781373829,0.038273725428819794,55.0,1090.801174721364,17627.665729769837,1.0956722792817644,0.6185145870094679,0.7998090220703474,0.5082123156427711,0.22243019507845418,0.6577648825040854,0.27379573717340944,0.5519274848166631,1.5285316412249284
0.461104160429956,2.5325372632132073,2.137055366363866,5.130696790007029,0.014359443571667817,76.0,409.2441417925328,10625.79862730916,1.0259298968489445,0.3728350395547073,0.5701844682106824,0.9238932480670394,0.2064242765732075,0.6818490148058695,0.8263581900713568,0.46361668838183245,0.6596991218039854
1.3606525949272519,3.9355812782255573,4.239664300291374,9.535898173444185,0.09923561047642215,39.0,2828.2148985780314,23777.87546240742,1.0389534071574271,0.8343114197335937,0.18364517276223075,0.30025038353786304,0.3706216202104349,0.5230685435473441,0.05915755022461644,0.06384397485684268,1.5336868620601187
0.3285345990305867,31.215974360955833,1.8098776727211832,33.3543866327076,0.009565052032481768,87.0,272.6039829257304,7681.493055428968,0.8179555248210832,0.26952607212031465,0.1267647766520843,0.4703544061330289,0.6659177800006375,0.3120665070162527,0.24551458305154578,4.699912968524963,0.2630165740854853
0.5423485342605885,35.64156938089371,9.326543612787503,45.51046152794181,0.015297498048233316,65.0,435.97869437464954,12504.815863229418,1.0373064391626907,0.43876546888524276,0.43161881242524647,0.6051242371839243,0.22131917306189275,0.4780915302683628,0.29245890590630025,0.1827109953978323,5.441635076491495
0.2780552043520259,11.071962115634262,3.827406621224938,15.177423941211226,0.005835113626860001,80.0,166.30073836551003,6654.572945167683,0.9481724714592384,0.2334937875497433,0.2510766111319117,0.785692609895489,0.42296727546222745,0.49669213445515314,0.12383432802557814,1.7021278387951724,1.7364642586799892
1.4533081059135309,10.144972064254738,1.8814212461121254,13.479701416280394,0.11845210921477464,43.0,3375.8851126210775,23568.240330394514,1.008193409980105,0.8269558010664741,0.26208268606296664,0.784016000956908,0.25451849554976524,0.6926977006987992,0.3413602924180318,2.1022988812538825,0.19450403602150068
0.8492089183817506,27.150495384545696,7.126225563235876,35.125929866163325,0.03807274121271325,51.0,1085.0731245623276,18054.393930233673,1.022633341440864,0.6334875063239885,0.07413530512977551,0.5309896125772084,0.08905409606209586,0.884682791859604,0.14369003916698664,2.02100940153196,3.6990638056711234
0.0033003602570069834,12.007879134418273,4.443182627554854,16.454362122230133,0.0002105263157894737,0.0,6.0,63.46400433936326,0.7625393485399108,0.0022268071698022195,0.7067144229176303,0.9812622507439888,0.9741788715987626,0.6055648242811448,0.15290267008056957,1.7095165290467822,1.6616489402703074
0.33411054010398594,6.83093127055659,3.6667290516970628,10.83177086235764,0.00772495928057967,78.0,220.16133949652058,7929.486733042245,0.9723499425676492,0.27822760466814894,0.5687334010985987,0.6621924891280758,0.4189341654173221,0.516777493085989,0.22236310294045303,1.217230003273049,1.595281845701101
1.056022746448025,37.52468446468505,9.948058286050152,48.52876549718323,0.058267255315679035,44.0,1660.6167764968525,21074.612276782933,1.0046143327870178,0.7394600798871205,0.6259127063252905,0.13763883314286557,0.01673897576501021,0.6750451502509844,0.3031965176278371,0.49267800511182314,5.638271081348789
1.490335456563361,2.150282004288615,2.29516566268532,5.935783123537296,0.11921702836852743,38.0,3397.685308503032,24201.263027931167,1.015883477494033,0.8491671237870585,0.5204638430401928,0.02674787298184511,0.19503321553805164,0.05612091105058503,0.6686341689706725,0.4491662931378744,0.720666849768616
0.003428789544421,16.31213280579066,5.545536265615094,21.861097860950178,0.0002105263157894737,0.0,6.0,67.57941507638448,0.7423884583659568,0.002371207546539806,0.6547575131204114,0.8360833559222642,0.6757637576855414,0.5086758798889343,0.6097315493950553,1.2866900034250213,2.7464814261752792
0.0035198938690734,51.49265789556601,9.583713794235646,61.07989158367073,0.0002105263157894737,0.0,6.0,70.32190073218058,0.7743302783477092,0.002467435113409845,0.3211898857277009,0.5667777303117377,0.6352159682061327,0.36382803081930737,0.30154588154567846,2.7720979872298916,5.556218811919182
0.9785549580948003,30.721727833375624,8.855966830589203,40.556249622059624,0.04958489057430784,47.0,1413.1693813677734,20047.283868768805,1.143122455559288,0.7034134690796072,0.5609446016651954,0.5817578984169778,0.024675411432927286,0.5745118470598034,0.07604449951603165,0.6070935564987328,4.997018596962835
0.0203342860502635,27.92463063811844,2.074866212451426,30.01983113662013,0.000265435464892751,61.0,7.564910749443404,479.9451104965126,0.8148506613632178,0.016840179315667107,0.5318482801080437,0.8680202968911775,0.10211919371346023,0.47112380855422453,0.46558060553142805,4.2747256431526655,1.0200792043513336
0.009535038876152193,15.02302860548759,3.522218018633056,18.5547816629968,0.0002105263157894737,0.0,6.0,218.81764435695482,0.7318630917180275,0.007677812082700169,0.9050559594749624,0.6833658053679537,0.5996953567159904,0.6179102253031732,0.25658275768014943,2.2932783859821964,1.4133809293365793
2.230927503150576,1.0375163207429672,1.5630241343808855,4.831467958274429,0.19300474720143906,31.0,5500.635295241013,26340.222997860164,1.076337551201949,0.924218350802111,0.35524058559063354,0.8782134069184675,0.012025959115012086,0.5821187483753303,0.33211839823990774,0.3757936228097307,0.21812461890780366
0.2876967166808924,7.4913436497707115,4.14417593633376,11.923216302785363,0.006083266390142236,80.0,173.37309211905372,6878.788927284404,0.970886556437379,0.24136101499243523,0.4126800974005359,0.2015195799387448,0.41447011309298737,0.8083348504576158,0.9166116167084242,0.24090397298630117,1.7847012895306085
1.410096321364484,1.246861065261768,2.3464311808018454,5.003388567428098,0.1102840606259979,42.0,3143.09572784094,23606.074106063603,1.160838108030898,0.828283301967144,0.8048697593297076,0.8801760782892045,0.10754330087493946,0.959658675995577,0.14033817730982556,0.8814568251106509,0.43120108170619
0.0031370530116257103,49.02724844988772,11.174140744957914,60.20452624785726,0.0002105263157894737,0.0,6.0,60.46631231882461,0.767293935485953,0.002121624993642969,0.3446668934033321,0.8264983836978766,0.7841972543429255,0.8014237525802874,0.10181117068045475,1.601986017986539,6.234223324462444
0.06567707948776756,43.930612811330164,10.229435043128301,54.22572493394624,0.0008199058901837892,78.0,23.367317870237994,1601.23462067138,0.8943368536018638,0.05618367090075018,0.44734269536279275,0.9215275749858294,0.16543440615117722,0.7658406855966913,0.4853722201694178,0.16049710558023778,6.21348440670931
1.223779665600187,5.801278743576156,4.112849316539397,11.13790772571574,0.08288935817971889,41.0,2362.3467081219883,22540.922242413555,1.0386071452492847,0.7909095523653878,0.5893859430568957,0.05138024909267702,0.18640928315412753,0.7643431388049181,0.233334751512368,1.167912578875354,1.5410775101401408
0.022600317275087437,7.105575605911041,2.8169752382148228,9.945151161400952,0.0003115004017136879,64.0,8.877761448840106,533.3749099089579,0.7899843694764236,0.018714909119612558,0.5979429915255938,0.8866821059184681,0.8177579940148323,0.47958465707202447,0.28305560051608003,1.5893605527913799,0.7941009005228086
0.622148512891621,5.6968097736569066,3.911573013152302,10.230531299700829,0.02157023371298571,64.0,614.7516608200928,13994.493295473294,1.084378006130343,0.49103485247274714,0.5435227048409793,0.8605894879545539,0.2000398989664406,0.657455172377535,0.2670505902204868,0.5578736107852231,1.7360445861018814
1.8757202985154127,1.3125801816373919,1.7850989909060755,4.97339947105888,0.16269224504977944,36.0,4636.728983918714,25487.769749967934,1.0766236045837865,0.8943077105251906,0.22452700270227133,0.9104945870276452,0.16079024065953773,0.6647101848292968,0.42343390897290695,0.3843712233690013,0.19837034430402323
0.003374555432313572,29.088642853411912,3.0392860076181822,32.13130341646241,0.0002105263157894737,0.0,6.0,65.27534541862198,0.7030210277822765,0.002290362997144631,0.3474286374032638,0.9151517293998228,0.6291721687105114,0.6806866637394129,0.18551857926955118,4.407008627427045,1.030885966097551
0.02573281277971638,83.60591274273611,15.297688122075481,98.92933367759132,0.000270934000603539,63.0,7.721619017200862,619.8142123364814,0.8245788772328485,0.021747867099525663,0.3672175177215605,0.8055677360373368,0.3661057821869581,0.713569900897832,0.34136993130603466,0.3669316948644936,9.437847515963291
0.7691774473018437,2.4573847582580535,2.8799074541403407,6.106469659700238,0.03442668961823316,60.0,981.1606541196451,16561.910698339205,1.0028616469938711,0.581119673625937,0.5676369012689484,0.898938325618199,0.21635386470936846,0.6098773185382954,0.21297211738261346,1.1401443651462513,1.003293178450484
0.025780058345554614,90.28506615731516,15.510198398453891,105.82104461411461,0.00027102788317302925,63.0,7.724294670431333,621.0407061906567,0.8232098929463763,0.021790901971601988,0.5813254624852886,0.7301635020553603,0.029661820738515088,0.777331190047184,0.6822095594014349,0.7878158184430692,9.88192120997186
0.00640477545685395,70.66168246545354,11.547946638219342,82.21603387912974,0.0002105263157894737,0.0,6.0,143.87729968602716,0.7678680970923952,0.005048326304772883,0.5381394263813845,0.07185033548623432,0.3713196509150834,0.7298587405904753,0.5156874385219721,3.287446501481724,6.933338678951289
0.8174975391215336,6.914913893355345,4.298406107595088,12.030817540071967,0.036257262252826175,55.0,1033.331974205546,17501.360602579083,1.0774582742133552,0.6140828281606696,0.5425421716711295,0.7941545181142005,0.17755981191283676,0.5053454863343884,0.1306007439653598,0.5901122819344247,1.9760837727571499
0.10233280196516431,13.802526373389405,5.234170732359343,19.139029907713912,0.0014891331416441117,82.0,42.44029453685718,2492.951075877937,0.84881042080465,0.08747196757466445,0.5111619292700972,0.8622444563881939,0.3772288235218102,0.3350274638444079,0.2860641262645153,0.6062440046028383,2.8862565561057467
1.3331976746966352,16.19711194584364,1.2109777646710311,18.741287385211308,0.10632218585080884,48.0,3030.182296748052,22462.9489538749,1.0113553250470078,0.7881736475043825,0.7610076420130025,0.7434770074603213,0.11237489949751533,0.5825139077688805,0.6564122560959333,2.7443396802990625,0.04449538646783857
0.04397059111124393,37.13560112200728,3.2575216018249717,40.437093314943496,0.000581890631404934,76.0,16.58388299504062,1061.1523596294141,0.8425606015167119,0.03723341612734787,0.28717173822201014,0.49896779816586945,0.0581064151734772,0.5293471264506207,0.39993561805556993,4.896730595763021,1.8107137090522096
0.028409043471303505,11.943611140704224,5.295593875904846,17.267614060080373,0.0003353818457413317,67.0,9.558382603627955,681.6965171582864,0.8535791108587465,0.023919176040641626,0.47851760653777003,0.9053428248833855,0.5403523455779478,0.6823897720247737,0.24563918078724561,0.35165228933807047,2.6117208401659076
0.005062076918405156,20.0763907607518,6.077913459910096,26.159366297580302,0.0002105263157894737,0.0,6.0,109.62047002881387,0.7586449163215364,0.0038463322817127673,0.6706406179987111,0.7840009103753806,0.5426363551828088,0.5261077401370244,0.4504457901439035,1.372558595597464,3.224692261172785
0.47235297847481483,16.425183894335238,4.094336462892574,20.991873335702625,0.013122939355282427,70.0,374.0037716255492,10964.946005737826,1.0246738036692047,0.38473494756974824,0.3416573120733944,0.6867144563550108,0.13909284254066612,0.5185319541036819,0.333870318340892,2.0889030879856203,2.075853097185809
1.4683078367832276,1.9886142471884942,2.047497199251364,5.504419283223086,0.11840932615921439,41.0,3374.66579553761,23875.168605671675,1.0794524195286292,0.8377252142340939,0.40591536941822753,0.47600161863359,0.38954595819974824,0.16237443960968362,0.4991899702353222,0.37145264524866173,0.3818693477403352
0.007997436271113111,12.498781743423496,2.468277024141265,14.975056203835875,0.0002105263157894737,0.0,6.0,179.77021818982428,0.723190019220719,0.006307726954028922,0.6553314688538534,0.6657266815727806,0.7394970414382935,0.13409843642800234,0.88680883893225,2.120073379318463,0.8299385199923259
0.004240282311927449,30.846766827512706,8.917122785900375,39.76812989572501,0.0002105263157894737,0.0,6.0,88.98766368656713,0.7603886799110589,0.003122374164440952,0.5790826376049232,0.8325061665194284,0.6802828988394938,0.764415648000705,0.3167537542398738,0.6907228049634762,4.852940963479754
0.771354769451503,5.017415363754215,3.6263958203430127,9.41516595354873,0.032977873027661905,58.0,939.8693812883644,16682.964990308636,1.1042889931391493,0.5853671926424082,0.5950313759496307,0.6415472033408566,0.1299460526004279,0.621883039573735,0.5182508627607912,0.33149401478357143,1.5524314425497394
0.9567089905973329,4.34015233042994,2.401193999013537,7.69805532004081,0.055136701928007154,54.0,1571.3960049482039,19220.99377613059,1.1202718501125197,0.674420834250196,0.23602852856847434,0.4679471865102345,0.18174799072280645,0.6810650634950979,0.8117914215885188,1.2759898715750273,0.6275844817652159
0.92900930431756,5.987999854805708,3.936279884904459,10.853289044027727,0.04763445587540739,51.0,1357.5819924491107,19184.83675299187,1.0367376421588717,0.6731521667716445,0.22866751844917205,0.749430390220571,0.09979931947958687,0.4589081692721907,0.3216328953774761,1.0439977742255504,1.7832134091685603
0.004688311560527435,46.74998238003426,7.14131739521859,53.89598808681338,0.0002105263157894737,0.0,6.0,100.79966077626017,0.7276487467861812,0.0035368302026757953,0.34421677904080045,0.7471528732762055,0.2192999546344208,0.7217167802112965,0.3502055046035394,3.8832799499202237,4.152764305177041
0.9648955444319975,5.373105296648718,4.173457743437255,10.511458584517971,0.05151310141177856,50.0,1468.123390235689,19665.636439916634,1.0903301936683756,0.690022331225145,0.7321970914441034,0.6037848504964016,0.12387759382872521,0.8064902565977392,0.05985728363018872,1.0179882250624452,1.7155404345401193
0.7871890378733518,18.97180074201644,5.654686685849124,25.413676465738916,0.03310057406648773,54.0,943.3663608949004,16970.87831743129,1.1503759249164331,0.5954694146467119,0.841645820709735,0.016115909038222076,0.08056859360471214,0.2926851155383188,0.4013897574863985,1.4472254533826008,3.0833658607330867
0.4774546383338579,68.24548110333953,13.46502310533328,82.18795884700666,0.011984189558127684,67.0,341.549402406639,11157.84122990301,1.0456300105141896,0.3915032010492284,0.6068753284923251,0.8606800507210658,0.08403521672357273,0.5154710955851376,0.00429098644758763,0.8281248422416834,8.355269034669533
0.4590583738012381,6.8418926007384355,4.46806120555444,11.769012180094112,0.012436856662163556,72.0,354.45041487166134,10698.292838828595,0.9990024027783455,0.37537869609924895,0.18910107705654722,0.933379163523924,0.2931229801251234,0.9302067258527249,0.2290792687700708,0.7282328851760864,1.9621898016003927
0.47033819282384065,8.033562332283697,4.580506881670129,13.084407406777666,0.012879187577023433,71.0,367.0568459451678,10948.42676095789,0.9494681479467151,0.38415532494589083,0.5198754731299752,0.7623788170670917,0.30000980404080135,0.821897137641377,0.2684869629880463,0.4145758304766005,2.080531623982431
0.9207547190017725,2.701561270190344,2.6845052677031997,6.306821256895317,0.049652409964057176,54.0,1415.0936839756296,18837.335040716185,1.1452789867425683,0.6609591242356556,0.8573401959376779,0.4759504820096362,0.10783095068095994,0.6689858523833139,0.5270159168277156,1.0785553518219744,0.8825493891096361
2.5463811357201322,0.8889944298812131,1.6829062642575048,5.11828182985885,0.21431954481522833,27.0,6108.107027234008,26815.59767081572,1.037122598426136,0.940898163888271,0.4884124693180856,0.323889144186283,0.07085664088754545,0.25514765241127274,0.1471484996159047,0.6240648522741366,0.3520855218670711
1.4832309851980283,1.9596766484854222,2.3794328515414023,5.822340485224853,0.11812825971418786,39.0,3366.655401854354,24114.721941861742,1.136919306766863,0.8461305944512892,0.4955749224206136,0.7219311265326858,0.21231401541223377,0.5149083469292204,0.05444500284464976,1.1295925871571448,0.5459619331590355
0.002640156437822339,85.16012983320243,14.367832884734113,99.53060287437437,0.0002105263157894737,0.0,6.0,47.43381529286753,0.8396604605953057,0.001664344396240966,0.48228046731839935,0.9115257629126815,0.5904115074085128,0.5876949842169628,0.2227007755006276,2.4664835421856464,8.67117779215548
1.0647564805225427,1.9681438614329183,3.0403873850635295,6.0732877270189904,0.0660662184560889,49.0,1882.8872259985337,20722.68342955115,1.0724185019706964,0.7271116992824965,0.5950921516832943,0.35839673430580155,0.36322894884514106,0.6380440963832867,0.4141041432409561,0.5339234758789548,0.8296007056781658
1.3266801284221166,1.241518842918754,3.0372491672058044,5.6054481385466755,0.09654989288840027,41.0,2751.6719473194075,23382.38812981099,1.0576971942367976,0.8204346712214383,0.5428065657254677,0.7354757731982764,0.06447270882494027,0.5453673531036124,0.10567950372252699,0.8754228470721519,1.0705734366420163
0.9938759070485763,5.273041243193641,2.9516210722619642,9.218538222504183,0.06323595456470418,55.0,1802.2247050940691,19414.447746917194,0.9964373862635512,0.6812086928742875,0.5614144509892843,0.22934062843550584,0.8572204262018386,0.8914184314042254,0.3466013894028752,1.3415741717619811,0.26808743901769105
0.48319026082133604,6.191511129572132,4.053079254889458,10.727780645282927,0.013678727033461931,71.0,389.843720453665,11198.695362066788,1.070271176923509,0.3929366793707645,0.264549007392713,0.7425771080967212,0.36343086222339627,0.6407971487210036,0.4622717005647421,0.13563176117549158,1.758158263852847
0.00834043294846937,7.070143682783238,4.388150548121366,11.466634663853073,0.0002105263157894737,0.0,6.0,189.93397258302164,0.7429785292633506,0.006664349915193742,0.5836953285765737,0.8142368612505038,0.8784721553959879,0.6279439163657553,0.5153643488293872,0.028836588666961926,1.706933449531082
0.003777016523423396,12.796805843210862,3.859174551367463,16.65975741110175,0.0002105263157894737,0.0,6.0,75.79500944460413,0.7289887815459307,0.002659474015600145,0.5278132082652004,0.7669517235672666,0.9558192060173925,0.4456725019633996,0.53848460951904,1.9525056814120778,1.3759253153158557
1.1406804025518158,4.546777662196165,2.7675378689058374,8.454995933653818,0.07581705947442957,47.0,2160.7861950212427,21515.599090781598,1.0581220209815996,0.7549333014309333,0.4459417535482491,0.7981593107558651,0.18532211877562493,0.8787395980064889,0.17651860410866044,1.4337269402833948,0.6903272982887856
0.5674638320020747,23.19219710882034,2.7567230665111335,26.51638400733355,0.019543499521546933,68.0,556.9897363640875,12837.274899042828,1.0193371128731048,0.4504306982120291,0.8309186132562142,0.05949637182278256,0.1604198243288788,0.6596596252583506,0.36073468214145943,3.6364432491784844,1.0556517891890982
0.09566458139020997,15.692039603604536,3.7298071881109713,19.51751137310572,0.0014284701939497452,82.0,40.71140052756774,2324.2028960620582,0.9019145083196115,0.08155097880919503,0.43848946336632694,0.9294472515367163,0.11265163216384733,0.4471564098825848,0.4829194416516139,1.9395203083303207,2.0920514776580204
0.0019218920612582581,49.974765289737576,6.905586113961112,56.88227329575995,0.0002105263157894737,0.0,6.0,29.64289905321966,0.9277914481251246,0.0010401017211656022,0.5904687177907254,0.9716870073355606,0.24892069925741878,0.563421232258495,0.8735020562259158,4.228443159086636,4.0511830921710255
0.5576718643192691,3.5842247461967074,3.290085924248337,7.431982534764313,0.018210750742765913,68.0,519.0063961688285,12695.093878083504,1.0344686939949437,0.44544189045907034,0.29992040065545367,0.9237952569288544,0.32739365810188087,0.4077388826705116,0.20687536782152094,1.0312138600082876,1.3744790820427797
0.8521481011610009,5.122152740334271,2.9421925442592216,8.916493385754494,0.04088609496619001,54.0,1165.2537065364152,17964.787016480863,1.0152532728399208,0.6303434040870478,0.8276401925308677,0.5672869055947429,0.04154857553688934,0.07096442474906017,0.41110578340344534,1.1124399931060447,1.4389322563644082
0.0187258929242671,34.33851863041205,2.347900041286078,36.705144564622394,0.0002347049705021833,58.0,6.689091659312224,442.4896110139013,0.762829602973543,0.01552595126364566,0.5607777402518707,0.8807575411954564,0.08406515052542046,0.4161688888255217,0.16294838373485815,4.989972688616417,1.2499504150855056
0.09015514692820736,4.7890071973753,2.6532191604551145,7.532381504758622,0.0014069253999764756,83.0,40.097373899329554,2184.237720488231,0.8530180525335033,0.07663992001713091,0.7307130176761722,0.8373959898055633,0.09969412109817172,0.43890019345503517,0.8052961448903022,1.0053483273784822,1.395824639394121
0.0033129900257923383,41.47117751345186,7.590835106684836,49.06532561016249,0.0002105263157894737,0.0,6.0,64.79713311239452,0.7814569768335298,0.002273583617978755,0.15002379710981684,0.9703875551786186,0.5249490457332999,0.8215784574378793,0.01410875928450872,3.3378930047932966,4.093877889617318
1.4355316380245187,15.949194152296183,1.7231761339832867,19.107901924303988,0.11690090262043877,44.0,3331.675724682505,23351.24415499586,1.038429919104223,0.8193419001752933,0.3428035611105347,0.7586106650519164,0.34608614222924644,0.549535422999025,0.18690387372814954,2.839181703798185,0.11467701907457961
1.1691110860728915,2.471467237580639,2.9768027548652847,6.6173810785188145,0.07822167514930699,45.0,2229.3177417552492,21841.863771673743,1.1458085700110894,0.7663811849710085,0.5935012281639128,0.4495433660571203,0.22243019507845418,0.6577648825040854,0.2610826120780445,1.1277694365803694,0.8749568273225776
0.13522523460101593,2.832932329350953,2.9288683528959125,5.897025916847882,0.00260180432690229,87.0,74.15142331671527,3251.5051682743656,0.8531154485324366,0.11408790064120582,0.2769718172425987,0.9238932480670394,0.8766954816574721,0.6818490148058695,0.06381431228444079,1.139161083131658,0.6596991218039854
0.8518978830352629,3.441035180559317,2.986688504442145,7.279621568036725,0.041854453928816676,56.0,1192.8519369712753,17905.87376399438,1.0391617666223742,0.6282762724208554,0.6009723007398341,0.8572266837317332,0.2367248703269484,0.5230685435473441,0.05915755022461644,1.2583867797913195,1.0541995346853126
2.4428527890203715,1.2522413753075567,2.3657644059774996,6.060858570305427,0.20997138903052104,30.0,5984.184587369849,26301.190373180507,1.0673650903430012,0.9228487850238775,0.1267647766520843,0.11588200281303673,0.6540473160533953,0.862777156801761,0.07220281228768977,0.3427835254192626,0.0536921633720695
1.4184988097927334,1.3916368164261306,2.464330989410847,5.274466615629711,0.11328036451923493,43.0,3228.4903887981955,23434.932420596022,1.1058325577128825,0.8222783305472289,0.48739370202629295,0.7602754682006674,0.5018064819887219,0.8254417537426669,0.07576669570837741,0.750068022768472,0.2466406462426809
0.019330771449776164,73.69154676711635,12.960598848328475,86.6714763868946,0.0002105263157894737,0.0,6.0,462.30652839876257,0.8002506436202044,0.016221281698202195,0.5607777402518707,0.8807575411954564,0.08406515052542046,0.38088087518811087,0.4400690954937561,1.5983165765555758,8.342351848290424
0.06660145544714642,3.531675686459182,2.441889375574224,6.040166517480552,0.0010639140886254752,82.0,30.321551525826045,1603.676797961912,0.8005221831806126,0.056269361331996906,0.8091094381651472,0.6217142559566773,0.495653974576189,0.46507425774752603,0.9895426432148756,0.5810751196165818,0.8566430189250953
2.981447274168175,1.2406587906311164,1.3663330832238296,5.588439148023121,0.24114015156520902,26.0,6872.494319608457,27096.113925914113,1.0511265942146044,0.9507408395057584,0.5454766450503293,0.2357964080246565,0.02912095695983663,0.3553343787059551,0.32575035507051603,0.26815204082221245,0.1913716718636307
0.07302378736957242,4.4290806250991555,4.123890221248698,8.625994633717426,0.0010970110446211013,82.0,31.26481477170139,1766.8582514902917,0.8497771934428285,0.06199502636808041,0.4219810488080311,0.4727385121770882,0.8601365081212348,0.9030156064755878,0.2906708834068424,0.6836002262301397,1.3754664576177418
0.042941756008681234,73.28508596302201,13.776516435407629,87.10454415443833,0.0004901672497655567,73.0,13.969766618318365,1042.7587232277488,0.8794899470547615,0.03658802537641224,0.7393603010722591,0.2906561000818888,0.27002544199910256,0.6538860152456821,0.5420474247354999,1.1393027357458423,8.543555555408453
0.03962786162870897,85.74441633101313,15.774049129876238,101.55809332251806,0.0004440058350607808,72.0,12.654166299232253,961.9105730751781,0.8317339576127198,0.033751248178076426,0.42837680586781623,0.13763883314286557,0.7472865294551266,0.3364978924198783,0.1772455363903364,0.6199570412994513,9.56880369172745
1.5606941646736179,1.96692190031043,2.0661791804045535,5.593795245388601,0.12742058757110766,37.0,3631.4867457765686,24581.337217217086,1.0204750641678435,0.8625030602532311,0.6111988772088032,0.26771032486902346,0.012303123440187802,0.23049975864086258,0.6686341689706725,0.41845865294314954,0.658269932694707
0.0376520204243101,28.05944068983639,4.419014268477226,32.51610697873792,0.0004714374879618573,73.0,13.435968406912933,907.9707054866515,0.8163709290510566,0.031858621245145664,0.44078583958908774,0.45472897988256655,0.3462841347104129,0.5086758798889343,0.25383124040495597,3.315912561015782,2.3101785114996085
0.08078665170141605,36.756062905876014,9.09069917173423,45.92754872931166,0.0010580446079274763,80.0,30.154271325933074,1970.909440831065,0.9067446865483113,0.06915471722214263,0.17296944112337953,0.5880904052782299,0.32595667979517173,0.36382803081930737,0.6028702376151721,0.6742066382411722,5.501341706974073
0.012423860893298342,69.54958388043961,13.576448624719596,83.13845636605251,0.0002105263157894737,0.0,6.0,292.0834159942587,0.8370668161022629,0.010248540912079253,0.6329630789765198,0.7646085231213162,0.4955990859943601,0.3051657071091213,0.1432004159082586,0.7460364244427349,8.385016208034434
0.007036700173709464,28.200836406000064,2.0390987848028646,30.24697189097664,0.0002105263157894737,0.0,6.0,156.92928049333753,0.7436257375962296,0.005506290543625878,0.7588289360538871,0.945348412545289,0.12645470778843465,0.3910534461165608,0.47194152594308636,4.2747256431526655,1.0200792043513336
1.0265456752544952,2.4549601948917386,3.2982876707332838,6.779793540879517,0.06016022035146278,49.0,1714.5662800166892,20366.54950119981,1.055284986942889,0.7146157719719232,0.48654291556541385,0.5048238165637999,0.1325496213681473,0.7418748033670014,0.43513708201041845,0.9795733873964845,1.1611515936694836
0.0049299775234438,90.33288042989793,16.218743410031994,106.55655381745336,0.0002105263157894737,0.0,6.0,106.90955931811847,0.775136147753644,0.0037512126076532796,0.6589279480309911,0.8051214964264447,0.6053182242795124,0.6272129805521398,0.33211839823990774,0.15916582549683866,9.868489019306647
0.2744254189013821,31.15631166650989,3.590875230241324,35.0216123156526,0.0056895450420379945,80.0,162.15203369808285,6576.997139959532,0.9121191952004585,0.2307718294722643,0.5182719327781156,0.2015195799387448,0.07039248674963883,0.7752872314203826,0.4067808359338906,4.136894272803211,1.7847012895306085
0.1521250694859834,35.56310523431741,9.077829861700625,44.793060165504016,0.0023006986436001093,82.0,65.56991134260312,3709.937163062951,0.8955165213481197,0.1301732337916825,0.6140406626378007,0.8801760782892045,0.061596866456205934,0.959658675995577,0.45956567500466394,0.27956175581239373,5.405810206337084
0.02880968797762848,8.767089808108013,3.6984036528409514,12.494303148926592,0.00037711525226158204,69.0,10.747784689455088,687.6229335659082,0.8100335028725956,0.02412712047599678,0.7490010566779888,0.45059147527006266,0.9288109813723276,0.44654075455826775,0.10035643480943268,1.601986017986539,1.285027444336
1.302862722734824,3.5033979434574993,3.93252286637126,8.738783532563584,0.09294861209119584,41.0,2649.0354445990815,23248.541196770628,1.0105788845808468,0.815738287605987,0.5935403208283262,0.11460486854982666,0.16543440615117722,0.9963126180297893,0.44742743051703815,0.19123611245361616,1.31237492809408
0.020352313769560877,33.107727431520814,8.60797841253491,41.73605815782529,0.00021675864793980546,57.0,6.177621466284456,486.13586097048267,0.857812607572709,0.01705739863054325,0.7267165656275828,0.7155562194456253,0.4730709080211533,0.21378069919176784,0.16407193677937215,0.9179135869285888,5.14035897986198
0.08159893901522629,4.041793540441876,3.139836535395604,7.2632290148527066,0.001369985741882866,84.0,39.04459364366168,1964.8133364412179,0.861630723004811,0.06894081882249888,0.43565704531391225,0.7384812108403062,0.8177579940148323,0.8403789339746686,0.28305560051608003,1.2266735378841944,0.7941009005228086
0.08735240313827704,42.357435356577874,9.93586172700822,52.380649486724366,0.0011553646069657078,80.0,32.927891298522674,2133.385963843936,0.8646108795563628,0.0748556478541732,0.8067108094913225,0.8097597460762563,0.17425991771551697,0.6378419078821581,0.15850177646126296,1.0329929856511484,6.067250090007481
1.5277424291891992,1.5885095335134123,2.3883713300081704,5.504623292710782,0.12232510894476613,38.0,3486.265604925835,24472.606181332423,1.1466290787918196,0.8586879361871026,0.5891645822094423,0.48193211481885256,0.054666795833081316,0.4299687602821294,0.45867237877717393,0.3843712233690013,0.7150645245113498
0.8916138463125832,2.015631787449303,2.7704303130147,5.677675946776587,0.04573684562675543,55.0,1303.5001003625298,18517.494756837703,1.046906601858343,0.6497366581346562,0.9458849203103891,0.9151517293998228,0.014465737005574242,0.6806866637394129,0.15512218205393702,1.0709317640669074,1.030885966097551
2.5853731283127988,1.0227822066551044,1.8002563856239915,5.408411720591895,0.21957681481843355,29.0,6257.939222325356,26672.84119011227,1.014210702828815,0.9358891645653429,0.3672175177215605,0.5390244633062704,0.3665401801115864,0.5758227853343958,0.05287720938308216,0.1619593698178461,0.090307625167239
0.22101330923712856,30.49906182660776,2.3853093864192756,33.10538452226417,0.004534618114283804,85.0,129.2366162570884,5307.809577146272,0.9259790602472971,0.18623893253144816,0.4409381023954983,0.7150137798301184,0.16957227450367285,0.6098773185382954,0.034311295740590886,4.7146281021232195,1.003293178450484
2.6201749455415135,0.9619372518029675,1.7450024190293916,5.327114616373873,0.21778338896670996,26.0,6206.826585551234,26879.993741492428,1.0617302004151523,0.9431576751400852,0.5067586404152387,0.11069047873405968,0.011262544841193323,0.3640459157985915,0.21914239706296945,0.9515852178191575,0.38206067505090857
1.6687200761064926,1.2408846926807842,2.9645409319796605,5.874145700766937,0.1393797715058304,35.0,3972.323487916166,25081.723874479158,1.000612963248685,0.8800604868238301,0.24057681345429727,0.07185033548623432,0.5233795739537352,0.349439335572706,0.10761925914794196,0.07258319489519716,0.6683749493979372
0.08382315815135073,48.891869697559684,11.439172562237815,60.41486541794885,0.001091581075455164,80.0,31.11006065047217,2046.6064501898506,0.9094504951311818,0.07181075263824037,0.3013490636911923,0.6213056633774316,0.45888440426675287,0.8093750509898073,0.18303246704213172,0.6050783004387952,6.694742435034769
0.6206585457440207,18.39168118047875,6.550051057916587,25.562390784139357,0.020169188691023115,62.0,574.8218776941587,14039.103534584448,1.0817402681566561,0.49260012402050696,0.4696981662879476,0.9100939461069877,0.1502548922806503,0.5327935343562995,0.05363699128270849,0.6062440046028383,3.5887980186433643
1.834882517011456,1.509146157400892,2.2008251034311384,5.544853777843486,0.16101210429349178,38.0,4588.844972364515,25050.639616328666,1.0199272804960184,0.8789698110992514,0.4149626216547114,0.7434770074603213,0.5878855149060273,0.8481848353039325,0.10617763169356981,0.4809472584532779,0.04449538646783857
0.001553897497451258,103.13830860822486,14.448162319370523,117.58802482509283,0.0002105263157894737,0.0,6.0,21.91388592697729,1.0435968593659537,0.000768908278139554,0.5551569462114209,0.7392426512880811,0.8001757526555514,0.8368514927830477,0.7956373222287085,4.9919316441947315,8.382636394388754
0.0071904634050640225,12.655755695974896,5.281223350635512,17.94416951001547,0.0002105263157894737,0.0,6.0,162.52369608294322,0.7367500453620108,0.0057025858274716915,0.47851760653777003,0.9053428248833855,0.5403523455779478,0.6823897720247737,0.601711458422582,0.35165228933807047,2.6117208401659076
0.26158898709369544,16.49157069585506,5.5376677578463,22.290827440795056,0.004942053787766617,80.0,140.84853295134857,6304.543336501821,0.9453560101076195,0.22121204689480073,0.6363087444584308,0.9320627692662593,0.06672229077339975,0.5164409536138722,0.5223716251625875,0.018896842384466872,3.224692261172785
1.6085868890828787,7.6634762096610896,1.828151312971579,11.100214411715548,0.134315698120813,39.0,3827.9973964431706,24471.982397224438,1.1547267758064865,0.8586660490254189,0.4696981662879476,0.6103462187531435,0.1502548922806503,0.5327935343562995,0.333870318340892,1.7875818835337978,0.28851156166302605
0.7743139345413845,2.451164582605989,2.141862612787789,5.367341129935163,0.03649050806546806,62.0,1039.9794798658397,16537.38308944065,1.0651657210238028,0.5802590557698474,0.8684657048357225,0.7575439665999081,0.38954595819974824,0.16237443960968362,0.4991899702353222,0.37145264524866173,0.607870881474982
0.4395571554380994,1.9754029527835189,3.0567118112082396,5.471671919429857,0.012514673278079317,75.0,356.66818842526055,10221.972132611843,0.990612933519874,0.3586656888635735,0.35907148722684645,0.7449768876033106,0.7394970414382935,0.13409843642800234,0.17576728447805445,0.2683249296261887,1.0282097164349913
0.13699634858643128,2.626657941899107,2.64830504351971,5.411959334005248,0.0026440596306435407,87.0,75.3556994733409,3293.8461912268144,0.8513564647807124,0.11557355056936192,0.6314173983226506,0.861112113711169,0.5782983203387109,0.8906668796204111,0.5568670679399422,1.0017573658985632,0.6590116403505917
0.0035410955076280695,58.278024442240095,8.647826227323442,66.92939176507116,0.0002105263157894737,0.0,6.0,70.9501290764438,0.7786806558720836,0.0024894782132085544,0.2724448394898522,0.6415472033408566,0.4088634506315278,0.8295149902664589,0.014104823751811102,4.526509614823116,4.910313263724476
1.875864734259268,2.240031148652328,1.7652042227273896,5.8811001056389856,0.16145251551196146,33.0,4601.3966920909015,25556.2276598599,1.1060979468190888,0.8967097424512245,0.9390348134117478,0.14714212222401812,0.048084549675086685,0.24080877548703394,0.3075488162503815,1.0767214847783984,0.43482910939817554
1.3194111880670385,1.358157675700965,2.4244836601781508,5.1020525239461545,0.09717645505089209,43.0,2769.5289689504248,23200.795582834664,1.0846300879067357,0.8140630029064795,0.5651929057266326,0.7976173701858227,0.09979931947958687,0.4589081692721907,0.3216328953774761,0.4682455147716702,0.7187290130178958
1.4545463259723386,2.421932839804323,2.2304628979447276,6.106942063721389,0.12082217656864372,45.0,3443.432032206346,23181.084208963413,1.1080014372794795,0.8133713757531023,0.7982612474805546,0.5282792105982533,0.8127464113729175,0.5164409536138722,0.20227598763219606,0.993357036576179,0.04386097009256318
0.7964091813925612,2.313068026479892,3.1618312634838333,6.271308471356287,0.03991761273806044,61.0,1137.6519630347225,16793.425320026276,0.9999254510156954,0.5892429936851324,0.6031908454565168,0.28853456978185676,0.8828709121948811,0.751648068268644,0.19278540636552666,0.9389004103494216,0.4851349683764532
1.6965482909908869,18.27296355284487,1.1954122536033793,21.164924097439137,0.14564749105604285,40.0,4150.953495097221,24641.938325443614,1.088137495498589,0.8646294149278461,0.841645820709735,0.9525226109172888,0.08837356332461366,0.5516219009676184,0.0016950335548148732,3.1619209150048233,0.040538393086082536
0.006668516230611546,58.01090287894555,12.180056323139542,70.1976277183157,0.0002105263157894737,0.0,6.0,150.41395592460518,0.7785347527817659,0.005277682664021234,0.47933404088984605,0.8668604674776069,0.28827313389166687,0.7759676103533952,0.6317836972825932,0.5582603370684369,7.413067761299187
1.076836774782387,1.3092397847595394,2.6093179825926818,4.995394542134608,0.07026322798184939,52.0,2002.5019974827076,20628.594774111236,1.1304967213132295,0.7238103429512714,0.18910107705654722,0.9798314482787552,0.44132011344190036,0.9302067258527249,0.2290792687700708,0.8658304218388873,0.37996867077138496
0.9158830701906393,2.0704257389910774,2.6611794577848795,5.647488266966596,0.05124511753515395,57.0,1460.4858497518876,18656.8781933377,1.070700707140719,0.6546273050293929,0.5902832570018809,0.6213379675536743,0.7438719778032219,0.2709035242787995,0.1821672576421819,0.2956712148076166,0.4961940267363847
0.0068070334308188854,64.46921189280053,10.624500372587601,75.10051929881895,0.0002105263157894737,0.0,6.0,153.9882970639977,0.7684781902493757,0.005403098142596411,0.8279002080528521,0.8667830950787418,0.10783095068095994,0.8414840314840129,0.06438881262053531,3.217359623820574,6.521516287963339
1.4655825242136564,1.4733059377078166,2.0340502588979095,4.972938720819382,0.11792736485071456,41.0,3360.929898245365,23900.78250581034,1.028040687289791,0.8386239475722926,0.6505334463952985,0.7729734468687052,0.3523169947204725,0.29126130837528,0.1471484996159047,0.47789128266979297,0.3520855218670711
0.004160104304221908,39.84494892390393,7.843759522887957,47.692868551096105,0.0002105263157894737,0.0,6.0,87.01686358298385,0.7487112597046306,0.003053223283613468,0.4955749224206136,0.5878027571183043,0.21231401541223377,0.5149083469292204,0.8850976071230604,2.2139077231816318,4.738446403878283
0.6421571314432118,15.38368473337242,6.222781140305167,22.2486230051208,0.021675350637721438,62.0,617.747493175061,14451.757985754366,1.0410996301237763,0.5070792275703286,0.5812347995523998,0.8374008844158868,0.12541898077110414,0.9200512974409123,0.12798821166474394,0.4286208232199846,3.178977150549919
1.1469775565921083,2.2047902286511087,2.181010629214969,5.5327784144581855,0.08035659280234998,51.0,2290.1628948669745,21260.914447936393,1.0487243009537452,0.7459969981732067,0.43424556894540445,0.8478931625779801,0.36322894884514106,0.7930467481953244,0.6128506182189963,0.5339234758789548,0.26170224978892787
0.1230969266623468,45.24954019786723,9.879708051845334,55.25234517637492,0.0017517862947015795,81.0,49.92590939899502,3006.3410013798643,0.8898955131152606,0.10548564917122331,0.44349958546008333,0.9359090906895818,0.06447270882494027,0.40749154005802035,0.3707642846192629,1.169959771419756,6.245522305460369
0.284463071326325,7.943477112619245,4.783629293604058,13.011569477549628,0.005948724372274834,80.0,169.53864460983277,6805.954875426111,0.9854838083729341,0.2388054342254776,0.567436481724384,0.0792334890069597,0.7113651280508115,0.9078495019625249,0.5981153257039045,0.07390313110244806,1.8620377690502332
1.035485140898851,13.093434724417861,5.6932495430834855,19.8221694084002,0.056940629472543455,46.0,1622.8079399674884,20786.145926051016,1.0505062608242473,0.7293384535456497,0.264549007392713,0.694990211799148,0.0762840657481832,0.48839081949910823,0.29570559619858133,0.13563176117549158,2.882147170844769
0.7631679882482363,2.0265106907279846,2.2892268465809993,5.07890552555722,0.03417168633672871,61.0,973.8930605967681,16437.668670791558,1.0420785539454738,0.5767603042383003,0.6431244933258061,0.9847425233976334,0.22662466200125359,0.05388422973850182,0.22145945876693846,1.0750662858583027,0.9052654238847673
2.959325198521687,1.269149841798043,1.183456162597427,5.411931202917156,0.2418718959422924,28.0,6893.349034355333,26989.481156213875,1.025588004817285,0.9469993388145219,0.4718596878966054,0.7669517235672666,0.014880050025618874,0.6975569875058827,0.38748503943150464,0.12857833880757719,0.01596928993971858
1.6087554144901601,1.6584160399666945,2.0059325037789266,5.273103958235781,0.13580895904493503,40.0,3870.5553327806483,24443.199898118553,1.0328955332989407,0.8576561367760895,0.6197200736255617,0.8006804243058488,0.17471108596123874,0.9308691144673242,0.3883146686996374,0.8267026643878395,0.20706331752747698
0.43687234314882195,11.156513971356302,4.793213833014897,16.38660014752002,0.011152981776423744,72.0,317.8599806280767,10239.289306001707,1.000953430622553,0.359273308982516,0.8309186132562142,0.7754823807383165,0.10664416255723463,0.6596596252583506,0.33506903689332534,0.48722184623621523,2.5171918942661935
2.347299837218438,1.3704875480586218,1.0680007646161804,4.78578814989324,0.20256599990790916,32.0,5773.130997375411,26309.283745316345,1.1437782929843323,0.923132762993556,0.5359228649474963,0.9155224392622683,0.0018526751301162214,0.4471564098825848,0.4158928352079756,0.6372180063593569,0.058288958385004364
0.017723830723972045,19.06406645957987,1.5969397170979773,20.67873000740182,0.0002405167444635779,56.0,6.85472721721197,415.0514582651466,0.7898118368898964,0.014563209061934968,0.43492230569176127,0.9716870073355606,0.10246334322120687,0.33892522656359625,0.8735020562259158,3.091055628325558,0.7730148872049112
1.0366635188817046,3.398093370474175,3.19694240604266,7.63169929539854,0.05997466220510755,49.0,1709.277872845565,20635.29743463824,1.0100898742021525,0.7240455240223944,0.5774805397558488,0.8747439707784351,0.014130101738486334,0.4077388826705116,0.3348327177157536,0.35683129074875763,1.3744790820427797
1.0749548460800464,2.3149419106609863,2.8635793841480552,6.253476140889088,0.06993473876448063,50.0,1993.1400547876979,20593.290159947563,1.0983995526630599,0.7225715845595636,0.4582679268048417,0.005850738246765408,0.8874989097043663,0.07990151405752255,0.2627128096497976,0.7299977758444514,0.5250203285354118
1.2317834160842016,2.053277225497716,2.1973252451181127,5.482385886700031,0.08937960668732615,47.0,2547.3187905887953,22169.553214762054,1.1012485263021061,0.7778790601670896,0.640078582339759,0.6064421232348624,0.37465792384019786,0.4161688888255217,0.42560587869883026,0.6389430780499255,0.3998918063322794
0.11188876082326993,4.636970464077247,3.69081822424161,8.439677449142126,0.0018226440037709026,84.0,51.94535410747073,2711.289917395701,0.8787153052770279,0.0951329795577439,0.7307130176761722,0.6418434360424641,0.782263847290607,0.43890019345503517,0.2387437931108779,0.19973628839220625,1.395824639394121
0.7448234893622361,3.4299625339752984,3.2263451110639356,7.401131134401471,0.031457753641290186,60.0,896.5459787767703,16194.445928654583,1.0345876042306354,0.5682261729352485,0.15002379710981684,0.7269543073123546,0.045127031672685336,0.802491280759577,0.7595193960279051,0.6572079712928676,1.29969126717977
0.9078347154156858,16.05238746573303,1.989914669735667,18.950136850884384,0.05088536708799862,57.0,1450.2329620079609,18476.666530464117,1.1136915013057958,0.6483040887882147,0.3428035611105347,0.6845996770015325,0.34608614222924644,0.25220728429890404,0.23850053044657255,2.839181703798185,0.46367144521156867
1.9227107542761037,2.0818555882509946,2.1118944646143825,6.116460807141481,0.16697100386390956,34.0,4758.673610121423,25594.11279834816,1.0752591479146922,0.8980390455560758,0.5935012281639128,0.4495433660571203,0.304044772474095,0.6139402634010829,0.005065854366491873,1.1277694365803694,0.2667918303430925
0.2590714590907354,6.257222311531674,4.527512345152902,11.043806115775311,0.005311156239683996,81.0,151.3679528309939,6211.6243399013565,0.9381942107724826,0.217951731224609,0.6045378188852754,0.03243473984939693,0.9493903951921164,0.5955776455102006,0.2695840225145483,0.46361668838183245,1.6342368481872507
0.003008766372533346,81.81920854510003,14.501223651000021,96.32344096247257,0.0002105263157894737,0.0,6.0,57.2583332324957,0.7736041688020778,0.0020090643239472177,0.5540581179042539,0.8818910174839848,0.215992687105089,0.6874993267990938,0.8870938238883462,1.2583867797913195,9.081228185288023
1.948974145147648,2.1539732655070436,2.0738290121033267,6.176776422758019,0.1701656628538638,34.0,4849.721391335119,25586.397835866443,1.0203898498071662,0.8977683451181208,0.45384963368076825,0.11588200281303673,0.2462062659114277,0.7365695361702591,0.665407116479567,0.3427835254192626,0.2444076020708179
1.0702166372894097,2.318750784403869,2.532537043548686,5.921504465241965,0.06984246466574844,53.0,1990.5102429738304,20520.065762296577,1.1509774655702825,0.7200023074490027,0.748282471926395,0.7602754682006674,0.5018064819887219,0.8254417537426669,0.40887929474719564,0.16290802441804608,0.33704701459855535
1.6597925335676977,1.4006680218026357,1.869146098902485,4.929606654272819,0.13986881967649653,38.0,3986.261360780151,24963.66209326566,1.0011135870523495,0.87591796818476,0.644726050685686,0.9263067964843741,0.09760371144850288,0.5085679635011522,0.30476820197209764,0.07493315472297146,0.3568782648287403
0.529945430333339,1.7145650085031887,3.046973856381232,5.29148429521776,0.017454099445581725,72.0,497.44183419907915,12086.851195408093,1.0628450647256504,0.42410004194414364,0.3700944051763751,0.9062642110585212,0.495653974576189,0.7703555018484739,0.3004948207312651,0.3959487417178611,0.8839166989686822
2.3308056092005827,1.0290992672174544,1.33638249438174,4.6962873707997765,0.2017098307358513,31.0,5748.730175971762,26462.007739133005,1.0063849345413194,0.9284914996187019,0.5454766450503293,0.9108643259945924,0.08069578091208285,0.3553343787059551,0.18128947539950035,0.26815204082221245,0.15214860365954674
0.005042737272893279,21.57044874176888,7.650941590461877,29.226433069503653,0.0002105263157894737,0.0,6.0,109.39765003561612,0.7357501199483153,0.003838514036337408,0.8804912363448485,0.5658191297292603,0.8601365081212348,0.9030156064755878,0.22676504044552548,0.6836002262301397,3.754843749260325
0.05918130384154745,5.595394913441355,3.6705668563433287,9.325143073626231,0.0008368547865132556,80.0,23.850361415627784,1431.567857369797,0.8389170846103858,0.050230451135782346,0.7114240097824819,0.8754584756253698,0.7223564373067491,0.1925679475127059,0.17460292921601972,0.06968731083119684,1.595281845701101
0.04240399567574446,16.581510235105082,4.55763675977733,21.181550990558158,0.0005387303431837109,75.0,15.35381478073576,1024.4802409202246,0.8370941503073179,0.035946675120007876,0.5870154825112981,0.9506757759251098,0.33132146965874343,0.5813356898727088,0.09173661354748475,1.8493423207770376,2.3766708158518677
1.3043691816456073,1.4446100388341243,2.0006151696438006,4.749594390123532,0.0953112213962432,44.0,2716.3698097929314,23089.3098065386,1.129114577830617,0.8101512212820562,0.6111988772088032,0.9812698721268334,0.012303123440187802,0.23049975864086258,0.40747823823251983,0.2236875670100078,0.658269932694707
1.0174002185253346,35.04789187948743,9.882563383593508,45.94785548160627,0.05389392894823065,45.0,1535.9769750245734,20558.087224405666,1.1120494872112086,0.7213363938387953,0.3206482350023515,0.46061305910634154,0.07387269720579387,0.8582381530732912,0.08340062030223849,0.910189008077515,5.45737248053641
0.01869456911618644,91.42146951710068,16.2389874093735,107.67915149559036,0.0002105263157894737,0.0,6.0,446.41700228314056,0.8472113634714283,0.015663754466075108,0.5003242113653927,0.5667777303117377,0.6352159682061327,0.3733489155757606,0.12172550620819245,0.3756822131070452,9.98101310965567
1.1762630202570477,1.8232966283802519,2.5654277847324085,5.5649874333697085,0.08554164499994395,52.0,2437.9368824984026,21362.241090041385,1.078945882332607,0.7495523189488206,0.5609446016651954,0.8755625702579438,0.7968232909194419,0.7625592251228497,0.03355854516794676,0.6070935564987328,0.14065404436086482
0.5323713840043075,3.668639967194105,3.0547742669732987,7.2557856181717115,0.018955064935102996,73.0,540.2193506504353,12052.102475299936,0.950524448329637,0.42288078860701533,0.47269830130160306,0.6179536887798869,0.7491120158185031,0.9787396646461576,0.20439089743651473,1.2079364809114648,0.5434296679820925
1.6415076210029274,1.5436281224749313,2.3720751606012143,5.5572109040790725,0.13736371515489595,37.0,3914.8658819145344,24913.655885194818,1.0025446994916545,0.8741633643928006,0.43464871967418633,0.5957326378148747,0.1325496213681473,0.7864077221399248,0.45507748537426196,0.21208361993035263,0.4762974248523113
0.7922099436584182,2.224123940808046,2.3727184474290164,5.389052331895481,0.038259837864579094,61.0,1090.4053791405042,16836.15189257365,0.9903922684755423,0.5907421716692508,0.7515337365847485,0.9539816637372837,0.22259003641973774,0.7492525279758229,0.33211839823990774,1.0593085441392345,0.6081269869817127
0.3064956553310551,3.8872892613543364,2.509918960896919,6.70370387758231,0.007681505817059591,83.0,218.92291578619833,7244.201538484339,0.944040847564316,0.2541825101222575,0.9542507283735375,0.893470223699033,0.41447011309298737,0.8733045016666561,0.3401950455097291,1.2038679090402324,0.6693445205274449
1.426041097579744,13.006474943867605,2.347191690334901,16.779707731782253,0.11243209439210428,41.0,3204.314690174972,23722.256191972658,1.0329614569225878,0.8323598663850056,0.29327310552970787,0.828998709790988,0.10754330087493946,0.959658675995577,0.0664041215426252,2.55238483049253,0.43120108170619
0.007750355616817883,8.161266176100531,3.9025560603621896,12.071572592079537,0.0002105263157894737,0.0,6.0,174.8198019277319,0.7480183373409853,0.006134028137815155,0.28926006426835965,0.8891524643165238,0.9288109813723276,0.7183766045172932,0.02731511501050632,1.601986017986539,1.285027444336
1.0499933503504308,1.8973245694617784,2.3960497319386898,5.343367651750899,0.06509078943396598,52.0,1855.0874988680305,20528.57769085918,1.0695822063745815,0.720300971609094,0.6784285198961771,0.9469076429882016,0.16543440615117722,0.7658406855966913,0.4853722201694178,0.06073809671278951,0.5726220191271789
1.092024039418808,3.0180490180196617,3.1380056296039056,7.2480786870423755,0.06657746979456754,47.0,1897.4578891451747,21294.5045857482,1.019378263303797,0.7471755994999368,0.6655643398075246,0.7425482052767383,0.1910903835650724,0.11447658985148235,0.19364118424569104,0.05205126270746385,1.297165985957819
0.02681339432719368,36.25453546910055,9.460088215007403,45.74143707843515,0.0002930319236158353,65.0,8.351409823051306,644.9645421993844,0.8657025682971234,0.022630334814013487,0.4569004731373233,0.7384812108403062,0.3741465350415714,0.8403789339746686,0.28305560051608003,1.0116932314807943,5.47013120681191
0.7971488797810353,3.098896125315469,3.4403104176983765,7.336355422794881,0.03568194679061339,58.0,1016.9354835324816,17116.540875688068,0.9968072205107316,0.6005803816030901,0.5435227048409793,0.9267368534995793,0.2000398989664406,0.657455172377535,0.1755308968892172,0.5578736107852231,1.3359663772585932
1.2123743815211931,3.4319995401504073,2.6657376643277937,7.310111585999394,0.08967070638532622,49.0,2555.6151319817973,21680.613520762352,1.1304828861359089,0.7607232814302579,0.3456360692566832,0.5027783875132998,0.7517760815791531,0.801156574819147,0.1975899574707548,1.1954399291979356,0.19837034430402323
0.9387044135217196,26.301705788325414,1.8421846115368514,29.082594813383984,0.057633629464765516,62.0,1642.5584397458172,18663.2187107576,1.0882812863672018,0.654849779324828,0.9458849203103891,0.7858094003060662,0.29849405456806016,0.9976032670427653,0.09126247133480792,4.090694355436665,0.10499368169987022
0.26432034100515495,10.418696708683356,5.091830378381462,15.774847428069972,0.005230766988644479,79.0,149.07685917636766,6351.085322843665,0.9056906233366256,0.22284509904714617,0.7369256624195396,0.09367900753897984,0.8101416455313178,0.2005210644870723,0.05287720938308216,0.6832178475555888,2.3535836113964024
0.29753715479216963,41.904263157440774,10.16647411322509,52.36827442545803,0.005693573109197791,77.0,162.26683361213705,7151.098237485298,1.0119985847896853,0.2509157276310631,0.47190129413458476,0.7150137798301184,0.25019019140211557,0.6098773185382954,0.2520082661331764,0.36362858720731017,6.052540930405024
0.25355013762473166,39.74555836018042,9.632238396438147,49.63134689424329,0.004531794390185281,79.0,129.15614012028053,6130.575533623276,0.9059077683803534,0.21510791346046582,0.5067586404152387,0.9387788631837485,0.25217178302623194,0.2987923724854066,0.02956992647586587,0.5980744991412341,5.8852204783792725
0.8628689022362145,1.8903537657783063,2.678306529222534,5.4315291972370545,0.04422856579162317,58.0,1260.5141250612603,18001.540694019764,1.059438789489258,0.6316330068077111,0.24057681345429727,0.8333444531381495,0.45810040785145867,0.5035142295304338,0.4813131702734105,0.07258319489519716,0.6683749493979372
2.4373166501843246,0.7348301342954506,2.290109308565409,5.462256093045184,0.20508283084818008,27.0,5844.860679173132,26736.44673835753,1.0862659160007815,0.9381209381879835,0.045917048452088216,0.29960793152933296,0.07245261226597294,0.7365767535810377,0.2901170837222015,0.699433601213884,0.4637233880471783
0.5984121087905198,16.52582303915168,2.884785712201746,20.009020860143945,0.022025603441450457,67.0,627.729698081338,13392.541632184355,1.0795583845483936,0.4699137414801528,0.849806936955918,0.07734525821951488,0.3772288235218102,0.6609372367533131,0.2860641262645153,2.8172555767980016,0.9116440580279752
1.831686997439749,1.1371901109001183,2.344783451735096,5.313660560074963,0.16025152111171645,37.0,4567.168351683918,25137.25947096563,1.0194286920603917,0.882009104244408,0.09546907818941397,0.6748857772655741,0.5878855149060273,0.8481848353039325,0.07994638017583167,0.6110262967676918,0.10237088491750956
0.0047718609127970595,91.4437894180326,16.571056271973962,108.01961755091935,0.0002105263157894737,0.0,6.0,102.9603282938366,0.7536534455962548,0.003612643098029354,0.024420186893580387,0.40220170408575806,0.8001757526555514,0.6338031013696124,0.7956373222287085,0.06680134993922149,9.905056817499768
0.044967377527788094,12.086191658029993,4.896494420891739,17.02765345644952,0.0005692932677154546,75.0,16.224858129890457,1088.2035403272569,0.8236637421621882,0.03818258036235989,0.7950679273590675,0.9053428248833855,0.42437247658092936,0.38737976605541957,0.24563918078724561,0.35165228933807047,2.6117208401659076
0.8949671396798025,6.150161451858537,2.287758080914786,9.332886672453125,0.04803155489658863,56.0,1368.8993145527759,18422.39912592912,1.0592571032664038,0.6463999693308463,0.6363087444584308,0.8881925908713549,0.06672229077339975,0.7209254613439898,0.41989985096983934,1.571746196162541,0.6678200242400498
1.2398218537811332,22.274339554318754,1.535988925665632,25.05015033376552,0.09082778999567459,48.0,2588.592014876726,22213.741281752784,1.0526763538741493,0.7794295186579924,0.20308360346975018,0.6662569015654058,0.03887234923926797,0.4874246290237727,0.5154481849729513,3.622756382130525,0.28851156166302605
1.2471385111395459,2.451164582605989,1.5212883317881138,5.219591425533649,0.09368613704319607,50.0,2670.054905731088,22057.341309643147,1.0876937151576065,0.773941800338356,0.8684657048357225,0.9828191770274701,0.38954595819974824,0.16237443960968362,0.4991899702353222,0.37145264524866173,0.15272399127733927
0.057592620525224854,4.310409355544438,3.3868343617409407,7.7548363378106036,0.000825539557391405,80.0,23.527877385655042,1391.235704218916,0.8407944828677719,0.04881528786733039,0.6254158111950139,0.8920533143163043,0.7394970414382935,0.13409843642800234,0.085396998410732,0.6020228481099426,1.4211407659961135
0.0919678209356507,4.128790148526179,2.3777094919291613,6.598467461390991,0.001631421313534026,86.0,46.495507435719745,2212.5895547572563,0.8065202443700533,0.07763472121955285,0.6314173983226506,0.8614249548319739,0.8134604280236158,0.14373757716961566,0.3829783961184263,1.1889031644914065,0.6590116403505917
0.128463157161869,5.963501509707678,3.3491941426675993,9.441158809537146,0.002105370473658723,84.0,60.00305849927361,3118.002003022313,0.8389206139557643,0.1094035790534145,0.9749991454311245,0.9706910846331727,0.2597588241187918,0.47505268026952574,0.36520000114896406,0.33149401478357143,1.6633536529718036
2.2113273089586833,2.9264674226358744,2.3707660656479526,7.50856079724251,0.1896160638097651,29.0,5404.057818578305,26345.430457357917,1.0931017904181326,0.9244010686792252,0.49248471140401207,0.14714212222401812,0.048084549675086685,0.9654497260245597,0.23911312188010947,1.2354537053698766,0.43482910939817554
1.1042816885743338,1.1453307123436764,2.7830569579248823,5.032669358842893,0.07106880335025438,49.0,2025.46089548225,21172.731172881737,1.0821614506591333,0.742902848171289,0.28503227706020695,0.7976173701858227,0.4901041752182733,0.3607263266640164,0.06257108622802976,0.39533752201489447,0.6850234045698915
0.0037212826067823395,32.36860548774695,2.8686685052336465,35.24099527558738,0.0002105263157894737,0.0,6.0,74.32180046352984,0.6879499511951449,0.002607782472404556,0.7982612474805546,0.7010999904599061,0.5095133357130173,0.7692729245466008,0.20227598763219606,4.8001902826790595,0.9895053151457809
1.051677712587012,1.7622844728973066,2.961807355120865,5.775769540605184,0.06685388549159843,52.0,1905.335736510555,20408.151478321717,1.02881705024278,0.7160754904674287,0.6089801912216127,0.48746683883036535,0.7623879089848471,0.5453595131976346,0.004861209099211561,0.35909812770139204,0.4851349683764532
2.013196675991279,1.8446682814817184,0.9710627541231345,4.8289277115961315,0.17659451792266911,36.0,5032.94376079607,25611.71210035502,1.072576052966091,0.8986565649247376,0.6894578020185872,0.9760440250703619,0.09661045677839386,0.22775830023064736,0.5051473971477702,0.4066042457137038,0.040538393086082536
1.1483476175788563,2.6242055734661913,2.022042793990618,5.794595985035666,0.08186183215461997,52.0,2333.062216406669,21132.613555234446,1.0332211223055627,0.7414952124643666,0.6068753284923251,0.7198878692218418,0.5025085669391199,0.5213486449826188,0.6317836972825932,0.6778208120674576,0.18771771984607444
0.024610240012953043,18.38112408380008,6.306856433506063,24.7125907573191,0.00027666273902976425,63.0,7.884888062348281,589.7557967630502,0.8429468279707392,0.020693185851335092,0.18910107705654722,0.9181191262128703,0.22868566748575814,0.9302067258527249,0.6192783418569654,0.8658304218388873,3.466861091019595
1.3859720633737256,1.1785685151320737,2.0716794464791537,4.636220024984953,0.10581522236594418,41.0,3015.733837429409,23630.761421811243,1.100547841616621,0.8291495235723243,0.40459929400952677,0.8135879945271807,0.12980664075756043,0.013414849818384145,0.28962962999310315,0.7942392545058055,0.6823194305760305
1.077028941732813,3.376545731904931,3.202377091791944,7.6559517654296885,0.06526491307314801,47.0,1860.0500225847181,21010.313590436068,1.1317088669488715,0.7372039856293358,0.32447029752280043,0.4759504820096362,0.10783095068095994,0.3253153281803215,0.5634499508646598,0.7077047523027451,1.311786146552774
0.010721570383867781,8.32963289967135,4.966779413174792,13.307133883230009,0.0002105263157894737,0.0,6.0,248.32051321554889,0.7866635349852131,0.00871300046370347,0.5500548608968605,0.7500373884455105,0.8138367128510418,0.9062593387060004,0.2542382995657794,0.47789128266979297,2.007740985989895
1.2249408291924933,1.5200424705432858,2.5575424995451645,5.302525799280943,0.08667672901839713,46.0,2470.286777024318,22276.415465026992,1.1491222285300646,0.7816286128079646,0.530030556477139,0.7219311265326858,0.40484196576043135,0.4754411585097663,0.19137448271274982,0.35653468224596363,0.5459619331590355
0.8954782002353929,1.6202701977457812,2.710038555813373,5.225786953794547,0.04904451893773556,58.0,1397.7687897254634,18390.253939260176,1.0135052290871482,0.6452720680442167,0.3030498741507503,0.9468753076738137,0.4479724960696646,0.9200512974409123,0.322630789745267,0.5915022773794658,0.4890575209005563
0.6723238892394698,4.201899043234707,2.650545367964539,7.5247683004387165,0.028823774162453825,67.0,821.477563629934,14712.888805584827,0.9888239226668154,0.5162417124766606,0.0237482037718183,0.8478931625779801,0.696498847493846,0.5221239795223703,0.11893090008256213,1.3619425960071245,0.5073547271889458
1.6436508846987261,4.414526029637227,3.1659565671834207,9.224133481519374,0.1340166387327561,34.0,3819.474203883549,25076.26863486164,1.0873547602474232,0.8798690749074259,0.5428065657254677,0.0627691499194819,0.11647645406562168,0.4988337625135698,0.10567950372252699,1.3868751961071815,1.0705734366420163
2.3106802036153504,1.0491861721237434,2.44264153471003,5.802507910449124,0.19889900931481705,29.0,5668.621765472286,26449.610991356483,1.012565982345558,0.9280565260125082,0.24161123990121985,0.0792334890069597,0.2410402847657891,0.9078495019625249,0.22300725253691994,0.8097747108435023,0.3485196655502989
0.27994630155736117,8.076767085024635,3.5406147789158835,11.897328165497878,0.005874749176437867,80.0,167.4303515284792,6700.40903028467,0.9373739263234093,0.2351020712380586,0.6602489828507271,0.738643494947582,0.2870604314630101,0.3505219851849591,0.34394975577604675,1.2300944394640574,1.758158263852847
0.005323659416099122,33.456382306702345,2.2964095321948244,35.758115498313266,0.0002105263157894737,0.0,6.0,115.33306410622728,0.7019339744106513,0.00404677417916587,0.621926444329159,0.8429867051125756,0.13176051189684979,0.3591438651023452,0.4751477599068954,4.818017005691439,1.203925583172103
0.9544272479970461,2.4041478248175183,2.6196448255031006,5.978219898317665,0.05572717729148196,56.0,1588.2245528072358,19182.593159778262,1.0314906024845167,0.6730734442027461,0.4718596878966054,0.6940850568797791,0.46973947258361237,0.8222610316507298,0.6138394640227474,0.12857833880757719,0.44428697065170475
0.09198319326724996,17.817578671689024,5.542596788807968,23.452158653764243,0.0012887298599848112,81.0,36.72880100956712,2240.4700314887805,0.9201680732800935,0.07861298356100985,0.6197200736255617,0.7580563221032334,0.07070442471635557,0.40553840740603075,0.6445815032588256,0.9704252130847169,3.3648126429650285
1.0456605096131377,32.95669119469134,1.0875901184512446,35.08994182275572,0.0696047814188771,61.0,1983.7362704379975,20075.757579383313,1.0270199127321706,0.7044125466450285,0.9164398779738245,0.7754823807383165,0.07276601323800314,0.5824292275743849,0.33506903689332534,4.907620527884232,0.0507575062946275
2.9805502724092334,0.937746560732747,1.079911619651302,4.998208452793282,0.24222190912919803,27.0,6903.324410182144,27046.88416758862,1.0947310625105968,0.949013479564513,0.3939382307880055,0.785424347249253,0.0018526751301162214,0.4471564098825848,0.2705146586247836,0.45992004499073413,0.058288958385004364
0.5099615072670172,74.76059419334254,14.351980235693498,89.62253593630307,0.01351694927441051,65.0,385.2330543206995,11832.572592076367,1.0502441670402687,0.41517798568689007,0.23025123448332485,0.43322036194311,0.27541324295438785,0.33892522656359625,0.22422498819541092,0.9162013316815034,8.826197741144082
1.3471172768447404,2.5393363238133015,2.284040986159674,6.170494586817716,0.10398552708768546,44.0,2963.5875219990357,23021.731181991363,1.0852913837995655,0.8077800414733811,0.9014208613602253,0.21929165487905233,0.4363136437160622,0.4077388826705116,0.49172249843949156,0.4772081306128433,0.3817029267982006
2.1052140669833976,0.9132538490682647,1.2050385513294724,4.223506467381135,0.18229173438255653,32.0,5195.314429902861,26106.615293442188,1.12472967009331,0.9160215892435856,0.4405679527445471,0.979090833032725,0.01606553545179834,0.07990151405752255,0.22429379657301007,0.7135218450225598,0.23735961410923245
1.5952237200137969,1.44848112071946,2.237230574454533,5.280935415187789,0.13215033378654664,38.0,3766.284512916579,24608.511904186926,1.0974683537962475,0.8634565580416466,0.31301103447391876,0.6064421232348624,0.37465792384019786,0.35165862026264216,0.2867416002426222,0.260351464153731,0.3998918063322794
0.0180165675800883,4.9717764135225595,2.992861989374343,7.9826549704769905,0.00022153634926701197,55.0,6.313785954109841,425.03064961304176,0.8108061710057852,0.014913356126773395,0.5715768630888829,0.9990195987940814,0.35615544760644247,0.43890019345503517,0.8052961448903022,0.4192037788440506,1.395824639394121
1.4589509502203248,12.801942349174343,6.144879661998351,20.40577296139302,0.1083979611133453,35.0,3089.341891730341,24493.200235990236,1.1121541975499933,0.8594105345961487,0.15002379710981684,0.22222113528201048,0.045127031672685336,0.802491280759577,0.16334211269184012,0.910257562059277,2.900343745958267
0.4361776885565322,3.0974952211589857,2.7717816546025467,6.305454564318064,0.012196439275317012,75.0,347.59851934653483,10156.33725518455,0.9950509184965441,0.35636271070822984,0.23920109947989387,0.7221955595191272,0.34608614222924644,0.25220728429890404,0.7054235455519912,0.6445315213627798,1.1662717579077055
1.288536448505666,2.395950626006692,2.6240008543527145,6.308487928865072,0.09704567751672687,45.0,2765.8018092267157,22596.780808051226,1.0504205470405863,0.7928695020368851,0.7696772174953731,0.2812799113474411,0.42360251645509484,0.8600537896898004,0.49543481691433816,0.5879727184742305,0.3897182779282913
1.859392192395686,1.4701136607534553,2.64767917709764,5.9771850302467815,0.15776326035969102,32.0,4496.252920251194,25683.06334383429,1.1439564095941421,0.9011601173275189,0.4496026341128786,0.042563803110388654,0.22616670485102064,0.4700370953803583,0.3406304846820229,0.325083237131623,0.6676930230736664
0.8838787204748416,1.4403026788663376,3.0144031637470707,5.33858456308825,0.04480124835717443,55.0,1276.8355781794712,18398.345940784035,1.1076515858326494,0.6455559979222468,0.7526233071627251,0.8572266837317332,0.23893476581666506,0.5230685435473441,0.014855493714671708,0.9088848119187678,1.0541995346853126
0.9542798933010355,2.092302113895732,3.254380514158843,6.30096252135561,0.05392326251384692,53.0,1536.8129816446374,19254.349851289477,1.1505570553707143,0.6755912228522624,0.09434276987863405,0.11588200281303673,0.8031794977545278,0.3015184091015335,0.39659504869265316,0.3427835254192626,0.7611017343230317
1.1047788114086907,2.231526063892778,2.8764139695070923,6.2127188448085615,0.07574156513536838,52.0,2158.634606357999,20716.720791465457,1.13537848642554,0.7269024839110687,0.48739370202629295,0.4822702888299652,0.8630682727374378,0.7789202434582578,0.22476497638016402,0.621881332767539,0.2466406462426809
1.3056269774020575,0.9766718128428632,2.4360506013683545,4.718349391613275,0.09495121302697908,42.0,2706.109571268904,23139.46789545105,1.05966765456951,0.8119111542263526,0.22072984172591364,0.9263067964843741,0.09760371144850288,0.2949708583110318,0.30476820197209764,0.7490117750530461,0.806699554554184
0.013938307895192069,43.03204709628485,4.637230271508481,47.68321567568852,0.0002105263157894737,0.0,6.0,328.182595326147,0.7900295177598147,0.011515178783373579,0.1543879309078428,0.9062642110585212,0.04782413602664504,0.41580730485568823,0.18364252055565378,4.85200462111778,2.8140414206215003
0.03677780904825288,39.741260107291296,4.730849292717951,44.5088872090575,0.0004538139003914459,72.0,12.933696161156208,886.7402378995457,0.8609074754206181,0.031113692557878797,0.02470093433946441,0.10702076326620091,0.45880848440370003,0.3553343787059551,0.04421580958188942,4.706473894339501,2.4875780743354117
0.17113651804940283,4.821699417099831,3.8847621802445795,8.877598115393813,0.0031172376466632357,84.0,88.84127292990222,4135.313014157225,0.855257018541583,0.1450987022511307,0.4219810488080311,0.22372259042900566,0.8601365081212348,0.5256000743453031,0.4869802794071799,0.6836002262301397,1.3754664576177418
1.438732289054891,2.5357281572583594,1.4955814897851796,5.47004193609843,0.11816840971196285,46.0,3367.7996767909412,23215.678952469414,1.088601051567307,0.8145852264024356,0.7114240097824819,0.8754584756253698,0.4787832581950291,0.1925679475127059,0.553064630091667,0.6044393910482664,0.05529615523271403
0.4713172034320166,15.960485846415429,1.9001408521260275,18.331943901973474,0.01636983414478566,78.0,466.54027312639124,10748.326092997886,0.9009268906633636,0.3771342488771188,0.5207699554582328,0.8242618427994697,0.5864540148543599,0.30324322190664277,0.24879724860243724,2.7578050464338477,0.3422736676807139
0.004314900218758324,92.06455325989418,16.423830838330733,108.49269899844367,0.0002105263157894737,0.0,6.0,91.30260157443462,0.7568558375207274,0.00320360005524332,0.6111988772088032,0.5775535469091005,0.8445410405091966,0.20237101589183987,0.08866897173937249,1.0142023485725193,9.992797251729058
0.8593884614644063,2.87352442907032,1.8972776801327642,5.630190570667491,0.04861579020320579,63.0,1385.5500207913651,17584.98068872132,1.0452037009155732,0.6170168662709236,0.6547575131204114,0.8623773054308611,0.6662025447731985,0.1818091219588513,0.6097315493950553,0.787597995237509,0.19910359718185688
1.4407915641554112,1.1771184471370815,2.4710306131219406,5.088940624414433,0.11110505507643338,39.0,3166.4940696783515,24125.83957173432,1.0978442020120855,0.84652068672752,0.5327635126974843,0.8038000983648174,0.0012435732445201242,0.36382803081930737,0.3212447872864085,0.3156967668162931,0.853544281881959
1.6122230138128715,20.003129257531445,1.179800802286862,22.79515307363118,0.13548091126713094,41.0,3861.2059711132315,24442.558834882886,1.1520196315550502,0.8576336433292241,0.4405679527445471,0.9337001327468314,0.01606553545179834,0.4055831748274124,0.22429379657301007,3.3862344260578974,0.12974133875904936
1.5009847911577296,1.6791346825738271,2.7770223023654887,5.957141776097045,0.12147255390472285,39.0,3461.967786284601,24043.008247550755,1.1404275101979928,0.8436143244754651,0.47269830130160306,0.2765023135843546,0.3556423303735775,0.9962944646561172,0.3364864428559289,0.8875617839820906,0.4355909006253418
1.2521256045828786,1.866711590061343,1.904404874441975,5.023242069086197,0.0911492423891388,46.0,2597.7534080904557,22452.67828716378,1.0320104661965293,0.7878132732338169,0.7291171346526353,0.7635162696352351,0.06785954549603684,0.44087201162660006,0.5179025685823262,0.7955003040746544,0.4762974248523113
1.6197131407798449,4.001787654072519,1.1044723892700012,6.725973184122365,0.13645786841298943,39.0,3889.049249770199,24480.882468516225,1.1309723372825402,0.8589783322286395,0.7636513488394392,0.8782134069184675,0.012025959115012086,0.07248809161240333,0.41719073305312326,1.2982144875567894,0.21812461890780366
0.8199347279484902,3.844715741826739,1.744146330401302,6.408796800176532,0.042783872759728656,62.0,1219.3403736522666,17135.220613185113,1.0181879567554164,0.6012358109889513,0.9542507283735375,0.893470223699033,0.41447011309298737,0.09148980612715352,0.3189082857459304,1.2038679090402324,0.3708312591243441
0.003306601037355759,33.84401781899422,2.1544225590195443,36.00174697905112,0.0002105263157894737,0.0,6.0,61.78336875235157,0.6813155737050453,0.002167837500082511,0.43560432664237847,0.8801760782892045,0.8967741526853759,0.1980051089032136,0.4712169861684202,4.8901022863733665,0.43120108170619
0.3003890571867828,1.8479450748704511,3.5349131981736956,5.683247330230929,0.007103845362459683,82.0,202.45959283010097,7135.014890942046,0.8835651568647847,0.25035139968217707,0.28926006426835965,0.6102445649008644,0.9288109813723276,0.7183766045172932,0.08273426927180005,0.41136157155735287,0.9177912515589597
0.005282841242615808,9.139003341592542,5.053247169947783,14.19753335278294,0.0002105263157894737,0.0,6.0,114.86333747671081,0.7317680760429089,0.004030292543042485,0.6784285198961771,0.9494586266166364,0.9315533748414849,0.5372392389896086,0.04918386258993862,0.5772199093652937,2.146785243146383
1.0892920865952846,2.3299462423224666,1.639998500802598,5.05923682972035,0.07068355048880977,51.0,2014.4811889310786,20863.252220090682,1.147454053864461,0.7320439375470414,0.6655643398075246,0.8003559330940951,0.045185187429644724,0.1955818235627389,0.7983020606852377,0.32059998730800343,0.4926494478327461
0.746917287292756,3.8138857634173275,2.363439140105874,6.924242190815957,0.03625188297857755,65.0,1033.1786648894602,15912.978459737273,1.0717422615079055,0.5583501213942903,0.20774926828936402,0.7384812108403062,0.8177579940148323,0.21016512027624246,0.28305560051608003,1.2266735378841944,0.34967962724190293
0.8621415831470709,4.271086587144487,3.4946509764793507,8.627879146770908,0.04234728450176395,54.0,1206.8976083002726,18066.689473173763,1.0660614030839874,0.6339189288832899,0.5339489862145829,0.17806449941359404,0.19797896330892306,0.657455172377535,0.6411005083509635,1.0317145451272747,1.3359663772585932
2.100137728003483,0.3337394686601049,1.9935426632767128,4.427419859940301,0.1791240955784186,31.0,5105.03672398493,26339.47265606867,1.1517925749835547,0.9241920230199533,0.03195419271626526,0.9104945870276452,0.07556148445103017,0.20311204855535636,0.09422152463364719,0.3843712233690013,0.5374463796924642
0.06439861147277547,2.8811738950886,3.140076255406095,6.08564876196747,0.0009990195219531253,82.0,28.47205637566407,1551.3556011955673,0.8592746913891954,0.054433529866511135,0.9458849203103891,0.6304745848799741,0.7205259761657977,0.6806866637394129,0.4272500052647573,0.8724322550130992,0.9824805087947652
2.106056081728767,1.1971227690974948,1.6922395150167509,4.995418365843013,0.18397235000954942,33.0,5243.211975272158,25984.471409031885,1.0548745995327862,0.9117358389133995,0.8069243947433291,0.7046807151735976,0.1958492412360393,0.5758227853343958,0.04821225625005332,0.6195906186859776,0.15863939615663458
0.5293683096857376,3.3449977030949354,1.9580424566027963,5.832408469383469,0.01837782494910973,73.0,523.7680110496273,12008.87037691497,1.0513190340518423,0.4213638728742095,0.48122311718120925,0.8850424247903701,0.36388670091806385,0.18150752139354592,0.6182700373292773,1.1351755574847595,0.6182242046742861
1.7248819304236511,1.453867178609093,1.8728289140130974,5.051578023045842,0.14606861967041934,36.0,4162.955660606951,25147.066464736643,1.1020025223016283,0.8823532092890051,0.5213531770519453,0.6291979279726508,0.02133629220241684,0.468934630592506,0.45025478162676125,0.7141023327425216,0.42625260041331803
0.4001760599317872,2.1750383936356026,2.404537287912135,4.979751741479525,0.011439327072931884,79.0,326.0208215785587,9324.442929519397,0.9955553670366196,0.3271734361234876,0.5252614413115938,0.9745713539600501,0.45810040785145867,0.581743813891831,0.4813131702734105,0.7014827640154975,0.6683749493979372
0.8106253542101212,2.0298313452941734,2.223356315978425,5.06381301548272,0.040918726754935256,62.0,1166.1837125156549,17046.73024981643,1.0795637082675418,0.5981308859584713,0.3349295490025454,0.9192858449120255,0.2843930021074741,0.7365767535810377,0.6341561465652084,0.9659303547912812,0.4637233880471783
1.0406335765292638,1.6755930220756654,2.4921989708819585,5.208425569486888,0.06454502646602032,51.0,1839.5332542815793,20343.018365244803,1.0493112562022309,0.713790118078765,0.5111619292700972,0.6077439203904709,0.5178534594829919,0.1479466701745613,0.19382545179054012,0.7395695196936505,0.6098050872648821
1.4663714421458667,1.934170399926315,2.302139466182372,5.7026813082545535,0.12094520503681754,44.0,3446.9383435492996,23476.49810228868,1.0989705768833709,0.823736775518901,0.3471289095410822,0.7618611022317398,0.5878855149060273,0.8481848353039325,0.35260660901309593,0.6110262967676918,0.10237088491750956
0.19403779661367926,3.0802596145943255,3.2644556029376566,6.538753014145661,0.003740569509642293,84.0,106.60623102480534,4672.61467966497,0.9338714235886328,0.1639513922689463,0.28717173822201014,0.731571309756007,0.5553847934559067,0.6338031013696124,0.4201579961956745,0.9728703794298255,1.1999464372566004
0.04735857695444607,87.01526528652346,15.68560818232659,102.7482320458045,0.0005454713580427543,74.0,15.545933704218497,1152.2937749276707,0.8573408962195569,0.040431360523777916,0.12060271424862945,0.5729098382385035,0.7263823564147757,0.01935812490810984,0.08158791002127086,0.03747903658489049,9.696261001940625
0.01392662222533884,7.658616752255243,2.4928723094581526,10.165415683938734,0.0002105263157894737,0.0,6.0,322.622784487348,0.742331945176626,0.011320097701310455,0.40345546924885645,0.8881925908713549,0.8167097839288437,0.31999832975725273,0.7280635189063971,1.571746196162541,0.6678200242400498
0.20467483146472804,15.88463362158277,5.649094818024762,21.738403271072258,0.0035340201976296285,82.0,100.71957563244442,4959.032164122418,0.9776772238867072,0.17400112856569888,0.24866446620360438,0.9408176505220068,0.2976639084462983,0.35830270691680755,0.40754304459582014,0.18797602850871886,3.1810659681476605
0.9356480301416765,1.0834580833590897,3.0701771393085364,5.089283252809302,0.04976383917327629,54.0,1418.2694164383743,19203.582430646704,1.0646803621769638,0.6738099098472528,0.03963031118591548,0.9828191770274701,0.44346597048177405,0.16237443960968362,0.03317285184792618,0.37145264524866173,1.0564886597121137
1.325716545102398,2.03990981484414,1.7900218663361838,5.155648226282722,0.10237053493708077,46.0,2917.560245706802,22787.927561184966,1.0964396419693838,0.7995764056556128,0.9136011540028566,0.8000082990116993,0.32878987155469275,0.3385379803713657,0.31656192675462214,0.687084918644518,0.2454470075489903
0.0037676758600798154,79.19785665608637,14.93504927657362,94.13667360852007,0.0002105263157894737,0.0,6.0,77.07205788824322,0.7617215123295114,0.002704282732920815,0.30775070691430007,0.7647917412896393,0.5782983203387109,0.5764812652576446,0.5568670679399422,0.9374426530656432,9.067160670736094
0.029229651605152642,17.507254311380905,5.8087778529472525,23.34526181593331,0.0003376063739832266,67.0,9.621781658521959,702.7543845674458,0.8581955927281805,0.024658048581313888,0.9063109889656737,0.7313201723979719,0.35280183036130697,0.37722731191417375,0.37454108662149144,0.6993539536933358,3.3035451435396066
1.7959110549510018,1.3962973952744153,1.4644877079628638,4.65669615818828,0.15418040288797918,35.0,4394.1414823074065,25324.766562849054,1.040226427018381,0.888588300450844,0.6600360110121732,0.7392208902190904,0.048084549675086685,0.1638994848148898,0.332067279874806,0.7873978024067296,0.3200529279498312
0.7494525916314947,3.2371419831853325,2.211707612283977,6.198302187100804,0.03551494282006487,65.0,1012.1758703718489,16036.429922534191,1.049672725657202,0.5626817516678664,0.8675898773083777,0.9809548217482456,0.4901041752182733,0.4384588228536015,0.04215624007547569,1.1937604203623242,0.43972264243937786
1.5159580621912323,4.80207822543011,3.8472488727687066,10.165285160390049,0.1172116940934947,35.0,3340.533281664599,24678.110823167386,1.154285027295835,0.8658986253742943,0.3083041617309149,0.4077561803910934,0.03477290320281362,0.24382171429547617,0.1452105629013175,0.993357036576179,1.709056866077543
0.9248939618013143,2.690306870989372,2.2885455741478773,5.903746406938563,0.0547385696969563,60.0,1560.0492363632545,18593.25732356669,1.044171182226438,0.6523949938093575,0.9136011540028566,0.8000082990116993,0.7623879089848471,0.3385379803713657,0.31656192675462214,0.35909812770139204,0.2454470075489903
0.6451903754991616,7.5334444363496065,4.566422248993894,12.745057060842662,0.022926730102838147,62.0,653.4118079308872,14440.427706073086,1.0426957803008854,0.5066816738973012,0.39129015735930983,0.417369258229189,0.47639312133293377,0.43708166065979637,0.23362378863776845,0.4403334095422631,1.993892056342692
2.3439964865332414,0.7179071673244999,1.32736318086011,4.389266834717851,0.20082515876783213,31.0,5723.5170248832155,26518.27623916725,1.1059653046950872,0.9304658329532369,0.5372508769312481,0.9904552908820454,0.052900071083053724,0.28768853789947396,0.050653091884335644,0.42074355558680043,0.18771771984607444
0.28521385526378046,11.969328716198806,4.878448334296765,17.13299090575935,0.005753148153708563,79.0,163.96472238069404,6842.821628785594,0.9046279433212908,0.24009900451879276,0.18910107705654722,0.6228742721421494,0.44132011344190036,0.06619916947851079,0.3768688215501236,0.8658304218388873,2.639959359251166
1.6374665777078639,1.6105746138425714,1.4287591826671442,4.67680037421758,0.13824550034866354,39.0,3939.9967599369106,24713.212900943898,1.0405430947635013,0.8671302772261017,0.5815045014421736,0.9790337021822939,0.01470087907857387,0.3556998211777092,0.5035093968912685,0.4325978422862824,0.2626792372210556
1.5033726211577323,4.0144067512804655,2.20317818311338,7.7209575555515775,0.12066105328541635,38.0,3438.840018634366,24241.82611105025,1.07027146638446,0.8505903898614122,0.37561439060773844,0.4759504820096362,0.06561204634528861,0.3789376398768258,0.4402350320320447,1.332488028386338,0.6289325947854429
0.9401992452943612,3.2327132872102124,2.756106097887153,6.929018630391727,0.052170499996498164,53.0,1486.8592499001977,19073.772709589026,1.1363867435460864,0.6692551827925974,0.7044330158711833,0.2984310506433274,0.3523169947204725,0.38244550993775617,0.43078844498796054,1.1422784861603,0.834379650070054
0.46436198512520244,23.436619797037885,7.133741429059463,31.03472321122255,0.012006804300678103,68.0,342.19392256932593,10836.721353585213,1.0200783842785848,0.3802358369679022,0.7836765941314504,0.018338947447570142,0.4451048783314987,0.0289637672930817,0.28546929455526454,0.7767064578973379,4.048607757558965
0.8487367369863009,2.17478079203634,2.07792994410442,5.101447473127061,0.04434731389111772,60.0,1263.898445896855,17655.642035621113,1.1166485155560506,0.6194962117761794,0.26488261986010375,0.8440283605137155,0.4479724960696646,0.16234556424536983,0.6189697140358694,0.5915022773794658,0.4890575209005563
1.8782576603053849,1.5829992800923591,2.327663779243828,5.788920719641572,0.16300060414567888,35.0,4645.517218151848,25481.925119233867,1.0602548279786006,0.8941026357625919,0.45195847674476186,0.40631912639094736,0.36322894884514106,0.7930467481953244,0.2930986900399427,0.2969530523660162,0.26170224978892787
1.58912567351162,8.813529624875242,1.3557740602480515,11.758429358634913,0.13444558287587408,41.0,3831.699111962411,24151.914246631037,1.0846905303630527,0.8474355876010891,0.8275593271711471,0.9646011254139406,0.1216797789663413,0.5453673531036124,0.23683970771568086,1.9162214017279027,0.09233102787077563
1.5846790082064708,1.4747635921323583,2.0711609749113835,5.130603575250213,0.13248516793597404,40.0,3775.8272861752603,24437.566457786957,1.0257945735353353,0.8574584722030512,0.2677090960730356,0.8724924446136242,0.14922687273244606,0.9078495019625249,0.4916070934803267,0.6708319843005373,0.26623766143294336
0.01380501817301988,6.7747050762477095,4.182890432758958,10.971400527179688,0.0002105263157894737,0.0,6.0,323.3340729787962,0.7826319691212636,0.011345055192238463,0.37118393166417785,0.7425771080967212,0.6811368771594715,0.6407971487210036,0.4622717005647421,0.9776579215505987,1.758158263852847
0.889840281186551,11.251998196411584,5.303167703189139,17.445006180787274,0.04236696627420072,51.0,1207.4585388147204,18651.985671936476,1.148538919107292,0.6544556376118061,0.41939952601506697,0.30756405627775874,0.22662466200125359,0.5041427868603767,0.41310930796869216,0.3513288415069442,2.541511636212391
0.031570492623075055,16.202504611621258,6.2715989169395066,22.50567402118384,0.0003703173431794585,69.0,10.554044280614567,760.1270498491962,0.8466581771481467,0.026671124556112147,0.4718596878966054,0.6813088746569755,0.5383727928389844,0.8705647383026276,0.34591281267867235,0.4517403327415819,3.162409556935577
1.316338084816392,2.859916101417139,2.756481193089437,6.932735379322968,0.10290455535171064,46.0,2932.7798275237533,22511.8061037927,1.0554113651415697,0.7898879334664105,0.6197200736255617,0.07198579438560071,0.9207548104503314,0.5408539232420617,0.42953190605804015,0.587354251516425,0.20706331752747698
0.8837419829612324,2.2796171191289205,1.6758660563015297,4.839225158391683,0.04716833449347832,57.0,1344.297533064132,18220.356768418278,1.1281425428468657,0.6393107638041501,0.6564981174195718,0.7754823807383165,0.10664416255723463,0.02417642251498403,0.7315763789367484,0.9104957667048075,0.6037850299321539
1.1943116814520705,1.3704875480586218,2.120933783291468,4.68573301280216,0.0807247816273207,45.0,2300.65627637864,22173.726267141403,1.1431078461981714,0.7780254830575931,0.5359228649474963,0.9155224392622683,0.0018526751301162214,0.02257305728027914,0.4158928352079756,0.6372180063593569,0.8589998970378385
2.2732416197679894,2.1493283396998466,1.0283310662044727,5.450901025672309,0.19862824355344372,32.0,5660.904941273146,26125.411812669277,1.0029506118590008,0.9166811162340097,0.3317686047773546,0.44761464238686544,0.04703708164710696,0.26171110647839646,0.8735020562259158,0.2203836382875468,0.07789747978021211
1.0985450656838045,3.3084461385722053,1.722476755344096,6.129467959600106,0.07680889246710348,55.0,2189.0534353124494,20511.45270694767,1.0339528114590064,0.71970009498062,0.9014208613602253,0.7391532968601214,0.6516072259936908,0.06632036957431142,0.7148072191107216,0.4772081306128433,0.12110149555499827
1.0941378241651045,2.760346057223275,2.5043059275907535,6.358789808979133,0.07057834649278096,49.0,2011.482875044257,20995.690082931265,1.013303045130093,0.7366908801028514,0.3455608390356226,0.6243456783565291,0.4961969194223771,0.013414849818384145,0.02138342201661214,1.2034653743776078,0.6823194305760305
0.0236100562463464,10.592655069215821,4.956342932897745,15.572608058359911,0.00027509888222873157,63.0,7.84031814351885,564.0292456477374,0.8253634957791894,0.019790499847289034,0.6448725101232443,0.9668322524083404,0.37465792384019786,0.951226393917377,0.31801697472820506,0.7443530022858902,2.4101029983460984
1.2304109110063022,3.2579605863888847,3.6238836673690424,8.11225516476423,0.0827553597823282,43.0,2358.527753796354,22725.975831403302,1.1482729961065092,0.7974026607509931,0.33316035245915376,0.7294935314312392,0.1853221150659679,0.43890019345503517,0.19572148604368567,0.031117841556953962,1.395824639394121
0.4112153896682289,3.7576857440926013,3.104247978661758,7.273149112422588,0.010928565674164635,75.0,311.4641217136921,9629.092831516975,0.9721715987124689,0.33786290636901667,0.17272752775247635,0.7269543073123546,0.24847335132244752,0.6203936191148308,0.7595193960279051,0.6572079712928676,1.29969126717977
0.1695136526463624,2.248465472921409,2.5237591996386786,4.94173832520645,0.003376652151225629,87.0,96.23458630993044,4073.897069101289,0.8692552644162223,0.14294375681057156,0.38840372133992146,0.8841415126983191,0.6925889959498249,0.3079282449403743,0.3938300166433702,1.0041897780462512,0.7582705971050192
0.7482693755269044,3.776476782818535,2.8290739545019328,7.353820112847372,0.03249765922826468,60.0,926.1832880055434,16209.264899624144,1.0149292474060732,0.5687461368289174,0.5935012281639128,0.9096676160979538,0.304044772474095,0.30383428645103727,0.005065854366491873,1.3032763661962343,1.0525788166653918
1.8239433909862253,0.9044621561053934,1.7408349841082267,4.469240531199845,0.15537092298734897,34.0,4428.071305139446,25640.050401693763,1.030228489433329,0.8996508912875004,0.5258962322147548,0.9822799649658689,0.007486552291787851,0.24266557331876748,0.18366804772647838,0.24776501844451815,0.4577111694566174
0.8403301905244039,3.3471694515624053,2.5077666218132344,6.695266263900043,0.04431237995328969,59.0,1262.9028286687562,17436.829694792643,1.1153532093367462,0.6118185857821979,0.8667538152139345,0.0772047208513752,0.7865930166662759,0.08950686260889251,0.6502630556745284,0.9088848119187678,0.47868865687687734
1.6381201437351707,1.0524306558676373,2.9446475116527333,5.635198311255541,0.13645765232516371,37.0,3889.043091267166,24825.13140030725,1.1438375445322426,0.8710572421160439,0.21612921205978336,0.39144088408258026,0.46126387948831626,0.862777156801761,0.07220281228768977,0.41078445405617936,0.48311948305402375
0.8558167335074509,2.598605455461529,2.1366774690615147,5.591099658030495,0.04758051167236285,62.0,1356.0445826623413,17581.41245445288,1.0607817952927892,0.6168916650685221,0.5815045014421736,0.8387947578073206,0.6733881068245455,0.3556998211777092,0.5035093968912685,0.750068022768472,0.2466406462426809
2.2736443556675994,1.9100466925795123,1.200857403042351,5.384548451289462,0.19764100941572543,31.0,5632.7687683481745,26125.281678927757,1.0770870897510165,0.916676550137816,0.9871751556143196,0.24633869334362613,0.20889008868066505,0.06889587858945295,0.30476820197209764,0.7490117750530461,0.1105988920344485
0.7108472973768297,4.717935772263556,3.1959667586595732,8.62474982829996,0.03036492409835968,62.0,865.4003368032509,15459.58440437763,1.103215480144572,0.5424415580483379,0.7379255492736544,0.12196740183602905,0.495653974576189,0.7703555018484739,0.48628478976789685,1.282994960198728,0.8839166989686822
1.4202848603714124,2.236558826651045,1.6749633766921168,5.3318070637145745,0.11580605282361527,46.0,3300.472505473035,23236.076981929313,1.012290132100329,0.8153009467343618,0.8817777037574331,0.9989771784506005,0.5336840050996222,0.2549048963820515,0.2771275576220894,0.26815204082221245,0.07687241920479426
0.006820589842111822,5.512772535887916,4.082403418182038,9.601996543912065,0.0002105263157894737,0.0,6.0,152.14958603628665,0.7363621887950598,0.005338581966185496,0.4219810488080311,0.6367866601289252,0.8601365081212348,0.9030156064755878,0.8325168388012227,0.6836002262301397,1.3754664576177418
0.7668722795424411,2.883720100513849,2.329531285923315,5.980123665979605,0.039509989055058196,67.0,1126.0346880691586,16144.26185198765,1.0832447822554272,0.5664653281399176,0.5236983795425073,0.8754584756253698,0.8359283071920051,0.4815073123027359,0.553064630091667,0.6044393910482664,0.19166568405382023
0.014989375992486119,48.488437024980776,9.970330703047704,58.47375710402096,0.0002105263157894737,0.0,6.0,354.9983690753484,0.8211907732842508,0.012456083125450821,0.8112047574552229,0.8400285439110201,0.06778231651296884,0.002379364666095396,0.7190807230833267,0.46435192491959665,6.569091863977771
0.9654167421296191,22.436274940748593,6.955195931251767,30.35688761412998,0.04887811944358069,47.0,1393.0264041420496,19824.37137950709,1.1153381673247995,0.695591978228319,0.4893721750148645,0.36934209396817386,0.012303123440187802,0.10712853318909704,0.4341794519639466,0.539762539584852,4.007066377623435
0.8527153369576641,2.6757180385556945,2.2090088706178324,5.737442246131192,0.04769251528417412,63.0,1359.2366855989624,17511.541880187957,1.038856320382839,0.6144400659715072,0.6547575131204114,0.9454970230902224,0.6662025447731985,0.5767715046566277,0.5108283541377425,0.535898592956896,0.19910359718185688
0.556369460173536,69.99570700900641,13.777144376793016,84.32922084597297,0.01579809598077284,63.0,450.2457354520259,12792.45942969164,1.0615344562871574,0.4488582256032154,0.12963572783017546,0.4707094191426241,0.2641552356308373,0.2748999573635567,0.3212447872864085,0.5738282965221753,8.457804509495979
1.630438501725099,1.3386462945032178,1.6971122262741147,4.666197022502431,0.13725753813420263,39.0,3911.8398368247754,24624.504825546326,1.1168876121026057,0.8640177131770641,0.3485075186504685,0.970577635677498,0.269871333251125,0.2774189572212337,0.29266588798803095,0.5312995276472476,0.23735961410923245
0.38677798920437956,4.027913400911602,2.8581254212805236,7.272816811396505,0.010078175374804028,77.0,287.2279981819148,9083.993700359913,0.9399251306046185,0.31873662106526013,0.3067369318397481,0.7595529991956259,0.3556423303735775,0.36974526082032744,0.5328571214743194,1.1413564383399621,1.177349244822473
1.819134078989627,1.3077382119511811,1.5561523778735533,4.683024668814362,0.15705444431778698,36.0,4476.051663056929,25293.904326056407,1.1051652248368036,0.8875054149493476,0.1374348427414197,0.7635162696352351,0.24247580816799486,0.11333461098888875,0.40329482847888454,0.7955003040746544,0.24136567612675996
0.6027157555821301,54.084108409999196,11.531809419881558,66.21863358546288,0.018404740691479834,61.0,524.5351097071753,13731.202944507168,1.0012423061319689,0.48179659454411117,0.26616820967221916,0.8025486444985866,0.11637938780728063,0.07485921262595985,0.2358156067752064,0.5969664225762552,7.187321327409942
1.218724579628423,1.62775441767503,1.8333510887033337,4.6798300860067865,0.08764611763491054,48.0,2497.9143525949503,22056.216641544095,1.133122327161935,0.7739023382997928,0.15766889963996844,0.9295851997345205,0.3447387226369476,0.09148980612715352,0.4764887170398201,0.7717841683884057,0.3708312591243441
0.764841640361692,42.53969484481831,10.099463390767246,53.40399987594725,0.029654842511024546,54.0,845.1630115641996,16710.117713928987,1.1289318824937715,0.586319919786982,0.28485354217293685,0.8801760782892045,0.019499038320958506,0.341325075726859,0.05712329422438445,1.1605349296552503,6.078475005356222
0.49841578429571115,38.26288690636245,10.008663168396142,48.7699658590543,0.013075310672196977,67.0,372.6463541576138,11594.985620157724,1.0820947118412467,0.4068416007072886,0.18320176088936552,0.9470546304865731,0.23938475445983254,0.7183766045172932,0.013023017445065344,0.41136157155735287,5.778089509134779
1.4305384646024064,0.9092494908937734,2.541353778145066,4.881141733641246,0.11183498761935041,41.0,3187.297147151487,23892.135675257836,1.0427813187256876,0.8383205500090468,0.31688249976997607,0.9075219039757851,0.16543440615117722,0.7658406855966913,0.17210769094851575,0.7463151376739585,0.5726220191271789
1.555368774451044,2.243988048375499,1.3364487630665944,5.135805585893138,0.12887682515694557,40.0,3672.9895169729484,24237.791514285025,1.1423634839379042,0.8504488250626324,0.5823301159547177,0.6841968456419361,0.043369207366870555,0.1955818235627389,0.7983020606852377,0.32059998730800343,0.26387969535230216
2.4872482369642404,0.7767745443543178,1.7645346223909955,5.028557403709554,0.21006280521899726,28.0,5986.7899487414215,26764.075245852448,1.157105465917667,0.9390903595035947,0.25326079996709217,0.5199348890539689,0.0998088404132696,0.30386131227257324,0.1869002418836606,0.40482232646991445,0.34967962724190293
0.665475414426304,1.4818455784198505,2.6101011140512553,4.75742210689741,0.026799955086819264,66.0,763.7987199743491,14682.497436404128,1.0673027159337927,0.5151753486457589,0.17856678706477325,0.9267368534995793,0.6348113317177618,0.08906878072810576,0.1755308968892172,0.4819203711052462,0.7538290342841112
1.5843660506369766,0.9130049515794926,1.9247743902904941,4.422145392506963,0.1301147472897307,38.0,3708.2702977573244,24762.66944489636,1.0099876368832783,0.868865594557767,0.6112196756356529,0.9925316129541959,0.07556148445103017,0.20311204855535636,0.09422152463364719,0.4173876409777382,0.5374463796924642
0.009427412118422435,7.007062096737765,2.8657800165322445,9.882269525388432,0.0002105263157894737,0.0,6.0,216.46722638100073,0.7394217639254158,0.007595341276526341,0.772012841947658,0.9151517293998228,0.15602365320764555,0.25859302223281,0.9431141172957404,1.0709317640669074,1.6110279704566723
1.9688580278594414,1.5213320961762749,1.6420140148246025,5.132204138860319,0.1720579164185905,35.0,4903.650617929829,25558.549915065396,1.149489934991462,0.8967912250900139,0.393418368059972,0.7816858746646753,0.24090318614628137,0.5758227853343958,0.38327947444844035,0.6493399690380364,0.11087325952660265
0.9312057224824442,1.8886520263267754,2.215019642492065,5.0348773913012845,0.05193212717234513,55.0,1480.0656244118363,18930.499588689825,1.0863238034576768,0.6642280557435026,0.45124270016322793,0.7150137798301184,0.38437127201527255,0.04321374879748091,0.43042620907031925,0.873273307127787,0.6497987245353807
0.9216094745881922,31.281162511347397,8.743573548985847,40.946345534921434,0.04407810759759908,48.0,1256.2260665315737,19192.70461793823,1.1573046177016306,0.673428232208359,0.5368865975390427,0.3614234088316629,0.1367297354999667,0.19813390748336174,0.07665941220523909,0.9510819784755538,5.040530644167328
1.5255192124547257,1.734680934007652,1.593746236271795,4.853946382734172,0.12634595887084496,41.0,3600.859827819081,24083.09419669746,1.0104195590988743,0.8450208490069284,0.5252614413115938,0.9083357648920031,0.16452876809949157,0.398164208016167,0.4813131702734105,0.7014827640154975,0.227265289003741
0.7195746488672592,3.3652722046220473,2.8490839840390896,6.933930837528396,0.03289590649963222,65.0,937.5333352395182,15509.694649467587,1.0995853540338079,0.5441998122620206,0.6132444046337733,0.31234140043644554,0.9891436712385716,0.2704091070853931,0.6341561465652084,0.2938146385490543,0.4637233880471783
2.0141830846420747,0.7756760251599866,2.212432624167076,5.0022917339691375,0.17207679339401544,31.0,4904.18861172944,26226.25724148897,1.0095784823361202,0.9202195523329463,0.2967526698071963,0.6077439203904709,0.06084830118114004,0.17007767088836379,0.19382545179054012,0.1866064108615424,0.6920362098357575
0.3047570921935681,36.39583340479448,8.954084200994911,45.65467469798296,0.005999859945824609,76.0,170.99600845600136,7308.6398623367895,1.0194088908596972,0.2564435039416417,0.09546907818941397,0.8347201326601789,0.23800183040758682,0.8481848353039325,0.07994638017583167,1.5724086280704963,5.125923311150785
1.621071542947707,1.8456415680860747,1.8586376032471104,5.3253507142808925,0.13677554001641098,39.0,3898.102890467713,24513.30535937481,1.099945509550972,0.8601159775219233,0.7545845981557611,0.653699832803631,0.3029948294847393,0.42943247680103347,0.3182823628516024,0.501434409552453,0.2337799701722112
0.5876999789843051,6.151589248853468,3.766866867271012,10.506156095108786,0.01928833724841347,66.0,549.7176115797839,13332.694793025812,1.0972643631921861,0.4678138523868706,0.195042698281931,0.9353379322657462,0.2014164511576022,0.38737976605541957,0.4615607475524489,0.35165228933807047,1.801793455633124
1.455492831610302,1.3101331659235118,2.1258209698856447,4.8914469674194585,0.11524261188809827,41.0,3284.4144388108007,24015.139590416657,1.009713602797039,0.8426364768567248,0.1881311662700456,0.8117150993249407,0.24569083116680734,0.21852283831063452,0.37673287645162756,0.3654141880974442,0.5164542022153542
0.5244889426915419,81.90723607459435,15.027603739488212,97.45932875677411,0.01405528176442544,65.0,400.57553028612506,12161.620244127771,0.9833550499567048,0.42672351733781655,0.6970287016946972,0.6103462187531435,0.1879616039676898,0.35830270691680755,0.10067951742350612,0.18797602850871886,9.345714566760439
0.026192453043396097,68.3584941199196,13.278375997378788,81.66306257034178,0.0002780119094941582,64.0,7.923339420583508,630.5912197395555,0.8652898525837229,0.022126007710159844,0.03963031118591548,0.9125084064403564,0.4402201418718952,0.16237443960968362,0.3595115429767548,0.37145264524866173,8.311284909014578
0.24665193289230175,37.04877882816296,8.988184042037243,46.283614803092505,0.004406953475086445,78.0,125.59817403996368,5957.652607907712,0.977414739036762,0.20904044238272673,0.65979634191823,0.02401274849281576,0.32878987155469275,0.11406658493259247,0.6064295495344444,0.9929039444696803,5.4807753786811375
1.202637698279458,1.3028897152272687,2.5883798347568563,5.093907248263583,0.0834705479710064,46.0,2378.9106171736826,22133.204417421144,1.0841251207127323,0.7766036637691629,0.2716040075074139,0.861112113711169,0.07736152911152111,0.8906668796204111,0.45059224343203363,1.0017573658985632,0.6590116403505917
0.5636961940790347,16.70743368581636,3.334150442734693,20.605280322630087,0.018485240907815965,66.0,526.829365872755,12813.857301317026,0.9963254344059307,0.44960902811638687,0.5950313759496307,0.6415472033408566,0.05565744528277289,0.621883039573735,0.30192979925795116,2.5292616700055386,1.5524314425497394
2.12591640897567,0.9926246533933716,1.435320935442623,4.553861997811665,0.18330818805898352,32.0,5224.283359681031,26160.460220540397,1.1574018800532055,0.917910884931242,0.6600360110121732,0.7392208902190904,0.048084549675086685,0.1638994848148898,0.13023090893428418,0.7020357033342624,0.29012442257991466
1.6843469978963108,1.0733753583787027,2.6888887097823955,5.446611066057409,0.1400462310496994,35.0,3991.3175849164327,25159.97182418434,1.126816778888476,0.8828060289187488,0.5677261440360677,0.5376623238963685,0.013713883161355689,0.9113341131974293,0.24253919480030073,0.8003166476409129,0.6850234045698915
1.589621023755236,1.976456148414898,2.02054954290088,5.586626715071015,0.1350403967148156,43.0,3848.6513063722446,24051.945893861524,1.1295923216765953,0.8439279261004043,0.025350031614751356,0.8211894242652458,0.8127464113729175,0.23014745553403415,0.36599324987038523,0.0659073609500247,0.04386097009256318
0.6559795864547507,3.2425705617436384,1.5931898909141269,5.491740039112516,0.02933464995013738,71.0,836.0375235789153,14286.153140876495,1.039963869655281,0.5012685312588244,0.6089801912216127,0.8114931881185021,0.4520973355590847,0.19874370719547851,0.9777221835916994,0.8701662027329253,0.2617743039837004
1.5585370900406383,2.389463253137352,1.6200551445001172,5.568055487678108,0.1325547009773355,43.0,3777.808977854061,23843.879850860463,1.0269342069796403,0.8366273631880864,0.7621463482781818,0.7479132909298803,0.6032349544246581,0.14081296032139717,0.3612322366110914,0.661652908008449,0.040538393086082536
0.04396844692604775,76.8780754539084,14.017731085241973,90.93977498607642,0.0005026407294806987,73.0,14.325260790199913,1068.736204630137,0.8442488657036513,0.03749951595193463,0.38380562454851486,0.7466571720934407,0.23795649431188903,0.28768853789947396,0.5311748510743685,0.5668173874175735,8.931305624230529
0.19779172324828526,55.21695809816495,11.958728008204528,67.37347782961777,0.0031944347356065404,80.0,91.0413899647864,4807.765750182284,0.9393919378146751,0.16869353509411522,0.008747192816816851,0.39627199372882704,0.44132011344190036,0.3679189578230668,0.3898032378317305,0.8658304218388873,7.238110943377714
0.013342019894628875,12.933446689301164,5.613592224951466,18.56038093414726,0.0002105263157894737,0.0,6.0,313.20109919939216,0.7731684466173769,0.010989512252610252,0.5815045014421736,0.6151995101121802,0.7967393824527118,0.550219112844482,0.37950227338525744,0.1833001206151903,2.644624352253855
1.6965405986655435,3.9384336424799744,2.1910661133628087,7.826040354508326,0.14364108780872603,36.0,4093.771002548692,24906.07955470448,1.1011969908941426,0.8738975282352449,0.8194876242548514,0.08043351019359923,0.328537626827038,0.3253153281803215,0.09498167499951238,1.3045220284981927,0.4139426537549751
1.8496056212761212,1.4327173632592112,1.567847253533282,4.850170238068614,0.15900979168895693,35.0,4531.779063135273,25599.236678771475,1.0877162814814558,0.8982188308340868,0.6505334463952985,0.8211894242652458,0.03346494474876155,0.23014745553403415,0.36599324987038523,0.0659073609500247,0.3520855218670711
1.3753356574053754,3.984991270635965,2.1952426165650154,7.555569544606356,0.10673024139255895,42.0,3041.81187968793,23273.408400899098,1.139619390818367,0.8166108210841788,0.6233327297876955,0.3481229982576739,0.40484196576043135,0.16149112179701175,0.19137448271274982,1.2964558283477654,0.4580364786050577
1.1830022378468361,2.656255437902843,2.2538924823617403,6.09315015811142,0.0829062330013317,47.0,2362.8276405379534,21719.76183237757,1.1597463667763308,0.762096906399213,0.7463572657266073,0.20033619077785847,0.4479724960696646,0.16234556424536983,0.6189697140358694,0.5915022773794658,0.4890575209005563
0.20014975499870413,19.097580181477106,6.527421463464627,25.825151399940438,0.003399386769495835,81.0,96.8825229306313,4854.458003499842,0.9389205265076096,0.17033185977192428,0.43424556894540445,0.8478931625779801,0.23795649431188903,0.7930467481953244,0.3294069243642569,0.5668173874175735,3.595997285367054
0.48599245643334754,87.13412686821022,15.456379068387566,103.07649839303113,0.012239780312267847,67.0,348.83373889963366,11358.844158667222,0.9659628321543255,0.3985559353918323,0.5428065657254677,0.9231369363341906,0.06447270882494027,0.4323570948475591,0.10567950372252699,0.3741890133841217,9.741365961999733
1.4946030201607847,1.6434091556632622,1.5490057337967653,4.6870179096208116,0.12197812163798556,42.0,3476.3764666825887,23960.113640770178,1.071712826115358,0.8407057417814098,0.39924769525679593,0.9367381753389515,0.19152991060532354,0.19381543257686296,0.4784332972492405,0.6708319843005373,0.26623766143294336
0.8247585555126219,2.6795148819649697,2.1498463026684616,5.654119740146053,0.04294060762969179,62.0,1223.807317446216,17242.768512989227,1.010388964583199,0.605009421508394,0.24351923636999107,0.7609263905302773,0.5389431872990481,0.33734184202176126,0.8137904323232031,0.259036298305487,0.38229978810089715
1.5656570031844383,1.0444707732923515,1.9211062691182668,4.531234045595056,0.12767040727355633,38.0,3638.6066072963554,24644.80012047707,1.0772295974859056,0.8647298287886691,0.013567300756451461,0.9847425233976334,0.07096629819380962,0.21201930994015838,0.4622270126225928,0.3983138065915197,0.535776668970299
1.5608324488325678,1.102023133173638,2.142355129415472,4.805210711421678,0.12562730073219475,37.0,3580.37807086755,24777.681088139125,1.0647327055841527,0.8693923188820746,0.3047329792722006,0.8820709794657491,0.014880050025618874,0.09837187083435678,0.38748503943150464,0.12857833880757719,0.7580348976855333
0.988699876806922,2.475557135237345,3.132747315212092,6.597004327256359,0.05503558199844198,50.0,1568.5140869555964,19960.086816518466,1.0381103537963783,0.7003539233866128,0.06079204570545621,0.9371742521764918,0.18864662208197513,0.2230671094015534,0.2736484260894815,0.830299922465656,1.2809165889554164
0.004438017739837782,19.4401574123144,5.997828012840259,25.442423442894494,0.0002105263157894737,0.0,6.0,93.92155375747703,0.743978421552618,0.0032954931142974396,0.6564981174195718,0.9399651343035165,0.5067595800979812,0.02417642251498403,0.6737812211845111,0.6618146208803166,3.4750808751233153
0.46234150938089974,2.620070926099845,2.5726839119724727,5.655096347453217,0.014024026603092266,75.0,399.6847581881296,10684.238613130608,0.9222177629250596,0.3748855653730038,0.08312784936912199,0.9155224392622683,0.6395972693547711,0.02257305728027914,0.15069322116252198,1.1595200912966903,0.8589998970378385
0.0368855493835403,60.539834597252344,11.760766286183076,72.33748643281896,0.00041483265999407124,71.0,11.82273080983103,893.8124655996812,0.8413805543256418,0.031361840898234426,0.7113748243451923,0.8347201326601789,0.23800183040758682,0.4849617467493011,0.05203551722003563,1.5724086280704963,7.324814329898946
0.5184755082197025,2.7157201182309474,2.2164348725990113,5.450630499049661,0.017880063959517304,74.0,509.5818228462432,11794.684074143262,0.9526382131722019,0.41384856400502673,0.5691776094947001,0.8229371023729578,0.29769258843546764,0.750267773828443,0.8500018130415229,0.4772081306128433,0.563783563150837
0.14622603480922533,3.38585055825682,2.3753583609888276,5.907434954054873,0.002853960140087227,87.0,81.33786399248596,3516.6774835461383,0.8143447617523868,0.12339219240512767,0.6683714060057516,0.8135879945271807,0.8371008839004821,0.013414849818384145,0.30443645480345366,1.1066193645991798,0.6823194305760305
1.1314742226546146,17.630627265610656,6.3063338245572895,25.068435312822558,0.06749163957842923,43.0,1923.5117279852332,21915.576916396076,1.1613866152839232,0.7689676111016167,0.31301103447391876,0.6064421232348624,0.017755537527439136,0.14024979115363567,0.2929198268038747,0.260351464153731,3.47873965877291
0.8721844678284371,2.3046885171375378,2.317925492070122,5.494798477036097,0.04723061437668911,60.0,1346.0725097356396,17979.858239925896,1.1042574541510035,0.6308722189447683,0.5561449054222929,0.8373959898055633,0.5417014048225337,0.43890019345503517,0.4679957522407221,0.32743929036588826,0.4120945546576591
1.3096720863879863,3.116169100458011,3.0659798981583988,7.491821085004396,0.09350735972448077,40.0,2664.9597521477017,23260.323270326637,1.1511098326565905,0.8161516936956714,0.6081214536858667,0.3867554813737789,0.06476252595345955,0.11627833243130214,0.358847230270656,0.6572079712928676,1.29969126717977
0.46452305996218485,2.664907767967199,1.888616452870367,5.018047280799751,0.015776606749541247,79.0,449.63329236192556,10627.74969151494,0.8816820512137518,0.3729034979478926,0.38840372133992146,0.9600786005898062,0.6925889959498249,0.04835760122141203,0.6188102763512702,0.9459493039652431,0.3656354758740292
2.067228425943682,9.765935117525798,1.7832875590600166,13.616451102529496,0.17939556051834205,32.0,5112.773474772748,25986.258015340172,1.0753183706771379,0.9117985268540412,0.4296228693604496,0.4495433660571203,0.07678747797630608,0.6139402634010829,0.15817960409026532,2.1130964778775447,0.2667918303430925
1.7472287909621953,1.604024461048764,1.479352930098575,4.830606182109534,0.14973637311742552,38.0,4267.486633846627,25065.301508752214,1.1169834518511415,0.87948426346499,0.5258962322147548,0.8891339521958763,0.2483761885947322,0.1070954005396006,0.35278197297095537,0.24776501844451815,0.20768186027655577
1.2449577050374272,1.470553864663838,1.8023477547723599,4.5178593244736245,0.08897158838379574,45.0,2535.6902689381786,22472.328299496523,1.1271960057851262,0.7885027473507552,0.7113627939039896,0.9305391806766832,0.006994862514164424,0.19193951809232845,0.374349388494301,0.9088848119187678,0.5800321018405743
1.6619960574746988,1.254712638531395,2.1433829164529787,5.060091612459072,0.13882472468215065,36.0,3956.5046534412936,24961.83853060573,1.0720754919170865,0.8758539835300256,0.21612921205978336,0.5632644810315444,0.3235564055212842,0.11819031588830187,0.2766244090948426,0.41078445405617936,0.48311948305402375
0.43208677441314186,2.418567775028825,2.8544681160858674,5.705122665527835,0.012800469501471878,76.0,364.81338079194853,10014.426309757742,0.9926541059016384,0.35138337928974533,0.614967695816875,0.4672638385551413,0.918704070980215,0.08494381548908525,0.21277198637081374,0.8300772674688641,0.7529973114305974
0.7805493566235638,1.7698888935306847,2.643888862225331,5.19432711237958,0.0376150012016927,62.0,1072.0275342482419,16604.003693530096,1.0258499460796715,0.5825966208256174,0.415360263832403,0.7078014065955792,0.7127079162392073,0.2949708583110318,0.14273337766973537,0.7490117750530461,0.5523542362407499
0.6344264869529436,1.311063331251291,3.225159477977058,5.170649296181292,0.024162317411795076,67.0,688.6260462361597,14142.313307158734,0.966013982435107,0.4962215195494293,0.3700944051763751,0.9062642110585212,0.495653974576189,0.8908286027068121,0.09874398210531621,0.6515286735618626,0.8839166989686822
1.7957950193675214,1.2488625534320976,2.5351783680213487,5.579835940820968,0.1516170158968847,33.0,4321.084953061214,25522.73842238876,1.0454541079456463,0.895534681487325,0.7652399312649727,0.10385176943375163,0.08069578091208285,0.4632720007953425,0.18128947539950035,0.9528432855562974,0.7369314452074303
0.011281404898028929,6.775591262528244,3.3946813154794526,10.181553982905726,0.0002105263157894737,0.0,6.0,260.9530273198382,0.7853890040850813,0.009156246572625901,0.516388732273986,0.8232341946554081,0.8601365081212348,0.03981928678209212,0.2906708834068424,1.2815128692453917,1.3754664576177418
0.732647533013509,58.50856883320314,12.356813683071385,71.59803004928804,0.026958131952367303,55.0,768.3067606424681,16161.864051376968,1.0821239871244408,0.5670829491711217,0.4598110886194643,0.6395439523591973,0.1275280447284694,0.1925679475127059,0.055524547818043335,0.7674846902911652,7.572399643969287
0.008291222996967093,46.57098072266214,10.503057336557786,57.0823292822169,0.0002105263157894737,0.0,6.0,190.3779669725939,0.7989889396218648,0.006679928665705049,0.8419389974534623,0.9921830394796562,0.38239507466711853,0.3364978924198783,0.24879724860243724,0.3509373108440559,6.434610611814499
1.1310164146863255,2.39369097781131,2.380978501830575,5.905685894328211,0.07540355754744822,47.0,2149.0013901022744,21328.82485582983,1.0560536647000802,0.748379819502801,0.6111988772088032,0.27731985361090905,0.41165387096015515,0.04498392287279329,0.40747823823251983,1.0437568522121543,0.658269932694707
3.897931383708244,0.41990080523452444,1.225170514661242,5.54300270360401,0.28024450184876065,22.0,7986.968302689678,27592.842393093695,1.007563171317217,0.9681699085296034,0.36684495308655146,0.04898762396331435,0.011255546973649777,0.1818091219588513,0.018086265843749172,0.787597995237509,0.19910359718185688
2.157837539806702,1.0620670491050623,2.7278380829402824,5.947742671852047,0.1822641651281529,28.0,5194.528706152358,26474.590541562025,1.114497412636429,0.9289330014583167,0.11689819039721433,0.12150336058794098,0.0012435732445201242,0.5504185482232496,0.4716517494205339,0.24809801890187266,0.853544281881959
1.4390392501075226,1.6614701724884178,1.9294751618000503,5.02998458439599,0.11650306035818098,43.0,3320.3372202081578,23561.610587084462,1.0063239520087293,0.8267231784941916,0.46981718677810724,0.7467577938172134,0.49002557185943196,0.20166180195693034,0.22830731396058124,0.7135218450225598,0.23735961410923245
1.5492921281753154,1.4803647774648994,1.5075322822214896,4.5371891878617046,0.12857143230120932,40.0,3664.2858205844655,24245.214816816973,1.0137861404593271,0.8507092918181394,0.47269830130160306,0.947672803025135,0.16642650120221553,0.20752535153307222,0.3790133621799865,0.8875617839820906,0.25523164315747415
1.9629484421095702,1.3138301584462446,1.4547226066413326,4.731501207197148,0.1706160338070741,34.0,4862.556963501612,25713.16437329399,1.1293480098107276,0.9022162937997891,0.6673826939232644,0.798131162056888,0.11120420139293735,0.2829741837167916,0.23982058121678707,0.6269316841979817,0.2165045674658641
1.9309212206498259,1.043908106315772,1.395002579019415,4.369831905985013,0.16717333432725448,34.0,4764.440028326752,25721.992223641282,1.0587418538149838,0.9025260429347818,0.40138616772406366,0.8601500411540478,0.035009089904885715,0.14427083763603787,0.2814731346337739,1.003382754308354,0.2964565279688882
1.5305198046164172,1.3331084084695188,1.928238570414675,4.791866783500611,0.12518473595341897,40.0,3567.764974672441,24296.155146973702,1.082701821209751,0.8524966718236386,0.15766889963996844,0.9295851997345205,0.1483080498332735,0.47617343092473197,0.4764887170398201,0.5194383714633557,0.3708312591243441
1.3632972514413213,1.7443445158456503,2.739343803762171,5.846985571049142,0.10622815830630691,43.0,3027.502511729747,23105.42110779465,1.091702510803618,0.8107165300980579,0.5377044894944326,0.4150625242364254,0.4964311878082268,0.959658675995577,0.23099662231943874,0.911152529587802,0.3400262698610259
1.6143950761088783,1.5133243244623906,1.8854676248476891,5.013187025418958,0.13725306114113925,41.0,3911.7122425224684,24318.777434295356,1.060150152216692,0.8532904362910652,0.5211565374904916,0.9752506205066773,0.5511328322855326,0.41362388182114707,0.08273426927180005,0.41136157155735287,0.08784061631648221
1.4178484340563267,1.522240878318312,1.562325831957982,4.502415144332621,0.11210219913488435,43.0,3194.912675344204,23576.40113585507,1.0918149075276264,0.8272421451177218,0.3877689214951736,0.946123444063877,0.16543440615117722,0.08308446968198113,0.4431601737981862,0.8504761135282615,0.34377741833954367
1.2268633037896803,2.275083074151489,1.5834388675503233,5.0853852454914925,0.08893385626437157,48.0,2534.6149035345898,22098.311262584673,1.152943072381749,0.7753793425468306,0.48258337142901436,0.8121093724157546,0.13059705423466594,0.24514451000664017,0.7983020606852377,0.42614968739128223,0.342369054409148
2.581612234335042,0.7767745443543178,1.082544920776317,4.4409316994656765,0.21804130265104976,29.0,6214.177125554918,26762.19868343215,1.1432742387506067,0.9390245152081457,0.25326079996709217,0.9189649516550502,0.0998088404132696,0.02195067247159843,0.1869002418836606,0.40482232646991445,0.13951939639545863
1.5722755400709767,1.5840863427189906,1.7260026365292223,4.882364519319189,0.1331044457282679,42.0,3793.4767032556356,24100.22729674428,1.0295839767581902,0.8456220104120801,0.28080755136391344,0.9428126228929506,0.6348113317177618,0.05533331478122716,0.1755308968892172,0.4819203711052462,0.09120618292378779
2.6491831085207136,0.8549431444638494,1.5726439429810732,5.076770195965636,0.2227946581599862,29.0,6349.647757559606,26805.24217216451,1.1020354857375054,0.9405348130584039,0.4619089271582364,0.8478351948270217,0.07556148445103017,0.7879999482620333,0.1398459953145339,0.3314049547639626,0.10381054881803298
2.1371441585995363,0.8308961915665359,1.3590486662970855,4.327089016463158,0.184237867328785,31.0,5250.7792188703725,26253.404316958055,1.1123729436480858,0.9211720812967739,0.4989532219503006,0.8918520527285476,0.014465737005574242,0.050245128258798455,0.15512218205393702,0.5306410466276419,0.3220739564405948
3.071522300171243,0.4451606710196284,1.438870263070529,4.9555532342614,0.24618302756141738,26.0,7016.216285500395,27188.367775416566,1.0542699120636294,0.953977816681283,0.27362789213889416,0.7046807151735976,0.0500721775870851,0.5758227853343958,0.04821225625005332,0.645168120577015,0.1321479694978791
1.2655307155556499,1.964395557080569,1.5504891006931643,4.780415373329383,0.09553470814864531,48.0,2722.7391822363916,22280.648882938676,1.0476750087332918,0.7817771537873219,0.5269862309170215,0.9573590568500965,0.38437127201527255,0.04321374879748091,0.43042620907031925,0.845039310336346,0.21239957187677927
0.11276374652870241,21.39472447191476,6.0456338377927095,27.553122056236173,0.0016299468698645807,82.0,46.45348579114055,2749.686180659671,0.8934363376685682,0.09648021686525163,0.5456512841102051,0.8647284016741684,0.06527401503754487,0.1700788373685232,0.6266201897544119,0.6555830225677293,3.8214087492130098
2.2963877802824744,1.177879875953412,1.0654300247543373,4.539697680990224,0.19970091777953275,32.0,5691.476156716683,26277.011641783814,1.0090213552260352,0.9220004084836426,0.5252614413115938,0.8965861715724958,0.16452876809949157,0.07971993879990336,0.20291264124629033,0.6322027166717965,0.07955370153722274
0.9028019530506667,2.3364598898366933,3.2773614241127635,6.516623267000123,0.05095215466795741,57.0,1452.1364080367862,18371.50353471211,1.0196966382510981,0.6446141591127056,0.6182474770772977,0.1281524998061987,0.9482117239159947,0.7365767535810377,0.08655486182492667,1.0153481379044438,0.4637233880471783
1.2968113894802051,1.0107892954254685,2.429844371537278,4.737445056442951,0.09565731083496501,44.0,2726.2333587965027,22943.5985876245,1.0392645275692676,0.805038546934193,0.2967526698071963,0.9415563566395242,0.26324301614207,0.4978492760214827,0.15958605070258353,0.6815708747914346,0.5705918989611902
2.5697083924674207,0.8136447894468894,1.2947201274448121,4.678073309359122,0.21829903292007957,29.0,6221.522438222268,26716.591972308186,1.0114040854501245,0.9374242797301118,0.6468653468043393,0.8593423836049162,0.004591121527257935,0.5675908451436247,0.07994638017583167,0.7584733442984628,0.10793447420787494
2.2265898919291525,0.7955716071619323,1.5813874064784907,4.603548905569575,0.19350893499103414,32.0,5515.004647244473,26235.984027429902,1.079773460612679,0.9205608430677159,0.22982523974793256,0.965327859986075,0.24774458534040644,0.42943247680103347,0.09706474470169502,0.4723086822912186,0.12508530907385484
0.3137349557857158,5.962776604091493,3.936924414063305,10.213435973940513,0.006890262183017678,79.0,196.3724722160038,7479.722529546032,0.961135002191202,0.2624464045454748,0.195042698281931,0.880183721489335,0.49820636127845364,0.3355904376553306,0.14456199258082275,0.7202041492900997,1.801793455633124
2.1058292843579647,0.9418005596464489,1.1494029156169938,4.197032759621408,0.18365163653214087,33.0,5234.071641166015,26024.21672700262,1.067758807129674,0.913130411473776,0.5039029374346662,0.9779158893556854,0.11368849528457503,0.039050742703023,0.13368243964246007,0.8469956637426801,0.16248297652593724
0.18502722425826795,44.873610456136625,10.035723893645,55.094361574039894,0.002941350541895986,81.0,83.82849044403561,4504.026794557077,0.8818479872176124,0.15803602787919568,0.5219499750274411,0.72334080251724,0.11116689569845067,0.35830270691680755,0.5016311750037601,0.609302070766031,6.298763613261843
1.3681592233500266,3.6366268544813405,2.1197443976443227,7.12453047547569,0.10687931431449667,44.0,3046.060457963155,23167.75630729161,1.0907359829627148,0.8129037300804073,0.5069770990212504,0.9543587079327682,0.1514046978056527,0.9499406128577493,0.3221021542429041,1.2822923000332254,0.292207642967222
1.0874733817274451,2.03990981484414,1.736248225378106,4.863631421949691,0.07322733713009938,53.0,2086.9791082078323,20637.09283859223,1.020346225705553,0.724108520652359,0.9136011540028566,0.9986100310947541,0.32878987155469275,0.3385379803713657,0.31656192675462214,0.866904994899234,0.2586989549105603
0.03195369146126677,82.95417293088859,14.522057411977038,97.50818403432689,0.0003469383868305155,68.0,9.887744024669692,773.0416541232602,0.8245832013510387,0.027124268565728426,0.8610053432471572,0.861112113711169,0.2328406848782954,0.06150501931456942,0.13976086635562512,0.9077572390743303,9.39887656090324
2.1722665936543097,1.0771338081481867,1.9028806160052296,5.152281017807726,0.18820149042213424,31.0,5363.742477030826,26300.900820530485,1.0314138552945915,0.9228386252817714,0.5950313759496307,0.6415472033408566,0.06371346902785702,0.6542098833633946,0.19326611432838525,0.33149401478357143,0.31675166939108124
2.0717491368545193,5.164379789026607,1.4455761256291377,8.681705051510264,0.17981582393639706,32.0,5124.750982187316,26021.80683241597,1.0403466722737023,0.9130458537689814,0.5151471726694172,0.5891981715957402,0.048084549675086685,0.18658398436152435,0.1819621000013002,1.5266476989802449,0.29012442257991466
0.004822568448159984,41.32373833504485,10.101334712061577,51.42989561555459,0.0002105263157894737,0.0,6.0,103.99663015358581,0.7709909645602431,0.0036490045667924844,0.6845148393160104,0.9937285193296477,0.5904430946246406,0.3607263266640164,0.1526116004283008,0.6140102700250543,5.94732842911864
0.8072445830898286,2.3852549132784406,2.293792397607756,5.486291893976025,0.042721145710638,64.0,1217.552652753183,16842.31487588625,1.0409296990447303,0.5909584166977632,0.551139430586657,0.8211894242652458,0.8127464113729175,0.29417728391330056,0.2544106070558618,1.0132718314400855,0.2592116380239462
0.003043086729941476,38.46288918333951,9.959185287437437,48.42511755750689,0.0002105263157894737,0.0,6.0,57.97901929842625,0.760751230382905,0.0020343515543307456,0.6835828518529168,0.8114931881185021,0.8026370207544916,0.4624185115456131,0.41502124870996493,0.876318732818913,5.586655372613355
2.273308998277966,2.934386785917756,0.9058925038802027,6.113588288075926,0.1974629700879114,32.0,5627.694647505475,26197.855015221758,1.0909157597346824,0.9192229829902371,0.5169131555073191,0.9760440250703619,0.09661045677839386,0.06559962047424178,0.17014280058140208,1.2415340430100053,0.060177311720282844
1.036507637161119,2.803031245703169,3.169828814017378,7.009367696881666,0.05998797789127256,49.0,1709.6573699012679,20620.126824970303,1.0611383368019578,0.7235132219287825,0.5008406555990416,0.9904552908820454,0.08436960792391734,0.3455130009725794,0.17724222069432105,0.42074355558680043,1.3217096693032726
3.0570879363189647,0.7845739021945634,0.8907849407550048,4.732446779268533,0.24671176076612203,27.0,7031.285181834478,27065.010172961123,1.0495711523725457,0.9496494797530218,0.3487861440791054,0.7365453390240077,0.11685569772026949,0.10950778094383895,0.13025210576752688,0.8292345536872592,0.023987010327113367
1.9684568048115185,1.5747004301024297,1.1273605255322272,4.670517760446176,0.17232575397563218,36.0,4911.283988305518,25542.39165520647,1.135691893216109,0.8962242686037357,0.7997340807202504,0.9790337021822939,0.23548017206616412,0.07988720770288493,0.21087304564146658,0.4325978422862824,0.06658367692687506
0.40175817614357257,51.50021651839822,11.348393785646975,63.25036848018877,0.009093343836640497,71.0,259.16029934425416,9509.036434777068,0.9467911499813475,0.333650401220248,0.4003119885753442,0.4759504820096362,0.25930836540316055,0.3253153281803215,0.24617425768314527,1.0164123625803934,6.920358537778812
3.3271662514131695,1.4327173632592112,1.0835733916751376,5.843457006347519,0.2576739016834415,25.0,7343.706197978083,27210.86579425809,1.161468223574894,0.9547672208511611,0.6505334463952985,0.014377833984408839,0.03346494474876155,0.23014745553403415,0.36599324987038523,0.46296465375075924,0.10730322457536001
1.898337480932582,1.3117267170509828,1.3215581056057526,4.531622303589318,0.16508819906695477,36.0,4705.013673408211,25482.89569438344,1.154384265060201,0.8941366910309978,0.654053629877767,0.9830300304543603,0.2700532789892214,0.03090307198870096,0.12629658434469182,0.35653468224596363,0.14328724832686124
1.455460286639179,0.9565133913727362,1.7933321550173662,4.205305833029281,0.11538468835051072,41.0,3288.4636179895556,23979.48706222156,1.031023676211748,0.8413855109551425,0.5365454714870772,0.9773103292663433,0.16400288007885633,0.017996459647128538,0.08698179988368726,0.9157874017369991,0.4890575209005563
1.5086756084374195,2.4008702447395365,1.4229491861826937,5.3324950393596495,0.12664090235037243,44.0,3609.265716985614,23543.622693312995,1.127979885865843,0.8260920243267718,0.43424556894540445,0.8478931625779801,0.4939489595707598,0.12302966098524282,0.6128506182189963,0.848953187727914,0.0347344133596712
3.0687699711363066,0.7771926226864236,0.897773295886711,4.743735889709441,0.2450384077902762,27.0,6983.594622022872,27110.188590155067,1.1611070699632031,0.951234687373862,0.4691245520039592,0.7258240690395916,0.06447270882494027,0.07404383314404689,0.10567950372252699,0.6148368411658243,0.06541338973884692
1.744711138151611,1.7176275675558406,1.1310765754711274,4.593415281178579,0.1497426321522008,38.0,4267.665016337723,24990.437823386692,1.1439873813751193,0.8768574674872524,0.6647235294032842,0.914776550417155,0.06402496243605033,0.07453938471267019,0.4784332972492405,0.6236672776856824,0.18662651448453005
1.573057981496253,2.4755992572546424,1.7011009902849,5.749758229035795,0.13269938105347528,42.0,3781.9323600240455,24080.766754789038,1.1412861406576138,0.8449391843785627,0.5973725659124826,0.7609263905302773,0.16709721779716913,0.8567122070000063,0.8137904323232031,0.259036298305487,0.104787395827314
1.5307406507788677,2.0249335016425505,1.818935663915819,5.374609816337237,0.12530222120617707,39.0,3571.1133043760465,24250.237476867827,1.0734337952308843,0.8508855255041343,0.5691391457982984,0.5956815695330507,0.09137745175434037,0.3243150483883941,0.4622270126225928,1.0492842691209445,0.4210138212775485
2.46423947564615,1.403694676564268,0.9725247615614733,4.840458913771891,0.21104012611186043,31.0,6014.643594188023,26521.064091142784,1.1167434465032289,0.9305636523207994,0.4622666372399444,0.8820709794657491,0.11097197364087624,0.09837187083435678,0.38748503943150464,0.12857833880757719,0.06512847698889601
0.012049383873811378,59.63845170720962,11.809673593803437,71.46017468488687,0.0002105263157894737,0.0,6.0,282.79645517717154,0.8306270851312594,0.009922682637795492,0.6197200736255617,0.6696806096094272,0.21300085855073037,0.22197066594229076,0.7057915333312524,0.8267026643878395,7.5343381437531045
1.484367633753919,3.308354708881514,1.6284046752618568,6.421127017897289,0.12079750482789978,42.0,3442.7288875951435,23872.08409222502,1.0830873885877532,0.837616985692106,0.6564981174195718,0.9154665853889937,0.14970170854118792,0.3730273720564712,0.27125383387839075,1.2355995451116724,0.26623223150835873
0.54475968728733,48.54242428472996,11.29757111043111,60.3847550824484,0.015240673249987435,64.0,434.3591876246419,12558.330325286985,1.092389316458631,0.44064316930831526,0.5359228649474963,0.9741319392841523,0.0018526751301162214,0.9404713000370656,0.0729338830635039,0.6696021449658731,6.723444626402385
1.3058313334743776,1.7201530045766256,1.7600910353173407,4.7860753733683445,0.1006940080571614,47.0,2869.7792296291,22587.60023855909,1.0322677791719173,0.7925473767915471,0.8374670206113991,0.9524506755063473,0.4270888694282494,0.26171110647839646,0.12102633991142608,0.9035204019926413,0.1935972808714359
0.9105572378916721,3.1138674084275166,1.6395915579705818,5.664016204289771,0.05436796374983408,61.0,1549.4869668702713,18285.307864661936,1.0514795264135999,0.6415897496372609,0.5218793906977861,0.8229371023729578,0.5946562610977899,0.013803692258227584,0.8500018130415229,0.7263332707181924,0.17829476737186667
1.594793642328381,0.6671349523509261,2.5066085300603356,4.768537124739643,0.12986462233609983,37.0,3701.1417365788448,24828.58586525537,1.1251817828471404,0.8711784514124691,0.3830340142719182,0.821883215044322,0.12980664075756043,0.49200005862040197,0.044695488471333644,0.7300548380280727,0.6823194305760305
2.5461011033348013,1.2832677742776322,1.9185720319453252,5.747940909557759,0.215177817457384,28.0,6132.567797535445,26652.127270228248,1.125501648929437,0.9351623603588859,0.4141381140681289,0.001021577517613781,0.19709763981617268,0.60650318917313,0.2867416002426222,0.9135271993349325,0.23839920002841453
0.39468852016529893,32.5923397214814,8.893754167880333,41.88078240952703,0.008999269326759667,71.0,256.4791758126505,9339.14354127712,0.9590144078995637,0.32768924706235514,0.5561449054222929,0.021852886903339197,0.6174038342364849,0.014362343367234187,0.0852822623343285,0.6926551728569192,5.098387837552275
1.572572967627843,1.8217029179817803,2.0138686283428653,5.408144513952489,0.13013826289297012,39.0,3708.9404924496484,24450.924446667184,1.1002111044872498,0.8579271735672697,0.34662170744903026,0.9490675985237216,0.16013442798468258,0.6203936191148308,0.19609685290956497,1.1053357328420745,0.34234984315866157
0.07213929176133659,2.143633606991414,2.8209300125803125,5.036702911333062,0.0011941833199765825,84.0,34.0342246193326,1736.2800803641321,0.7896775437111637,0.060922108082952,0.5838752510878147,0.9729278762531505,0.7676661608994398,0.6103260238044967,0.1873704450922148,1.0041897780462512,0.7582705971050192
1.9958578050085476,0.7737731459818893,1.5074033500974746,4.2770343010879115,0.17246069353699492,33.0,4915.129765804355,25879.653224766018,1.1582034956745435,0.9080580078865269,0.234683494578581,0.9658276912082645,0.1493093106266853,0.136690392950172,0.15756284273164023,0.7238656351440902,0.2667918303430925
1.5696094921664703,2.117726171288809,1.2468506692872463,4.9341863327425255,0.13044351993364386,39.0,3717.64031810885,24307.08575945823,1.1197907389412884,0.8528802020862537,0.19703011434411805,0.5561970269765127,0.007486552291787851,0.04589292189955635,0.9547331142535047,0.6038053008789703,0.3037024237757855
0.5161778985236819,5.871928633574063,4.086715226088914,10.474821758186659,0.015315638204857759,70.0,436.49568883844614,11889.089865507676,1.0734600595306119,0.41716104791255004,0.7113627939039896,0.9305391806766832,0.2037246463625969,0.9554396381568633,0.21330971889115646,0.3038507638997374,1.7535365086235588
0.7392293423703736,1.9965386085162353,2.321839855089169,5.057607805975778,0.03415332071440107,65.0,973.3696403604304,15914.18489376134,1.004351755384973,0.5583924524126785,0.5433622529412173,0.9680864781798723,0.5802390384708787,0.3251343621621282,0.29140889893434996,0.41078445405617936,0.48311948305402375
2.096519852286707,0.736657754844222,1.467984534206772,4.3011621413377,0.18180587761475325,32.0,5181.467512020467,26078.614993817413,1.110653846029047,0.9150391225900847,0.31502711598029165,0.8674153986428391,0.18006483163145037,0.07733627655023467,0.07576669570837741,0.8204552131571301,0.2466406462426809
0.9292125723491412,1.4312655897253337,2.3366687383454683,4.697146900419943,0.05047286411644547,54.0,1438.4766273186958,18986.346275194082,1.121348179165855,0.6661875886033012,0.22072984172591364,0.9263067964843741,0.2614331340579916,0.09866093472378834,0.40919302345621633,0.8571438371495732,0.806699554554184
2.165552600281846,0.9677201621428954,2.2360543515926303,5.369327114017372,0.18572687440911537,29.0,5293.215920659788,26347.369337490483,1.062689579423155,0.9244690995610696,0.3700944051763751,0.04981700984845738,0.24944412365385005,0.08287898624020984,0.11172978574287262,0.6155819879632851,0.579874588544083
1.5461377546734874,1.7582658698441507,1.2788198912743423,4.58322351579198,0.1290218858522657,42.0,3677.1237467895726,24047.95175568229,1.1172450385317265,0.843787780901133,0.4983676558078517,0.9834887336956996,0.2566519797232296,0.029165662696446826,0.4374601222257273,0.8693965538259314,0.15214860365954674
0.02664003201290164,53.44484776088446,11.412775619044979,64.88426341194233,0.0002860407067420763,65.0,8.152160142149175,641.5782393977893,0.8381608264532177,0.022511517171852256,0.6463167832450871,0.9937050344360348,0.2687463108700533,0.4412958944229677,0.17728654694010748,0.6508762719641539,7.0901543059144885
1.3911257342563048,2.5357281572583594,1.4522134752327926,5.3790673667474564,0.112933681921512,47.0,3218.609934763092,22933.087615865083,1.0222884010061373,0.8046697409075467,0.7114240097824819,0.9359594818769836,0.4787832581950291,0.15078940166926558,0.553064630091667,0.6044393910482664,0.05529615523271403
0.6666557609413162,6.292867653204532,4.129848085179974,11.089371499325821,0.0244729058784853,62.0,697.4778175368311,14847.095095047407,1.0458918056792341,0.5209507050893827,0.5322881982966426,0.9373112487609581,0.06778231651296884,0.8722251453786994,0.24879724860243724,0.8933545933638254,1.8696642741880143
1.9387641939546798,1.3211991536438998,1.6931347188227175,4.953098066421298,0.1691120276049143,35.0,4819.692786740058,25556.548574416865,1.0559747208711316,0.8967210026111181,0.5307199622807094,0.6172576469916957,0.36451068668065634,0.23049975864086258,0.121856580671103,0.742125528389916,0.17404185683266604
2.5852308322797466,1.0119258345969764,1.3316887609915182,4.928845427868241,0.2169975976611062,28.0,6184.431533341527,26772.598643920403,1.0824988922358822,0.9393894261024702,0.48918500913157714,0.3347084997408186,0.08873968045585262,0.04206976212209801,0.19481565239081017,0.897857420710285,0.2511031997983597
0.16748283304209569,32.99972437654796,8.461946846626452,41.62915405621651,0.0026150023602779454,81.0,74.52756726792144,4078.5211297759256,0.9171508526744073,0.14310600455354125,0.5327635126974843,0.8038000983648174,0.33065333900222704,0.09912736927552779,0.13406280915080915,0.7063877804883463,5.177588050443718
1.0258398996609028,27.74027031241242,7.9691835838806275,36.73529379595395,0.05555550086056959,44.0,1583.3317745262332,20624.141559856587,1.0239823314654823,0.7236540898195294,0.8747358075535645,0.031478521622398836,0.07263665041849088,0.039050742703023,0.13368243964246007,0.9528130958763614,4.622961651782408
1.7651428930166853,1.6782440929214673,1.2936254930381972,4.73701247897635,0.15105558574263345,37.0,4305.084193665053,25162.689032262828,1.0916024211737787,0.8829013695530816,0.47269830130160306,0.9682912029356328,0.0014787079485250043,0.20752535153307222,0.3790133621799865,1.055662625667138,0.25523164315747415
1.1658806454618242,1.7570398493710249,2.2249216798252602,5.147842174658109,0.0801987197070557,48.0,2285.6635116510874,21679.726654316823,1.0575839550895323,0.7606921633093622,0.35748177787533464,0.9574388522413697,0.24247580816799486,0.5071615708985683,0.2766529570341443,1.0603173056469262,0.49696914570484907
1.9306826222545999,0.9386915128118011,1.7536810009741588,4.623055136040559,0.1685230628008409,35.0,4802.907289823966,25591.246414174297,1.0261045044404409,0.8979384706727823,0.38363956630516005,0.9647803337898867,0.3176397937974215,0.47263404255094643,0.039296127905254385,0.5850726152696977,0.14726647772925627
0.2269893609410703,46.35472017426125,10.658394013114368,57.24010354831669,0.003880488877002328,79.0,110.59393299456634,5500.179898786652,0.934189411231328,0.19298876837847903,0.5710670308922766,0.1987043140317578,0.3447387226369476,0.4615470669036096,0.4764887170398201,0.7717841683884057,6.403079163734795
1.5817405477271544,0.9241014517488991,2.1446983860249977,4.650540385501051,0.13021828295279417,38.0,3711.2210641546335,24586.000147073195,1.1064929303543425,0.8626666718271296,0.2371886225569519,0.8801760782892045,0.21183520971680064,0.46754181246050164,0.18458000730837315,0.8152945235675442,0.43120108170619
0.9370731694441147,1.4716851979783847,2.322364716742425,4.731123084164924,0.05357350259195148,56.0,1526.8448238706173,18942.571772661682,1.0842018836729184,0.6646516411460239,0.5211565374904916,0.9078692389501575,0.5511328322855326,0.23460552449435224,0.06191470602979704,0.841520657370229,0.4773695864836194
1.8584857360532967,1.0199202933178582,1.7573000839154447,4.6357061132865995,0.16033683317657493,34.0,4569.599745532386,25568.91704246803,1.0073801440796062,0.8971549839462467,0.5565058966150113,0.7837505053292846,0.08484092246253971,0.39414506553902606,0.16807650650451866,0.8504761135282615,0.34377741833954367
1.1732194769675561,1.0115120030922025,2.381592976403798,4.566324456463557,0.07823260627331312,46.0,2229.629278789424,22003.724127598685,1.0283847568546787,0.7720604957052171,0.6398634124801896,0.9754654442466572,0.0008608053613806677,0.25515538462191156,0.18517869128497094,0.9692456494186197,0.9123592197707833
2.3147625120564266,0.870955494840611,1.069439023923715,4.255157030820753,0.20047976601035408,31.0,5713.673331295091,26386.433422871112,1.0239635489568468,0.9258397692235478,0.38716291231908534,0.9189649516550502,0.0998088404132696,0.02195067247159843,0.16703966095081058,0.8712280837979658,0.13951939639545863
0.8570227353570281,1.2501160228642878,2.527672059612419,4.634810817833735,0.04348562983290948,58.0,1239.3404502379203,17913.021821122606,1.0523192144552493,0.6285270814428985,0.17856678706477325,0.9394741870280378,0.42447115751858255,0.2038004976119393,0.2174212497608204,0.8897316710861487,0.7538290342841112
1.8964977272844172,0.8782394896001566,1.5440051118833589,4.318742328767932,0.16299847277524554,34.0,4645.456474094498,25707.3523779387,1.1601249704208692,0.9020123641382,0.6112196756356529,0.9925316129541959,0.05238450979813952,0.20311204855535636,0.09422152463364719,0.5010959019569581,0.3329004316551547
2.2471932282002935,0.9782867282263391,1.4463993372801598,4.671879293706793,0.19530904376808583,32.0,5566.307747390446,26172.138520587047,1.0977367201566668,0.9183206498451595,0.4989532219503006,0.8693254492248188,0.21629219511291714,0.4502765482343899,0.07744760680333135,0.8789947127970887,0.0816338261303926
1.4934244206872649,1.9524743019195125,1.402580328230644,4.848479050837422,0.12382267975065632,43.0,3528.9463728937053,23715.73783853716,1.043571705916294,0.8321311522293741,0.27362789213889416,0.9158789129465661,0.31704342632311566,0.141102713970175,0.6016406351479725,0.8463827037575322,0.1321479694978791
1.2504089047936133,1.9011466931910932,1.7134123754235113,4.864967973408218,0.0923092806968401,48.0,2630.8144998599428,22260.717989632776,1.1203621509837434,0.7810778241976413,0.746752447222694,0.8947134514109545,0.38437127201527255,0.04321374879748091,0.28891866897274526,0.6124046571839696,0.29351652787478777
1.4584510115905334,1.6789626340019195,2.0800566478346636,5.217470293427116,0.11674257844626675,41.0,3327.1634857186023,23875.47603563067,1.0515957772659585,0.8377360012501989,0.5213531770519453,0.6291979279726508,0.1713999291309678,0.5087886985712659,0.45025478162676125,0.7772125446597395,0.42625260041331803
0.3761202261110788,2.523522547546083,2.6288335560494027,5.528476329706565,0.009702902178528063,78.0,276.5327120880498,8849.236589845817,0.9106879957359286,0.3104995294682743,0.7203700077698276,0.8965861715724958,0.43060447322814577,0.07971993879990336,0.172738380356094,1.0240340523679772,1.1115054397689095
1.0419275866008662,1.9373132685299779,1.7153750908336565,4.6946159459645,0.065692103255833,53.0,1872.2249427912402,20296.690771414,1.0157588537171924,0.7121645884706667,0.34893993748735697,0.9192858449120255,0.21337402527480287,0.07171741834068068,0.6341561465652084,0.8234941640019819,0.4637233880471783
2.3229036946813473,0.8238978095180138,1.5195168792225329,4.666318383421894,0.20082711847808457,31.0,5723.572876625411,26367.26145392625,1.0720293585015255,0.9251670685588158,0.2967526698071963,0.9056938341830969,0.18739065530159377,0.4978492760214827,0.12302957837921347,0.6815708747914346,0.11269039755825805
0.0755191092232712,13.955862816328242,4.834539461569455,18.865921387120967,0.001034895869997042,80.0,29.494532294915697,1836.5132754795438,0.9089818153466555,0.06443906229752785,0.2962435568455735,0.8593423836049162,0.16029858244293288,0.31247355323157466,0.7272831111660681,0.7148511110550295,2.8606528465192724
1.2770897704824076,1.7545437158954904,1.7595121274665995,4.791145613844497,0.09522728360020179,46.0,2713.9775826057507,22588.7013158074,1.011285746859295,0.7925860110809614,0.7531220341955813,0.965327859986075,0.14556181700294268,0.4067138971633646,0.3915394780977475,0.6632647617226095,0.34859540450697324
1.2493273263360194,1.5103970939562679,2.1192065739693065,4.878930994261594,0.09217056769864249,47.0,2626.861179411311,22316.300232792324,1.0140389110016192,0.7830280783435903,0.4481986299889621,0.880183721489335,0.4481286551610622,0.3355904376553306,0.19500274061285622,0.7202041492900997,0.33384516273728515
2.110429392578306,0.8891701982084822,1.4126187241981922,4.4122183149849805,0.18270199591687009,32.0,5207.006883630797,26124.079441006492,1.1245424077711885,0.916634366351105,0.4405679527445471,0.9906859907396754,9.76821194331734e-06,0.37552401301766025,0.22429379657301007,0.6434256477740496,0.2350109038690391
0.01734770042369339,13.98755840647839,5.586775465229058,19.591681572131144,0.0002105263157894737,0.0,6.0,411.33746717988913,0.8113842316945402,0.014432893585259269,0.3696025843821648,0.8955161000239026,0.6274154415704354,0.4018530288168026,0.3094813011306618,0.18797602850871886,2.8733126961331634
0.629052976405007,37.866935661025394,9.735727025908105,48.231715663338505,0.0202642432408151,60.0,577.5309323632304,14227.63487104896,0.9872583271881472,0.49921525863329685,0.3877327363025864,0.3563547091543158,0.3433245611855458,0.22741326491326053,0.20209813288360512,0.37145264524866173,5.66710576488484
2.0590801601249047,0.7842039832878103,1.7463147306589453,4.58959887407166,0.1769697025169092,31.0,5043.636521731912,26143.6509492191,1.1206290744228906,0.9173210859375123,0.47300637934137574,0.7023865133826966,0.083832592673175,0.12907727357734333,0.09272435746833602,0.6161114662681053,0.4347343162843176
2.2029455509905977,1.0945532273881486,1.7433833181808922,5.040882096559638,0.19243240989351607,33.0,5484.3236819652075,26082.312858198824,1.0366480955084731,0.9151688722175026,0.5527913875665291,0.861112113711169,0.1993873780265002,0.8906668796204111,0.12134038639093464,0.800055028536756,0.07139112734343023
1.95405916964899,0.7909400746102857,1.4714853115423479,4.216484555801624,0.16832529120288225,33.0,4797.270799282144,25876.39685063334,1.1335293267952298,0.9079437491450295,0.028315250006985815,0.9965560283086237,0.06756716497079329,0.010366661339446137,0.330637038573555,0.5553703231947649,0.3600025289054525
1.9022209051246648,0.8490832297261228,1.6655481175950082,4.416852252445796,0.1648137968695564,34.0,4697.193210782358,25686.973643414112,1.0019294814065562,0.9012973208215478,0.41670386643872825,0.9769894034195394,0.08166389204310132,0.41784880353824594,0.15494176261137127,0.7373247340995359,0.29012442257991466
0.36042021165089877,1.5944273778264153,2.7228432795260704,4.677690869003385,0.009692374770732785,81.0,276.23268096588436,8457.196769342647,0.9728011778211596,0.29674374629272443,0.28503227706020695,0.9887015961733795,0.7895019522067659,0.3607263266640164,0.06257108622802976,0.5939135064774757,0.6850234045698915
0.6214362817974246,29.139842988024814,8.07217234809851,37.83345161792075,0.01988184051114089,61.0,566.6324545675154,14072.152651294307,1.0599686724181419,0.49375974215067747,0.551139430586657,0.9098200991573469,0.02166968793301771,0.35629848113839135,0.1296213155659387,0.7561877329058659,4.819008144046957
1.396330591624276,1.8399564042764547,1.520230412622083,4.7565174085228135,0.11099250116444992,44.0,3163.286283186823,23332.070354518877,1.0012798626270902,0.8186691352462764,0.6225937348023258,0.8616583120952008,0.2357120744815414,0.11531896544878989,0.43189727887590834,0.8701662027329253,0.2617743039837004
2.117895629759546,1.7478842972906774,0.9961268740810095,4.861906801131233,0.18520767682823672,34.0,5278.418789604746,25827.421017237237,1.1443212387081476,0.9062252988504294,0.6894578020185872,0.9106460490401298,0.04050686282056082,0.3544933892868404,0.4988331005206246,0.6088706688006758,0.040538393086082536
1.495482320452869,1.344663154253662,1.891929143790339,4.7320746184968705,0.12173077611070793,42.0,3469.3271191551758,24025.433001000216,1.0696257614489644,0.8429976491579023,0.6692665717527269,0.9444599655192584,0.34563701379289824,0.28768853789947396,0.07847053090579387,0.42074355558680043,0.28403683272122215
2.9091518163555454,0.8096135427789259,1.0475911114492902,4.766356470583761,0.23851852821585667,28.0,6797.778054151915,26941.051688807936,1.0395295186301567,0.9453000592564188,0.33761584887197826,0.7365453390240077,0.14099565491459598,0.26291695309642654,0.13025210576752688,0.9526835368297526,0.023987010327113367
1.987366752300477,1.5747004301024297,1.306707653668186,4.868774836071093,0.17409527916692416,36.0,4961.715456257339,25590.37798431834,1.078232602945809,0.8979079994497663,0.7997340807202504,0.9352695764405694,0.23548017206616412,0.3132955326099772,0.21087304564146658,0.4325978422862824,0.06393147740426386
0.8799719888243576,8.804421781465045,4.400802405394566,14.085196175683969,0.04193080586218365,52.0,1195.027967072234,18506.915502775002,1.0258963099001472,0.6493654562377194,0.7009319609835544,0.4759504820096362,0.10783095068095994,0.317658255261991,0.39593438744566367,0.3752507496310069,2.174559853588658
2.4488339271788813,2.8026624079827434,1.3920290158313566,6.643525350992981,0.2102736774143421,30.0,5992.79980630875,26548.669113494187,1.008169665288237,0.9315322495962872,0.6505334463952985,0.8211894242652458,0.03346494474876155,0.6394688851748314,0.010820429807090581,1.2600363356062652,0.10769467860846671
1.8055126647236355,1.0595867746364562,1.7125084177547296,4.577607857114821,0.1548073439922423,35.0,4412.009303778906,25387.165001605397,1.0531362071548473,0.8907777193545754,0.6827759260457409,0.8777155976105622,0.08281178660088778,0.42363270680553744,0.12629658434469182,0.7345262858795292,0.313393764445272
0.20161220656709236,55.580241364808465,11.45428088701961,67.23613445839517,0.0032669936289122675,80.0,93.10931842399962,4900.297088856072,0.9618413403221724,0.171940248731792,0.5365454714870772,0.9449351965108918,0.19684155468619557,0.06664183575272897,0.09661369384241758,0.8019362867575872,7.30510111550149
2.1480907563450296,1.003399683704886,2.1383882715715945,5.28987871162151,0.18693911795233237,32.0,5327.764861641473,26044.76648748787,1.1053645316651117,0.9138514557013288,0.32123198470592906,0.5682760392477803,0.35107438849379924,0.8135484753723121,0.07777805812912908,0.6799388966304332,0.16685856502104457
1.8668657611699953,0.8279747955301378,1.8920019108172215,4.5868424675173545,0.1592303040030411,33.0,4538.063664086671,25762.547136324905,1.078447730959006,0.9039490223271897,0.38983827549372896,0.7258240690395916,0.06447270882494027,0.03526651930543079,0.17071372839949917,0.6148368411658243,0.5773809551201738
1.8709043681490407,1.2808026082429167,1.1150910608974964,4.266798037289454,0.16222480156077398,36.0,4623.406844482059,25431.516617735953,1.0861650448462046,0.8923339164117878,0.6647235294032842,0.9588858012243487,0.06402496243605033,0.040888071285787475,0.2600208175927785,0.9260511146335282,0.18662651448453005
0.16592509032674554,26.32115101747342,7.036988243227983,33.524064351028144,0.002614330197921959,82.0,74.50841064077584,4040.274957708277,0.8732991300885787,0.1417640336037992,0.3155382476304682,0.6863732360937015,0.2158060612160666,0.03358560008895589,0.694246994279554,0.259036298305487,4.379010044983589
1.0015889835905587,1.5306560335913388,2.7120592572825637,5.2443042744644615,0.05702961290468804,51.0,1625.343967783609,20074.813215502498,1.1222237677428615,0.704379411070263,0.013567300756451461,0.9847425233976334,0.13149351505446372,0.21201930994015838,0.4622270126225928,0.6706227731321519,1.0714261073818445
0.24428272199213796,49.531876841221276,11.071947082352711,60.84810664556612,0.004250178414479816,79.0,121.13008481267477,5912.407639212422,0.9971337733918156,0.20745289962148847,0.5104805024475846,0.9088713395710631,0.24264902751428286,0.4680518943946017,0.14777808112518365,0.12857833880757719,6.768262211650198
2.122597642246422,1.0617671914144604,1.4749079771101692,4.659272810771052,0.1839851159102679,32.0,5243.575803442635,26037.86485877267,1.1423933623601477,0.9136092932902692,0.5566665461630668,0.7487217864045148,0.1733345674215231,0.26077777460036433,0.12254939705955448,0.8267026643878395,0.18659616131467072
1.894156424768969,1.9115226735985158,0.7588792427810406,4.564558341148525,0.16642560975162363,37.0,4743.129877921273,25233.157827729516,1.0460277532110636,0.8853739588677023,0.416482305727459,0.9926413410213101,0.021258406665039975,0.1327129977610123,0.7315763789367484,0.8246950011331411,0.0348236500321466
1.6246457815143427,2.2426138255352055,1.1244448818543162,4.991704488903864,0.13885708069136818,42.0,3957.426799703993,24200.75136220237,1.1536597870319039,0.8491491706035919,0.5508647622755717,0.9769070600411651,0.32873410250500945,0.02257305728027914,0.5993239547510599,0.6095765007459955,0.040282447188651815
1.8040551645449265,1.1173241389516968,1.8800119389020957,4.801391242398719,0.15561200226955046,37.0,4434.942064682188,25216.60588294376,1.1229531056542112,0.8847931888752196,0.7211015095533291,0.9524506755063473,0.10994013723004226,0.9174620934774843,0.1156562117766522,0.9719813711126823,0.18649862522719118
1.0183046029974148,3.3214548666437658,1.605036400564532,5.944795870205712,0.06750967516366688,58.0,1924.025742164506,19590.22067127461,1.042494388871313,0.6873761639043722,0.8056978488553592,0.8766873106110303,0.5438355944702402,0.20287752210898408,0.8500018130415229,0.4772081306128433,0.10430246553298517
2.7822724037099174,0.9986152816636924,0.9362129489610418,4.717100634334652,0.23093980922072146,28.0,6581.784562790562,26917.24227024008,1.0950591892174424,0.9444646410610554,0.40459929400952677,0.8135879945271807,0.009837818445306179,0.13050286144040246,0.28962962999310315,0.4096864293705136,0.09804115997172591
0.8644788587438297,1.8395506325876732,2.3741057092772233,5.078135200608726,0.04692122484555193,60.0,1337.25490809823,17818.472252157404,1.0879176786072178,0.6252095527072773,0.31301103447391876,0.7498099723067936,0.7307544892322132,0.18602846119580319,0.21520393213271727,0.9546889657057733,0.3998918063322794
0.5576327058218464,1.8130421690284242,2.6578083497537275,5.028483224603998,0.019769661564900086,71.0,563.4353545996524,12605.20187322688,0.9816794000351231,0.4422877850255046,0.47444908721020107,0.8373959898055633,0.5618019913712058,0.4857987304551151,0.24794504738070722,0.885952860236638,0.7055109844301279
1.0068977941062267,1.899826074314095,2.3645823974978346,5.271306265918156,0.06260372885030607,55.0,1784.206272233723,19753.361401237322,1.1267782078755129,0.6931004000434148,0.6325765119005785,0.8847660420942403,0.5121289662261421,0.6203936191148308,0.2495280565371517,0.6637387991723278,0.34234984315866157
0.5044392067318294,78.334936788853,14.44973982477523,93.28911582036007,0.013267202355128106,65.0,378.115267121151,11724.870290233652,0.9633689048700427,0.41139895755205796,0.4283010351233245,0.35988792111357804,0.2217690149189211,0.11275725644625051,0.3137876014936075,0.8770949365625536,9.069923141150364
1.7779539016481274,1.1159711673851413,1.7233605535208676,4.617285622554136,0.1509440896079214,34.0,4301.90655382576,25456.100230803848,1.0188496865579248,0.8931964993264508,0.2758154227707852,0.8824140465921217,0.05268953003887322,0.0006802539137797936,0.15756284273164023,1.0557494705115957,0.5179101433128084
3.1417554299926236,1.0939081775305097,1.5035315761083758,5.739195183631509,0.24737220625564868,24.0,7050.107878285988,27252.68970997244,1.1284482104106914,0.9562347266656996,0.5258962322147548,0.004037865401085194,0.007486552291787851,0.24266557331876748,0.27839105843903666,0.24776501844451815,0.30798668325024625
1.09183090325069,1.3942182094929978,1.9519031344599345,4.437952247203622,0.070194277624305,50.0,2000.5369122926925,20953.825310019765,1.152668391609858,0.735221940702448,0.9491965683169266,0.9678013057966063,0.21061456141744672,0.07918076711851574,0.0645498995249506,0.7761265047080057,0.5800321018405743
1.6883994227242591,1.0549073153296926,2.108076401472194,4.8513831395261455,0.14184939697760146,36.0,4042.7078138616416,25141.254285307445,1.033441113538807,0.8821492731686823,0.43237591190296926,0.8560447199196226,0.08507425592537088,0.5179632534160343,0.24746000976933347,0.41078445405617936,0.48311948305402375
1.6358921125774633,3.1904546382540664,1.40917250318777,6.2355192540193,0.13826270215774006,39.0,3940.487011495592,24643.61859604355,1.023570743043543,0.8646883717910018,0.31502711598029165,0.9974311732104746,0.18006483163145037,0.06371668490333904,0.25730156714310237,1.2613408925675493,0.2466406462426809
1.9852275608087595,1.2785653386198452,1.8201352075335278,5.083928106962133,0.17139845389578776,32.0,4884.855936029951,25806.13513791342,1.142817596852421,0.905478425891699,0.7694399055276746,0.2625830312919186,0.2614331340579916,0.09866093472378834,0.05848786600259159,0.8571438371495732,0.3523538213393369
0.1634749049698775,5.10472235256558,3.6758676944941926,8.94406495202965,0.002864303621419047,84.0,81.63265321044284,3959.188962155566,0.8566163988986534,0.13891891095282688,0.4705700992932227,0.9062642110585212,0.5609710382483363,0.37327975455212703,0.09874398210531621,0.6515286735618626,1.6188573658305225
1.421011145677446,1.4168309971777275,1.6877223962391712,4.525564539094344,0.11269373242866568,43.0,3211.7713742169717,23563.356071886097,1.1303393564458912,0.8267844235749507,0.5762149212373513,0.9343938880401161,0.2566519797232296,0.1258834883455015,0.2278190531777659,0.8693965538259314,0.31979918268261276
1.141594541228223,2.422136844840913,2.458104761876018,6.021836147945153,0.08002512766932547,51.0,2280.716138575776,21114.016742240994,1.155897544378488,0.7408426927102103,0.4219810488080311,0.4727385121770882,0.8601365081212348,0.2088331765272219,0.35497551692551477,0.508731417984134,0.26055613880558504
2.2843146979838633,1.2242913218401472,0.9254652524228852,4.434071272246896,0.19846181115659878,32.0,5656.1616179630655,26208.052662599803,1.0834138643673563,0.9195807951789404,0.7446350742467378,0.9359594818769836,0.08973590888213268,0.1188012479106259,0.12380103878601523,1.0121812883372725,0.05529615523271403
2.207057562410736,2.4107491972364503,1.5094548879608864,6.127261647608073,0.19239218787335685,32.0,5483.17735439067,26072.344786366473,1.0830058104758238,0.9148191153111044,0.2994464998626586,0.6138114317617724,0.3579922900424394,0.19430482606999433,0.07375136438848551,1.1783514416916452,0.10492336961808668
1.8217556113128435,1.0265565524117812,2.135495766340264,4.983807930064889,0.15798398312504022,36.0,4502.543519063646,25293.57751271209,1.0295112519962308,0.8874939478144593,0.3194370337227133,0.9000138782397692,0.23988784260008328,0.9696753946826037,0.1138691898559947,1.0149436718846192,0.1956984862976947
0.6427849196869638,28.151045899985313,7.940977229267485,36.73480804893976,0.02144228049466351,60.0,611.10499409791,14447.525173366848,1.111877012124547,0.5069307078374333,0.6619730349992443,0.3347084997408186,0.2452954806539248,0.04206976212209801,0.1493862464687835,0.9536885210568067,4.659405783244633
1.1284089317124104,1.3703358090399216,2.2582605939650224,4.757005334717354,0.07262147740044697,48.0,2069.7121059127385,21540.307198877206,1.118406071495425,0.7558002525921826,0.5531430168842941,0.9773328235943708,0.11646881172187362,0.03202815059756969,0.3212447872864085,0.3156967668162931,0.853544281881959
1.5155985650503259,3.3175639684946407,1.343844501757144,6.17700703530211,0.12498046063638571,41.0,3561.9431281369925,23987.908808087785,1.0571747051437592,0.8416810108100977,0.4036077211289933,0.9779158893556854,0.2039205133470539,0.039050742703023,0.373734150358936,1.2325758970783993,0.2170338329731365
0.32798880019269144,2.2254154018219072,2.258590640818651,4.81199484283325,0.008802412734708099,83.0,250.86876293918084,7713.2442483248315,0.8653867934157378,0.27064014906402917,0.3811375045730951,0.9855017341588226,0.7241674485925594,0.26070779679184847,0.3790133621799865,0.8875617839820906,0.51582724156704
2.0910887818937076,1.1387994172335612,1.4847188717688633,4.7146070708961325,0.18160808745999713,32.0,5175.830492609918,26020.6160248785,1.105257991159851,0.9130040710483684,0.1374348427414197,0.7046044363128932,0.12984994502291497,0.20778824651317107,0.40329482847888454,0.7955003040746544,0.24136567612675996
0.021950775247838658,9.574689636884186,3.5307491563292155,13.12738956846124,0.00025737535789067153,61.0,7.335197699884139,522.7588816463212,0.8411868067700266,0.01834241689987092,0.3885973152371325,0.8281855948039369,0.16311494042988806,0.04906978401411266,0.9668853480617849,0.8293300483085295,2.1532171488504193
0.2602292617345581,2.443799057290434,2.198612831850472,4.902641150875464,0.006135564939951791,85.0,174.86360078862606,6185.726835510941,0.920525925951781,0.217043046860033,0.7416733494997515,0.9382095904426675,0.6846382456814136,0.09148980612715352,0.33758416963428084,0.7786040641473884,0.629917083408559
0.011990696772956364,74.35395163911201,14.499358409261685,88.86530074514666,0.0002105263157894737,0.0,6.0,281.58836704805344,0.8101692317514804,0.009880293580633455,0.2371886225569519,0.41629399045353666,0.7013588990787624,0.5241085748692956,0.15346015556588571,1.13166137899259,8.677975058776248
1.083961139124359,3.9486633205178188,1.652918261045394,6.685542720687572,0.07530001415283884,55.0,2146.050403355907,20353.747193445583,0.9868289170324736,0.714166568191073,0.5211565374904916,0.9190522152936771,0.5511328322855326,0.1817099831463257,0.5685808894834727,1.1829557194540103,0.11862137097795333
1.5304756915439104,1.562590008213652,1.574385542742138,4.6674512424997,0.1260470157880858,41.0,3592.3399499604457,24182.609091436872,1.053823645863053,0.8485125996995394,0.5272198260114194,0.946123444063877,0.09936655640390674,0.3515359986781411,0.4431601737981862,0.7413047821168826,0.28135661210383933
1.7986574500316952,0.8944513307907223,2.8791114112359946,5.572220192058412,0.15043674114035846,32.0,4287.447122500216,25639.03887769973,1.1440139003177698,0.8996153992175344,0.6398634124801896,0.33388672705585376,0.0008608053613806677,0.6556252646629361,0.12664835513423078,0.8239640536632875,0.9123592197707833
1.5030855020077203,1.2101300989598662,1.9915655463865853,4.704781147354172,0.12254827195703141,40.0,3492.6257507753953,24095.92787510854,1.0042323747837514,0.8454711535125804,0.38716291231908534,0.8026078812383177,0.3259252431594398,0.28092507849866455,0.16703966095081058,0.8712280837979658,0.351137301494143
1.8292845036552603,1.4408456539882522,1.7984884815927948,5.068618639236307,0.15698585553681652,34.0,4474.096882799271,25412.906187421937,1.136113472665644,0.89168091885691,0.6834141148553007,0.3390628292308828,0.22403071096609029,0.05197620690108634,0.210692736341908,0.8786958206997053,0.39596966197710604
2.254044661535094,1.081139521793296,1.1525776712215816,4.487761854549972,0.19546013412521476,31.0,5570.613822568621,26353.622148774793,1.02667042764822,0.9246884964482384,0.1032590845735637,0.8520313730619095,0.05238450979813952,0.021223280326626792,0.4496518362612615,0.49716929340248806,0.20858410883599898
1.6680309773381647,2.4932101337743235,0.7621909380764017,4.92343204918889,0.14333630803760333,40.0,4085.0847790716953,24507.271245381966,1.0280747701498962,0.8599042542239286,0.7419528736079359,0.9004876756041751,0.014465737005574242,0.050245128258798455,0.8647793273290132,0.24902692507437596,0.07436640195202493
1.6315920853309687,1.1821318891005168,1.5898286895215339,4.403552663953019,0.1370627001175445,38.0,3906.2869533500184,24729.050010395447,1.0423803056971956,0.8676859652770332,0.3843977032195617,0.9158789129465661,0.14514118577802126,0.11460549588310509,0.2600763750971312,1.0074837071274576,0.34012872376930847
1.051702628297559,1.3807575253925841,2.263007305319728,4.695467459009871,0.0650036232213592,51.0,1852.6032618087374,20534.29994847036,1.1063480617750192,0.7205017525779074,0.5175340188323871,0.8940141708902414,0.28371946912397916,0.14942463894301483,0.21882215143711414,0.845039310336346,0.6759943522819718
1.8473867123451406,2.610065645111727,0.7386611718815261,5.196113529338394,0.16291868363141102,38.0,4643.182483495214,24899.926552980047,1.0301556957738187,0.8736816334378964,0.5213531770519453,0.6291979279726508,0.10988674086816752,0.048653308149665564,0.9619411783787651,0.8660001701657598,0.00418049527992892
2.031234523712803,1.6544405774440332,1.0138408382525155,4.699515939409352,0.17788472725327717,35.0,5069.714726718399,25694.78226576493,1.1328236263340938,0.9015713075706994,0.65036273304096,0.9764384133474657,0.10020867607002426,0.18799898163404238,0.42688241514901837,0.4993915348187601,0.06623123553308297
0.9069612949462693,2.5939072312017113,2.3257150799820066,5.826583606129987,0.05066544292126174,58.0,1443.9651232559595,18506.12138039646,1.0330587189099243,0.6493375922946126,0.31656105384442534,0.9192858449120255,0.5228757178316474,0.3444698050410149,0.1562922858647685,1.1475560036100347,0.4637233880471783
2.806764304176581,0.9859953299677724,1.778516794767688,5.571276428912041,0.23192736235404202,27.0,6609.929827090197,26818.829770116077,1.147522617615038,0.9410115708812659,0.2967526698071963,0.04265962626790809,0.43776203444254136,0.33335605756637054,0.016299804248382066,0.6815708747914346,0.11269039755825805
1.2208657527025712,1.9548228437172805,2.2651569301220915,5.440845526541944,0.09136633009899944,51.0,2603.9404078214843,21728.72536209921,1.0815464798836238,0.7624114162140073,0.6468653468043393,0.9589836425626733,0.740550330863724,0.5675908451436247,0.09856600030867757,0.5787479257591035,0.10793447420787494
1.8476031418732355,2.013067579506112,1.348311628576204,5.208982349955551,0.16081769046355857,37.0,4583.304178211419,25216.559701820446,1.093984631877725,0.8847915684849279,0.7961083429526311,0.7138789226370744,0.10816678915249595,0.42943247680103347,0.5273545264123685,0.5605541279859749,0.12508530907385484
0.05069426706996444,87.54053428894349,15.205251139006629,102.7964796950201,0.0005911978079690696,75.0,16.849137527118483,1234.385754599627,0.8680803634383678,0.04331178086314481,0.6049787023347227,0.828135799591302,0.3461552388082477,0.047612236813801334,0.07901802819305281,0.8249666646077103,9.739612822827052
1.8546127433702033,2.5434322772368336,1.3389643925208023,5.737009413127839,0.1595186093726287,35.0,4546.280367119918,25519.308701892547,1.0505000339028128,0.8954143404172824,0.36408478222249846,0.8852706456973615,0.01606553545179834,0.06701728515435268,0.3081384642589079,1.1923715329148528,0.31654834908898
2.2097870760411906,0.9718425741913774,1.7934742571411353,4.975103907373704,0.19011890320732042,31.0,5418.388741408632,26338.27042616733,1.144685324043908,0.9241498395146432,0.5283633664754855,0.6103462187531435,0.15320529264150518,0.35830270691680755,0.10683563437681703,0.3792535426929935,0.3098173959729227
0.005588890928736465,19.738925282374076,6.685216795414389,26.4297309687172,0.0002105263157894737,0.0,6.0,123.12166858406164,0.7342544659886211,0.00432005854680918,0.7378823652098652,0.6769489930349238,0.8579222854059189,0.16237443960968362,0.07748242182151499,1.0774553296881073,3.5080649357891005
2.118561987514558,1.1583689043813181,1.7087516050290001,4.985682496924876,0.1839001245384607,32.0,5241.15354934613,26069.179798786994,1.1152334011049374,0.9147080631153331,0.8471713004348836,0.7023865133826966,0.083832592673175,0.6544440606452684,0.09272435746833602,0.6161114662681053,0.21105789470996505
1.5556079698248655,1.1531440606410468,1.6364667676161315,4.345218798082044,0.12842031556689695,40.0,3659.9789936565635,24384.86409013978,1.0079575691118812,0.8556092663206941,0.5527913875665291,0.9424218973312674,0.1993873780265002,0.09810067419822294,0.15063580301738366,0.896616869778581,0.3364525983707427
3.004313540309961,0.7735687221168044,1.6713468251302732,5.449229087557039,0.24279776737425793,27.0,6919.736370166351,27082.92750680619,1.0059655066320805,0.9502781581335505,0.028315250006985815,0.6470209668044333,0.055986263308472395,0.9985876415563546,0.330637038573555,0.5553703231947649,0.08673927874101217
2.6568453550032536,1.1892000982511248,1.434208088941704,5.280253542196082,0.22140734994015268,27.0,6310.109473294351,26834.767578921408,1.0960163776467273,0.9415707922428564,0.37109187377974456,0.050298202157405214,0.08166389204310132,0.07626694969508091,0.34780619320336414,0.987087525238477,0.29012442257991466
1.309486301118522,1.5952066123146764,2.174701102687221,5.079394016120419,0.09642868746295646,43.0,2748.217592694259,23053.812863250394,1.12655438258641,0.8089057145000138,0.7312799602540558,0.6371015108089543,0.16231089934599963,0.10494800028618079,0.31023015152081057,0.5939135064774757,0.6850234045698915
0.8093309544975257,2.169964500663833,2.2927400461098872,5.272035501271246,0.042620716837721735,65.0,1214.6904298750694,16920.126191746025,0.9911270218718119,0.5936886383068781,0.09111248775546021,0.9837821738953868,0.8127464113729175,0.29417728391330056,0.4298661979244982,0.4385500153539592,0.2592116380239462
1.8364839513050353,1.0636036520045902,1.9135141592856146,4.8136017625952405,0.15924125453497637,35.0,4538.375754246827,25384.913157275452,1.0019874107589632,0.8906987072728229,0.4285462912152941,0.6553154772760352,0.32633614714127845,0.35137935337161563,0.0727765700386892,0.8701662027329253,0.2617743039837004
2.2337031964402634,1.3969747676623105,1.0631238087068784,4.6938017728094525,0.19512689458212987,33.0,5561.116495590702,26073.63147875381,1.0335374158001,0.9148642624124144,0.6894578020185872,0.8489419764279987,0.15168791476870236,0.22775830023064736,0.23999254674533488,0.8919187060160478,0.040538393086082536
0.7976668293396948,77.17882804607837,14.544210986954472,92.52070586237252,0.03172759364979565,53.0,904.2364190191761,17324.78291890469,1.0553948016307402,0.6078871199615681,0.39308509859735186,0.6399896908770958,0.13588067090359324,0.09228005832820574,0.08272196569710122,0.42074355558680043,9.030815053774951
1.0588861399490894,5.974820816414316,4.100689780408146,11.134396736771551,0.06138042204660159,47.0,1749.3420283281453,20941.54766363319,1.0944223051295987,0.7347911460923927,0.6714337174684025,0.7365453390240077,0.04096165385900419,0.5427826566463866,0.12398083491762452,0.5924549367977643,1.843340279115122
2.05714379698246,1.4530567703717034,0.9366362691168982,4.4468368364710615,0.18008007482350807,34.0,5132.28213246998,25758.237374671877,1.0342250415943228,0.9037978026200658,0.7185445975856273,0.9686704803222119,0.05315605652954036,0.1804765218195633,0.32738904399588276,0.9453587391454428,0.06658367692687506
1.3517383760708255,1.6146899672061317,2.5118299282863696,5.478258271563327,0.10101946261243332,41.0,2879.0546844543496,23425.816600016722,1.105905112078259,0.8219584771935692,0.5166728468497391,0.6877049760084755,0.11756169513457448,0.3253153281803215,0.1833181618695403,1.0693797817394313,0.8086233046716842
1.8075930802456093,1.3841044569245706,1.9078788293172777,5.099576366487458,0.15779746685763954,38.0,4497.227805442727,25058.282120662992,1.0216079694848235,0.8792379691460699,0.17307778099343368,0.9391146134112893,0.3193601174602443,0.8787305012148737,0.36599324987038523,0.7585128931678666,0.07908503917650389
2.2939591501615313,1.8854850199426012,1.5525552967976535,5.731999466901787,0.19806714105981563,31.0,5644.9135202047455,26216.160652329818,1.0992343813992753,0.9198652860466603,0.654053629877767,0.09719975231374312,0.2700532789892214,0.21020491690735416,0.41317573579050104,0.5455551311182365,0.17240535118844402
0.8090994268390234,1.4834240895300317,2.556893524236761,4.849417040605816,0.039348466383579035,60.0,1121.4312919320025,17135.847504792764,1.0290265944716246,0.601257807185711,0.29064318525415156,0.9001190127532184,0.4862936657771229,0.3287245079369201,0.23167020280509792,0.7473626532000686,0.6757022402621606
1.3347076542619511,2.275831359486938,1.4672911910662325,5.077830204815122,0.10427109241102255,46.0,2971.7261337141426,22729.376758437484,1.0890701001043195,0.7975219915241223,0.20288196922994445,0.9653327439613347,0.2995241426790821,0.19606977481773158,0.6388951609227534,1.043234106799108,0.16685856502104457
2.8442066681905223,0.6247533293093028,1.6304755007284193,5.099435498228244,0.23427946562338367,27.0,6676.964770266434,26970.010779682587,1.0103775115244287,0.946316167708161,0.4461615247557773,0.7258240690395916,0.06447270882494027,0.9247689345757604,0.040941370658057585,0.851811871641025,0.0895451181470639
2.0172607134976737,0.9857641056612405,1.13673889526528,4.139763714424194,0.17574163142340643,34.0,5008.636495567083,25850.6536546114,1.0495071974090866,0.907040479109172,0.6647235294032842,0.9728150581342583,0.06402496243605033,0.055389855135617616,0.11250156630194041,0.9382114944858899,0.18662651448453005
1.923559703865026,1.44109364036149,1.3956804096397055,4.760333753866222,0.16634897986103395,34.0,4740.945926039468,25703.385402913853,1.0438875915088695,0.901873172032065,0.6759500476847659,0.7609263905302773,0.012878051057155004,0.15193804549798612,0.2028247340814896,1.0425221309910015,0.3104981266075688
1.3328950449024237,1.9979622422678986,1.9975340055694017,5.328391292739724,0.1045950547393259,47.0,2980.959060070788,22655.789371279407,1.1041934382773435,0.7949399779396283,0.013567300756451461,0.8701359422137488,0.7066272775108411,0.21201930994015838,0.4622270126225928,0.3983138065915197,0.1252043231816291
3.3024660547026197,1.6182105988382258,0.7614412594071813,5.682117912948027,0.25757293440276796,26.0,7340.828630478886,27089.45269134225,1.1276993635557993,0.9505071119769211,0.3047329792722006,0.09602343547289593,0.08241245969213595,0.06184962103072783,0.5949294650139106,0.851409548354255,0.007955951802371075
1.479671795240505,2.6678356562800998,1.2357341710285779,5.383241622549183,0.12245726299509363,42.0,3490.0319953601684,23625.837776528042,1.0038438532343246,0.8289767640887032,0.44043039290581776,0.43050657560340844,0.1733345674215231,0.05429049371824102,0.9837017061209986,0.8267026643878395,0.18659616131467072
2.0491407099575483,0.834524560283961,1.5284185611705434,4.412083831412053,0.17681113024856088,32.0,5039.117212083985,26005.126500746428,1.1521625716867274,0.9124605789735589,0.416482305727459,0.825026991945949,0.130009987782028,0.1327129977610123,0.11151363644173007,0.7918118761633828,0.2902625581796894
2.395031009713998,1.721934387768876,1.528019558889776,5.6449849563726495,0.2071149027754433,30.0,5902.774729100134,26311.13384469134,1.0192922474866728,0.9231976787610996,0.6451425935557984,0.11135063218784946,0.3515664772963242,0.21839218799653665,0.19323063327562667,1.0203726014646672,0.10699397647199227
1.0142456461650988,1.5787508748962777,2.303765339285455,4.896761860346832,0.061315148880466484,52.0,1747.4817430932949,20001.100159191574,1.1403514890893522,0.7017929880418096,0.5998286948727697,0.7749699491064628,0.37064510758262054,0.23300052180027092,0.21147725932478867,0.9849781022657855,0.5962097345255941
0.9232557552636176,3.2430131487469853,1.8065662504352926,5.972835154445896,0.053429150148434607,58.0,1522.7307792303864,18639.131043115056,1.089211365630315,0.6540045980040371,0.5691776094947001,0.8229371023729578,0.07349406238217715,0.750267773828443,0.8500018130415229,1.1079488524494967,0.36324363669740034
0.9508442459301969,1.6353839926228892,1.9011732326030795,4.487401471156165,0.053549942941471036,54.0,1526.1733738319244,19243.35762297064,1.0962234484535474,0.6752055306305488,0.40459929400952677,0.9878364789003901,0.14020757590509775,0.025561648825008665,0.5102366673778579,0.9336805634219625,0.6823194305760305
0.6363602565747526,2.142671027170802,2.3679663075343877,5.146997591279943,0.027319928227601015,71.0,778.617954486629,13964.87426226536,1.0467087992581487,0.48999558814966176,0.31301103447391876,0.9678209286303195,0.7307544892322132,0.5650057759429121,0.3667641294242817,0.9546889657057733,0.3051647823279815
1.2105599043969864,1.4808579666131765,2.7612008449186183,5.452618715928781,0.08442061792447035,45.0,2405.987610847405,22190.088892126856,1.09551341863327,0.7785996102500651,0.47444908721020107,0.41888121801749745,0.4991805165177994,0.20971232253195932,0.12881905231313812,0.607812365798452,0.7055109844301279
1.520064152820212,1.3906264073428405,1.5587813901076513,4.469471950270703,0.12361258778014553,40.0,3522.9587517341474,24299.500526968033,1.010942907183855,0.8526140535778257,0.8718642124470659,0.8847660420942403,0.013137387880980789,0.12927238003196373,0.2495280565371517,0.6792092852433025,0.43045411043140724
0.8576973046681169,1.0798948272551614,3.0316521560615555,4.969244287984834,0.043448923313804566,58.0,1238.29431444343,17931.120356352767,1.068038920948848,0.6291621177667638,0.38840372133992146,0.9231622971093597,0.4472635655727255,0.781346290671915,0.010297878778075809,0.7737573614844755,0.7582705971050192
0.9616886223063699,5.362634593745472,1.8337991296561227,8.158122345707964,0.058759622369902155,57.0,1674.6492375422115,19046.24869545525,1.1404747773451398,0.6682894279107106,0.9840342344074735,0.7776896806485742,0.5961416499806854,1.210464464906913e-05,0.11397009561543747,1.407055961642012,0.2685060219634323
2.09712277233457,0.9354512377170587,1.4702417641002703,4.502815774151898,0.1824746757569957,33.0,5200.528259074377,26125.471263615433,1.0213269429013652,0.9166832022321204,0.3514482267780742,0.9938423269961216,0.13065358575852237,0.24728129494680373,0.19401131615060052,0.24776501844451815,0.22116844037601346
1.0783021182394326,2.0365711143293996,1.943189559647386,5.058062792216218,0.07234217390639595,54.0,2061.751956332285,20494.283983661055,1.0824465698603454,0.71909768363723,0.9270996508792948,0.9678013057966063,0.6535811096001357,0.07918076711851574,0.0645498995249506,0.510843408877045,0.22360139630745035
0.3943189454803161,2.4591561862868887,2.2931828374688386,5.146657969236044,0.01173212585748512,81.0,334.3655869383259,9169.727831137025,0.8709129647722939,0.32174483618024646,0.9024939414683695,0.9331087592212404,0.6159037681539978,0.5179632534160343,0.3164032962937611,0.8698198948905982,0.48311948305402375
1.6623688171481774,0.9496001546334002,1.642253123927246,4.2542220957088235,0.13863491655692728,37.0,3951.095121872427,24994.227697696115,1.115914365500305,0.876990445533197,0.31502711598029165,0.9728328130699351,0.026505978756963533,0.06646517020871201,0.2974070352588316,0.8204552131571301,0.4743185490438986
0.004449438777386766,68.8006939492936,12.272968765350628,81.07811215342161,0.0002105263157894737,0.0,6.0,94.85900547929609,0.7396614297136472,0.0033283861571682836,0.7297860712717411,0.8029668666502157,0.13105987046261658,0.21392359326567445,0.757971695170944,1.5243903052772712,7.932879975272654
0.3111912496318953,1.672508214438574,2.8006649877250744,4.784364451795543,0.007512100753927958,82.0,214.0948714869468,7376.250791453556,0.9288804559178344,0.25881581724398445,0.3700944051763751,0.9062642110585212,0.7366172300343776,0.21614963042784624,0.09874398210531621,0.6515286735618626,0.8839166989686822
1.7843479791185306,1.4270315678164174,1.214629913849206,4.4260094607841545,0.15401731596657567,38.0,4389.493505047407,25057.666309545315,1.1390817241256483,0.8792163617384321,0.8162904296949471,0.9926600217929614,0.10340202117729225,0.25429557306821793,0.2278190531777659,0.9781896770279563,0.13247599061918258
1.0395469873432635,1.945926756095246,2.3488234431879733,5.334297186626483,0.0695687676988584,57.0,1982.7098794174647,19864.529399242,1.0934420321322937,0.6970010315523509,0.23793378461404524,0.9359095453698542,0.9865516651183877,0.2417754189076906,0.11408273690180959,0.7630251286544489,0.12276612677784726
0.2465571004428527,5.284575708589244,3.062311106042101,8.593443915074198,0.005065242321961853,82.0,144.35940617591282,5917.0450819916,0.885869300143692,0.20761561691198596,0.9311632275288672,0.9359594818769836,0.08973590888213268,0.8694913731115523,0.40401339924984486,1.1562597440965163,1.3797455500158096
1.4205746035920244,1.0200207444258036,1.9533283295149753,4.393923677532803,0.11021742157346791,41.0,3141.1965148438353,23871.38739896754,1.0341307149906855,0.8375925403146506,0.6971262734093256,0.9643526822537958,0.022678690733284712,0.18794499124222852,0.1444382174582754,0.768985830557555,0.6234243544435891
0.9910538612092625,1.2032446464599862,2.476670317560298,4.670968825229547,0.05779603381759382,54.0,1647.1869638014239,19826.797462415165,1.0631119829958022,0.6956771039443918,0.4126476922619321,0.9812698721268334,0.5257138982127507,0.046227048165336015,0.0010130534394640622,0.2236875670100078,0.658269932694707
2.5831149932499358,1.1762035350887978,0.9083670714494861,4.66768559978822,0.21844649977807143,30.0,6225.725243675036,26632.744888779314,1.0744720561169825,0.9344822767992742,0.48918500913157714,0.8006576153465604,0.1157062091117737,0.04206976212209801,0.1636790513028274,1.0232626387104882,0.05406829662417145
1.5635425365893263,1.3703358090399216,1.5206732389323117,4.4545515845615595,0.12881766780730575,39.0,3671.3035325082137,24386.006892716443,1.1434699395959533,0.8556493646567173,0.5531430168842941,0.8983638189687723,0.11646881172187362,0.09435863644855425,0.3212447872864085,0.9111283430779897,0.3390373959101449
3.1219754174650807,0.9186596753831279,1.2268133529817555,5.267448445829964,0.24808974788213126,25.0,7070.557814640741,27181.950864062288,1.0660774216526414,0.9537526618969224,0.6647235294032842,0.08365226315180241,0.06402496243605033,0.12419307557403014,0.0789493511628841,0.9224571748518873,0.18662651448453005
0.8290457744244779,2.1899921001454814,2.0817271694323707,5.10076504400233,0.04463684764692305,64.0,1272.1501579373069,17200.05214288867,1.0568359262980342,0.6035106015048657,0.6400451204157384,0.9947923273997766,0.6829141490263344,0.2676661727910489,0.26278787809512083,0.8252147204740534,0.25523164315747415
1.6547852904427296,1.1342483713680236,1.9430452431937153,4.732078905004468,0.13952726726248968,38.0,3976.5271169809557,24712.262551325875,1.1344344142581468,0.8670969316254693,0.39202333219469554,0.9150954838312497,0.20751691990093024,0.6600789048991993,0.21283587878681876,1.000659737718537,0.2509488454983364
1.7845031813407497,2.001115140030204,0.827179371752585,4.612797693123539,0.15481187220239848,38.0,4412.138357768356,24886.5048405417,1.149961851827635,0.8732106961593579,0.6643445656842047,0.9558316795090829,0.02298646097431295,0.14427083763603787,0.6376144242088488,1.003382754308354,0.05889514885179281
0.3685352565046079,66.7302996370604,13.839210531347875,80.93804542491289,0.007831355455909685,72.0,223.193630493426,8772.363584697858,0.9734481844599852,0.3078022310420301,0.5147877457944373,0.40250365946453714,0.3447387226369476,0.9052659521687871,0.05598166897382867,0.8368513500193997,8.2052304559471
1.5952575628593417,0.9241014517488991,2.0583638042128527,4.577722818821094,0.13195990692629153,38.0,3760.8573473993088,24709.06681292576,1.0459055153860195,0.8669848004535354,0.2371886225569519,0.9228409049437258,0.21183520971680064,0.30500310208003956,0.18458000730837315,0.5621320720044685,0.4541629245214276
2.151300669719996,2.945974941381827,2.0117037895575263,7.108979400659349,0.18561592421097559,30.0,5290.053840012804,26155.195227302767,1.1029348134297337,0.9177261483264129,0.5060057183862589,0.0789172493997281,0.27626450788650064,0.28843249422148953,0.06191470602979704,1.2377178811382779,0.3559128922695365
1.4861985838662068,1.6037308645486141,1.2047238303891485,4.2946532788039695,0.12078635290617167,42.0,3442.4110578258924,23928.67217322592,1.066009447441805,0.8396025323938919,0.6545642562103258,0.9946323018999498,0.041897507161277325,0.005297229053347952,0.4431601737981862,0.9501996563394555,0.28205696549686365
1.23188612172956,0.9011146476649774,2.4576567462946963,4.590657515689234,0.08540270107548327,44.0,2433.976980651273,22578.019816458145,1.0470590542985225,0.7922112216301104,0.6398634124801896,0.9754654442466572,0.06646128830710846,0.1939736093234371,0.08077965136206255,0.7227106648813448,0.9123592197707833
0.884390896944612,22.33556669207459,6.884937273153948,30.10489486217315,0.04119428619456294,50.0,1174.0371565450437,18617.104634619274,1.0331298708319478,0.6532317415655886,0.5799124568218869,0.34620714978241574,0.12800782731725002,0.042811716091387564,0.16703966095081058,1.107545942093453,3.9254608936992383
1.2938716502242615,1.0989208598131166,2.5953844431592934,4.988176953196671,0.093880857867147,43.0,2675.60444921369,22975.611696613458,1.1530787654313015,0.8061618139162616,0.5083720094686828,0.8167035210198822,0.103804233881862,0.596760093869939,0.2174212497608204,0.8897316710861487,0.7538290342841112
2.1667322395368123,0.5167309958401253,1.9829924601057698,4.666455695482707,0.18679456098381098,31.0,5323.644988038613,26270.19163553314,1.1206630053750972,0.9217611100187068,0.3010195858479078,0.9560356425888036,0.05238450979813952,0.8904531267433569,0.06856732264750409,0.7791716835943674,0.2706200118794051
1.2749308826969394,1.3029720104701443,1.905009574858146,4.48291246802523,0.09273814542952152,44.0,2643.0371447413636,22774.946395017476,1.0274875540354007,0.7991209261409641,0.4989532219503006,0.8918520527285476,0.07971952163696067,0.050245128258798455,0.34221975303220137,0.9970185804357454,0.6358337474579123
1.5612624073840333,1.4691171446777929,1.9065546347026885,4.936934186764515,0.13019742637560783,41.0,3710.6266517048234,24229.102880691116,1.085037418410373,0.8501439607260041,0.6713829587968376,0.9697073302293471,0.14514118577802126,0.8711260730281577,0.2600763750971312,1.0074837071274576,0.2062287422914464
0.6100986069073436,2.3486851599062994,2.287189406810092,5.245973173623735,0.02443368374660233,71.0,696.3599867781664,13540.430299289455,1.055677903947677,0.47510281751892824,0.7566890519720325,0.8940141708902414,0.7695678700400258,0.14942463894301483,0.21882215143711414,0.5359871009793897,0.4287616779442276
2.070573247673865,0.7368558665906613,1.6276719385354315,4.435101052799958,0.17826298185123227,31.0,5080.4949827601195,26168.9692267129,1.1031572284738036,0.9182094465513299,0.5213531770519453,0.7611203890283625,0.023708343294830958,0.11392464763617505,0.08997008729823475,0.7330122190622288,0.42625260041331803
2.0927108032608377,1.040767656577582,1.2141651675818688,4.347643627420289,0.18204351281020306,33.0,5188.240115090787,26074.76823932975,1.0067598080219056,0.9149041487484123,0.33768268514297795,0.9774627302158824,0.0058451683458474735,0.17672072574724562,0.3471586094579165,0.6322027166717965,0.21584201616886478
1.4771927508976126,2.0200054760968955,1.8402407070526428,5.337438934047151,0.1190485446719939,41.0,3392.883523151826,23967.33768171028,1.046212761010728,0.8409592169021151,0.34893993748735697,0.8307966756815546,0.2770409735613831,0.10211751537425784,0.19047992030283029,1.1093180297077254,0.38617022742357143
1.4153469781923957,0.8687087890220258,2.1270068537100566,4.411062620924477,0.10971130991162678,41.0,3126.7723324813633,23805.285759615363,1.1108770108894368,0.8352731845479074,0.2967526698071963,0.9788419614867344,0.20827614683212137,0.12947113244302444,0.12977094948332368,0.6815708747914346,0.5903276933891863
1.0791329172310424,27.53004539557488,7.735029343996331,36.344207656802254,0.061865050143494284,43.0,1763.153929089587,21274.340107574986,1.0139495541954129,0.7464680739499995,0.943749180436257,0.04279939553857548,0.004591121527257935,0.07924416107879645,0.07994638017583167,1.1424867326114536,4.489396299152068
1.5125603234983103,1.9053404599608315,1.5583238621336661,4.976224645592808,0.1258303938268477,43.0,3586.166224065159,23868.050144427278,1.038804332467937,0.837475443664115,0.6026527807321712,0.9972673052302736,0.3522942345726152,0.28649513876839394,0.38712316368486865,0.4723086822912186,0.12508530907385484
1.1175304636750185,3.5752594223487524,2.420553999225602,7.113343885249373,0.07109503041249915,47.0,2026.2083667562258,21413.97268905387,1.0817824880615876,0.7513674627738199,0.60095667194426,0.880183721489335,0.06125536147541116,0.010978134014305418,0.14032989619847536,1.3152552544153417,1.0144751120068882
0.43460110752245673,2.9119164927318053,1.1892628704290624,4.535780470683324,0.013907347535320403,80.0,396.3594047566315,10006.871667640873,0.9847790579713528,0.3511183041277499,0.63912822252403,0.973677551034525,0.19061379886129126,0.025842643129463216,0.9934337859579191,0.9690835365989803,0.4208085872667011
2.123865918096492,1.1362200944122705,1.8857835015889375,5.1458695140977,0.1845142532075188,31.0,5258.656216414286,26082.530530048814,1.0590522522921504,0.9151765098262742,0.5283633664754855,0.18024872444999573,0.3837305249725114,0.052877176061009834,0.016130470239008876,0.746260222442269,0.3098173959729227
2.5200099445324327,0.46244674829698584,1.1068520111512021,4.08930870398062,0.2146625897462012,29.0,6117.883807766734,26717.920163816972,1.0062309998948085,0.9374708829409464,0.03963031118591548,0.9828191770274701,0.08640216729763794,0.03447888955069206,0.14660659308230672,0.8963238739142527,0.15716839838573193
2.942782121893046,0.34843963049946935,1.4795011922909687,4.7707229446834845,0.23713054286937707,25.0,6758.2204717772465,27166.717348719798,1.1364057997969597,0.9532181525866595,0.037242026553034824,0.4027710323495395,0.083832592673175,0.05667856781260261,0.09272435746833602,0.966379253967935,0.3133427053631488
1.242210565785649,1.2713978101576962,2.460920948046407,4.974529323989753,0.08996048275631788,46.0,2563.8737585550593,22379.338983100228,1.0178092362097892,0.7852399643193062,0.6009613117511647,0.959359291456827,0.1993873780265002,0.9626197926324276,0.18567771568339053,0.896616869778581,0.4471429254052337
0.24064932316223622,86.3923027700734,15.227100436125202,101.86005252936083,0.004102195155664083,79.0,116.91256193642634,5832.811416905775,0.9403856501206606,0.2046600497159921,0.26819398303187986,0.9965560283086237,0.06756716497079329,0.540317638743148,0.33634958068397586,0.5661388197910835,9.675687558507867
1.2302351850789774,1.6411085792433786,1.895650701534547,4.766994465856903,0.09006493690868725,48.0,2566.8507018975865,22116.84964210768,1.0240846376339034,0.7760298120037783,0.08354465460506505,0.9769894034195394,0.2635161536795487,0.4722332927384867,0.5811448470594952,0.8629099630805426,0.3083198579847224
2.5009925106401916,0.5355678231637784,2.76083568239439,5.79739601619836,0.20704746596617665,25.0,5900.852780036034,27010.973025004532,1.02903561783034,0.9477534394738433,0.05495380528524796,0.1560346055864944,0.020953578565168884,0.099825842346144,0.06257108622802976,0.6741320464121454,1.0586044071465848
0.8397061162713063,2.100034125284071,2.2254959875364957,5.165236229091873,0.04584961478220437,63.0,1306.7140212928246,17342.74402364254,1.0919058791725789,0.6085173341628961,0.02118211237569867,0.9248928002936309,0.8127464113729175,0.2097004192398857,0.4298661979244982,0.7599944624434571,0.2492305793906846
1.6746519377810378,1.269066752218082,1.5705793285728085,4.514298018571928,0.14261210864629809,38.0,4064.4450964194953,24812.698532504415,1.0148980145749027,0.8706210011405058,0.05170408274395333,0.8616583120952008,0.2357120744815414,0.11531896544878989,0.43189727887590834,0.9146426965185372,0.2617743039837004
1.232871077778971,2.9891901107172334,1.8140233135912136,6.036084502087418,0.09167882825100923,49.0,2612.846605153763,21960.051130041615,1.073637253651714,0.7705281098260216,0.5273459298829638,0.89399412752928,0.534328469718817,0.11939007385147843,0.18417830710423266,1.1614993577559474,0.20583126186919998
2.349817115762609,0.7522141970389438,1.3280389467918874,4.430070259593441,0.2015747958326091,31.0,5744.881681229359,26506.387344383817,1.1200095328903323,0.9300486787503094,0.5372508769312481,0.9766652716439153,0.07577142422601629,0.28768853789947396,0.050653091884335644,0.42074355558680043,0.1726096277424185
1.0836883781047844,83.78014046896587,15.494684414418881,100.35851326148953,0.06060379111146688,42.0,1727.2080466768061,21385.090464475295,1.1535916855247943,0.750354051385098,0.3195519043069942,0.10766949591096575,0.11685569772026949,0.1760844729419883,0.1155349224281999,1.076850176426987,9.468853479209105
2.1267167762032595,0.5083826157133076,1.596465607455945,4.231564999372512,0.18346896539158386,31.0,5228.86551366014,26339.53608994256,1.0296168311704148,0.9241942487699144,0.052589561897775305,0.9726305605905311,0.05315605652954036,0.03698853839495214,0.18802948451061086,0.4069615479208726,0.4191856380960344
1.8437692580703895,1.1123465677022373,2.208842946260951,5.164958772033578,0.15817834115884233,34.0,4508.082723027006,25553.46795904225,1.1017962616364845,0.8966129108435877,0.18956609479476233,0.4759504820096362,0.34435166139109197,0.25279141543762107,0.20312649041041847,0.3752507496310069,0.4315184393163971
0.02233943763242192,21.457211749079587,6.0278775648869445,27.50742875159895,0.00024744356962849733,61.0,7.0521417344121735,534.5299677356741,0.799490870806854,0.018755437464409615,0.6505334463952985,0.8211894242652458,0.34565868016354084,0.05553698790307643,0.36599324987038523,1.2026384101501746,3.6314324078229676
1.996682599766598,0.8623172058684541,1.5349867202155667,4.393986525850618,0.17453467804922554,34.0,4974.238324402928,25743.145727424853,1.0134726502171678,0.9032682711377141,0.07779858235659065,0.958567598348517,0.3042215958381582,0.23061138482481125,0.16409311487731304,0.8018820830150948,0.14328724832686124
1.4154724844850526,1.6570870562192763,2.138569037787716,5.211128578492045,0.11305578770223886,43.0,3222.0899495138074,23387.073229582107,1.0930688769501453,0.8205990606870914,0.5365454714870772,0.4197952642088669,0.6636890119570608,0.003928500768088983,0.06250403339830402,0.9157874017369991,0.29008149732071686
1.247785407876594,3.196105940629555,1.695267839945954,6.139159188452103,0.09640531777829639,51.0,2747.551556681447,21700.189241135766,1.108190342423158,0.7614101488117813,0.5437319360438827,0.7961724182457041,0.6942894949454433,0.15425105493137498,0.6388951609227534,1.04164368004025,0.03253260184850326
1.34921836343408,0.9174213052273983,2.542696007242787,4.809335675904265,0.10226287660221402,42.0,2914.4919831630996,23302.526310016183,1.0367818453014852,0.8176325021058309,0.09845882215237023,0.7258240690395916,0.40943973138196865,0.32807137671587033,0.10240144300103754,0.8099367592494162,0.5773809551201738
2.6496211502648377,0.7356547877842152,2.168337211918194,5.553613149967246,0.22076773402425667,27.0,6291.880419691315,26874.195398416035,1.1070325899050817,0.9429542245058258,0.017809869494387676,0.23690333458628388,0.11368849528457503,0.88574975581156,0.27365608768148253,0.932769470049617,0.30820039598405913
1.0348824411923772,20.592395169246718,6.474855460681932,28.102133071121028,0.057288747998511295,45.0,1632.729317957572,20686.88729107245,1.07196077150323,0.7258556944235948,0.14466628361705536,0.2642289460658632,0.18117071044391708,0.10273727676365663,0.2028247340814896,1.3709490123644774,3.49096130048006
1.9329053503797675,0.7771425501767422,1.9655532069220127,4.675601107478522,0.16610133765696028,33.0,4733.888123223368,25839.950305748273,1.0111254802318406,0.9066649230087113,0.10835176927368684,0.6367732720024883,0.17705462091380741,0.21201930994015838,0.20160442476617207,0.8625650300773486,0.4496177504836849
2.165612563483126,0.34654616818698875,1.9777617754202383,4.489920507090353,0.18558780519164486,30.0,5289.252447961879,26494.659243308346,1.0711541213931695,0.9296371664318718,0.07415365671388041,0.9974357840753981,0.014880050025618874,0.3678585305878812,0.12503621821734,0.12857833880757719,0.5073218803727535
1.882135133172979,0.7710855251889891,1.699369401187934,4.352590059549902,0.16331491651491412,36.0,4654.4751206750525,25479.494758360022,1.0873434083444231,0.8940173599424569,0.06890416626791229,0.9953471028514872,0.344743679359374,0.26077777460036433,0.09253291994100787,0.7192400580979181,0.18054912699877157
1.988592858194129,0.9089236965113683,1.4281486552678428,4.32566520997334,0.17297411923820633,34.0,4929.76239828888,25827.363038509287,1.0657172148327774,0.9062232645090978,0.416482305727459,0.9854295754776103,0.09743255203143858,0.26114012921523444,0.17314628136837573,0.7918118761633828,0.22189011171346618
1.2757110789812651,4.785593859737342,1.290144641335373,7.3514495800539805,0.09744380875009888,48.0,2777.148549377818,22258.275839112823,1.074541371347447,0.780992134705713,0.8303124270970701,0.9155224392622683,0.2810551084986616,0.02257305728027914,0.4158928352079756,1.337739137434541,0.1688909177603657
1.9663180790109502,3.471437455127279,1.4674896968503979,6.905245230988626,0.17070949725803855,34.0,4865.220671854098,25696.592644743112,1.1569056936657576,0.9016348296401092,0.1902588916643979,0.967433876341406,0.0936723628056021,0.3926723019209065,0.2543975118740669,1.328984374438293,0.1935972808714359
1.1941177899615854,1.684350444929143,1.9671730944549606,4.845641329345689,0.0834710338267909,48.0,2378.9244640635407,21957.288637231144,1.0993176470770372,0.7704311802537244,0.9870806292785503,0.8229371023729578,0.29769258843546764,0.09286324827655335,0.12536546649869568,0.4772081306128433,0.48525007533319275
1.428409202753957,0.6732145746820863,2.1041104464105223,4.205734223846566,0.11074404054012701,40.0,3156.20515539362,23935.22470017207,1.1017944938626398,0.8398324456200726,0.42566216045884453,0.986168794632063,0.13677793902720048,0.025561648825008665,0.021192752841220575,0.9336805634219625,0.6823194305760305
1.3234378173710954,1.1557018085278994,1.988184459265182,4.467324085164177,0.10002707914188243,44.0,2850.7717555436493,22960.482100887515,1.1332172567935201,0.8056309509083338,0.21877428134597582,0.9465752528651457,0.33767977527765924,0.18602846119580319,0.21520393213271727,0.9698986423344063,0.3998918063322794
0.920296175925879,0.9432679369005138,2.6696711088681777,4.533235221694571,0.05032191425748313,55.0,1434.1745563382692,18841.56056900248,0.9945059497751624,0.6611073883860519,0.06145075287744328,0.8917127222851222,0.5618019913712058,0.17359340829099706,0.01955709848313092,0.8598782777788876,0.7055109844301279
1.638349219705461,0.8572143732057176,2.1114893492593074,4.607052942170486,0.13690394393852,37.0,3901.7624022478203,24843.77775488523,1.0558247163071994,0.8717115001714115,0.07464605042002137,0.8847660420942403,0.13940788878382493,0.553816271549983,0.2867282448049794,0.9902735918616123,0.43045411043140724
2.8803492149036587,0.5934715024592033,0.9728878025718602,4.446708519934722,0.23670554200763141,28.0,6746.107947217495,26934.759222877285,1.129885294792092,0.9450792709781504,0.342709970184721,0.9939657509563687,0.08624208853867105,0.3079282449403743,0.060699199733237896,0.9049423587285808,0.012421509050204449
2.4522010548140574,0.5686376293858484,1.2042755775874587,4.225114261787365,0.20924449719933602,29.0,5963.468170181077,26668.36792902381,1.043492460077727,0.9357322080359232,0.008688187450122065,0.9658276912082645,0.027642623663537425,0.13126329035802797,0.2592427532202101,0.7468509852937517,0.2048962298781669
0.3844988130502427,13.509591515607308,4.84027663785884,18.73436696651639,0.008951615185708842,74.0,255.121032792702,9101.395643790996,0.9515170233198347,0.3193472155716139,0.8911188281834406,0.9885648914223027,0.005763742712533326,0.24626264411917437,0.18366804772647838,0.8720594504090413,2.898309398491268
2.3017492569533378,0.998258587169688,1.2785737955122727,4.578581639635298,0.20004353178298823,32.0,5701.240655815164,26270.34403076978,1.0338055588387107,0.9217664572199922,0.38053607633985553,0.9881221691918917,0.08879553584826527,0.535710269847102,0.24226460352871726,0.9285099024733523,0.06392609648639613
1.9305779335120317,0.8625835950104277,1.6131244798704034,4.406286008392863,0.16628333857908573,33.0,4739.075149503943,25835.33942113426,1.0824207860249593,0.9065031375836583,0.2586304812195965,0.8221090331036705,0.07268872950144278,0.03497142846411255,0.24746000976933347,0.7202978713188377,0.4199454644556635
2.5988707640448774,0.9387806421219329,0.7539172302950421,4.291568636461852,0.21942386177360185,30.0,6253.5800605476525,26685.70276900375,1.067007453870399,0.9363404480352193,0.30420760346882436,0.9858391186872661,0.026505978756963533,0.00809426610895092,0.2974070352588316,0.8204552131571301,0.05658415559447061
0.9444311601477632,3.0503500218991584,2.2433799935629724,6.2381611756098945,0.05227511584782773,54.0,1489.8408016630904,19186.06959459985,1.1101354439260764,0.6731954243719245,0.22072984172591364,0.9263067964843741,0.20056233224757014,0.08346228967840463,0.40919302345621633,1.213798829361182,0.806699554554184
1.975017393387005,1.3117431840530713,1.2570553160888407,4.543815893528917,0.17181004993846583,34.0,4896.586423246276,25744.392057750316,1.1198273011967093,0.9033120020263269,0.2657033722984188,0.9062642110585212,0.027703283856602923,0.21614963042784624,0.5022424429848741,0.6515286735618626,0.20763877288675303
0.02879208716280503,56.35109130986761,11.804290197006157,68.18417359403658,0.00031190098292578676,66.0,8.889178013384923,694.7467229370865,0.8237131139633036,0.02437707799779251,0.9354892870310985,0.9840681662323009,0.08951910481008235,0.8189163158300465,0.2278190531777659,0.6855563668814091,7.327990975585487
2.148509383948986,0.6739987456657663,1.3984730534610104,4.220981183075763,0.1856078861939303,31.0,5289.824756527013,26244.524381514355,1.0966949251063047,0.9208605046145387,0.17357960816098522,0.9359095453698542,0.0014073116205622904,0.1780537716284608,0.2491540850369688,0.9185642586979763,0.30102221692391584
2.02984599941525,0.9863335178998687,1.555136384343361,4.57131590165848,0.17514440732722003,32.0,4991.615608825771,26022.043312322276,1.1277683928399158,0.9130541513095535,0.09335141817625592,0.9651976742528193,0.08973590888213268,0.1188012479106259,0.12380103878601523,1.063847019853548,0.3388455587417898
3.14180499999003,0.4183015943693089,1.0999591573553644,4.660065751714703,0.24978348895727087,26.0,7118.8294352822195,27174.2924410666,1.1140181480866516,0.9534839453005824,0.0348158505201866,0.8982165462191847,0.06307287262171435,0.3861053803302923,0.1444382174582754,0.7764291278884232,0.04828208200984285
0.8854996414875633,1.6595263902325692,2.7354325929531145,5.280458624673247,0.04826479190514448,60.0,1375.5465692966177,18239.154899840814,0.9871784886809918,0.6399703473628356,0.4126476922619321,0.9812698721268334,0.5924988412175327,0.8109380682858872,0.17906521807216902,0.2236875670100078,0.4341174115408739
1.1919686305588713,2.5302227775473267,1.5608543930992127,5.283045801205411,0.08599532133681782,50.0,2450.866658099308,21667.91881285646,1.0795326272476364,0.7602778530826828,0.9165424589323657,0.8006576153465604,0.2755398167929632,0.18924769672968422,0.6001852967127581,0.5367834831675766,0.250633115113855
1.7487503536498794,1.0593532045320129,1.508207180636588,4.31631073881848,0.14964251821808192,36.0,4264.811769215335,25218.954497559716,1.0042464691429356,0.8848755964056041,0.5531430168842941,0.8983638189687723,0.11646881172187362,0.05084552825552402,0.16575348503245413,0.819856532329414,0.3390373959101449
1.8616204382445734,1.5085718317170667,1.2729086988510603,4.6431009688127,0.16182688476200674,36.0,4612.066215717192,25300.255295811432,1.1478311116332125,0.8877282559933836,0.893319488499481,0.727158246423104,0.2164181705591568,0.03447888955069206,0.14531254368942526,0.9376073724448044,0.15716839838573193
0.9668016653672664,3.826049560757439,1.8546001243454961,6.6474513504702015,0.059063615253123425,57.0,1683.3130347140177,19150.70065713664,1.1160892699140146,0.6719544090223383,0.6296120238713369,0.9151601519366677,0.23511237893362663,0.6783653079028876,0.645358276751292,1.1941315518728848,0.27801297310416295
1.0957008071303393,2.1177183173174545,1.7126994162698193,4.926118540717614,0.07265466158761176,51.0,2070.657855246935,20858.610985790056,1.0419233075010568,0.7318810872207037,0.6394961187352015,0.8400798268799359,0.24247580816799486,0.11333461098888875,0.5572542431651304,0.7531513348391807,0.40602764475432895
0.10419264392334841,8.303605755073333,3.5289900165298307,11.936788415526511,0.0015852982755600647,83.0,45.181000853461846,2532.412973413685,0.8723211073022253,0.08885659555837491,0.40138616772406366,0.9810085709297065,0.035009089904885715,0.39960539922775506,0.7367972244496288,0.9887950676087653,2.05760802482013
0.021277436454460664,33.17149042246296,7.695737895738415,40.88850575465584,0.000229151291924692,59.0,6.530811819853722,509.0104223591,0.82214503948047,0.017860014819617544,0.43660092319863336,0.9647881414890007,0.3447387226369476,0.09148980612715352,0.15459333317636964,1.5599446824975711,4.7254037623266765
0.1525361574532752,77.98860475621666,14.231853974532163,92.37299488820209,0.002247775432757072,81.0,64.06159983357655,3724.6159922200895,0.8814226793739373,0.13068828042877506,0.2371886225569519,0.9228409049437258,0.23942268787431714,0.1850925831016047,0.18458000730837315,0.9391631156645173,9.075575279687524
2.052375552767494,1.076190994025895,1.1134956476507973,4.242062194444186,0.17890708251759438,33.0,5098.851851751439,25922.33158758321,1.00744807722572,0.9095554943011652,0.5211565374904916,0.9935667658259881,0.0662672896702215,0.07646910746733493,0.2278167610150355,0.7904202798821176,0.16727930648426614
0.1489372430460659,61.805170255552994,11.761505601901579,73.71561310050063,0.0022012192991992035,81.0,62.7347500271773,3634.9497980544697,0.8983036377364967,0.12754209817734982,0.3899048129074862,0.7815248841676995,0.10151633248663694,0.055232162739435986,0.4431601737981862,1.2297439574568636,7.637851452103397
0.01655529656437442,61.98257639315533,11.713604571496486,73.7127362612162,0.0002105263157894737,0.0,6.0,393.6966636406466,0.8234801429893578,0.013813918022478828,0.8923974271695855,0.767726688929603,0.0008608053613806677,0.11035848464025705,0.6536629913161149,0.9692456494186197,7.739817137139871
0.36512430098802634,25.375051270229335,6.750459725636337,32.490635296853696,0.0080176041888617,74.0,228.50171938255846,8677.761759294526,1.0021137571045053,0.30448286874717634,0.41181340325342014,0.9834538249417508,0.11084973581011115,0.07985307064876856,0.16703966095081058,1.2598082973012357,4.161341416079757
0.3552071788988433,68.45707349295868,13.416654056754053,82.22893472861158,0.007358409825838932,73.0,209.71468003640956,8478.615172528085,0.9521457795891369,0.29749526921151176,0.4320287419914377,0.8852887323434276,0.08601945556195778,0.5906136311024951,0.17439778206853357,0.8897316710861487,8.35863289805625
1.4346067858067706,3.345314784602979,1.5174222601108802,6.29734383052063,0.114730400541229,42.0,3269.8164154250267,23679.89730370466,1.0114142564937085,0.8308735896036723,0.6112196756356529,0.9783693717277295,0.0848859781641158,0.20311204855535636,0.2976270863335778,1.2514389961317496,0.3329004316551547
1.535201741970483,1.556832933024968,1.5060804017638687,4.59811507675932,0.125758290091229,40.0,3584.1112676000266,24341.162395865438,1.0207020174189547,0.8540758735391382,0.4989532219503006,0.8918520527285476,0.06772744540230169,0.05897235713683613,0.47814427148560745,0.5233568615865187,0.3881667892319607
0.0023881342331493263,51.47561683818538,12.27430126578056,63.75230623819909,0.0002105263157894737,0.0,6.0,41.18202761413993,0.825822760047349,0.0014449834250575416,0.34668902542597085,0.9570075203628646,0.8406852061535814,0.9994809782760012,0.541591719267331,0.8618806185586247,6.805725679052572
1.540485482453648,1.2353113998303045,2.3060218568015256,5.081818739085477,0.1238624560290104,38.0,3530.0799968267966,24540.087700418568,1.1572465820599982,0.8610557087866164,0.5175340188323871,0.6265308009064994,0.18675538541579273,0.16146577482348118,0.21882215143711414,0.3980734733282585,0.6759943522819718
2.5727028858966197,1.1313773274470333,0.9242948542253986,4.628375067569052,0.21813536149076587,29.0,6216.8578024868275,26649.40680114916,1.045476391469993,0.9350669053034794,0.5213531770519453,0.7611203890283625,0.09050153122747734,0.03324752032438533,0.23713592677693607,0.7330122190622288,0.07848522672716651
0.5238454195743566,52.70235129573929,11.34018826518413,64.56638498049777,0.014252858590620966,65.0,406.2064698326975,12129.719807300135,1.0020824117878835,0.425604203764917,0.180879416556317,0.8642419835907914,0.07502651285119466,0.22824136913807475,0.2879466081820771,0.8742757375394823,7.072211447561958
1.5440664295097979,1.1426802739688529,1.6144407860541494,4.301187489532801,0.12603430786606387,39.0,3591.97777418282,24462.85913963103,1.056666140010303,0.8583459347238958,0.579785102079209,0.9886162738791971,0.042100794530274654,0.05712094779301313,0.24987199004711602,0.6887721881713911,0.4637233880471783
1.0156477016634584,1.625294004153059,2.627999538428793,5.26894124424531,0.061815924782400146,52.0,1761.7538562984041,20005.03231860578,1.0930796270126764,0.7019309585475713,0.2967526698071963,0.5195329049491272,0.6912454831289107,0.04986612849243344,0.14583655482624835,0.6815708747914346,0.5903276933891863
4.292989361186832,0.39467373743411244,0.911030888524193,5.598693987145137,0.29422178162097073,21.0,8385.320776197666,27676.854704360565,1.0571911577780917,0.9711177089249321,0.2278942947915622,0.2273390435663104,0.004591121527257935,0.08783549975180871,0.07994638017583167,0.6353457023958833,0.10057396808345853
0.018426025936399176,73.4927703254096,13.998344325085293,87.50954067643129,0.0002105263157894737,0.0,6.0,439.80263783106557,0.8320348185671417,0.015431671502844406,0.2274970995605105,0.7493058252949685,0.5048889791279934,0.2394653039129927,0.18329125536559254,1.0361665532240618,8.689164099413837
0.05480644500543389,41.66327031644596,9.727538336673604,51.445615098124996,0.0006673511201178585,76.0,19.019506923358968,1333.974502540594,0.8364042516942646,0.04680612289616119,0.4481986299889621,0.2722750925904367,0.5190706065605682,0.2984423602044498,0.35605197088138907,1.25172166978034,5.7796486784919505
1.414050996943518,1.6978071418167109,1.4701402263244763,4.581998365084705,0.11312363114167796,44.0,3224.023487537822,23451.26023646494,1.0165613218215181,0.8228512363671908,0.8058907487926315,0.979090833032725,0.25215272627913965,0.07990151405752255,0.256843651802685,0.7135218450225598,0.23735961410923245
2.222433506744047,1.6345996825588256,2.184920682670666,6.041953871973538,0.19153342663437856,30.0,5458.702659079789,26349.595785759393,1.0821252064786258,0.9245472205529611,0.309856134341548,0.6103462187531435,0.13340834629830406,0.8863103212732892,0.020031652457873084,1.1355709654817594,0.3098173959729227
1.4874185688703827,3.3768723814106987,1.7479501158272817,6.612241066108362,0.12251695521445709,42.0,3491.733223612027,23746.158440880543,1.0521456474711093,0.8331985417852822,0.195521007124273,0.8100601155929414,0.5120208288333931,0.055389855135617616,0.18134107918562137,1.2563297465831367,0.18662651448453005
0.7484422819869089,1.7386357733660618,2.27262352346832,4.759701578821291,0.03478554076006614,64.0,991.387911661885,16077.405219105183,0.9775311410501061,0.5641194813721117,0.8244236941063188,0.9040468839277236,0.5299182444420155,0.22693531292751212,0.021548250027064064,1.009529776567824,0.5408717926135695
2.0402283019576632,0.6811143254707815,1.7811510077421986,4.5024936351706435,0.1764601148663941,32.0,5029.113273692232,26052.732566559273,1.019753028480018,0.9141309672476938,0.08076165239626393,0.6734121669612714,0.1993873780265002,0.09810067419822294,0.15063580301738366,0.896616869778581,0.3800265820773161
0.5251004267953083,21.98388646997897,6.551694998846908,29.060681895621187,0.014740703928173728,66.0,420.11006195295124,12126.091740253936,1.0816368857868486,0.42547690316680475,0.5161604452124149,0.9965560283086237,0.06756716497079329,0.010366661339446137,0.13814384136691582,0.8717106823858767,4.010591941172662
2.2321541540423016,1.1708460788305364,1.6918842874328064,5.094884520305644,0.19192166873905106,30.0,5469.767559062955,26337.331553531953,1.1058056954425663,0.9241168966151563,0.010843545862842696,0.5668133108140871,0.08166389204310132,0.41784880353824594,0.5187533474515209,0.45118666843459465,0.29012442257991466
0.3420802883545276,2.3074271788656335,2.2124869537097145,4.861994420929875,0.008949966614411825,82.0,255.07404851073704,8051.09694057749,0.9597627244741138,0.28249462949394705,0.8939146350533435,0.9887015961733795,0.6224123983026763,0.05202236771840929,0.23994697317913793,0.4263081702032405,0.6850234045698915
2.2755745592892085,1.019775663679707,2.2247463471090634,5.520096570077978,0.1962109024725696,31.0,5592.010720468234,26270.991315432366,1.122612660228476,0.9217891689625392,0.02118211237569867,0.34480786026013444,0.34306578824815126,0.8409194016473284,0.24199743446589078,0.7599944624434571,0.1975928062622847
2.314765280325311,1.337672186745444,1.58646174034727,5.238899207418025,0.20045136299915395,30.0,5712.8638454758875,26341.451719894434,1.012239859994704,0.9242614638559451,0.46983489798925787,0.21246769732451842,0.33948855593079635,0.015023925997034782,0.1793022274299958,0.6600309698824145,0.21166590373784455
0.27380679680928544,62.9205515187196,13.16130399335702,76.3556623088859,0.004999919013127945,77.0,142.49769187414643,6606.264292327003,0.9088354208688892,0.2317987470991931,0.6894578020185872,0.47920755239697466,0.285237583357703,0.8656390408984548,0.08790041398200849,0.8919187060160478,7.889708351184094
3.669837215297125,0.7023186738801541,1.1070800939988656,5.479235983176144,0.2720042620128479,24.0,7752.121467366165,27426.79047689837,1.1158074019718396,0.9623435255052061,0.15580477226873252,0.2978750520672673,0.15332838963289952,0.10803895328682789,0.15826065858103616,0.42074355558680043,0.08343959459115613
2.0505663546327733,0.8187172505612086,1.3368309253228134,4.206114530516795,0.1783284363715374,33.0,5082.360436588816,25991.250436891958,1.0817347285648853,0.9119736995400687,0.3970439129212745,0.994134858428091,0.10744608406992018,0.09611450337150135,0.13025210576752688,0.7175730548727488,0.23138064421569915
1.5135976547882903,1.0673540859203519,2.0414569988166873,4.62240873952533,0.12301823388678912,40.0,3506.01966577349,24227.830736456286,1.0288871128309676,0.8500993240861855,0.052589561897775305,0.9016182017900621,0.2663405467885671,0.2852638838224858,0.21190425548018454,1.0239306491099196,0.4191856380960344
1.892092874350003,1.365131243864737,2.1777990390405657,5.435023157255306,0.16336689637661458,34.0,4655.956546733516,25559.05784860492,1.154041335288061,0.8968090473194709,0.3385365980971954,0.4759504820096362,0.34435166139109197,0.537651059423417,0.2550335768404518,0.3752507496310069,0.29865485434689365
1.4689948356635514,0.8715413508058975,2.3227208637737844,4.663257050243233,0.1144918567498808,39.0,3263.017917371603,24344.820758639005,1.0751693712227561,0.8542042371452283,0.6226633181224459,0.991721820716975,0.06166310366409561,0.1489212462685039,0.07819168859365405,0.0659073609500247,0.8106704021656661
1.1353147382832014,1.4524622632362385,3.066535303201863,5.654312304721303,0.07527703754705399,47.0,2145.3955700910387,21411.950687696586,1.1297322381505153,0.751296515357775,0.25960373844435414,0.2007481452108596,0.6767154668277625,0.23220088890188634,0.08889266227512027,0.7555416137343507,0.7361987263747007
0.3311116401541956,20.16484057612286,6.2874679672224145,26.78342018349947,0.00692615756546377,76.0,197.39549061571745,7908.135447310662,0.99291041353856,0.27747843674774253,0.6179936653423691,0.9773103292663433,0.1642678075760703,0.15628856660291163,0.07605075646866266,0.9157874017369991,3.7792926855473663
0.9904272792423858,2.5398535238518627,2.9136972227081044,6.443978025802353,0.055455604736971906,50.0,1580.4847350036994,19964.574297147967,1.0376029617504048,0.7005113788472971,0.7013136037056027,0.9268445676401559,0.10688001387664203,0.19606977481773158,0.011396067764782858,1.043234106799108,1.2331587993720996
1.2772573755091419,1.2434806823339588,2.2821613365924884,4.802899394435589,0.09317038761196823,44.0,2655.3560469410945,22738.686617779003,1.0949891462499686,0.7978486532554037,0.5153425118023336,0.7258240690395916,0.4040557413134352,0.03967243772133039,0.0610272792807362,0.6653871928179524,0.5773809551201738
2.2043294768311945,1.1301075131846445,1.1323759587949505,4.46681294881079,0.1914941081056174,32.0,5457.582081010096,26263.683367877908,1.0739431334938403,0.921532749750102,0.5580369857029173,0.9779158893556854,0.11368849528457503,0.011688570410845867,0.20076889227743233,0.16291224319501119,0.16248297652593724
0.5055899731737913,2.083959137823462,2.369662381426839,4.959211492424092,0.018455167402197954,78.0,525.9722709626417,11444.530331444013,0.9363941137058297,0.4015624677699654,0.1905167039859681,0.998471339902509,0.9918619771163434,0.17867539106768554,0.2028247340814896,0.9400495324863423,0.3063527632773537
2.409013155424707,0.8445274841163102,1.5003218019649882,4.753862441506006,0.20626908969373423,29.0,5878.669056271426,26651.061845095977,1.0149539439164896,0.9351249770209115,0.5763039225852867,0.6705048432002738,0.07096629819380962,0.23650518129913867,0.08088705712015454,0.3983138065915197,0.2740020381243955
2.556390838030433,0.8963307479811162,2.0524805645107644,5.505202150522313,0.21547901851617238,27.0,6141.152027710913,26777.501978257707,1.025097065424761,0.9395614729213231,0.22817274131098952,0.1375374740039853,0.15759629432415534,0.6228643992941548,0.21588178259194685,0.8767883514351793,0.32546200247626267
1.2182942056741854,2.1802912750026833,1.1307311051026008,4.529316585779469,0.09004495871843521,50.0,2566.2813234754035,21797.085290515985,1.1142207009670568,0.7648100101935433,0.06890416626791229,0.9953471028514872,0.08931314818255454,0.17101069928579904,0.9887086932304696,0.8929167769137722,0.18054912699877157
2.0324117420651024,0.7427765174416474,2.020203427305409,4.795391686812159,0.17488623414248217,31.0,4984.257673060742,26112.18380382679,1.0698183439782654,0.9162169755728697,0.004620502605791554,0.5944290413941646,0.09743255203143858,0.26114012921523444,0.296003593394349,0.7918118761633828,0.5144232321514277
1.1788358475627838,6.178841850619236,3.7153233096604223,11.073001007842443,0.07604004063787202,43.0,2167.1411581793527,22208.170971923773,1.094264186838742,0.7792340691903078,0.419510390828763,0.4623370394084212,0.0018526751301162214,0.06582270995917583,0.4158928352079756,0.9218958501644776,1.8324192496516445
2.4062099035927424,0.5594624094673949,1.817877038243359,4.783549351303496,0.20541835487201002,30.0,5854.4231138522855,26592.28050750259,1.1412208212970738,0.9330624739474593,0.053253376313791456,0.9937316194326454,0.08326229934116253,0.8216166576333677,0.025053504161784312,1.0414010719772864,0.1935972808714359
1.4631958807671956,1.2958651950621785,1.6621019653718911,4.421163041201265,0.11632260915964301,40.0,3315.194361049826,24035.538141131525,1.0145244737950414,0.8433522154782991,0.9967462224514594,0.8962014949055582,0.019475944962376368,0.13261989964021093,0.1349525275835773,0.6310428318817425,0.48525007533319275
2.5283137973846173,0.8685327412949989,0.8819905746379404,4.2788371133175565,0.2153892945795955,30.0,6138.594895518471,26579.24261601702,1.0643500519934908,0.9326050040707727,0.6059174731028962,0.9995398395810735,0.1468198416731077,0.022528722504895904,0.021192752841220575,0.7311382189918236,0.032960114563829634
1.0244647625150352,1.1535226915022532,2.362428657055079,4.540416111072368,0.062042258216629086,52.0,1768.2043591739289,20197.149796132024,1.0963173481442479,0.7086719226712991,0.33011168104918676,0.9954646649086,0.39724912329772577,0.18602846119580319,0.11376866275323888,0.7296144374285907,0.6268161977021283
2.1020752283404183,0.5896898735128401,2.33112688509707,5.022891986950329,0.1788346481137762,29.0,5096.787471242622,26327.117025417618,1.111625735812218,0.9237584921199165,0.18853810134742066,0.411036331455118,0.10563970074018397,0.18723725536923574,0.04918111991470453,1.0180412476532168,0.7055109844301279
0.15025701470904648,89.55728522451662,15.63013253850985,105.33767477773551,0.002194129745245231,81.0,62.53269773948908,3670.185478264448,0.8901870067813801,0.1287784378338403,0.0629165404566025,0.9698288522535442,0.3183179499779103,0.21333335957560962,0.12449594455078195,0.6792092852433025,9.914777131124268
2.1151406315355743,1.052310781700633,1.2630444853013119,4.430495898537519,0.18495693947640218,34.0,5271.272775077462,25945.194525418883,1.0430824729583303,0.9103577026462766,0.6758150953505047,0.9939657509563687,0.17006485792243498,0.3079282449403743,0.060699199733237896,0.8105642125147314,0.08479037852255722
1.7534004609929874,2.348861574462724,1.662571241059791,5.7648332765155015,0.1509440364055203,37.0,4301.905037557328,25064.17039660913,1.0525247544132301,0.8794445753196186,0.1208992457193715,0.9908611956521827,0.2073481803374303,0.4218225157683412,0.2592427532202101,1.1748068189745984,0.2048962298781669
0.7977484518710547,10.46628183931538,3.246887810046551,14.510918101232985,0.03518581660568484,56.0,1002.7957732620179,17110.427375106043,1.1400946999455226,0.6003658728107384,0.5258962322147548,0.9312639235429068,0.007486552291787851,0.06138936256468164,0.18366804772647838,1.6839452748579922,1.6992350309285822
1.8557259446406809,1.459594605284702,1.430340847226307,4.745661397151689,0.16094327768378552,36.0,4586.883413987887,25366.99918040323,1.0762515089921045,0.8900701466808151,0.11739092591424011,0.7701632578586921,0.23347183529958132,0.07918076711851574,0.4959979632105449,0.6691789252014069,0.20129331016584384
2.4789655888283395,0.9187382095157055,1.1196979162227008,4.517401714566746,0.21229201903480127,30.0,6050.322542491836,26521.926645176747,1.050446672803815,0.9305939173746227,0.06123518561475594,0.8582106404534371,0.2417220029081884,0.03497142846411255,0.24746000976933347,0.7202978713188377,0.06643242670775784
0.35727521843884674,1.9095151318616017,2.593507464069749,4.860297814370197,0.010099561210619704,83.0,287.83749450266157,8350.04003912372,0.9621476398935047,0.2929838610218849,0.25009991277423693,0.9675729477424948,0.8649377039523354,0.47274547686619794,0.18100433157943085,0.8615278674471476,0.4743185490438986
1.2941010832279614,0.8196979553612838,2.3898484688008192,4.503647507390064,0.09357507994551771,43.0,2666.8897784472547,23022.96623567586,1.1044373945775117,0.8078233766903811,0.22754801267551994,0.921863544011998,0.17303854669341195,0.09866093472378834,0.16629606132282293,0.943314467085278,0.806699554554184
0.36673323391650675,31.470829674314842,8.35633802152969,40.193900929761035,0.007938079919069073,74.0,226.2352776934686,8727.035893536795,0.9572335750850018,0.3062117857381332,0.19570321483016162,0.9062642110585212,0.2812847236465889,0.08052452544704791,0.14605357308843114,0.6515286735618626,5.058879874529016
2.6860412373322617,0.7840878814325651,0.9919817962095326,4.462110914974359,0.2249572657078753,29.0,6411.282072674446,26845.480197137695,1.0676945898046335,0.9419466735837787,0.20273434378397814,0.9565818840829523,0.10340202117729225,0.04130210525028366,0.21312525294132428,0.37063840017348904,0.09388210427241095
2.2030626082500575,0.7611983890406481,1.7022158333016046,4.66647683059231,0.19019981778688239,31.0,5420.694806926148,26204.31112948282,1.1315508865673674,0.9194495133151867,0.13665054686792555,0.6982551712882816,0.3126548622564098,0.2550897088131861,0.0777827743940539,0.7559285730086693,0.19506862998355157
2.371780749219306,1.3033915842559851,1.352167814944737,5.027340148420028,0.20332320567964862,30.0,5794.711361869986,26479.24937875383,1.1308736708235492,0.9290964694299589,0.7446350742467378,0.4664015692202178,0.11647690986193471,0.1188012479106259,0.19202057260817262,0.4824831138548604,0.2158674957767479
0.5721828700125581,51.47026125263094,11.403788326789767,63.44623244943327,0.016749262309950982,63.0,477.353975833603,13106.536959805317,1.089267550061051,0.4598784898177304,0.17626059624172313,0.9643526822537958,0.07728072759855831,0.5123646128484124,0.07716474543093754,1.106778505719469,6.927556346688801
2.0484266485028626,1.2856982539017223,1.2064099004651847,4.54053480286977,0.178988570542926,34.0,5101.174260473391,25839.431352869473,1.0389927096658182,0.906646714135771,0.7126498795545566,0.8127089870969225,0.15665089436639346,0.08822366676172377,0.16903601639878774,0.8112842853421527,0.14436004322316265
1.6767776391706384,2.4193266057637643,1.584932300821354,5.681036545755757,0.1452220922149706,40.0,4138.829628126662,24335.32077907557,1.0975002138937522,0.8538709045289673,0.6640175512108262,0.4780036928661704,0.6138618344510445,0.014382833654231597,0.4172581514381857,0.9046294350011694,0.05406829662417145
1.7281911957423428,0.9211608980109269,1.663750395475107,4.313102489228377,0.1465368542869137,37.0,4176.300347177041,25152.921665921524,1.1001550158935556,0.8825586549446148,0.5531430168842941,0.9943915486513826,0.11646881172187362,0.2435170681493679,0.09665733177191116,0.7327469375567239,0.3390373959101449
3.3158448041648736,2.837369272093201,1.1256935032121103,7.278907579470185,0.2568037682900269,24.0,7318.907396265767,27316.440178868135,1.1100743902390968,0.9584715852234433,0.03963031118591548,0.3058108456790489,0.08640216729763794,0.03447888955069206,0.14660659308230672,1.2968653154745269,0.15716839838573193
1.9697349098411765,4.743261647377299,1.1490697643910845,7.86206632160956,0.17269361663810198,35.0,4921.768074185907,25533.72770851123,1.0383934667710035,0.8959202704740782,0.20937147364042474,0.947672803025135,0.16642650120221553,0.20752535153307222,0.3790133621799865,1.4407779621966972,0.07677144636417399
1.246132624800898,7.057745555004024,4.411982208638123,12.715860388443044,0.08364809854600504,41.0,2383.9708085611437,22932.273304324066,1.084533631712606,0.8046411685727742,0.08329203718604761,0.523204531227314,0.24247580816799486,0.0323037497821968,0.16312075574320561,0.34977617041735565,2.0436225890678585
1.0666438764032742,1.2047860648634372,2.7372333341083626,5.008663275375074,0.06717409143821242,50.0,1914.4616059890539,20708.000575464488,1.013033714055278,0.7265965114198066,0.5310518499586951,0.8661797430349414,0.29499974531850826,0.7771166150022163,0.1020862812300738,1.003382754308354,0.6467732949600222
1.53746298864864,1.873067939311592,1.4734189251835175,4.883949853143749,0.12941048870188007,43.0,3688.1989280035823,23837.929148017018,1.0717952196460359,0.8364185665970884,0.19011978078158054,0.9786028835808547,0.48664714963358086,0.09148980612715352,0.4764887170398201,0.7717841683884057,0.06827639187464296
2.463436269914646,0.6816971286797884,1.934741336062665,5.0798747346571,0.20786380213881994,27.0,5924.118360956369,26765.00401898652,1.0539059134826028,0.9391229480346148,0.17518490762593408,0.23300426238170857,0.21183520971680064,0.049478115245704,0.09437970323932665,0.5621320720044685,0.45659476107856367
2.3380517636342915,1.129423217796992,1.5038992582044284,4.971374239635712,0.20302988817030887,32.0,5786.351812853803,26282.391659648656,1.0312815715947987,0.9221891810403037,0.5211565374904916,0.9326763908308686,0.12029562759951817,0.8501285321914556,0.2139116194536116,0.7904202798821176,0.035324419491676196
3.0745439368582117,4.229576516939416,0.8541995800474814,8.15832003384511,0.2460430767447013,26.0,7012.227687223987,26953.38698709538,1.149689529427126,0.9457328767401887,0.6545642562103258,0.056757647116221555,0.050041897449016604,0.19238433361882923,0.4431601737981862,1.3267036333698992,0.021602775476190494
0.7471531871032107,2.4661977470618535,2.4932897327910357,5.706640666956099,0.03620244092346711,66.0,1031.7695663188126,15936.486911898694,1.0453351764151408,0.5591749793648665,0.3217388704710887,0.9435403835898832,0.6603957876062212,0.6944759547639306,0.23492289085867468,1.0855024266830104,0.338286546697236
0.0036928754672947285,27.847510926035127,7.907993751213525,35.759197552715946,0.0002105263157894737,0.0,6.0,74.81566160687244,0.7535467723827182,0.0026251109335744716,0.38716291231908534,0.9189649516550502,0.7013331869572464,0.11423367201280349,0.48932576367471553,0.8686813872600991,4.506075361213756
2.029955578384809,0.8398251358690427,1.3676335011533542,4.237414215407206,0.1767714780129318,33.0,5037.987123368556,25913.84210228683,1.0056822060857444,0.9092576176240994,0.6843065526068304,0.9909342013238481,0.06135576470762427,0.3203953382061215,0.031742468100387944,0.8897316710861487,0.19728432507969806
2.7614039277040883,0.7856136389891583,1.7118424186721999,5.258859985365446,0.2265103364193975,26.0,6455.544587952829,27047.126187447233,1.0835458701731773,0.9490219714893766,0.396964224466682,0.22554259536031984,0.05238450979813952,0.20311204855535636,0.15503632491263347,0.5010959019569581,0.3968452639069042
2.3406457591344645,1.2375941584404615,1.1785076257343479,4.756747543309274,0.203220351377865,32.0,5791.780014269153,26282.730664358824,1.0255851831195417,0.9222010759424148,0.6381772928976103,0.9565369468363845,0.004671248208895418,0.6654613291878858,0.29620499661475397,0.9093013168240138,0.03374217660270329
2.2805186970007933,0.34958503145777764,1.4900694278009454,4.120173156259517,0.19646194534683073,30.0,5599.165442384676,26499.293281362283,1.0121050165352596,0.9297997642583257,0.14759849027136251,0.9158789129465661,0.06853146465167465,0.15485295426894607,0.049594672104451565,0.9701302012934181,0.3041127517150324
0.7022403621016173,4.436653381002386,2.5139321056332085,7.652825848737211,0.03013858477825981,64.0,858.9496661804046,15300.293104236795,1.0957468179747276,0.5368523896223437,0.5175340188323871,0.9326304431580821,0.28371946912397916,0.7482317538854679,0.3292516999480666,1.3543795948234871,0.6759943522819718
1.7547700366583037,0.5332529485700745,1.824013717665351,4.112036702893729,0.1491764393730651,35.0,4251.528522132356,25315.180486289268,1.032462983185501,0.8882519468873428,0.06873822888976966,0.9357596645107208,0.20888887317077376,0.05438256738367353,0.07559070496207215,0.9940376797867723,0.42625260041331803
2.3204366967178434,0.38903362456277885,1.4383268062760743,4.1477971275566965,0.19823406662053858,30.0,5649.670898685349,26567.805807996036,1.137270494416083,0.9322037125612644,0.33768268514297795,0.9774627302158824,0.0001519926373972913,0.19672177283476122,0.025561475231852482,0.7424206882527367,0.30872518918799763
0.6378785968413169,35.55939354600378,8.811460397312386,45.00873254015749,0.02084550882914172,60.0,594.097001630539,14388.28165613736,1.0506032857553464,0.5048519879346443,0.6138885090074766,0.6959467043052056,0.02599872702538647,0.05712094779301313,0.24987199004711602,0.8005589836162754,5.453066157357139
1.5992168791741583,0.6263023808497419,2.084389303639614,4.309908563663514,0.13138455745013894,37.0,3744.4598873289597,24832.957392675053,1.0406379877646705,0.8713318383394756,0.10378396586659555,0.9854862352743169,0.1537824222619058,0.12947113244302444,0.1459223907951438,0.6815708747914346,0.5903276933891863
3.065898062849276,0.44951462581352764,0.8082903989720411,4.323703087634845,0.2455638926382097,26.0,6998.570940188977,27156.546930605433,1.12620025497524,0.952861295810717,0.39270103809288076,0.8593423836049162,0.004591121527257935,0.0005581331684970103,0.024963452714879986,0.8916496325072432,0.08899990871855579
2.3642504030394154,0.8267437390810275,1.145488713469148,4.3364828555895905,0.20442083660180954,31.0,5825.993843151572,26419.65073709783,1.0144080228250059,0.9270052890209765,0.387873186306079,0.9396997450398547,0.1528038822765515,0.14363184825972197,0.0617685105446093,1.0107659635338628,0.09701374349787173
1.2668570963339147,1.544451408647864,1.8222350046917974,4.633543509673576,0.09490528368133151,47.0,2704.800584917948,22364.888853011547,1.065093961132107,0.7847329422109315,0.6948092591635521,0.9304309841163431,0.4481286551610622,0.12599706324787724,0.08872458337135936,0.9256929744073421,0.265270055780066
2.2894929643035016,0.8525240338765308,1.4667140986694271,4.60873109684946,0.19733722425105202,30.0,5624.110891154983,26408.847950321684,1.0724368212561668,0.9266262438709363,0.4405679527445471,0.6603776708640725,0.17873622968136338,0.09308099774307449,0.07192586830496928,0.7135218450225598,0.23735961410923245
1.8612408775556695,0.9835320700374133,2.155274734218076,5.000047681811159,0.16065145515947804,35.0,4578.566472045124,25529.49774370691,1.0593797827160591,0.8957718506563828,0.3157241565926892,0.6103462187531435,0.4140352650014142,0.35830270691680755,0.023377507971301448,0.3792535426929935,0.3098173959729227
2.0935639241292936,1.2199384707840186,1.1797131549268276,4.49321554984014,0.18256925110243857,33.0,5203.223656419499,25935.52523762113,1.1139458089156695,0.910018429390215,0.6588903412499385,0.8262970693777159,0.15103955806772162,0.055389855135617616,0.16724439621624887,0.818077087861004,0.14538315056259776
0.2060765214445301,4.803706245907875,2.679966749084238,7.689749516436644,0.003924507506327455,84.0,111.84846393033246,4969.882023130243,0.8819784932350306,0.174381825372991,0.47300637934137574,0.9994746604058953,0.083832592673175,0.26812559294358124,0.7556956587852272,0.6161114662681053,1.4696833517342078
2.5320362648344514,0.9889486017213017,0.838189184139061,4.359174050694814,0.21539130224863315,30.0,6138.652114086045,26551.79710624256,1.0784160952573856,0.9316420037278091,0.5527913875665291,0.9906219309308646,0.0899237387466702,0.11735922343096528,0.15063580301738366,0.896616869778581,0.019972884504393384
0.4750223626964822,14.646184832314068,5.421724074296233,20.542931269306784,0.012595235547141273,70.0,358.96421309352627,11078.441978622734,0.954797900729011,0.38871726240781523,0.8715098583162885,0.9965560283086237,0.06756716497079329,0.4195574237427445,0.04540323880985586,0.5553703231947649,3.077270979570663
1.7182682654440693,1.3244307454229018,1.596614209366058,4.63931322023303,0.1458835487117696,36.0,4157.681138285433,25101.15767329776,1.0535413402422829,0.8807423745016758,0.30025392220609154,0.89226446852485,0.08166389204310132,0.1737668589740437,0.31026064955096305,1.035144960756279,0.3609737548949905
2.751767022883432,1.9490754885601271,1.1398410520233582,5.840683563466918,0.22940719070180884,28.0,6538.104935001552,26755.773141172314,1.1107784317598905,0.9387990575849935,0.6802630739370872,0.25756784498603114,0.25777485825298224,0.005797120997454552,0.055613666923870264,1.0963653491744783,0.07067555044989593
1.205857186240021,1.3532397399282843,2.1909901847163873,4.750087110884692,0.08776979691023311,49.0,2501.4392119416434,21815.38226428276,1.015969437256118,0.7654520092730793,0.2064008479042932,0.9248928002936309,0.6713416159086001,0.24726185345897533,0.0699132340805455,0.7599944624434571,0.24429999412051906
1.2489638134601595,5.858489561852182,1.729475082416664,8.836928457729005,0.09262064415020879,47.0,2639.6883582809505,22250.975827294395,1.0002752387100975,0.7807359939401542,0.4475942832303533,0.8876586879416166,0.33376719883273315,0.11531896544878989,0.23290108220992162,1.5555552894941107,0.31236763022777403
1.716065435455866,1.1966247439995383,1.9027688828672698,4.815459062322674,0.14538986071649151,36.0,4143.611030420008,25134.22721360463,1.0528518567829896,0.8819027092492853,0.22309317867059741,0.8489419764279987,0.07655907714086485,0.5119184992419706,0.4293464748088219,0.5843925021868024,0.38319840499273194
0.35593875453113777,51.36898142391041,11.50903497142281,63.23395514986436,0.007423574132564981,74.0,211.57186277810197,8489.440433930824,1.0215645011979444,0.2978751029449412,0.514792705257728,0.9739512695893976,0.11104470428532703,0.775040212614528,0.050653091884335644,0.6916936776097538,6.963970994245932
2.3090572472436133,0.7680790816733036,1.4081734585307704,4.4853097874476875,0.1989699000907459,30.0,5670.642152586258,26458.895359866474,1.0582658081706662,0.9283822933286482,0.29048750897295816,0.7997893741393648,0.11054185191907073,0.16365401305767613,0.15588939741086966,0.7175730548727488,0.23138064421569915
2.0261038125485813,2.6512914943482055,0.9050930878191135,5.5824883947159005,0.17878970781660775,35.0,5095.506672773321,25417.472149709807,1.0362363160967791,0.8918411280599933,0.9419149664826076,0.5340539439695795,0.17854019537842925,0.1246224025276455,0.5958647110719828,1.0312296015817486,0.0011212176991701739
2.1038148262134393,0.7310854695478435,1.9082887827042183,4.743189078465501,0.18188256998985983,31.0,5183.653244711005,26111.629286428255,1.1055345991214707,0.916197518822044,0.18956609479476233,0.4759504820096362,0.34435166139109197,0.09076085052047672,0.012495941333221627,0.7769431730224798,0.3340724879593644
1.8141300647361935,2.1615833073175867,1.0314818793175764,5.007195251371357,0.15763006371069482,39.0,4492.456815754803,25057.50111363829,1.1396710812672566,0.8792105653908172,0.6226633181224459,0.9928437165751872,0.21319044873463383,0.05572085388904646,0.609567158046595,0.0659073609500247,0.05416591143525906
1.7532857191670916,2.0130291033417427,1.7216197207513018,5.4879345432601365,0.1516271355987188,38.0,4321.373364563486,24982.85592034201,1.0280357096111934,0.8765914358014741,0.6838386659101031,0.9842943582659159,0.13706552649470477,0.8019632026073424,0.1797591191080718,1.0955092386841798,0.14328724832686124
1.4159952971072811,1.1990633051097652,1.9999283207439877,4.614986922961034,0.11107890473391997,41.0,3165.748784916719,23710.9710315441,1.0105016867605734,0.8319638958436526,0.17903882000146898,0.8957737122379946,0.3087207962427195,0.017996459647128538,0.11803695722800289,1.0401086720360264,0.4890575209005563
0.0031176282451918515,72.46871092849513,14.0679392171053,86.53976777384563,0.0002105263157894737,0.0,6.0,59.929681374230285,0.7911084572961469,0.0021027958376922907,0.407011307964543,0.9848734458742907,0.7644362319807348,0.21372102677162996,0.11824050703397537,1.1685126394698937,8.49657363636527
1.8073663299430442,1.297407044291877,1.8459924064781048,4.950765780713025,0.15573301847879745,36.0,4438.391026645727,25263.5206090083,1.1192667007682295,0.8864393196143263,0.8167239672477571,0.715850322735317,0.11533823641351149,0.6891563587080866,0.1452290168165099,1.002152211098854,0.25086798368880103
2.119793568867757,2.05701419254169,1.4156747581419857,5.5924825195514325,0.18393097076556184,32.0,5242.032666818513,25928.819718410577,1.1401661999138295,0.9097831480144062,0.5039029374346662,0.04555915306336866,0.10672634225189581,0.17357902056612873,0.6965108708645898,0.8469956637426801,0.23710850475549705
1.8295594260336379,1.125586403518078,1.3870869530570515,4.342232782608768,0.15778962042574052,35.0,4497.004182133604,25493.434497534643,1.0054511419565113,0.8945064735977067,0.6759500476847659,0.9554959086351789,0.029324591780221954,0.12405126622084234,0.2028247340814896,0.5644795122267519,0.3104981266075688
1.5198868417056954,1.8812135234734944,1.3497231635910785,4.750823528770268,0.12469613676578302,41.0,3553.839897824816,24126.47836750099,1.0720397891777294,0.8465431006140698,0.8217270130345846,0.9847425233976334,0.07096629819380962,0.10315957116850549,0.2181408916103602,1.0645944099909344,0.28998387738469233
2.615182912604362,0.8105653974146667,1.1490246350808495,4.574772945099879,0.22025318714963862,29.0,6277.215833764701,26838.748487384495,1.1053354946563518,0.9417104732415612,0.1736565663405486,0.9974357840753981,0.014880050025618874,0.24965138586836155,0.30729437801784487,0.12857833880757719,0.14487477140856253
1.809338333561261,1.705899642976791,1.8288875011322694,5.344125477670321,0.15599120086995671,36.0,4445.749224793766,25253.265839220876,1.1245037656848236,0.8860795031305571,0.2351000483159843,0.736747163971243,0.344743679359374,0.26077777460036433,0.09253291994100787,1.0960772794674662,0.24198533669245403
1.1357971359735741,1.888346422564131,2.0961650945515804,5.120308653089285,0.0792402207787537,52.0,2258.3462921944806,21093.608286727496,1.1201665477049099,0.7401266065518419,0.3233727597923037,0.9769845878082071,0.5416277141934743,0.45626623292471236,0.3762660457408079,0.6146778232190389,0.22189011171346618
0.0027991164614429827,69.28755628724437,13.912170155609708,83.20252555931552,0.0002105263157894737,0.0,6.0,51.671040739311096,0.796594088740488,0.0018130189733091611,0.5359228649474963,0.974309771379534,0.9483331127774859,0.01593635520898634,0.17485976818906235,0.743740039578566,8.314399261514566
1.9897808904538292,0.8008478110924176,1.659768817975346,4.450397519521593,0.173142939634989,34.0,4934.573779597186,25786.271847498185,1.1168992974653573,0.9047814683332697,0.3533890705827191,0.9806882405526272,0.16696801842440379,0.49573853361925035,0.0985033564365464,0.8751674526449396,0.1935972808714359
0.20970116882936538,26.10399576759646,7.571126981401373,33.8848239178272,0.0035532394291007035,81.0,101.26732372937005,5087.6715898094435,0.9153242951665111,0.17851479262489275,0.034800140171318106,0.9808973357344325,0.3899169098383198,0.13261989964021093,0.11669959718830858,0.6310428318817425,4.486202876442423
1.748959623130383,2.0333998787448135,0.8910234570417437,4.673382958916941,0.15162282558381185,39.0,4321.250529138638,24739.555021103904,1.1469501515278517,0.8680545621439967,0.42566216045884453,0.986168794632063,0.14943927683935082,0.025561648825008665,0.6917894015134712,0.7925703663046018,0.04814586606010263
0.37144198958331154,62.09514582384763,12.82132831000761,75.28791612343855,0.00791285041810616,73.0,225.51623691602558,8839.145493796104,1.0161306172763287,0.31014545592267034,0.4771126165166587,0.9465752528651457,0.03562587134863604,0.8512992751458689,0.13230422695450295,0.9698986423344063,7.8632508626492745
2.282389014627517,0.7034941002078297,1.707641731525853,4.6935248463612,0.19682880759041804,31.0,5609.621016326914,26308.57125015273,1.153544706689878,0.9231077631632537,0.06145075287744328,0.5596007792398849,0.4019527669094164,0.10994405274822439,0.01955709848313092,0.7660152144116947,0.18757867588278376
2.4044963870330096,1.8168547447357437,1.2002416706404813,5.421592802409235,0.20649050119839096,29.0,5884.979284154142,26488.942610112856,1.0268320779374067,0.9294365828109774,0.04898210565187533,0.3395619533136204,0.013137387880980789,0.12927238003196373,0.6460646261191981,1.0570046631280001,0.21490335549761674
3.0903049051861715,3.008133844037621,0.8466417715591528,6.945080520782945,0.24816774812771972,27.0,7072.780821640012,27014.444013282417,1.004856613361832,0.9478752285362252,0.6131209769181214,0.32694084193853545,0.17006485792243498,0.019972028360839278,0.1387712133542448,1.2327966441909197,0.0054351863985822035
0.564222644500769,26.48041259727996,7.913226330133332,34.957861571914066,0.016683069903828698,64.0,475.46749225911793,12931.03038420942,1.062158449302207,0.45372036435822527,0.008688187450122065,0.8201369224611691,0.1927261301229678,0.4537777499488852,0.2736915967433491,0.7468509852937517,4.528870585090772
2.094292572268917,0.626640899932118,1.6123154922199028,4.333248964420938,0.18120937412952579,32.0,5164.467162691485,26210.10853571154,1.00893087654627,0.9196529310775979,0.3671195487784158,0.9822799649658689,0.007486552291787851,0.34983213888810866,0.1241457613580102,0.6001606605051903,0.33748089554944727
1.1918512600157367,0.9883541349226164,2.217880164859369,4.398085559797722,0.08240448509829577,47.0,2348.5278253014294,21996.76101969689,1.1337290376485223,0.7718161761297154,0.3220489073735093,0.9742907873075948,0.3581369523328039,0.07918076711851574,0.0645498995249506,0.8180463552801003,0.5800321018405743
2.286593852530953,2.5506952275815733,0.8465941067344431,5.68388318684697,0.1979998486493871,33.0,5642.995686507533,26105.84536722578,1.1523036290907014,0.9159945742886239,0.7167911437422239,0.8221090331036705,0.14353555758589703,0.03497142846411255,0.24746000976933347,1.1404600909902296,0.01951809655709269
2.631911584309772,0.8066691583983786,1.8543710791366985,5.292951821844849,0.21873315909173538,26.0,6233.895034114458,26959.31462270806,1.0391963047120032,0.9459408639546688,0.0998665217952106,0.2997960491075501,0.07465904405700319,0.2521753466282845,0.2974070352588316,0.3274376844995093,0.43543685627227546
1.4146456689745701,2.4264469948980945,1.8212248018957062,5.662317465768371,0.1167502288714625,47.0,3327.381522836681,22886.397000542496,1.0414531716379656,0.8030314737032455,0.1345287821332649,0.796694407118369,0.8352872531137093,0.09866093472378834,0.5194936665471328,0.8733823066278612,0.0044879474313281875
1.4577641040949256,0.8488427988191973,2.5051920634660285,4.8117989663801515,0.1137521617316138,39.0,3241.9366093509934,24206.413209512033,1.0295635334538318,0.8493478319127029,0.059797966780155365,0.9062642110585212,0.027703283856602923,0.4375893715270438,0.3737449531270688,0.6515286735618626,0.814724163712043
1.6455319369855204,1.2245145016735224,1.8877593846874374,4.75780582334648,0.13748833421560264,37.0,3918.417525144675,24846.540927654227,1.0943103418483995,0.8718084536019027,0.06754545092427966,0.9763365708761665,0.17970060507255187,0.2833701039152181,0.19417769121710532,1.0623828450882755,0.3940328542397076
1.8805363391455725,0.9639888277899527,1.6102831687361996,4.454808335671725,0.1621090561273972,34.0,4620.10809963082,25618.295779710857,1.0375068484521348,0.8988875712179248,0.3384644525358497,0.9359095453698542,0.08994188729149599,0.3056083939835642,0.2453057721584294,0.7127764172873197,0.30102221692391584
1.4651352376787985,1.7831035284686814,1.9206542926198753,5.168893058767355,0.12099054020803639,45.0,3448.230395929037,23428.500913195574,1.065074375409819,0.8220526636208974,0.609418191116257,0.9359594818769836,0.5524219687214759,0.5342375734846776,0.12380103878601523,1.0121812883372725,0.07052935821439021
1.5396982261911654,0.6888331969619876,2.3175421425875085,4.546073565740661,0.12465115285820508,38.0,3552.5578564588445,24537.307757109695,1.0287076294564965,0.8609581669161296,0.030278516719955628,0.8426269753262438,0.2464521635503208,0.18794499124222852,0.1444382174582754,0.7356430847005053,0.6234243544435891
1.2982507365956553,1.8479194379714114,2.014867841706244,5.161038016273311,0.09489497192859896,43.0,2704.5066999650703,23014.229254122863,1.063554346591542,0.8075168159341356,0.7126498795545566,0.6824530050781605,0.08499442454423589,0.06722293128271656,0.5038889608002505,0.22500944395048217,0.6809981328123218
1.9078829039727014,1.5797520305957486,1.1402971805237883,4.627932115092238,0.16682510977230183,37.0,4754.515628510602,25314.289584181905,1.1448373501780151,0.8882206871642774,0.7314537156459705,0.9661763774953815,0.25047114358923417,0.11241168607632734,0.2362957997829635,0.789794356671427,0.05406829662417145
1.7788016274924718,0.8768369302937311,1.5398905018646656,4.195529059650868,0.15188627689158596,36.0,4328.7588914102,25331.37864914134,1.1143203641644341,0.8888203034786436,0.5531430168842941,0.9887037265569876,0.11646881172187362,0.08008897997655362,0.0744953479133133,0.7327469375567239,0.3390373959101449
0.535712555508568,40.602892353844624,9.591069740841087,50.729674650194276,0.014936998074980766,65.0,425.70444513695185,12365.240569818066,1.0536883551221565,0.433868090169055,0.2650945198825121,0.9828191770274701,0.08640216729763794,0.03447888955069206,0.14660659308230672,0.9386207369915907,5.991899865787039
2.0560166382287925,0.6166510309674214,1.4930581041783042,4.165725773374518,0.17864610072284107,33.0,5091.413870600971,26026.89690450617,1.030450299042761,0.9132244527896902,0.22160671165451867,0.9795487890176947,0.16642650120221553,0.13353656693035926,0.07270228375478971,0.8023580135672772,0.24970166322979104
1.5051262620803065,1.1984020217076123,2.015530184623887,4.719058468411806,0.12392879968121748,41.0,3531.9707909146982,23948.70310206436,1.0288179618850348,0.8403053720022582,0.007484512046983027,0.7635162696352351,0.5683411716592152,0.13461215797621584,0.16920287608590323,0.8056525532184748,0.24136567612675996
2.599949524645576,0.9291279781455133,1.0966471909573783,4.6257246937484675,0.21853143485253468,28.0,6228.145893297238,26784.733814736417,1.1558039497506984,0.9398152215696989,0.34578473323664444,0.6417244253457379,0.013597983760880727,0.012969160036770122,0.2814731346337739,0.7852670987679355,0.20434151487926044
1.1792702716131358,1.62775441767503,1.8273572495265988,4.634381938814765,0.08231522422031437,49.0,2345.9838902789597,21724.81793206428,1.1334884475423714,0.7622743134057642,0.15766889963996844,0.9260842201458761,0.3447387226369476,0.0025250053779344306,0.4764887170398201,0.7792651819332206,0.41300325696827755
1.1603372060879604,2.085524684910174,2.6243588930125075,5.870220784010642,0.081480273227837,48.0,2322.1877869933546,21386.78441737825,1.0871676171852167,0.7504134883290614,0.3392435817203556,0.1337331756737724,0.9080434653375525,0.00837906917727893,0.1921079525917448,0.9018135695102603,0.3886434425385188
2.284657677254832,0.883160023462477,1.2673054140582891,4.435123114775598,0.1975663240087757,31.0,5630.640234250107,26402.163588507472,1.0659765398277,0.9263917048599113,0.4440775188749976,0.9951068088128587,0.0662672896702215,0.24808779151991817,0.16984078504107358,0.4156919977568241,0.1683197351440624
1.3196503513078313,2.056678722628015,1.4948893117054933,4.871218385641339,0.10340168942177932,48.0,2946.9481485207107,22553.427404788068,1.0213219873655128,0.7913483299925638,0.9650101917559024,0.9507225139708082,0.49619817077576134,0.005297229053347952,0.17368563735423515,0.9070535726159177,0.11783348237007818
0.6779648120403905,2.481213090150561,2.46741310827184,5.626591010462792,0.0314405847033282,71.0,896.0566640448538,14671.648862019023,0.9786584888764612,0.5147946969129482,0.871888970156581,0.9554794660268267,0.7547671999193588,0.7972942827500672,0.23858666005747098,0.9692456494186197,0.22275688179172626
1.9433097782354638,1.5944357629192976,0.9186992360538526,4.456444777208613,0.16993908891592036,36.0,4843.26403410373,25468.856191361232,1.0994160384666694,0.8936440768898678,0.7356262444812991,0.9189649516550502,0.09448437478017835,0.02195067247159843,0.3585414781338655,0.9701320268862195,0.08729979605380755
2.776458821142275,0.47900605378467614,1.1248214805628056,4.380286355489757,0.2310552677446764,28.0,6585.075130723278,26909.08219559427,1.0049939812227355,0.9441783226524305,0.16988313366528407,0.9909342013238481,0.16375865594574412,0.21266081022015726,0.031742468100387944,0.6269474190118507,0.056731930420864884
3.2015905925431642,0.35937315363446887,0.9133242859619226,4.4742880321395555,0.2535291791826446,26.0,7225.581606705371,27250.375350016366,1.0417061700099888,0.9561535210532058,0.05891709379960508,0.9682821125036981,0.05238450979813952,0.12668463013772902,0.11093964756882724,0.5010959019569581,0.06345547317945588
1.476822004962851,1.8480163213726484,2.1056236433879594,5.430461969723459,0.12192532677607834,44.0,3474.8718131182327,23490.28037683279,1.1528300926792947,0.8242203640993961,0.31654653416264145,0.6176464094364656,0.8141502820680886,0.1569476611073516,0.15512218205393702,0.7264871314016239,0.108261477684783
2.105688814997852,0.6689948374550565,1.369429868876622,4.144113521329531,0.18250220333440006,32.0,5201.3127950304015,26174.015115428436,1.0150814286715912,0.9183864952781907,0.17041126186650934,0.976284227648503,0.0034177225903496145,0.15485295426894607,0.24672849585151135,0.9180381996419864,0.2976195957590102
1.464882089706814,1.7607975206609259,1.4277319480515978,4.653411558419338,0.11961682183566155,43.0,3409.0794223163543,23610.05336259413,1.1106074575467169,0.8284229250033028,0.8711222607774987,0.9577377975356904,0.28371946912397916,0.14942463894301483,0.20412809202956067,1.0069799840172922,0.16382206586517256
1.6059201535697678,1.361028666813495,1.8567456127912985,4.823694433174562,0.13504891425573068,40.0,3848.8940562883245,24427.833091628498,1.1404074886851174,0.857116950583456,0.9840173218469704,0.9758677935447028,0.15055329002825346,0.8346550696150848,0.07559070496207215,0.842977733838377,0.18917189626786435
0.05845094566311728,3.3285937646141006,2.0561175786752033,5.443162288952421,0.0010002532887154944,83.0,28.50721872839159,1396.7854641208241,0.8147884420091531,0.0490100162849412,0.3358874091663796,0.9774627302158824,0.8134641876509678,0.05620637223098868,0.8862550369856347,0.7424206882527367,0.5047583988909752
1.8691405948528563,0.6179120968663967,1.6949975223474905,4.182050214066743,0.15978572828654652,34.0,4553.893256166576,25738.70976560403,1.035030227047464,0.9031126233545275,0.21594980395753327,0.9886162738791971,0.04336788548438908,0.09681658641087948,0.1684552323411399,0.7090379947168706,0.4637233880471783
1.3829199565566348,1.8019136397338442,1.67145061521469,4.856284211505169,0.10958833567391105,45.0,3123.267566706465,23118.94524757424,1.1561081827014528,0.8111910613183944,0.4878264889708721,0.9513918883870044,0.4378969888872364,0.12947113244302444,0.32862083371605877,0.6793024519414637,0.18392076582476236
2.294693595115972,1.330855682185947,0.956156994263271,4.58170627156519,0.19833517848942578,32.0,5652.552586948635,26261.630945974266,1.1456066240830194,0.9214607349464655,0.39270103809288076,0.8593423836049162,0.06147444979575073,0.07190368285125887,0.42297148469972,0.7018011515126563,0.09826604114906878
3.351899449873009,0.6303904233082275,0.9439977029482368,4.926287576129473,0.2591393062392937,26.0,7385.470227819871,27242.45665295394,1.1242129658474755,0.9558756720334716,0.13933630789772927,0.6490493462190963,0.1528038822765515,0.14363184825972197,0.08786029186238414,1.0107659635338628,0.011647319643493859
1.0500860235311826,1.2552738705343671,2.1370076074576727,4.442367501523222,0.06626396424333786,52.0,1888.522980935129,20390.688394333087,1.1259304975821791,0.715462750678354,0.4056317210500552,0.9878580028407478,0.4481286551610622,0.12599706324787724,0.08872458337135936,0.949249491681317,0.47455545853384606
1.3642522429801403,1.9550991241513636,2.482657251262121,5.802008618393625,0.10523315696078371,42.0,2999.1449733823356,23242.173782834758,1.085607459455973,0.8155148695731494,0.6580652504285215,0.09219175334668839,0.5656308537178811,0.07990151405752255,0.22429379657301007,0.7135218450225598,0.5210715907332775
2.5224683630394544,2.226233279622406,1.6825873287556825,6.431288971417542,0.21510002697097863,29.0,6130.350768672891,26632.25041751106,1.0148587058163592,0.9344649269302125,0.5283633664754855,0.6103462187531435,0.07999930941657357,0.8571160738528123,0.10683563437681703,1.1705249600335532,0.12612583081280704
1.6200085374787592,1.920883871735646,1.195442246698018,4.736334655912422,0.1371183279821003,40.0,3907.872347489859,24472.244291806277,1.0436561035146545,0.8586752383089922,0.2952092182279656,0.9728150581342583,0.10694874859408376,0.09812628954934216,0.5655892354188637,1.0417591324723534,0.18662651448453005
3.1279922396450113,0.38262537925471024,1.778716790814134,5.289334409713856,0.24467876986019527,23.0,6973.344941015565,27327.453169790693,1.0286875953763825,0.9588580059575682,0.07142777530827571,0.06344520349080085,0.083832592673175,0.12907727357734333,0.09272435746833602,0.7540214637523786,0.4347343162843176
3.3271350678149756,0.9767597063557361,0.9711074680238067,5.2750022421945175,0.2588533793867637,26.0,7377.321312522766,27163.76900191813,1.1489601598588912,0.9531147018216887,0.4135882430781575,0.3663536642104398,0.21524735606392004,0.09810067419822294,0.12015021459084929,0.896616869778581,0.0007918074782651274
1.1658911756732482,1.6864386651711778,2.6403693066568374,5.492699147501264,0.08236786580004563,50.0,2347.4841753013,21468.156104391,1.053954263327208,0.7532686352417894,0.20240678671544282,0.8469675727066831,0.5485052008724166,0.9819342766025643,0.330637038573555,0.5553703231947649,0.27343840829358346
1.2982787689591153,1.6069377614794205,1.620346461667086,4.5255629921056215,0.09704429343745151,45.0,2765.762362967368,22829.713568719122,1.0143167756389577,0.8010425813585657,0.8211250325805972,0.9420097861653332,0.12094091835306964,0.045818029144508665,0.2026556799086341,1.0248862489439938,0.44270035082600767
1.169057233635943,1.7257750242212075,2.32170954800596,5.216541805863111,0.08450950449928378,52.0,2408.5208782295877,21284.974313590694,1.131814166340307,0.7468412039856384,0.4191485951980536,0.9591463478679236,0.7058013708969794,0.6253638494967231,0.12396218633884248,0.8134403127779644,0.14233036085171769
1.1437508640702372,1.6635452320886337,1.8895939778351938,4.696890073994065,0.07928280438744009,51.0,2259.559925042043,21259.718666756944,1.113895782780823,0.7459550409388401,0.9477525483102693,0.9248928002936309,0.4029330213113444,0.24726185345897533,0.05569657590567395,0.9884196736989086,0.30479224007357963
1.7251359996671165,1.064927050577067,1.578531013176654,4.368594063420837,0.147516310887559,37.0,4204.214860295432,25046.338387520693,1.0510970318601387,0.8788188907901997,0.3691284720806587,0.9574740884725673,0.2357120744815414,0.11531896544878989,0.17111523338704804,0.7700289482770724,0.2617743039837004
1.6404173368427366,2.5193444958722524,2.1590488967667407,6.318810729481729,0.14106959608275835,39.0,4020.483488358613,24186.100656682072,1.1221781991072595,0.8486351107607745,0.40175680248972123,0.0037516132249265643,0.871407535850599,0.06506848149208477,0.40523819480331624,0.8919187060160478,0.11602486053311267
0.7296772496494897,2.5075560012605336,2.580222998665713,5.817456249575736,0.03568318552274331,69.0,1016.9707873981845,15574.85867920831,1.0502269696776283,0.5464862694459056,0.7183560964360035,0.9904552908820454,0.8674627212833536,0.7031708523222113,0.2440029114497499,0.42074355558680043,0.21714181365621688
2.2151690237217,0.9200309252051957,1.3297229050312414,4.464922853958138,0.19213862465715426,31.0,5475.950802728897,26283.812765731735,1.0429159824228345,0.9222390444116398,0.3970439129212745,0.7507429153519197,0.10744608406992018,0.07759249448278072,0.18090894308952044,0.8709920736619297,0.23138064421569915
1.4766188152274629,1.8489107593273164,1.298700084825362,4.624229659380141,0.12066144800534026,42.0,3438.8512681521975,23825.438918101387,1.0064292105587893,0.8359803129158381,0.9269313077569097,0.8752500466410096,0.141151519165451,0.03698853839495214,0.35512608641111504,0.7648930474027678,0.2453027244162156
2.0910914498584345,0.7310854695478435,1.9255974427590687,4.747774362165346,0.18050456739910195,31.0,5144.380170874406,26095.02586183642,1.1186988914309832,0.9156149425205762,0.18956609479476233,0.4759504820096362,0.34435166139109197,0.07989888319494587,0.012495941333221627,0.7499440835546327,0.34697408856043843
2.3512573598500826,0.4941554686286915,1.469129040281909,4.314541868760683,0.2009670417475691,30.0,5727.560689805719,26633.595996952263,1.1600548672614661,0.934512140243939,0.10717873193022143,0.9909614839957793,0.15372890634077463,0.00950517272007495,0.07819168859365405,0.0659073609500247,0.2841637019727665
2.4914068204612394,0.689650636623046,1.2199200344074428,4.400977491491728,0.21177987080606883,29.0,6035.726317972962,26652.750635557,1.0687758273134587,0.9351842328265614,0.07779858235659065,0.956454765994057,0.07745256298931696,0.23061138482481125,0.16178508587275192,1.021512879754622,0.14328724832686124
1.6773325926730975,1.7620216994495723,1.300110905847185,4.739465197969855,0.14373835450464276,40.0,4096.543103382319,24565.431629464212,1.1585993409738229,0.8619449694548846,0.9552604137776393,0.9773103292663433,0.3464711437094774,0.059161472748039234,0.14352728505385848,0.5497282228394751,0.08568834441152973
0.7051051697015934,2.9652135826903656,1.8792321726205963,5.549550925012555,0.03407798841913333,70.0,971.2226699452998,15107.183195292831,1.0421569906363148,0.5300766033436081,0.20288196922994445,0.9997264406923869,0.7591122914813669,0.1026869783721972,0.6388951609227534,1.043234106799108,0.19262194577884983
1.5859275970856557,1.3557842732222676,1.918045586803796,4.859757457111719,0.1298574016708245,37.0,3700.9359476184977,24723.932855987867,1.0697278551145273,0.8675064159995742,0.38983827549372896,0.9354458088826659,0.10608737887372166,0.04155152789552535,0.046721926804900615,1.0891713844760194,0.5773809551201738
2.0049288129675182,0.894106247633023,1.2768253767454727,4.175860437346014,0.1743053045447979,34.0,4967.70117952674,25863.139309063852,1.0289848003845519,0.9074785722478544,0.45620862542124035,0.9779158893556854,0.11368849528457503,0.05799217154203229,0.13368243964246007,0.8469956637426801,0.2160143672868644
1.94250099670575,0.8650420568622446,1.3946877205198247,4.202230774087819,0.16811812968820183,33.0,4791.366696113752,25783.063280880702,1.0114741674703767,0.9046688870484457,0.41137446430218677,0.87732972465786,0.08815351797969784,0.009295176925015525,0.16071865779525552,0.975520624576357,0.3104981266075688
2.193074622893367,0.6711871327121006,1.3728215466785954,4.237083302284063,0.18983028143815958,31.0,5410.163020987548,26302.35550616581,1.0660000379315213,0.9228896668830109,0.013567300756451461,0.98916602898858,0.07096629819380962,0.1264195423541744,0.1851709397071467,1.0226035631563302,0.2584163606269039
2.7943482574495935,0.6104994116813557,1.1426546749957862,4.547502344126736,0.23149101004875874,28.0,6597.493786389624,26898.091565310333,1.1330822789723236,0.9437926865021169,0.24481766549150213,0.9023812640449701,0.07707287317011569,0.3678585305878812,0.12503621821734,0.9065513810846904,0.06371802559011375
2.1870967699993327,0.9397660757817925,1.261826638146164,4.388689483927289,0.19037658070897018,33.0,5425.73255020565,26012.41495073369,1.1478686099147928,0.9127163140608313,0.13296443186174434,0.9953471028514872,0.344743679359374,0.08280650301326559,0.14484306244049355,0.7792935170056641,0.04937491356468815
2.876071171224034,1.0695126232088137,1.2900982660835927,5.2356820605164405,0.23490483345595178,26.0,6694.787753494626,27007.267229705387,1.0955089137162302,0.9476234115686101,0.6509708151346966,0.06941676245930206,0.0687923024816739,0.09826254156412229,0.15767667717580314,0.988746438737752,0.22189011171346618
0.8685523039306826,47.894656778954044,10.854638566519661,59.61784764940439,0.038377763956856235,50.0,1093.7662727704028,18448.99247474861,1.090965487355528,0.6473330692894249,0.04137817591946341,0.9155224392622683,0.04984135898698683,0.013287623427163497,0.057618506242862466,1.0653324099081134,6.659356636724491
1.5983629641603843,0.8665874235478016,1.7834725672265732,4.248422954934759,0.13115340539569534,37.0,3737.872053777317,24757.35325481611,1.099883153127305,0.8686790615724951,0.3401835241370874,0.9806882405526272,0.04508572739986699,0.09571871459068626,0.22938765415545687,0.8751674526449396,0.5285343478831592
1.290379026741132,1.4506089457751277,1.774224149463268,4.515212121979528,0.09481790044579531,45.0,2702.3101627051665,22822.521123072347,1.1567700755574633,0.8007902148446437,0.9967462224514594,0.8962014949055582,0.12263844543767582,0.059309274348741614,0.1349525275835773,0.6310428318817425,0.5178122770502069
1.738251412318662,0.7170912775701759,1.7070412456974409,4.162383935586279,0.1470706876602753,36.0,4191.514598317846,25249.233963536335,1.095736800045337,0.8859380338082925,0.007565650789646716,0.986168794632063,0.11112622004466877,0.09257934969399606,0.27141814835676303,0.9336805634219625,0.4255269222895999
1.8819217290812984,1.032130961165721,1.4226771343534836,4.3367298246005035,0.16255950345700718,35.0,4632.945848524704,25577.556276967858,1.0696433053683692,0.8974581149813283,0.21877428134597582,0.9871406389148634,0.1444416352563258,0.04221936436801521,0.17537844884098275,1.0307421661566614,0.2720542789238367
0.9323828971979413,1.4717572580655398,2.2276455165374163,4.631785671800897,0.053449371079714245,57.0,1523.307075771856,18856.481545144812,1.0809291090197073,0.6616309314085899,0.41848661557635847,0.979501889213964,0.5618019913712058,0.19603810307047076,0.10528382771618627,0.8208233194251724,0.43414078257412125
1.7533852288545242,0.7783427213330446,1.695595916326022,4.227323866513591,0.14889375683975786,35.0,4243.472069933099,25318.667660342435,1.0381999787312108,0.8883743038716644,0.3275050355872643,0.946826578463045,0.07792791963541151,0.12927238003196373,0.1669729031463315,0.9111190205448891,0.43045411043140724
1.9370349292451676,1.7911182139630457,1.54821757238328,5.276370715591494,0.16919616062507703,36.0,4822.090577814695,25457.749170924348,1.155674439870503,0.8932543568745385,0.6758150953505047,0.9757021831195539,0.21941712600967572,0.5893190329936455,0.060699199733237896,1.083097378766444,0.08190821252836233
2.663849305124742,0.26597832466678784,1.2009554257755335,4.130783055567063,0.22225713511274478,28.0,6334.328350713226,26917.404065596213,1.087182334399582,0.9444703180910952,0.008688187450122065,0.9658276912082645,0.01984373193958472,0.13126329035802797,0.11376226965364433,0.8932082450299803,0.2048962298781669
1.8934412484961782,0.5888056440280789,1.866852491655377,4.349099384179635,0.1630355220214396,34.0,4646.512377611029,25680.99070998954,1.134333206160554,0.9010873933329663,0.033438864470658025,0.9653738569192124,0.1839561028951645,0.34983213888810866,0.13971631260733708,0.756592948143981,0.33748089554944727
2.1730367089880893,1.2065191172891476,1.1781613906483954,4.557717216925632,0.19030731071324788,34.0,5423.7583553275645,25914.93046416909,1.0945026691241615,0.909295805760319,0.3220489073735093,0.9742907873075948,0.3581369523328039,0.07918076711851574,0.1736323907082163,0.7652628559609171,0.012426797462484984
1.933698005700673,0.8625835950104277,1.4058107553380326,4.202092356049134,0.16721614199088797,34.0,4765.660046740307,25783.84638685289,1.0546563838489045,0.9046963644509786,0.2586304812195965,0.9797156958724386,0.07268872950144278,0.03965209377002765,0.24746000976933347,0.7202978713188377,0.3148764702862241
1.6787046753817367,1.6127539417755052,1.4449565663630588,4.736415183520301,0.1436285017872476,39.0,4093.4123009365567,24682.701088031474,1.0860125115022072,0.86605968729935,0.41210953777161047,0.9728328130699351,0.33232083186658806,0.06533622455286997,0.1650056317330474,1.0465189865922397,0.15476712939543358
1.7113685174825979,0.9110115636248395,1.7462340658153228,4.36861414692276,0.1464514632943324,38.0,4173.866703888473,24873.61879768759,1.1074311281471527,0.8727585543048277,0.11223004599481484,0.9769103128714072,0.45900690951118606,0.12881060643397596,0.05513557668162278,0.7202886891238687,0.1795578870624457
1.9891207476576558,0.6456640502551296,1.561815844811489,4.196600642724274,0.17143186324850795,32.0,4885.808102582477,26009.041259214537,1.0033433730207018,0.9125979389198083,0.2657033722984188,0.9896810863796469,0.027703283856602923,0.13461215797621584,0.16920287608590323,0.6515286735618626,0.38691793478036907
2.1252513709578036,0.6566221173731991,1.580372574915716,4.362246063246719,0.18461897360678092,32.0,5261.640747793256,26153.865776213246,1.0574593630043265,0.917679500919763,0.004166031821776106,0.9926600217929614,0.016339285167481787,0.5398511816192675,0.31397357890010014,0.9811388976908841,0.24123949615388085
2.2263607086568604,0.564827283746169,1.418718060238589,4.209906052641618,0.19104916344362213,31.0,5444.9011581432305,26394.325299485306,1.1336577448724294,0.9261166771749231,0.17357960816098522,0.9359095453698542,0.059058220708639864,0.0879152398495513,0.151330172261112,0.7336224361588115,0.30102221692391584
1.7059021819201488,1.013761034821059,2.0056355486733723,4.72529876541458,0.14386264095466772,37.0,4100.08526720803,25118.82116905158,1.1051117715797234,0.8813621462825115,0.7446350742467378,0.9359594818769836,0.026243368171855963,0.7210084661557824,0.1148804541582687,0.6002324291792518,0.3883521389460096
1.0741169135187172,1.8311628678771537,2.0400285712585564,4.945308352654427,0.06821795222772373,50.0,1944.2116384901262,20790.316435498913,1.0018105768212417,0.7294847872104882,0.6971262734093256,0.9694005325923062,0.21524735606392004,0.1015007098289466,0.12015021459084929,1.0713581413987812,0.6234243544435891
2.8195221462786213,1.2216910886015093,0.8055156395239869,4.846728874404118,0.23341821498607157,28.0,6652.4191271030395,26872.559823045205,1.0196048209436603,0.942896835896323,0.2525877469139344,0.9528997100333825,0.10858660844980123,0.07327509939831889,0.1388362001712954,1.0660688785837853,0.009400432274532022
1.9044827721934925,1.2135109328420985,1.2209537609801222,4.338947466015713,0.16557407672745067,36.0,4718.861186732344,25485.71935471749,1.0649129675751243,0.8942357668321926,0.4214842014195561,0.9782451290323138,0.14901066483175435,0.11241168607632734,0.28425536708745547,0.945499244761504,0.1510612405281755
1.7643772755089016,1.2083440809421553,1.224109718919457,4.196831075370514,0.150896600625715,36.0,4300.553117832877,25220.848454593077,1.0701362904327503,0.8849420510383535,0.7620184515781607,0.9805050639612097,0.029165588956765465,0.00046101641587781295,0.20128862296442324,0.7327469375567239,0.2817261301906617
0.6399700785161605,21.74054303018543,6.7930958904456515,29.173608999147245,0.021286488986009246,61.0,606.6649361012635,14417.626511994908,1.048618595707049,0.5058816319998213,0.1843628600282961,0.9872296949197087,0.13761421974694776,0.03447888955069206,0.1160742035176403,0.8963238739142527,4.013825278158042
1.7168897553967897,0.902942005957516,1.6274450984705169,4.247276859824822,0.1464585280208864,37.0,4174.068048595263,24983.90086749011,1.083017742259301,0.876628100613688,0.07264806756153608,0.9603309076402107,0.30150899263597775,0.07545171317854604,0.18901522472100662,0.9623739599219616,0.2531584120700643
1.6864885474092153,1.254542875270384,1.6507850660334986,4.591816488713098,0.14325239369241025,38.0,4082.693220233692,24895.239201239456,1.0896581464952297,0.8735171649557704,0.6059531746117124,0.9854573157565969,0.24247580816799486,0.2516599227536806,0.1424379942033397,0.42559234654096434,0.24136567612675996
0.9861604485931599,2.630249672311807,3.1888262040338953,6.805236324938862,0.05469404480301448,50.0,1558.7802768859126,19939.220275015337,1.0098160628385047,0.6996217640356259,0.15747653267966444,0.9685236795060637,0.2075198793663271,0.14427083763603787,0.10478069510551741,1.003382754308354,1.3394982482923625
0.8111103930718472,37.74311117852848,9.49531823520551,48.04953980680584,0.03358244631787157,52.0,957.0997200593397,17482.881598316802,1.1359065800164003,0.6134344420462036,0.11473956949818742,0.5956996113557111,0.14321233605381795,0.0025250053779344306,0.24034012222826107,0.9238009548039434,5.703712349972734
3.6687594580417744,0.5417358357538486,1.31356853857746,5.524063832373083,0.269454325446247,22.0,7679.448275218038,27510.2371396024,1.1327385459832355,0.9652714785825404,0.27654335552588893,0.12932440126474942,0.013315752624488364,0.1757503565719592,0.12260942564561356,0.5621320720044685,0.23730583040540854
1.321929282131682,2.1819376860613526,1.085814032509807,4.589681000702841,0.10342163788126708,47.0,2947.516679616112,22625.091546742835,1.0041601647064744,0.7938628612892222,0.08852015745619402,0.9425316053933765,0.16453523330127984,0.003951570396111381,0.9233073393266193,0.9445619935430039,0.157748368905402
0.014283972517077904,88.43564312545766,14.80993150864659,103.25985860662132,0.0002105263157894737,0.0,6.0,338.03767725223145,0.832180585081654,0.011860971131657244,0.6780771537821685,0.9436546167389871,0.11544158444841451,0.08526309970531387,0.4431601737981862,1.1185199601734908,9.703867330133619
1.2498921358855077,1.6849291512147677,1.8043762272661605,4.739197514366436,0.0926888425752591,48.0,2641.6320133948843,22278.522397744433,1.0189984453392655,0.7817025402717345,0.6398634124801896,0.9811792780509162,0.44980557077642414,0.08062637681070817,0.18517869128497094,0.5556297923331945,0.27654721201017995
2.3619790817795723,0.6783116970336857,1.2261539582036642,4.266444737016922,0.20306086998009654,30.0,5787.234794432751,26575.931877665702,1.044662369104483,0.9324888378128317,0.38716291231908534,0.9872403435931798,0.0998088404132696,0.02195067247159843,0.07071776204734798,0.31617241948976016,0.2069381865658606
2.9261221227306105,0.28311936255634784,0.9582425504732264,4.167484035760184,0.23853742256505533,27.0,6798.316543104077,27086.95202094621,1.0663364089529928,0.9504193691560073,0.03573086625666483,0.9641669020748609,0.0455444090874087,0.038350070112884105,0.089535941334285,0.8897316710861487,0.11439447833959093
0.47266923652013026,64.66015174933669,12.72616240591108,77.85898339176791,0.01178348825293402,68.0,335.82941520861954,11061.106382184897,1.0004858356243336,0.38810899586613673,0.29543118372109267,0.9925316129541959,0.03319837557459909,0.22880217942936765,0.2154702634486243,0.7972411709317062,8.070519677034554
2.51495397192972,1.5852142304391421,0.9987502633447938,5.0989184657136555,0.21422825734300235,29.0,6105.505334275567,26701.728754634696,1.015228982175258,0.9369027633205157,0.12427432474136224,0.9867287708781278,0.014465737005574242,0.050245128258798455,0.18007744585828755,1.1348858010591054,0.15143917439086874
2.3307791706188117,0.29055233982918927,1.5409457363388306,4.162277246786831,0.2006329986484153,30.0,5718.040461479836,26546.835569386763,1.0013944556507473,0.9314679147153251,0.04381226898013457,0.9863387357164862,0.06853146465167465,0.35846585616344595,0.07197143693577135,0.9701302012934181,0.25038047488623416
1.19767497267772,1.5324642793810934,1.9898423907396245,4.719981642798437,0.08595895605733933,49.0,2449.830247634171,21818.579197569303,1.031645801116208,0.7655641823708528,0.4883118069965787,0.9260068177752244,0.42179083895472524,0.2839072031353252,0.2057331069762134,0.9676297039227277,0.31757108828380964
4.769009229091473,0.26507653174858403,0.8770780676308797,5.911163828470937,0.30943376874007983,20.0,8818.862409092275,27785.536151442502,1.015923293347483,0.9749310930330702,0.06873822888976966,0.09420950657095806,0.030104595289780045,0.05438256738367353,0.07559070496207215,0.6478022831793306,0.08286310794345297
2.8590096119264117,0.9692623368140301,0.7049374284456734,4.5332093771861155,0.2355566505351928,28.0,6713.3645402529955,26905.22878414556,1.1246141750445113,0.9440431152331776,0.26949685527839495,0.9373009479777333,0.0001519926373972913,0.10511944957094627,0.285985183740304,1.0159458906373664,0.021137916686909897
0.8131752803843155,37.62790762903516,9.409752516290276,47.85083542570975,0.03371254907512058,52.0,960.8076486409365,17556.425864148565,1.000242418777989,0.6160149426017041,0.21594980395753327,0.7670893749779238,0.04336788548438908,0.09681706954417146,0.23507534913446682,0.7825918605282598,5.698211146920043
2.8782490429384895,0.32381433655232417,1.1127844584806228,4.314847837971437,0.235690459750311,27.0,6717.178102883863,27090.077572332004,1.0882365833216392,0.9505290376256843,0.10378396586659555,0.9854862352743169,0.04007172855302926,0.12947113244302444,0.07996138892809235,0.47536382130157717,0.15210036922939807
0.9049756424154792,50.69135358734533,11.252952620335,62.849281850095814,0.041627264592355134,49.0,1186.3770408821213,19017.78075358627,1.1203066709191067,0.667290552757413,0.3373098176374249,0.8485681754658888,0.004591121527257935,0.028488758882231235,0.024963452714879986,0.8452676927675327,6.938726343609
2.5443558553822148,0.6616598974764724,1.0512077442173526,4.25722349707604,0.21560931851474646,29.0,6144.865577670274,26669.46721603891,1.06727108923509,0.9357707795101372,0.24513142761628082,0.9417548959745419,0.1379091603333802,0.04419986492983058,0.0617685105446093,1.0107659635338628,0.09701374349787173
1.575240848029637,2.146030413151368,1.719890436513871,5.441161697694875,0.1319614893591649,41.0,3760.9024467362,24260.210234494945,1.0648622120256355,0.851235446824384,0.060010907699213134,0.9892526768783214,0.4481286551610622,0.12599706324787724,0.1075128699607823,1.1498500978486246,0.1848967839118183
2.802165459445757,0.8612791461212137,1.3814680299959683,5.044912635562939,0.2328119189268596,29.0,6635.139689415499,26847.512591135754,1.0710362946003034,0.9420179856538861,0.3109924002861463,0.979090833032725,0.01606553545179834,0.9856027791261435,0.263094221328685,0.7135218450225598,0.003510672077217336
2.910656087790888,0.407365463236527,2.1218323439398357,5.43985389496725,0.23571215118845132,26.0,6717.796308870863,27161.12125697987,1.0483216856582007,0.9530217984905217,0.09425748764754904,0.5356852384784967,0.06629113789022928,0.9753727427068483,0.10683563437681703,0.3792535426929935,0.28473110239026234
2.4441999905216707,0.5768809421583541,1.1320240339161725,4.153104966596198,0.20803283620740962,29.0,5928.935831911174,26634.218409398978,1.0796172717121377,0.9345339792771571,0.15470342884136917,0.9728150581342583,0.011443995855232703,0.1206786864837836,0.20250575976706797,0.925286424829074,0.18662651448453005
1.6086243681963246,1.5731602599545953,1.5483188771398957,4.730103505290816,0.13546704926833056,39.0,3860.8109041474213,24488.675234404345,1.005782383229762,0.8592517626106788,0.46422775818798995,0.9344374719504166,0.3305617473327737,0.02338720779895176,0.09272435746833602,1.0534551457288466,0.22342475763825664
2.3151998422079707,2.012160330842862,1.2582495225830983,5.585609695633931,0.19966411043011492,31.0,5690.427147258275,26241.5894254989,1.1208980906767319,0.9207575237017158,0.9575353502900518,0.23647977726069036,0.1993873780265002,0.06458528725133833,0.1435759741091588,1.0585489956618428,0.14034359974788746
2.492558069914886,0.5226985243669582,1.0631822707244214,4.078438865006266,0.21194363270190325,29.0,6040.393532004243,26657.405455872773,1.0651352448567544,0.935347559855185,0.08691544757520142,0.9698567855566631,0.09139117600249957,0.004011072098944912,0.14934815639400367,0.9997599501442425,0.14488748853806044
1.7970888737975081,4.451025636958952,1.607488671370933,7.8556031821273935,0.1533130211286378,35.0,4369.421102166177,25405.953789601008,1.1199169452805924,0.8914369750737196,0.08420231047801091,0.9769894034195394,0.08166389204310132,0.09988928273969677,0.15494176261137127,1.4918054953991933,0.3895773632944346
0.002835055112708417,59.9276357618286,12.684720574848734,72.61519139179005,0.0002105263157894737,0.0,6.0,52.26779034415262,0.8306210396619279,0.0018339575559351798,0.3848964790426104,0.9518543328562019,0.727337604680161,0.3607263266640164,0.5890509741319401,0.5939135064774757,7.533173390880883
1.4401945793565478,2.5162959482505785,2.053878286971851,6.010368814578977,0.11479139271349396,42.0,3271.554692334578,23692.669091419226,1.1484427431057551,0.8313217225059377,0.052156274129862235,0.9369687017982281,0.4029330213113444,0.24726185345897533,0.05569657590567395,1.218543373792794,0.3420488145111822
0.3464030211515939,21.111086964282038,6.559641056923265,28.017131042356898,0.007404554100311481,75.0,211.02979185887722,8261.366168300474,0.9274166075263444,0.28987249713334995,0.3691284720806587,0.9847776016745083,0.2357120744815414,0.11531896544878989,0.10545018110017257,0.7986202427797584,3.902676956575056
1.9314145000166045,1.302984072288778,1.2539545711146378,4.48835314342002,0.1678922320701782,35.0,4784.928614000079,25586.677673617436,1.1586289316392357,0.8977781639865767,0.6894578020185872,0.9595319604659285,0.09374592293763762,0.20430996081711927,0.2364536929318672,0.6545758918038005,0.167193748914495
2.0660798313100326,1.0125801782198784,1.1934425334431713,4.272102542973083,0.1798068745144937,33.0,5124.49592366307,25970.705038544835,1.105620721251954,0.9112528083699942,0.48150479802980634,0.9766876511194097,0.06188854856796577,0.10219369535619677,0.21912127866906173,0.7642351556569136,0.1942850029065788
2.5185106007459463,0.9284791245072099,0.9541621538500022,4.401151879103159,0.21548224187419154,30.0,6141.243893414459,26600.041783499044,1.011014541024746,0.933334799421019,0.4307483466802999,0.9347653040988757,0.15815104419457082,0.0007043819274648033,0.13025210576752688,0.6294078927201816,0.06162668693940532
2.1882357743603573,0.5083826157133076,1.4634351354076673,4.160053525481333,0.18753834950204892,31.0,5344.842960808394,26347.014593855165,1.132647342097302,0.9244566524159707,0.052589561897775305,0.8915872857897682,0.05315605652954036,0.03698853839495214,0.18802948451061086,0.9306039748502286,0.34778293361383916
2.1629681436273622,1.663372980775868,1.1629639244969836,4.9893050489002135,0.18941479661299182,34.0,5398.321703470267,25907.803959680517,1.0591038046903354,0.9090457529712462,0.09127604962739572,0.947907065763144,0.34435166139109197,0.04404488023370212,0.23120582950684299,1.0741447225060186,0.025342992743848214
1.7100528779016342,1.5947878204673933,1.6882422615491102,4.993082959918137,0.14528238734953042,37.0,4140.548039461617,24956.32325039317,1.1159522079174748,0.8756604649260761,0.8331733701905254,0.9509774726611117,0.06366835505699014,0.6002982222544871,0.08131643419379547,1.062934881162974,0.2518447793826377
1.049306289585486,2.9995985591785796,3.7170928767032168,7.765997725467282,0.06143130694207919,48.0,1750.792247849257,20780.08241160084,1.0271332801456325,0.7291256986526611,0.1462078130983867,0.9803670837822698,0.12536333603163713,0.7492978715440164,0.135982570664839,0.8018820830150948,1.4191858562986615
1.806902731771687,0.9388045417896513,1.5400591560885006,4.285766429649839,0.155114402985575,35.0,4420.760485088887,25381.23509938996,1.048308931023983,0.8905696526101741,0.1989273843642997,0.9665042110529267,0.19215511118331952,0.017996459647128538,0.1307421178337223,1.023770031872866,0.3074549679073746
0.3217230166312717,85.87188700268965,15.080462089234793,101.27407210855571,0.006284810787825255,75.0,179.11710745301977,7717.407579959627,0.9546884456728177,0.27078623087577636,0.20288196922994445,0.9248994203193612,0.16169794924824238,0.19606977481773158,0.145591523812391,1.0689159254382563,9.621540118447173
1.998948070872422,0.9411696407804953,1.202362086113343,4.14247979776626,0.17379775840341413,34.0,4953.236114497303,25844.475587764522,1.0365521854912327,0.9068237048338429,0.58161994369324,0.9674435319918346,0.06447270882494027,0.0529102926211476,0.1314203169249224,0.9216441524455949,0.2175954471495274
2.165549339855218,0.6182279124749874,1.2860490949300436,4.069826347260249,0.1880671254583991,32.0,5359.913075564375,26216.444198653262,1.0106412541776038,0.9198752350404653,0.19719655714383333,0.9779158893556854,0.11368849528457503,0.05799217154203229,0.1252493062021458,0.982019078737753,0.2160143672868644
1.5348020769771207,1.408300366641501,1.5173410315513762,4.460443475169997,0.12652312417387698,41.0,3605.909038955494,24161.815671186818,1.1475028528219504,0.847783006006555,0.6745377827687735,0.9936041169294931,0.29161867772391936,0.009295176925015525,0.14816728364342424,0.6082949346735971,0.24516117907788715
2.564874934283823,1.3129212098082532,1.4589757202428641,5.33677186433494,0.21689755105117947,28.0,6181.580204958615,26655.542617851857,1.0474181902434356,0.9352821971176091,0.5635190295755901,0.24493843168572793,0.25270686721224656,0.1353614431029584,0.1851709397071467,0.5468179995283542,0.16586616404456933
2.001767218660014,3.268917749401419,1.0890666641294378,6.3597516321908705,0.17470835650894534,35.0,4979.188160504942,25696.13327074075,1.0537582834340753,0.9016187112540613,0.5418061226924346,0.9775042494109307,0.14826480685792431,0.05144453646185765,0.1380111710756332,1.278586509283854,0.11331439287072875
0.40814587332053603,33.64176219682807,8.992817338989694,43.0427254091383,0.009407833859001537,71.0,268.1232649815438,9643.42781742383,1.025825806256453,0.33836588833066067,0.06890416626791229,0.8029318697370497,0.344743679359374,0.26077777460036433,0.09253291994100787,0.7192400580979181,5.297517713343424
1.5642692266915463,3.588245077520176,1.102356881586151,6.254871185797874,0.13168197214366384,42.0,3752.936206094419,24007.237295224244,1.1433364427652468,0.8423592033412015,0.041001380058446224,0.948076567884817,0.21106735807705324,0.029458992270243844,0.7370009869271114,1.219580085811491,0.10384829137573526
1.4138828175605003,2.674340645253233,1.8377610615152258,5.925984524328959,0.11084267201692517,42.0,3159.0161524823675,23622.63018560998,1.1477804093107657,0.8288642170389467,0.5359228649474963,0.9992043615429742,0.12757903382463393,0.30607602057792194,0.1531933115675782,1.2050828258042037,0.4224772878482703
1.1011738958678423,1.2011612679299613,2.767069660429173,5.069404824226977,0.07228687664796472,50.0,2060.1759844669946,20992.15068426825,1.0748074336655549,0.7365666906760789,0.09622239022869505,0.6282879189590187,0.6742144400165502,0.3388600933942989,0.04680860883822047,0.677034166887833,0.5285343478831592
1.5214092219487627,0.9370773517048098,1.9532632022676684,4.4117497759212405,0.12195511174140632,38.0,3475.72068463008,24407.45346078985,1.1192115432038883,0.8564018758171877,0.7025363895683516,0.8962014949055582,0.025563074708527145,0.18792485709679163,0.05632571446188317,1.0104431151437376,0.6050964841841697
1.5943657647140455,0.9668638852052117,1.662887753759456,4.224117403678713,0.13198532263392718,38.0,3761.5816950669246,24656.59609572395,1.068368441016773,0.8651437226569807,0.38170373866864493,0.9842082296500884,0.0985520351556563,0.09022347190977031,0.21866604690154118,0.9336805634219625,0.4255269222895999
2.5473187672069035,1.0998374775894744,0.9641872631635,4.6113435079598775,0.21587068534231896,30.0,6152.31453225609,26653.51781747158,1.091859135668602,0.9352111514902309,0.20199314661836648,0.9803113144215748,0.08159221184362986,0.08503765283930337,0.17537844884098275,1.0530873894404622,0.08245763445705023
0.8365899802911667,1.779326509265954,2.324411182650057,4.940327672207177,0.04494482670429167,62.0,1280.9275610723125,17352.340512300125,1.0337531736124892,0.6088540530631623,0.2808544055027785,0.8917127222851222,0.7693270504027057,0.271463479598262,0.17224076407955857,0.9935136449998982,0.3122978823694815
1.8211721582871663,1.0092070125719306,1.4276700236601956,4.258049194519293,0.15692874139887256,36.0,4472.469129867868,25335.77040758699,1.1520816358983679,0.8889744002662102,0.4158105477546795,0.989959118256962,0.1554333393570082,0.12927238003196373,0.18012322789086943,0.9111190205448891,0.23533550634089462
2.5188695936544776,2.4104547423341143,1.060886803023604,5.990211139012196,0.21415055456391854,30.0,6103.290805071679,26598.71983090871,1.1210327037523096,0.9332884151196039,0.16588201219999865,0.8828570049533286,0.12882840754245373,0.10943689452108729,0.17094770791167613,1.2136793378746353,0.08479037852255722
2.069597534931052,3.054894221816306,1.6665857732454992,6.791077529992857,0.17813477221024962,31.0,5076.841007992114,26197.086094827788,1.081121632161807,0.9191960033272908,0.008688187450122065,0.9813920148681246,0.01984373193958472,0.13126329035802797,0.046290003478032526,1.3654825536875927,0.44220931120048856
1.8995051589239114,0.7548813607276468,1.4506150747239421,4.1050015943755,0.16363221873997705,34.0,4663.518234089346,25723.000561696033,1.0707310521510562,0.9025614232174047,0.4270450454505901,0.9822799649658689,0.007486552291787851,0.1049300213893325,0.15830324341968743,0.937713556025608,0.36047303048557566
1.9436880672075905,2.718290123042528,1.3253216867614643,5.987299877011583,0.16836729056970343,34.0,4798.467781236548,25747.6636457451,1.0636137009984523,0.9034267945875473,0.3220489073735093,0.9607886522812271,0.05182419695979262,0.07918076711851574,0.1872041138231903,1.2430120865728687,0.2751926022400557
0.9786355973924212,1.4133042359158132,2.2300676793656917,4.622007512673926,0.05751346539622352,54.0,1639.1337637923702,19555.512115293808,1.0862402469247767,0.6861583198348704,0.6330768707671152,0.9097617595055845,0.49742053002462466,0.03558006849588724,0.01704828505588052,0.7202978713188377,0.5479962091892521
1.6047128295111415,1.1161314056887783,2.7845203957355054,5.505364630935425,0.1326790731503365,36.0,3781.35358478459,24732.55545228896,1.0217003136093703,0.8678089632382092,0.31502711598029165,0.08918264745182392,0.5179158241319025,0.22686697378466347,0.012115276755316429,0.6518914755938447,0.6325646274938288
1.4443196151235707,1.42577849946897,1.7588694413954717,4.628967555988012,0.1164503830879984,43.0,3318.8359180079547,23566.89872023902,1.1265679849511294,0.8269087270259305,0.3435560808176855,0.9769103128714072,0.45900690951118606,0.12881060643397596,0.1968560271922526,0.7202886891238687,0.20421097540786093
1.411625326349496,0.9682329586505724,2.3649611752696886,4.744819460269757,0.10809808791542924,40.0,3080.7955055897332,23904.93891286529,1.033287899826996,0.838769786416326,0.2657033722984188,0.9720386993412607,0.04532282941433974,0.23435943044417307,0.15607658224671317,1.0402990222171522,0.8195717831899616
1.9048988804618563,0.9049248476504395,1.525074755438244,4.334898483550539,0.16504296639121258,35.0,4703.724542149558,25628.115799571784,1.0816500107395122,0.8992321333183082,0.5193880575555998,0.9926600217929614,0.12223813852337612,0.2909058760229864,0.10108979115488775,0.7540208721896509,0.24123949615388085
3.3382506964203307,0.42136360888515456,1.5637845002381658,5.323398805543651,0.25574287580440574,23.0,7288.671960425564,27388.04101313024,1.1406431560848123,0.9609838951975523,0.17357960816098522,0.14594864748879643,0.07578641063727265,0.20277848106050012,0.06705219238413018,0.7336224361588115,0.30102221692391584
0.15366896031502614,35.29789226148412,8.583365284456427,44.03492650625557,0.0023344084359595615,82.0,66.5306404248475,3744.4495742695976,0.9635335655190258,0.13138419558840694,0.5941651187537194,0.9359594818769836,0.2042256127526496,0.0511246087596941,0.12571347567442404,1.0121812883372725,5.417006752599738
1.9682822646918057,0.7559864206008899,2.280460922456941,5.004729607749637,0.16841797045106183,31.0,4799.912157855262,25988.041190296815,1.0984998797317749,0.9118610943963795,0.13528240178065531,0.3647562563280221,0.22121838926912252,0.10767641813168621,0.1444382174582754,0.768985830557555,0.6234243544435891
1.9031428678010325,1.1622356311545445,1.7427218673935023,4.80810036634908,0.1656571149308106,36.0,4721.227775528102,25478.283729466668,1.0993626828423588,0.8939748677005849,0.48078178767307417,0.9673374005457426,0.15665089436639346,0.7683879789663834,0.2232387509659401,0.8112842853421527,0.14436004322316265
2.27643195289958,0.7010293371290374,1.2658513083413319,4.243312598369949,0.19667563970262084,31.0,5605.255731524694,26344.870510161905,1.0949421171824125,0.9243814214091897,0.21067807601530925,0.9904071300016899,0.16355231552836064,0.11241168607632734,0.12251139391059357,0.7277186150002342,0.1510612405281755
1.7177706696349575,2.826420703151854,2.17133943127762,6.71553080406443,0.14500353385473413,36.0,4132.600714859923,25119.341749051968,1.0795088902482735,0.8813804122474375,0.5531430168842941,0.6058070656366784,0.11414974408748191,0.6361416543974525,0.1564879031657742,1.2236346579755986,0.4402015070779157
2.286236302649749,0.8749099022025686,1.2958456835220318,4.45699188837435,0.19662063939411697,30.0,5603.688222732334,26375.752171912427,1.1038700875568441,0.9254649884881553,0.5088501551362726,0.695536961784459,0.11368849528457503,0.05799217154203229,0.09776350206971673,0.982019078737753,0.2160143672868644
1.9369888803495248,0.7305925845599164,1.8164321422009455,4.484013607110386,0.16748842888583115,34.0,4773.420223246188,25709.82159427285,1.1609060633490438,0.9020990033078192,0.22160671165451867,0.9795487890176947,0.16642650120221553,0.5421424188892867,0.12967306055103722,0.8023580135672772,0.24970166322979104
2.007925504574277,0.6718340873026385,1.482877591467096,4.162637183344012,0.17468999368928148,33.0,4978.664820144522,25897.506475552444,1.0006159333101756,0.9086844377386822,0.01617694880296927,0.9854573157565969,0.24247580816799486,0.03424417828223009,0.1459717131238385,0.7198896837849662,0.23113364461281627
2.2645270714652983,0.6143287561878488,1.3648492922408795,4.2437051198940265,0.19503980732332485,30.0,5558.634508714758,26468.42913450404,1.0549912199446887,0.9287168117369838,0.23130906024861903,0.9749978539914478,0.035009089904885715,0.07925447769034033,0.026862731794492556,1.0345975746866145,0.2964565279688882
1.6473688397617336,0.9711264937699713,1.7417696279090453,4.36026496144075,0.1387484407806283,38.0,3954.3305622479065,24746.13914367477,1.0979658683968565,0.8682855839885883,0.15766889963996844,0.9343662313024843,0.3447387226369476,0.05522484472233413,0.14817475508729072,0.7627886592656421,0.2888709732368131
1.6481921630311056,2.104910127003736,1.6673502776546671,5.420452567689509,0.13905259324275995,38.0,3962.9989074186587,24745.879371625375,1.0746758468197728,0.8682764691798377,0.3361322083288828,0.9592836316573167,0.2799989273289694,0.08109581286459983,0.028020817737240966,1.1615922365258646,0.29002801350202745
1.6983527581691962,0.8343505767955874,1.6766608673679457,4.209364202332729,0.14309013157832384,36.0,4078.0687499822297,25131.800436882222,1.0494588645513745,0.8818175591888499,0.4661066363200737,0.9935667658259881,0.06473470647898061,0.12789324342829972,0.1355709403785214,0.7904202798821176,0.435158475626535
2.0098062303941346,2.8856169652623813,1.7055376096459973,6.600960805302513,0.1750463427339753,34.0,4988.820767918296,25768.567958540098,1.1399528694509395,0.9041602792470209,0.3002303387097802,0.9946323018999498,0.12058605850715032,0.7572836272104074,0.14900636460048666,1.2633118511988628,0.15124959438189656
1.9112386256061764,1.0030073579466863,1.3416275860725366,4.255873569625399,0.16591912109064935,35.0,4728.694951083507,25556.470874118277,1.1463139211007698,0.8967182762848518,0.31635659706555075,0.9754654442466572,0.20361423797078704,0.03672700622400371,0.19061470196247743,0.8743854613687976,0.19324069538618183
0.18646604037784809,73.10260475459245,13.955717482267277,87.24478827723757,0.002924464116105126,80.0,83.34722730899608,4540.669986073474,0.9201071214794277,0.1593217538973149,0.3567298081631235,0.9664812665753164,0.10239714275610978,0.9105524008844539,0.16228301609286272,1.1583040065754195,8.624502363709343
2.238589984058078,0.44009121138988666,1.3647131204456477,4.043394315893613,0.19380290330841388,31.0,5523.3827442897955,26376.753816444983,1.0138355896447444,0.9255001339103502,0.03573119440368577,0.9832904747652669,0.13459196947032337,0.05665666889699894,0.10123603139035792,0.8989164536471497,0.23639682435077702
2.8288940003838565,0.5478349825984696,1.174049638534221,4.550778621516547,0.23278360894415287,27.0,6634.332854908357,27012.21862580779,1.11053833705333,0.9477971447651856,0.18531104519054742,0.7780067269349134,0.05238450979813952,0.16155429604487886,0.14197358635535645,0.7262816398061733,0.1593140059105922
2.945966602511054,0.8865698267617571,1.6070980908691612,5.439634520141972,0.23741794229818114,25.0,6766.411355498162,27156.4751963765,1.1106149939842431,0.9528587788202281,0.4989532219503006,0.185449229065358,0.014465737005574242,0.3251816824341236,0.0366723442611222,1.0365716638476064,0.3220739564405948
1.6522338171654536,0.8124100646155157,1.7659141764182718,4.230558058199241,0.13947714266384884,38.0,3975.098565919692,24800.0632208272,1.0502862472065393,0.8701776568711298,0.17693009748015553,0.9889640237537249,0.2874220217506952,0.15485295426894607,0.10217346725465865,0.9169155702500731,0.3041127517150324
2.3594734115504616,0.6652553729796702,1.1287555020094966,4.153484286539628,0.20261773315013906,30.0,5774.605394778963,26488.542366915623,1.0820747036413776,0.9294225391900218,0.24621725923264692,0.9827469258196383,0.06622250335309521,0.08262270095803809,0.13193224328952158,1.0069799840172922,0.16382206586517256
2.2434048889469627,0.5527929152713698,1.3439702401718585,4.14016804439019,0.1943407828528203,31.0,5538.7123113053785,26364.61437185179,1.0353819181521147,0.9250741884860276,0.06873822888976966,0.9703183916434837,0.1450985116191571,0.05808938406374742,0.1332034594764322,0.785793690362881,0.21869657695412137
2.498567660230559,0.5009666897186205,1.4580703378049158,4.457604687754095,0.2133329597788663,29.0,6079.98935369769,26661.63108921674,1.00658186222984,0.9354958276918154,0.021539508874522606,0.7075297144079424,0.29648986906797925,0.05339931418337396,0.017346188621064518,0.7424206882527367,0.16665815374658877
2.584328209286813,0.3869130255961494,1.1129941514274728,4.084235386310436,0.21813033093855436,29.0,6216.714431748799,26749.159402358873,1.1522815301465081,0.9385669965739956,0.13773285660310958,0.9886162738791971,0.13597020648088065,0.03805237210743179,0.02261242963585941,0.9249175365152227,0.12370090746256857
2.25689828999725,0.4628433171645763,1.4385840452016985,4.158325652363525,0.19415003744411402,30.0,5533.27606715725,26440.77880000491,1.0836957416614927,0.9277466245615759,0.06445753969177942,0.9361494948902529,0.08954680004952792,0.08782818139601756,0.1320327886992525,0.8140869350650617,0.2890246634969893
2.0402304446882993,0.6262582390293874,1.3979795622381264,4.064468245955813,0.17726499387032352,33.0,5052.05232530422,25984.141267729512,1.0482077548317015,0.9117242550080531,0.13418929641451882,0.9853614617712877,0.13989006302267148,0.048890903875103864,0.14111692404043064,0.9698249466513369,0.25557681829891177
2.7169689959248973,0.46571211493774123,1.4096046980739623,4.592285808936601,0.2273395282330378,28.0,6479.176554641577,26888.430064566648,1.0022127332278385,0.9434536864760228,0.21223617576903908,0.982638413618929,0.006950596970412448,0.7363849844302239,0.12152502185654174,0.898019779665423,0.09701374349787173
1.2840519115486602,0.7582135377846884,2.3182856799216744,4.360551129255024,0.09470793902771762,45.0,2699.1762622899523,22754.53523702689,1.0844933255183216,0.7984047451588382,0.018881975206030466,0.9904101448844831,0.4497384920665408,0.2309345325203377,0.03236191223942336,0.7480517757881386,0.47455545853384606
1.391914855055495,1.121150414086224,1.930639173527642,4.443704442669361,0.10705124929775435,41.0,3050.960604985999,23663.177821932117,1.0204714316978043,0.8302869411204251,0.4405679527445471,0.9524730174791327,0.10114975917945107,0.07990151405752255,0.2644289112862502,0.7370133298875394,0.5980636220139655
2.1050131248452386,2.915301827580591,1.2163683776534544,6.236683330079284,0.18301925034153393,32.0,5216.048634733717,26053.904833998957,1.0010620922957465,0.9141720994385599,0.23707960158481345,0.9756126404536642,0.08519142960094539,0.10651343305776684,0.1770414616187287,1.2745440197946127,0.18805145239991194
2.1268116202058605,0.6803454896372993,1.5598722156511822,4.367029325494341,0.18310542409680824,31.0,5218.504586759035,26199.9307301882,1.1349147728660969,0.9192958150943228,0.1657391597221589,0.8366539880705863,0.16085392503711288,0.055389855135617616,0.13666272117973555,0.6738145465438417,0.3107758616322309
2.2037345047154666,0.953306941380065,1.0540514792416082,4.21109292533714,0.19225855933789343,33.0,5479.368941129963,26117.6773688824,1.0260987289317183,0.9164097322414877,0.6145938123822606,0.9846902055381911,0.18273699837905105,0.035645359789906295,0.03230381571461388,0.9116909408041993,0.07925728647676866
2.023407896618148,0.6499691375241756,1.464390143042961,4.137767177185284,0.17538562507284755,33.0,4998.4903145761555,25895.5540024471,1.148361870339869,0.9086159299104246,0.12258272986155205,0.9803995080133275,0.1993873780265002,0.09810067419822294,0.11415267031143667,0.9436170040761223,0.22543318693428827
2.7767649558574328,0.7122166289048106,1.2454325999068458,4.734414184669089,0.22945718342591911,27.0,6539.529727638695,26960.39359026862,1.0999882728851422,0.9459787224655657,0.4441322213219614,0.5142000822832604,0.08640216729763794,0.08213221504222423,0.06924057831819613,0.8577113942166281,0.19653804738950864
1.4508249250196428,1.4957363667443286,1.5964701919719628,4.543031483735934,0.11759320011904387,43.0,3351.4062033927503,23668.203762691166,1.0259019337453166,0.8304632899189883,0.6635524581011448,0.9769894034195394,0.34820025561362755,0.07097379274956761,0.15494176261137127,0.7373247340995359,0.22847517104865478
2.405608746638926,1.620878974894231,1.9432907650894933,5.96977848662265,0.2063210369970802,30.0,5880.149554416786,26418.307872821413,1.1108590717714852,0.9269581709761899,0.9564049368777967,0.17203034686216945,0.13509915356854962,0.9634857790676042,0.23091265383180498,0.5939135064774757,0.1660519263603577
1.25812598853162,1.6635452320886337,1.8558385911264812,4.777509811746735,0.09374180176481801,48.0,2671.6413502973132,22356.204265438515,0.9993841519914592,0.7844282198399479,0.9477525483102693,0.9862660649516812,0.4029330213113444,0.24726185345897533,0.05569657590567395,0.5084554862163797,0.26989352507165254
2.0081785316438476,0.6962911253246544,1.4327347108976949,4.137204367866197,0.1741063752888915,33.0,4962.031695733408,25901.673951061846,1.1206449580084263,0.9088306649495385,0.15754809590771923,0.9795224493545496,0.13100837509522606,0.09151130356442577,0.17111523338704804,0.938050001673429,0.2617743039837004
1.6290701626792028,0.9092028173586088,1.8083173389985094,4.346590319036321,0.13544861952476825,38.0,3860.285656455895,24785.473380178373,1.1424327850031932,0.8696657326378376,0.2140411334506105,0.9595319604659285,0.14816953202950928,0.20430996081711927,0.2364536929318672,0.8892123877538411,0.4104803987125658
2.248980219806793,0.747462609689298,1.3734422247451104,4.369885054241202,0.1946264978252841,31.0,5546.855188020597,26349.426584612218,1.071290302326488,0.9245412836706042,0.4444455314786724,0.9766876511194097,0.025105629149160147,0.3870987470495939,0.13267931724344273,0.7642351556569136,0.19370992543536047
2.3264294703744812,0.3909377057828884,1.3496922370217854,4.067059413179155,0.20036445503631684,30.0,5710.38696853503,26516.400301269776,1.038185091796672,0.9304000105708693,0.06439104545254593,0.9828027409863365,0.10744608406992018,0.09611450337150135,0.0826887671127311,0.8793373662552906,0.23138064421569915
2.0339396128291765,0.5083826157133076,1.5199596603247967,4.062281888867281,0.17574251967387786,32.0,5008.661810705519,26085.231511028745,1.0668134203060873,0.9152712810887279,0.052589561897775305,0.982964746555335,0.05315605652954036,0.0351431446906143,0.18802948451061086,0.8632907148147142,0.38326558143381373
1.5245781065818333,1.735180808957134,1.891082860713794,5.150841776252761,0.12619820718903657,42.0,3596.648904887542,23978.309023163038,1.1395030034317368,0.8413441762513346,0.24489781858923748,0.9859537126450416,0.34435166139109197,0.5556306629814748,0.24859650271628286,1.0595703116060866,0.17999255264001146
1.7140743518634352,0.6609540346429098,1.8323402754962683,4.207368662002613,0.14411085859984593,36.0,4107.159470095609,25219.431589027186,1.1185675846327259,0.8848923364570943,0.27827324533297704,0.9909614839957793,0.11116993689602794,0.11330908322218347,0.10796294198294543,0.7709004054545816,0.4836149507995131
1.806419969356399,0.6475998690607474,1.6328720441917657,4.086891882608912,0.15435395647927636,35.0,4399.087759659376,25417.996220429097,1.159134891587353,0.8918595165062841,0.07779858235659065,0.9883903417459985,0.16107670463302048,0.05148515304360418,0.16409311487731304,0.9900604215603346,0.3607808744021863
1.2577761784585801,1.2171519584923134,2.6584131679068603,5.133341304857754,0.0880617871159662,43.0,2509.7609328050366,22787.866296713615,1.1536621009679369,0.7995742560250392,0.19158401815309278,0.9773103292663433,0.1827543502521205,0.046672255603731116,1.3282305198814015e-05,1.0939262312938303,0.9896473688370229
1.5792047069862358,2.20443223034081,1.3012274713157765,5.084864408642822,0.13418190674060423,42.0,3824.1843421072203,24018.58212103291,1.0676861940694398,0.8427572674046635,0.20288196922994445,0.9722349097441098,0.2995241426790821,0.24844269977006428,0.6388951609227534,1.034309215655842,0.059069818115448314
2.0624031446432993,1.1025204326554443,1.3175351708353074,4.482458748134051,0.179503518490176,33.0,5115.850276970016,25985.798137284313,1.0532987046855145,0.9117823907819057,0.2327991440215904,0.9580368974355034,0.14612464227432326,0.03735206576023664,0.1314203169249224,1.0484617114215655,0.2175954471495274
2.0523134269836243,0.6759946575291602,1.3787251840351098,4.1070332685478945,0.17913761142033696,34.0,5105.4219254796035,25879.7622060542,1.0476938712281663,0.9080618317913755,0.08691544757520142,0.9886361394255762,0.3150335490605728,0.004011072098944912,0.058264443181549774,0.9253059023202936,0.14488748853806044
2.4388626779889884,0.8932979530722067,1.8430851042525558,5.1752457353137515,0.20634204476895773,27.0,5880.748275915295,26728.34462913859,1.039228714368624,0.9378366536539857,0.41137446430218677,0.09617760733409653,0.11057482576596067,0.044240671886417504,0.1580306250605395,0.8252172911338755,0.4909496459063387
2.1459647061191016,0.40471576955783045,1.6221549188355477,4.17283539451248,0.18526825430073504,31.0,5280.145247570948,26317.450789807313,1.0181189694063315,0.9234193259581513,0.03718621666092381,0.9859545805977334,0.07096629819380962,0.16245557824465506,0.04012580017777545,1.0226035631563302,0.3673323881410395
2.182337101881817,2.23323882389586,1.1432629732047856,5.558838898982463,0.18938915830736477,32.0,5397.591011759896,26133.367479184428,1.1230933823051024,0.9169602624275238,0.6119760395572424,0.971093781045344,0.014880050025618874,0.2878568334653585,0.13088841337343737,1.1671457353191643,0.13526545773098242
1.473725375884149,2.8199766100211487,3.230235577180715,7.523937563086013,0.11236806529701851,37.0,3202.4898609650277,24491.6582480286,1.1366891545932944,0.8593564297553895,0.011116181079552256,0.9657895564765959,0.01613237193777034,0.037840589613926,0.09973993402589099,0.7192400580979181,1.4515009876472607
2.342241750388839,0.6883385271748066,1.080812966410641,4.111393243974287,0.20115611880909798,30.0,5732.949386059292,26493.947620310668,1.0835898268653121,0.9296121972038831,0.416482305727459,0.9849146736091936,0.030168073386316052,0.02374588877898609,0.11330205568393675,0.7918118761633828,0.18746198217665455
1.1738828773144498,0.9900892396510468,2.305352767024201,4.469324883989698,0.0784795909913774,46.0,2236.668343254256,21983.473010310023,1.09176163194483,0.7713499301863166,0.5359228649474963,0.9834076396173984,0.12756358300807857,0.031117616466786402,0.1314105000957163,0.8216266036924782,0.8589998970378385
1.7515997559885783,0.7781391878974092,1.7348410887937449,4.264580032679732,0.14791510603671384,35.0,4215.580522046344,25334.0278945118,1.1586455408002034,0.8889132594565544,0.251735288486695,0.9362901586909771,0.04508572739986699,0.09571871459068626,0.22938765415545687,0.8751674526449396,0.4882134656976227
2.5269099785330074,0.29458913332817965,1.2639287798531638,4.085427891714351,0.21307058266729006,28.0,6072.511606017767,26763.900523896118,1.0749535282845457,0.9390842289086357,0.02260107557176838,0.8962014949055582,0.10622441922176329,0.016021658246005877,0.05632571446188317,0.9955553804562607,0.21827657039404968
1.3911844253209364,1.0684785798660048,1.8648627807156997,4.324525785902641,0.10808125060856974,43.0,3080.3156423442374,23498.17796659708,1.0940928137478065,0.8244974725121782,0.07295716365563465,0.992638216996353,0.3017900796645627,0.016045885612125665,0.27141814835676303,0.8080531108703706,0.4255269222895999
2.178409949456756,1.6593445511486293,1.7297814313950972,5.5675359320004825,0.18917249542907535,32.0,5391.416119728648,26146.93629772314,1.10901862602398,0.9174363613236189,0.13485813007255648,0.975383008930844,0.13644534405979752,0.7583331080636933,0.13469335371011754,1.1313039621957677,0.1473980143568534
2.367690221757605,0.4006093140978064,1.406928978815667,4.175228514671078,0.20331459179923744,30.0,5794.465866278267,26514.24591285163,1.0751273509373842,0.930324417994794,0.06145075287744328,0.981017772677898,0.20002957616940087,0.17359340829099706,0.01955709848313092,0.779244842828219,0.16593477813312063
2.5486082424586987,0.5749467999729919,1.4788935747901144,4.602448617221805,0.21370499458106548,28.0,6090.592345560366,26817.35173867398,1.0812898747677149,0.9409597101289116,0.25177654410244554,0.5626925973690012,0.07792791963541151,0.07820749624885892,0.10313918820871454,0.8861862599578783,0.315001583603002
1.46922840001307,0.9886379016944934,2.3492768386535743,4.807143140361138,0.11840371794555105,42.0,3374.5059614482047,23881.70026129665,1.1127290291714418,0.8379543951332158,0.2670527619173968,0.9939657509563687,0.3011867189638082,0.8749134786478782,0.13490253066569213,0.8105642125147314,0.31252243131588386
2.1556784267722384,0.4778591034148515,1.440061636632815,4.073599166819905,0.18592341578598515,31.0,5298.817349900577,26243.952279037552,1.1206785608812275,0.9208404308434229,0.14032880883201215,0.9658276912082645,0.1155848137961577,0.07330971758526761,0.08207653694430139,0.9260350436622888,0.27839360171156713
2.089620018228746,0.6801756650516271,1.6694387719408632,4.439234455221236,0.18087541915530198,32.0,5154.949445926106,26090.039994967265,1.1233947416242567,0.9154399998234128,0.4270450454505901,0.9739142987773511,0.010308363551129185,0.6233065576804365,0.11883403713717161,0.937713556025608,0.2554734270482868
2.5455087095326396,0.6814008056741672,1.1834859104072826,4.410395425614089,0.21580707041188266,29.0,6150.501506738656,26688.772411400405,1.0570357354219915,0.9364481547859791,0.3220489073735093,0.9742907873075948,0.023106248729851342,0.39948029091178416,0.16234626260294038,0.8837681835124735,0.10546126056051452
1.9345923694735898,1.0430808554616475,1.4284917515040392,4.4061649764392765,0.16708769796738798,34.0,4761.999392070557,25774.468366445948,1.0331120576110648,0.9043673111033665,0.11180644728412403,0.9797156958724386,0.07268872950144278,0.06874661135420745,0.24746000976933347,1.0409151617983365,0.3148764702862241
2.549782348598436,0.39118050882473254,1.4074148149701444,4.348377672393313,0.21555204436229064,29.0,6143.233264325283,26754.213613483855,1.1358538741588151,0.938744337315223,0.31502711598029165,0.9728328130699351,0.026505978756963533,0.49037473950751265,0.018197212354497783,0.9187232044636218,0.16534789510326764
2.684339476663102,0.44317952633245694,1.0647504879558256,4.192269490951384,0.22463391249180137,29.0,6402.066506016339,26829.400696938887,1.0695594074553654,0.9413824805943469,0.11223004599481484,0.9769103128714072,0.1590794991730512,0.05431376547662714,0.04616511578903265,0.8330800135267555,0.08515834971819647
1.8735983933307252,0.445768391512967,1.7724333245034165,4.091800109347108,0.16093928803499488,34.0,4586.769708997354,25665.3730727153,1.1064255943548094,0.900539406060186,0.025953745380616566,0.9649497776195968,0.19779348364430177,0.08375128308882379,0.0615622103329489,0.8958384686327965,0.3877419275724998
1.8321567156035787,1.4613198063867103,1.5490261979546345,4.842502719944924,0.15893384842862457,36.0,4529.6146802158,25286.17461743719,1.057615236704622,0.8872341971030593,0.39920399078756696,0.951346124712146,0.24939957299266247,0.2909058760229864,0.11805502022165537,1.0564883019583549,0.1690237807832231
2.1182575139650526,0.5055369727713988,1.8046828620765645,4.428477348813016,0.18288959392296864,31.0,5212.353426804606,26177.160567170584,1.1094356898675601,0.9184968620059853,0.00525877274366271,0.7106868118959635,0.2841964668143059,0.0879152398495513,0.03699174990313858,0.7751806262989431,0.3279738060655921
1.855005608567547,0.7265256560790396,1.663688058842154,4.24521932348874,0.15862921039124053,34.0,4520.932496150355,25664.810816574427,1.1349293998152106,0.9005196777745413,0.4394047283409108,0.9870711580532744,0.05462178688885455,0.1188012479106259,0.10259412370242349,0.5766414340460337,0.42802791518416683
1.1291094320616184,1.4603398534962135,2.181646379031404,4.771095664589236,0.07781000666295756,51.0,2217.5851898942906,21115.12461074907,1.0404181357986224,0.740881565289441,0.07806053832940352,0.940544871645375,0.6366975032133334,0.18794499124222852,0.07813972955082993,1.0338692001556438,0.30286117528787315
1.984749521661243,1.2270398277795245,1.1481098326461507,4.359899182086918,0.17321001710055156,34.0,4936.48548736572,25697.259193616053,1.031855249322128,0.9016582173198615,0.7126498795545566,0.9221684321934507,0.12221153511771338,0.08822366676172377,0.12961310771633017,1.0089808037644672,0.14327801707533094
2.492186820130794,1.2081141657530776,1.2456528082995653,4.945953794183437,0.21140821379231797,29.0,6025.134093081062,26684.681465677575,1.1535598712178126,0.9363046128307921,0.03090341371021732,0.8604386808387599,0.11793486829223176,0.020404198715249677,0.09814536663194873,1.100502214542577,0.19950906219125564
2.152330387853073,0.41308150908668795,1.5701702827477746,4.135582179687535,0.1855910223636149,31.0,5289.344137363025,26258.54265035469,1.1173145199850398,0.9213523736966558,0.10685454058172789,0.9887037265569876,0.11646881172187362,0.20132653493764224,0.06576187546107481,0.8358711904268288,0.29111163563302167
0.8571077941982134,2.899110310033735,2.2682847089907834,6.024502813222732,0.0478573594149745,62.0,1363.9347433267733,17584.341512760508,1.0777084780375465,0.6169944390442283,0.06961806168106333,0.9498805146732244,0.8296244777000492,0.2502797086996107,0.18453296420374643,1.1519987004243881,0.23639682435077702
2.011570854952589,0.6143639691094952,1.8529984086224536,4.478933232684538,0.1741412494766063,33.0,4963.025610083279,25904.888281139465,1.1462238266414337,0.9089434484610338,0.14140773247284089,0.9735084305182883,0.16642650120221553,0.5812216736932302,0.1116582424166655,0.8023580135672772,0.24970166322979104
2.1003716752538657,0.6264901357726842,1.4766151779937193,4.2034769890202694,0.1814504379327928,33.0,5171.337481084595,26082.606685801766,1.161287714856951,0.9151791819579567,0.01617694880296927,0.9894021645032769,0.2122465071480253,0.0804237944626287,0.1459717131238385,0.6761079223493482,0.2262156068000234
2.707800331655616,0.9508265467251524,1.8359064993668688,5.494533377747637,0.22458222505169004,26.0,6400.593413973166,26917.760477813048,1.0305218671537533,0.9444828237829139,0.27270978290026293,0.06592772700972549,0.2317404684953256,0.2826021997235081,0.026862731794492556,1.0345975746866145,0.2964565279688882
1.2140672162470367,1.8575137993807755,1.622339810061238,4.69392082568905,0.08824178959165968,49.0,2514.891003362301,21949.191100048753,1.0010330054348784,0.7701470561420615,0.9707838995189578,0.9629793400209611,0.3447387226369476,0.03378998197024852,0.0526077584411353,1.0330507873780157,0.2888709732368131
1.7107962495854152,1.8495402737654292,1.6693114463717693,5.229647969722613,0.14613763797380558,38.0,4164.922682253459,24840.06978373471,1.1604287758995067,0.8715813959205162,0.3879216751927752,0.7524401176659664,0.3981000913236229,0.06062973296749735,0.09569303056576967,1.08413530005696,0.20990584227051645
1.3490194530221318,1.129883212702703,1.9148320504803285,4.393734716205163,0.10273807706039088,44.0,2928.0351962211403,23209.748381158784,1.1379604034726865,0.8143771361810099,0.4661066363200737,0.9964574008822134,0.2701568565723699,0.12789324342829972,0.12927064576203728,0.7904202798821176,0.435158475626535
1.5212192120814807,1.2261801968053638,1.6026763304651426,4.350075739351987,0.12407456584828316,40.0,3536.12512667607,24230.392099429973,1.0909358374050615,0.8501891964712271,0.6545642562103258,0.9811883739079839,0.11649553020820957,0.12142938492021782,0.13714020453593467,1.0153240295263568,0.37443359509241514
1.3958551105130075,1.0067544451240555,2.0280913896789015,4.430700945315964,0.10885013339823112,42.0,3102.228801849587,23513.52930407258,1.0666394332138807,0.8250361159323713,0.30154171056074675,0.9355811475323044,0.31027524653742267,0.22549477321036615,0.11989993237858737,0.9601344314318507,0.4163397643431459
0.018203414620299733,74.92876783747539,13.920525416598823,88.86749666869451,0.0002105263157894737,0.0,6.0,434.5163213477822,0.8120924236609433,0.01524618671395727,0.4577658573572043,0.9189649516550502,0.3915513453797026,0.11476626546409863,0.16703966095081058,0.8712280837979658,8.81725164139711
1.8089841926586727,0.7128645454032556,1.8915789328780859,4.413427670940014,0.155262366976542,36.0,4424.977458831447,25368.6119933678,1.086917205941005,0.8901267366093965,0.19719655714383333,0.9779158893556854,0.1767795839034204,0.5366703882396189,0.1252493062021458,0.982019078737753,0.28708467787953573
1.5932346584706514,1.0413083568814945,1.4988612896385707,4.133404304990717,0.13275830193567265,39.0,3783.6116051666704,24564.05972540766,1.0428943841412224,0.8618968324704442,0.6112196756356529,0.9925316129541959,0.15327922541358718,0.01145657095757402,0.09586896943480872,1.0010539880319804,0.3329004316551547
2.119182969372738,0.6246626287368756,1.3594248039531716,4.103270402062785,0.1823371786273855,31.0,5196.609590880486,26203.046166117696,1.1364283862909559,0.9194051286357087,0.15512943567420967,0.9647238951908865,0.014465737005574242,0.050245128258798455,0.2239172937771523,0.9067952341758376,0.3220739564405948
1.9070823072322576,0.8620856207498366,1.7014873711951206,4.470655299177215,0.16510558564867361,35.0,4705.509190987198,25630.329790036612,1.0539059755580413,0.8993098171942671,0.4905424984132126,0.950514932375752,0.11655604689800181,0.5127909797428032,0.09835452599481065,0.8959625772499125,0.24509162363762016
2.459168352114243,0.9799602345364629,1.1488960252038922,4.588024611854598,0.2091815554373379,29.0,5961.67432996413,26622.49830105922,1.0824179478425908,0.9341227474055867,0.06511980693560726,0.9260070230619677,0.09641222191208398,0.046816151409186824,0.15621895537210895,1.057223022998564,0.16382206586517256
0.8913688599259876,72.54648024055493,14.359420937300817,87.79727003778173,0.04012839833808261,49.0,1143.6593526353545,18849.24445558132,1.0168621081041382,0.6613769984414498,0.02969985266162828,0.6856436231466374,0.15505019354727934,0.3177011152602717,0.07559070496207215,0.5459693476656295,8.710452201771766
0.7574112847655114,62.0946063581999,12.555062904969212,75.40708054793461,0.02870280228100029,54.0,818.0298650085082,16627.400598041862,1.0181592437004425,0.5834175648435741,0.3311845029955739,0.9138592554047511,0.0001519926373972913,0.06947464066955689,0.1142253718534939,0.7424206882527367,7.882224608085676
1.975511478865658,2.421340500847143,1.1866860828783603,5.5835380625911615,0.1725989764268239,35.0,4919.070828164481,25613.40506359058,1.111175961289105,0.8987159671435292,0.13773285660310958,0.9718150444101138,0.13597020648088065,0.18145443059929173,0.41354235372131765,1.1565709533850097,0.11830081918546043
0.466970088865469,1.661377738600506,2.4215592702919992,4.549907097757974,0.014975200776648165,77.0,426.7932221344727,10738.279627754173,0.9209155781616665,0.3767817413247078,0.3395280734618612,0.9744241636567647,0.7953742456155471,0.08782818139601756,0.0643941483576621,0.8148234155622829,0.5796186226262137
1.725336848077821,1.0286587488171477,1.5236368240231584,4.277632420918128,0.14733132835924595,37.0,4198.94285823851,25046.405857768408,1.0714331239557917,0.8788212581673126,0.6361177607151934,0.9959672402198179,0.1764342660833711,0.17309216945912814,0.06394479448844881,0.8172642977466427,0.25557681829891177
2.0775937348618427,0.6377403857005559,1.605359328350192,4.320693448912591,0.17974776667846315,32.0,5122.8113503362,26129.930348024605,1.105284309786108,0.9168396613341967,0.24513142761628082,0.9915598859966475,0.10288404634121928,0.25536688634548177,0.11914144428622309,0.5414295569445506,0.2996614713251633
2.0019292755172677,0.38173435186139926,1.5852963844209644,3.9689600117996315,0.173480976966698,33.0,4944.207843550893,25943.37538208528,1.0680286738101425,0.9102938730556238,0.018881975206030466,0.9947201315951726,0.19875236811768138,0.04614860000537402,0.03236191223942336,0.9727419996850062,0.30455531971937155
1.9254821336955963,0.5691438989163742,1.59638059626089,4.09100662887286,0.16551539892072295,33.0,4717.188869240604,25856.583603356365,1.08819817129506,0.9072485474861882,0.3057198233942554,0.979090833032725,0.01606553545179834,0.07990151405752255,0.11966288617221066,0.884315864631382,0.436458788503181
1.9461138765595105,0.8252319871098647,2.142480258333764,4.913826122003139,0.1677080249863157,33.0,4779.678712109998,25843.075896354334,1.0172451197865346,0.906774592854538,0.0369938455210061,0.6103462187531435,0.17717683923652633,0.5161023088336875,0.2612364413670345,0.8445409161802628,0.41458154624737276
1.1922233668640625,1.8638973231193767,1.3919065823668761,4.448027272350315,0.08417856856269976,48.0,2399.089204036943,21827.022760911255,1.1228692457687568,0.7658604477512722,0.923947133222848,0.9728150581342583,0.0643021546562299,0.055389855135617616,0.4217484789560919,0.8888209186510783,0.3802837903981171
2.562329589343811,0.799515503871814,1.1067057606464368,4.468550853862062,0.2166918617471052,29.0,6175.718059792498,26672.384946653983,1.0741591434566424,0.9358731560229467,0.10456986664319395,0.9573318067356403,0.2002993613937304,0.051053373808294,0.03230381571461388,1.0412361204635996,0.07925728647676866
1.3375824368880784,2.026009521811323,1.2410199246701623,4.604611883369564,0.10388604521486852,46.0,2960.752288623753,22848.30243455691,1.1333077683462913,0.8016948222651548,0.911890020055556,0.9803995080133275,0.1276549568741976,0.09810067419822294,0.46131853322223537,0.8486046414760837,0.21722416894582075
2.291143579971379,1.0035949367842865,1.425843929650919,4.720582446406585,0.1988270714709833,31.0,5666.571536923024,26317.043251297306,1.0058143601142546,0.923405026361309,0.4466273589026726,0.6040219502379551,0.2798732328233726,0.08096995965723985,0.06857886432327748,0.7857270434593475,0.15716839838573193
1.6805805862561554,0.6151473708416884,1.83590166880846,4.131629625906304,0.14213719146725307,37.0,4050.909956816712,24981.39050916961,1.0282080395273567,0.8765400178656003,0.0850655173041498,0.9927895999890091,0.28889755701179115,0.09690920626379096,0.006468567617925969,1.010474797848,0.35902034411352535
2.038969686323214,0.5691624964458102,1.5123099780748017,4.120442160843826,0.17712632975918435,33.0,5048.100398136754,25995.584263259603,1.0525140022166621,0.912125763623144,0.1806257958598012,0.9887015961733795,0.17296119279073097,0.1158710418604359,0.06454745569995624,0.8368012290829783,0.26079035974020925
2.065805931502103,0.9023638981930674,1.6691677271450476,4.637337556840218,0.17944893828058428,32.0,5114.294740996652,26024.269762030795,1.0542305414033188,0.9131322723519577,0.2619179335159192,0.583827567248208,0.27259692007243186,0.0077426314739692526,0.11577529228425021,0.8028232263749331,0.30479224007357963
2.4376847638231087,0.6962911253246544,1.7665474200501388,4.900523309197902,0.20593446813799857,28.0,5869.132341932959,26701.01821161542,1.1233700251851606,0.936877831986506,0.15754809590771923,0.32377138967390817,0.13100837509522606,0.09151130356442577,0.17111523338704804,0.938050001673429,0.41358619430374244
1.4251009016056717,0.9470431326692001,1.9386636401334973,4.31080767440837,0.11134976449358011,41.0,3173.468288067033,23795.00080808308,1.1381751458847706,0.8349123090555467,0.2140411334506105,0.9981125723427065,0.17339640890323688,0.11342514773509649,0.2364536929318672,0.8892123877538411,0.520660437796785
2.0812649360198923,1.6335967950351238,1.9997228767647253,5.7145846078197415,0.17864461006303084,30.0,5091.371386796379,26226.270293771642,1.0338980192264673,0.9202200103077769,0.48150479802980634,0.306523867323673,0.06188854856796577,0.10219369535619677,0.12327071350679153,1.1015897183924732,0.5994398381263375
1.988224418528277,0.6249966945060534,1.4856869410331797,4.09890805406751,0.17215697210330105,33.0,4906.47370494408,25921.45785843372,1.0762774009650795,0.9095248371380253,0.06439104545254593,0.9828027409863365,0.10744608406992018,0.047873067058032404,0.1997182614743136,0.8793373662552906,0.32242898661037955
0.5520573758586574,2.8920786006953954,1.293866467355095,4.7380024439091475,0.021131608534138598,75.0,602.25084322295,12380.24073843587,0.9971754475651321,0.4343944118749428,0.3928430255237255,0.9930440980629859,0.2876182114119854,0.0351431446906143,0.9806397268218562,1.0133161005512474,0.3451207515250365
1.5489412869389219,1.1294995127925995,1.8166007091133658,4.495041508844887,0.12785320792649651,40.0,3643.816425905151,24327.009815015357,1.024671089296746,0.8535792917549249,0.4284354855126391,0.8393376956123815,0.34435166139109197,0.058192902056688645,0.09226826759666118,0.8339730197950797,0.3340724879593644
0.7239059315713359,2.556306880511639,1.36195870146153,4.642171513544505,0.03324508824737311,66.0,947.4850150501336,15601.118919713534,1.0918513360711422,0.5474076813934573,0.8338374216869636,0.9909614839957793,0.1013672285738742,0.13271375489169096,0.7852093079819319,0.7600671565844799,0.43655725595404604
1.49301954437754,1.3304779247458156,1.3972030145491483,4.220700483672504,0.12167265116305367,41.0,3467.6705581470296,23980.289709162796,1.0431063314155995,0.8414136740057122,0.9636487993337206,0.990013733194314,0.14648117427773433,0.05148515304360418,0.04683594767770666,1.00667943358001,0.2810907941927425
1.1992517916723788,1.0312415932479406,2.1196122363139516,4.350105621234271,0.08271720438065663,46.0,2357.440324848714,22109.248311893956,1.1448116194427709,0.7757630986629458,0.5365454714870772,0.969991249988293,0.23143138035123456,0.017996459647128538,0.07377452561700576,0.9157874017369991,0.6579030789260241
2.538378959899111,1.0626090933633954,1.4260314115579131,5.02701946482042,0.2148228252757577,29.0,6122.450520359094,26675.953036984032,1.1049534485897003,0.9359983521748784,0.20288196922994445,0.5890733440122045,0.1911941455930169,0.20288163024948924,0.11353152567553082,1.043234106799108,0.16685856502104457
1.380750824649566,3.0061959835772485,1.67715904218651,6.064105850413324,0.10818310327395539,43.0,3083.2184433077286,23310.325203941436,1.0390269678438262,0.8179061475067171,0.7901920332005113,0.800803144986852,0.2552515232691202,0.0529102926211476,0.1314203169249224,1.1962857539529015,0.3513150415103503
3.2290345385682726,0.5754795024210767,1.8123364547043446,5.6168504956936935,0.2532824744094872,25.0,7218.550520670386,27236.377137589996,1.0170988488350556,0.9556623557049121,0.08691544757520142,0.1352231984284854,0.1955140919900733,0.7319514680093218,0.09764645843038267,0.9997599501442425,0.14488748853806044
2.4819060484257527,0.8047377104732685,1.7112810130954945,4.997924771994516,0.21004092222797968,28.0,5986.166283497421,26668.971060871507,1.156327092008166,0.935753370556895,0.13942068829250465,0.24178008900938652,0.2292531377268352,0.09515895479481185,0.16071865779525552,0.975520624576357,0.3104981266075688
1.3407467851212347,1.9947258528956724,1.7198123721108085,5.055285010127715,0.10265640327769686,44.0,2925.7074934143607,23094.515731332547,1.0655940582662153,0.8103338853099139,0.7270935208468728,0.9859545805977334,0.18927033570852336,0.16245557824465506,0.11178436224189248,1.0950197630002787,0.38433269742815757
2.0477918933690775,0.8385216063445797,1.2265175880282209,4.1128310877418786,0.17782497790956303,33.0,5068.011870422546,26002.887650364606,1.0192197052430685,0.9123820228198107,0.0016661996938265866,0.987360170179439,0.014880050025618874,0.05873292562569099,0.40726766580616247,0.9338683109026591,0.25984390671641666
2.107877013413438,1.1000529304504085,1.8281323303790504,5.036062274242897,0.18211622812673484,31.0,5190.312501611943,26033.37919227809,1.1364199902028087,0.9134519014834418,0.5639875970276171,0.28713048945148756,0.344743679359374,0.10880611488534586,0.009474907191865167,0.8439422183597203,0.28742272886233167
2.322876378418246,0.2957397764054247,1.6754132737458636,4.294029428569534,0.19727110035485498,29.0,5622.226360113367,26637.780981475287,1.1362591728855755,0.9346589818061505,0.05635232471794149,0.8130663686003635,0.030168073386316052,0.07331904849663129,0.09706767080400458,0.7918118761633828,0.4538795655242298
1.753665269473128,1.6300769477626502,1.4453509010507215,4.8290931182865,0.1498867711802715,37.0,4271.772978637738,25128.934491520642,1.121736329680881,0.8817169997024786,0.5359228649474963,0.9595071212338465,0.1722302427364164,0.05888490767792126,0.07944297764074365,1.0846153454286303,0.26214097216150734
1.9958975520819118,0.5626391818443535,1.9528367267899607,4.511373460716226,0.17262843090996,33.0,4919.91028093386,25964.031142683976,1.0418001054601815,0.9110186365854027,0.18308276788437072,0.9903379782513831,0.09233182311160165,0.6325333579640158,0.025014246746955016,1.0238787732248338,0.3335976316345324
1.0132917014689802,3.2951620495182214,1.2319030546928817,5.540356805680084,0.06517122944106066,56.0,1857.3800390702286,19683.67454401701,1.065774129664894,0.6906552471584916,0.40868878463503955,0.9914938295227606,0.2097084910646626,0.06850668954315009,0.8495880228784344,1.1090918103161649,0.21827657039404968
1.4263535670625183,1.1057346539776591,2.1035544424729338,4.635642663513111,0.11238290850408096,42.0,3202.9128923663075,23729.799913537423,1.0941739472679264,0.8326245583697341,0.41542604823008034,0.986168794632063,0.12765531063021096,0.6295485419224077,0.24941281990113123,0.9336805634219625,0.4255269222895999
2.005162945855187,0.797709492344534,1.4364654341112522,4.239337872310973,0.1747023392550096,34.0,4979.016668767774,25795.80999766863,1.1150381929008646,0.9051161402690748,0.2100183189672019,0.9971823258993319,0.22370700534809884,0.16638960189690166,0.1260653326775919,0.8938329990632328,0.17323460074842334
2.672043721668762,0.7201833218994361,1.0439402728468643,4.436167316415062,0.2229787299295703,28.0,6354.893802992753,26912.58410151297,1.1010079639249062,0.9443011965443148,0.20198364833271953,0.9824322290097566,0.003335194874977132,0.01960081978274092,0.01955709848313092,1.0592603355359986,0.18539524541278052
1.9033352604506075,0.6905158372047437,1.601762665134038,4.195613762789389,0.16425428806956854,34.0,4681.247209982704,25686.556454107642,1.113779197937977,0.9012826826002681,0.09788820519125774,0.946826578463045,0.1724545504805487,0.07442110773769645,0.1669729031463315,0.860038590979868,0.32391791032497075
2.118104566354798,0.559548662971914,1.4650808730777714,4.142734102404483,0.18346168243640706,32.0,5228.657949437601,26110.493461863185,1.1294178296454618,0.9161576653285328,0.13361921290681134,0.9876659035624185,0.2030207003990846,0.11161327592300596,0.060699199733237896,0.8229837356143346,0.2159308315341537
2.090113308374703,0.8382195618714434,1.3104252175424218,4.238758087788568,0.18254997366206074,33.0,5202.674249368732,25933.27844444966,1.008603381360563,0.9099395945420934,0.2652506636499732,0.9658276912082645,0.27254388288857834,0.07330971758526761,0.08207653694430139,0.925433434779948,0.11922587999333167
1.749008667117334,0.790416887304703,2.4120734424430306,4.951498996865068,0.14677899186603188,33.0,4183.201268181909,25434.98708095257,1.0112294589854323,0.8924556870509674,0.3345064775977205,0.39998570375586806,0.20830962261463393,0.012485655088696701,0.07172298789251585,0.8894397826735756,0.7677917364827724
1.1697878502978976,1.304274876511713,1.8066280749100463,4.280690801719657,0.0806119977183148,48.0,2297.441934971972,21733.51629566013,1.0488999924372937,0.7625795191459696,0.8902926632529801,0.9933649541380255,0.18992160947255443,0.07918076711851574,0.0645498995249506,0.9862093261146843,0.49793444430903655
2.55799726536701,1.6293355982165882,1.2778656094834355,5.4651984730670335,0.21694821841886847,29.0,6183.024224937752,26544.704618745316,1.0792790438834587,0.9313931445173795,0.04720324332010284,0.10371900810551693,0.2005364333219628,0.11782909070635128,0.6406638524567706,0.879717838786416,0.12758660624536056
1.4502809727565484,1.6670236124358937,1.409973210803027,4.527277795995468,0.11763126562976656,43.0,3352.491070448347,23574.20564970027,1.0973443907195655,0.827165110515799,0.655629130918665,0.9728328130699351,0.2777202739997103,0.0602932255297155,0.2974070352588316,0.9921021931022995,0.1937227804746504
1.8020652620686206,1.1806626733850265,1.4012349743377062,4.383962909791354,0.1548722994393011,36.0,4413.860534020081,25306.802802302947,1.0992116919036217,0.8879579930632613,0.8760781115992916,0.7908615147269842,0.14150288680511303,0.0058968790757034095,0.04616511578903265,0.8330800135267555,0.2811940898778422
1.1757784851245263,4.504423230099276,3.734853773411671,9.415055488635474,0.07554666673803462,43.0,2153.0800020339866,22233.13747372659,1.0753155661063158,0.7801100867974242,0.042519218640434286,0.995922517845407,0.1210454137680439,0.08375128308882379,0.017914099719998133,0.8958384686327965,1.7240674307669224
1.8043687075283432,0.7982598963682657,1.9817634063383096,4.584392010234918,0.15582853097732707,36.0,4441.113132853821,25327.96463096918,1.021332232773909,0.8887005133673397,0.24583965107833938,0.9926600217929614,0.23349377532010052,0.6682178508163158,0.10108979115488775,0.7540208721896509,0.24123949615388085
2.2917520563813376,0.4170188786247075,1.3861454839080043,4.09491641891405,0.19668382564461226,31.0,5605.489030871449,26423.05121659692,1.1273534119216126,0.92712460409112,0.17357960816098522,0.9359095453698542,0.16120971660449412,0.0879152398495513,0.0008123477784905409,0.9683549386230288,0.2131027343898566
2.1142181175641084,0.5614662682993917,1.3594044969208987,4.0350888827843985,0.18346559726846165,32.0,5228.769522151157,26169.555769074683,1.0425622037977162,0.9182300269850766,0.39934522926938976,0.9915877201058451,0.05462178688885455,0.1188012479106259,0.04009417934836007,0.9621891674948047,0.2690960009018193
0.8943678086155857,3.0311751578445945,2.118184304399973,6.0437272708601535,0.05000043004669107,59.0,1425.0122563306957,18288.4332195831,0.9971426978790943,0.6416994112134421,0.1924404577713862,0.9643526822537958,0.21970785966958395,0.8115465106214862,0.689322470956311,1.1413159960820263,0.39727589722168144
3.1488281795292297,0.562040460792104,1.3539420923226686,5.064810732644002,0.24961530503205176,25.0,7114.036193413475,27189.470406707955,1.102887919518323,0.9540165054985247,0.1131983114581735,0.27320060315373984,0.23580326136793417,0.08393594060136478,0.011645413583145858,1.0089808037644672,0.14327801707533094
2.5556200721974784,0.5333320485977026,1.2273696961191198,4.316321816914301,0.21613061960274402,29.0,6159.722658678204,26735.48074416941,1.1512922723370382,0.938087043655067,0.21067807601530925,0.920216804524172,0.11925805732717587,0.13241879338934676,0.07188344329581475,0.7277186150002342,0.1510612405281755
1.6966923177851052,0.7611336928252852,1.781518924488545,4.239344935098936,0.14381184355200827,38.0,4098.637541232236,24925.471458847012,1.135313499548303,0.8745779459244566,0.10685454058172789,0.9857936226657192,0.31425351622623565,0.20132653493764224,0.09144943895210189,0.9579242092082767,0.2697189673564342
1.2435230578146779,1.2283435974436925,1.9135355575656354,4.385402212824006,0.08952478380813372,46.0,2551.456338531811,22423.835987864186,1.0746900366116279,0.7868012627320767,0.6393924654028127,0.9947201315951726,0.24765141973683236,0.04614860000537402,0.03236191223942336,1.019093772244598,0.5074456291922242
1.8138663162011974,1.2251807215856492,1.7424431433870808,4.781490181173927,0.15523628654669316,35.0,4424.234166580755,25443.706637306022,1.1341510428576402,0.8927616363967026,0.20446415722506905,0.9759862441179988,0.12648050051276666,0.25845521828964135,0.11472968805902706,1.075192054684172,0.35876268013335544
0.9322157767778866,2.636105903741341,1.6936374666161322,5.26195914713536,0.05561316258377312,59.0,1584.9751336375339,18680.608445927224,1.0489243983642358,0.6554599454711306,0.04242872654258706,0.957550653873704,0.14121657594489123,0.735026847273904,0.9862984970653201,1.051156914893847,0.2534418284510611
0.9355478471846083,2.0237763863607783,1.69773115254586,4.657055386091247,0.0542408722805652,57.0,1545.8648599961082,18845.59160363409,1.1249116529510277,0.6612488281976874,0.23130906024861903,0.9749978539914478,0.32141359930000973,0.07925447769034033,0.6551734635810724,0.9472392950328388,0.3903233707237339
1.360459114054787,1.5294724891498237,2.028513521104184,4.9184451243087945,0.10501949324267763,44.0,2993.0555574163127,23180.58661096621,1.1571512250402083,0.813353916174253,0.9528974755249939,0.7570754641947217,0.3078659730171944,0.3585511075410894,0.057388027049519064,0.7627886592656421,0.3665906477700407
2.4164513942090764,0.9241014517488991,1.90968996623526,5.250242812193235,0.20387350354322278,28.0,5810.394850981849,26655.090320725412,1.0944587687346403,0.935266327042997,0.2371886225569519,0.01875693729780059,0.21183520971680064,0.023408716123623274,0.18458000730837315,0.8547834273174792,0.4541629245214276
1.304650535599393,1.5924905422158042,1.527036366486099,4.4241774443012964,0.09800587964348155,45.0,2793.167569839224,22845.30635043838,1.0724350562191116,0.8015896965066098,0.6875616888663517,0.9935667658259881,0.06473470647898061,0.1219950634730726,0.4039133968154909,0.8566551826513407,0.4036921261511379
1.865608104865372,0.5049040493435384,1.6093666641410707,3.979878818349981,0.1608436078221559,34.0,4584.042822931443,25613.43642580022,1.0138604509078655,0.8987170675719376,0.06727794036072299,0.9991783493609412,0.2007582075651938,0.004584898560949624,0.05995168896017855,1.0020731774643334,0.33808253170759883
1.4748656906360174,1.02583942317622,2.3957996509546575,4.896504764766895,0.11735855044405014,40.0,3344.7186876554288,24137.947358192003,1.039881322417042,0.8469455213400703,0.20579938316877783,0.9944991482841047,0.09484746141837219,0.7590398996052141,0.19061470196247743,1.0370674304943661,0.5477135655179968
1.393328020158437,1.0300185542752005,1.915729765848487,4.339076340282125,0.10858803729089073,42.0,3094.7590627903855,23523.604167258985,1.0379208487124643,0.8253896199038241,0.4607945153313798,0.9189649516550502,0.3026362655428398,0.0460991699044116,0.057634820314780455,0.9402929770672204,0.4396658405018572
1.562345635213019,1.5172538542954463,1.8432922254632176,4.922891714971683,0.12869149444775177,39.0,3667.7075917609254,24479.767577726932,1.0445364368631798,0.8589392132535766,0.14947230461805117,0.9998280295740976,0.281310358425931,0.03790741823680127,0.020671333913265033,1.113059168026496,0.40208593254178204
2.322647970081634,0.4402585408987609,1.5377587145566378,4.300665225537033,0.19868889315700197,29.0,5662.633454974556,26543.33154090477,1.0808551364913628,0.9313449663475357,0.10041929828313834,0.7385519290211402,0.15327922541358718,0.002179497527008356,0.05496020224762088,0.8901165035380925,0.3222581719318107
2.255276776052326,0.26094043990238325,1.5055350927366333,4.021752308691342,0.19426466676611878,30.0,5536.543002834385,26477.33101241021,1.0436961745397644,0.9290291583301828,0.12420388089668705,0.9647238951908865,0.08286700731564,0.10036687149644619,0.0062180240161180955,0.9067952341758376,0.3220739564405948
2.2811964833595324,0.40406157660898046,1.4048273842657188,4.090085444234232,0.19654047401618918,30.0,5601.403509461392,26496.21263580813,1.0088944806219133,0.9296916714318642,0.008131288436902251,0.9158789129465661,0.06853146465167465,0.04856011016047912,0.1465665455972831,0.9524195946893728,0.3041127517150324
1.628430512399805,1.2854948306269143,1.83221523387508,4.7461405769018,0.13524085507251427,38.0,3854.3643695666565,24784.390512830745,1.126159784505719,0.8696277372923068,0.24621725923264692,0.9592174219776264,0.222845368952865,0.08262270095803809,0.039767483956853034,1.078184318756408,0.4155138302761223
2.3771712530709475,1.14873418390259,1.459358720158845,4.985264157132383,0.20392172707353742,29.0,5811.769221595817,26534.06140417338,1.0404285484113,0.9310196983920483,0.36568962044588504,0.48648082627736744,0.18193775346888724,0.022732762564248665,0.07559070496207215,1.0448695654161537,0.2566550892866868
1.909170973914521,0.5809513326803509,1.9465409059010064,4.436663212495878,0.16345365174482493,33.0,4658.429074727511,25821.86819988582,1.017813545351782,0.9060304631538884,0.08021372194690146,0.7006918721982063,0.18132289774358346,0.056425148611271014,0.11437663205903714,0.9362584178721742,0.5025338790462968
2.3629320400608003,0.47954175949743566,1.4980712491651809,4.340545048723417,0.20168659785043366,30.0,5748.0680387373595,26529.2320280063,1.1083506196669592,0.9308502465967122,0.09764222046279936,0.71181006770792,0.21662383488760584,0.03805237210743179,0.02261242963585941,1.0014673659289386,0.24349545719915433
1.9495199480668914,0.6186744218270273,2.151922524575245,4.720116894469164,0.16831927520510176,33.0,4797.0993433454005,25836.779835676793,1.052278566049157,0.9065536784447997,0.06445753969177942,0.7061237060470399,0.1934342031578285,0.5675947702200953,0.1320327886992525,0.9946698897237183,0.38489131663692344
1.4451771502013264,0.7236135132290906,1.9987805301181953,4.167571193548612,0.11496820089217803,41.0,3276.593725427074,23860.85462746608,1.0142461374620648,0.8372229693847747,0.13418929641451882,0.9853614617712877,0.3852649947614167,0.02976604596605087,0.005763362336223377,0.8567240188577843,0.41872477119289986
1.599165164264227,1.2000127626706447,1.7275320741674947,4.526710001102367,0.13260783744801566,38.0,3779.323367268446,24646.395964820505,1.0859158931241197,0.8647858233270352,0.24513142761628082,0.9935778340635272,0.16717830364890496,0.10577464614070575,0.1709816964394254,1.0452688108377695,0.3984727185198569
1.596152177054394,1.6473038863202132,1.198741036926385,4.442197100300992,0.13398010250148565,40.0,3818.4329212923412,24347.326007550175,1.1593211245484327,0.8542921406157956,0.4124721844765698,0.9842753904625298,0.13366974432807277,0.048767082183151345,0.5171635426757671,0.9379722558525634,0.1877678985843927
1.7875157352951183,1.8443062806288173,1.770284919994435,5.40210693591837,0.1552820707611827,36.0,4425.539016693707,25088.590069282498,1.0004420998032237,0.8803014059397368,0.5252862397963519,0.37115533658799826,0.37082100452913336,0.2147921186443335,0.3813942670193826,0.8008809767385809,0.21741188816498802
1.1912156753045406,2.1732236482661307,1.2128481865298397,4.577287510100511,0.08662686504387729,50.0,2468.8656537505026,21563.617966967435,1.0862502497101252,0.7566181742795591,0.10379543378513412,0.9941787364624176,0.21804131985521308,0.01685125181956859,0.8711831173490884,0.9969803208379702,0.1905872607165513
3.5423389654111612,0.36200728510592994,1.3519298937470734,5.256276144264165,0.2644979463916036,23.0,7538.191472160703,27483.158482815645,1.0012959085113702,0.9643213502742332,0.227535751391174,0.04613561708298897,0.06402496243605033,0.055389855135617616,0.01921704503034022,0.9689224941797003,0.26772524572202894
1.857360623459321,0.953306941380065,1.3531001196040298,4.163767684443416,0.16067396096357936,36.0,4579.207887462012,25432.28981942923,1.0918599279649293,0.8923610462957624,0.6145938123822606,0.9846902055381911,0.18273699837905105,0.05600910752583316,0.03230381571461388,0.9116909408041993,0.20859989733714102
1.5990073335033166,0.8025029970068496,1.804997650597815,4.206507981107981,0.13251908371296622,38.0,3776.793885819537,24658.594920556556,1.0852186527366607,0.8652138568616335,0.27511658934422584,0.9890333798573898,0.1993873780265002,0.1276126243637143,0.11415267031143667,0.9382267773038033,0.4045452510487815
1.4862486911467068,1.1892078420315177,1.608406772563867,4.283863305742091,0.12010486444693122,41.0,3422.9886367375398,23998.177588300317,1.1367431465870612,0.8420413188877305,0.5789866445700682,0.9868573729596786,0.21133867419789076,0.03447888955069206,0.14660659308230672,0.8963238739142527,0.3433822547573495
1.453947030496961,1.2467727666873898,1.6040575735614955,4.304777370745846,0.116272749760298,42.0,3313.773368168493,23833.867254498764,1.071180170420662,0.8362760440175004,0.373196828470298,0.9928685088527442,0.20977521722501297,0.004932535558375861,0.27945655618978615,0.8975989312544668,0.35902034411352535
1.9676109888173923,0.7095568630700295,1.4484427402733246,4.125610592160746,0.1706810010835145,34.0,4864.408530880163,25818.013366720712,1.0477799389127402,0.9058952058498495,0.32102016248402065,0.9758285539131628,0.17296119279073097,0.04290735578715593,0.06454745569995624,0.8368012290829783,0.26079035974020925
1.4505936679353164,1.1301212603014643,1.711081794819387,4.2917967230561676,0.11578172055437365,42.0,3299.779035799649,23826.401820371753,1.0966884492287934,0.8360140989604123,0.634561986687723,0.9816873941016057,0.27259692007243186,0.009950107721367618,0.04333194675254676,0.7788783123711078,0.36347105503113397
1.4259177886793857,1.2443342041206924,1.634104714688013,4.3043567074880915,0.11326707263557595,42.0,3228.1115701139147,23682.037937863806,1.0131156359735294,0.8309486995741686,0.9478555699282664,0.9548604660780102,0.13100837509522606,0.1803170419751649,0.04998303577479346,0.938050001673429,0.3673834976417041
1.855567267303834,1.223288536460023,1.6023969755713208,4.681252779335178,0.15999288819931295,34.0,4559.797313680419,25487.674815970928,1.035373535305304,0.8943043795077519,0.45179796520400173,0.6562664958793931,0.17339640890323688,0.11342514773509649,0.255697978950583,0.9266549472841001,0.31231803846115724
0.9687320824903387,3.000367606895058,1.0490533594185802,5.018153048803977,0.06099701396638735,59.0,1738.4148980420393,19044.938582651233,1.0573445343215875,0.6682434590403942,0.48150479802980634,0.9924451704259832,0.21575600264316103,0.0010331374012017003,0.982587517778033,1.0287567211680555,0.15963583882745258
1.9546469413519307,1.4468687478522217,1.9784584665751748,5.379974155779327,0.17000451504341105,33.0,4845.128678737215,25662.664341077918,1.0519247838048242,0.9004443628448392,0.8566952515996838,0.05609710797422196,0.3855278809020558,0.1656188884474038,0.0059408374497271765,0.8793373662552906,0.31577243960017043
2.1265818721290164,1.5481926551477554,1.525176052872689,5.19995058014946,0.18354134406790815,31.0,5230.928305935382,26285.616388888153,1.0332139988167814,0.922302329434672,0.052589561897775305,0.9930671925713965,0.05315605652954036,0.0351431446906143,0.033234531209499985,1.1686749932545837,0.38326558143381373
2.2400090243948747,0.6308729220639779,1.3764551711431903,4.247337117602043,0.19408112231178073,31.0,5531.311985885751,26345.656598140955,1.0102972688778429,0.9244090034435423,0.18852536645189982,0.8393376956123815,0.17187401361250387,0.028082557031298694,0.09226826759666118,0.9066232223538564,0.22672754087945535
2.7524695599401454,0.6542920028436696,1.6290056040709466,5.035767166854762,0.22724169105312228,26.0,6476.388195013985,26954.353921691356,1.0338904517458305,0.9457668042698721,0.14500587969506462,0.24359073245607354,0.23719629321899138,0.11078748001248184,0.07674584166005899,0.7931314223929231,0.2594809096415309
1.4401874711936196,1.4501676598602362,2.2976452457869545,5.18800037684081,0.11452746327831329,42.0,3264.0327034319284,23737.811995154527,1.1376359892276324,0.8329056840405097,0.20457779384155939,0.9883903417459985,0.32119335649468916,0.659648390950852,0.03688330669528406,1.0862541522357594,0.3607808744021863
1.6000451994104197,1.3911789046613228,1.524853382146786,4.516077486218528,0.1324201761918891,39.0,3773.975021468839,24608.456096970564,1.1485827444506014,0.863454599893704,0.742920229670038,0.9882204680644233,0.09968645056890818,0.061736879484132756,0.028713136753639235,1.0551628407038305,0.3634717277033088
2.093076005633778,0.6343812453071366,1.4824388941515263,4.209896145092441,0.18241557825984167,33.0,5198.843980405488,26000.16386337343,1.0897103039574005,0.9122864513464362,0.14104285173081854,0.9880838902357567,0.2414856195830104,0.20288163024948924,0.06555498210090122,0.9087405508216664,0.16685856502104457
3.3165875052035334,0.7036480899518975,1.2107016378061295,5.23093723296156,0.2566071230576414,24.0,7313.30300714278,27328.88599157423,1.0388208076313492,0.9589082804061133,0.58161994369324,0.030456920154164124,0.06447270882494027,0.014941957887450896,0.01265954151062354,0.9216441524455949,0.2175954471495274
1.2617755334989953,1.4944590107499587,1.6436021767018363,4.39983672095079,0.09254855569671806,46.0,2637.633837356465,22472.67521752622,1.140474502394614,0.7885149199132007,0.6535779357978294,0.9698567855566631,0.20992449775161393,0.004011072098944912,0.2629971641623542,0.9490317670034245,0.40621264654715006
2.126145399677527,0.6274176183564137,2.0033789088311345,4.756941926865075,0.18305703843652546,30.0,5217.125595440975,26264.051449828676,1.0605452592187241,0.9215456649062693,0.19033500903483658,0.42118048074889924,0.20206881828078904,0.11138927200004956,0.0669896909501968,0.975520624576357,0.4824904870636626
1.5394597074461172,0.7453064147251426,1.946616840366155,4.231382962537415,0.12428110081677171,39.0,3542.0113732779937,24469.64184404227,1.1549569915115487,0.8585839243523604,0.39226877995341125,0.9937309947626244,0.13644978479279585,0.12302269025398505,0.0741814787912688,0.8674252416179002,0.5359319665221598
2.467596459460558,0.23345975245714368,1.2496806344749145,3.950736846392616,0.20854102789083345,29.0,5943.419294888753,26747.24115361707,1.094720813426501,0.9384996896005989,0.0016661996938265866,0.987360170179439,0.014880050025618874,0.0063235124060943,0.10473673886244439,0.9694212662754453,0.2789787779197548
1.304340012186347,1.1900041554855554,2.0088166021155636,4.503160769787466,0.09901635103604992,46.0,2821.9660045274227,22688.12019730817,1.1378745384776199,0.796074392888006,0.3065902275997392,0.9710195493432223,0.4614213979260142,0.26077777460036433,0.09564091549839743,0.999181359773611,0.28795935738983847
2.234349938866751,0.8001462670093762,1.2123479571764224,4.2468441630525495,0.19293985083155238,31.0,5498.7857486992425,26303.585760585367,1.110535723619407,0.9229328337047498,0.39308176563857944,0.9412587503940077,0.12030692666861553,0.02374588877898609,0.11330205568393675,0.7011441096704822,0.18746198217665455
1.6640051712255297,0.9980313149116289,1.5117478030010285,4.173784289138187,0.14007917942438372,37.0,3992.2566135949364,24965.246137414666,1.0027492214776532,0.8759735486812164,0.5359228649474963,0.9593361186427662,0.03934634790950364,0.031117616466786402,0.2015444640499386,0.9259136289207828,0.41324373369077616
2.163052483746876,1.02981283840735,1.5270355129268354,4.719900835081061,0.18856746618768727,33.0,5374.172786349087,26037.748802033002,1.1150936649819516,0.913605221123965,0.8498865304587921,0.9788735909103814,0.061204499769507814,0.8356658023925644,0.04405977914714798,0.855873939952543,0.08482292938731817
2.3644745222821903,1.0398004799195701,1.1386663352642912,4.542941337466052,0.20336536020495846,30.0,5795.912765841316,26490.107743976343,1.061513214776051,0.9294774647009243,0.034847500074722815,0.9481317253476539,0.10622441922176329,0.016021658246005877,0.19961161001,1.0557991413740253,0.16550985190099965
2.529103692889857,0.16432999484613983,1.3008057525871894,3.9942394403231862,0.21358564225616092,28.0,6087.190804300586,26802.995389689586,1.053969124060636,0.9404559785855995,0.007565650789646716,0.9911462048211795,0.05994507419433165,0.09257934969399606,0.03342336638249782,0.9336805634219625,0.23921259903641
2.334794743963734,1.2897368332034582,1.6085299234635944,5.233061500630787,0.20047339039400938,31.0,5713.491626229267,26444.263952982674,1.1432999148703205,0.927868910630971,0.23303481049879926,0.9971823258993319,0.07361258066076798,0.6805609510146144,0.054038902167058755,1.1047756684224237,0.1589018958186239
2.027117856647915,0.6317103371420075,1.417643313570053,4.076471507359976,0.17599411448677282,33.0,5015.832262873026,25973.732972671216,1.0590152892402078,0.9113590516726743,0.4106044032551631,0.9687123933063148,0.12132782461372171,0.0659465084492617,0.01955709848313092,0.9062116125667439,0.27171857426543333
1.7648238513549075,0.623915301266371,1.752723860606903,4.141463013228181,0.14996155729073438,35.0,4273.90438278593,25327.418164355382,1.0616087851819096,0.8886813391001889,0.09788820519125774,0.9874188156977902,0.1724545504805487,0.11581470415075557,0.13367263517714512,0.9097070384715971,0.39124393868059126
2.5819049186057907,0.24830932431508485,1.2055011381188392,4.035715381039715,0.2180363482713207,28.0,6214.03592573264,26850.13722079831,1.006736690346393,0.9421100779227478,0.030142099412097778,0.9913173544111569,0.020930665666669346,0.11161327592300596,0.09338561320149152,0.9402729717164937,0.2159308315341537
1.5894792087264193,1.484048149271036,2.257220619260945,5.3307479772584,0.13303343521470692,38.0,3791.4529036191475,24354.268065386175,1.0929445649590228,0.8545357215924974,0.24481635541405988,0.16872033757108917,0.6630163539214078,0.017791957930091806,0.12235363148743217,0.9260350436622888,0.3268918507182077
1.5275035348969617,1.0015236146329554,1.668640733591707,4.197667883121624,0.12489595080340242,40.0,3559.534597896969,24253.290258279503,1.0938561954914776,0.850992640641386,0.4270450454505901,0.9930700458570633,0.23377236133266566,0.016716945438167985,0.1119100135916834,0.937713556025608,0.36047303048557566
2.045478889116488,1.05753729334132,1.511315171081511,4.614331353539319,0.1786814469008643,34.0,5092.421236674632,25836.297367030656,1.086938785213899,0.9065367497203739,0.8902926632529801,0.9220672949147486,0.04270293403008296,0.7122772809447706,0.05159511452160781,0.9862093261146843,0.1335383857589214
2.0921768985633498,0.622178919176995,1.313882538053875,4.02823835579422,0.1812055095595362,32.0,5164.357022446782,26161.270629631945,1.0194805643071545,0.917939320337963,0.315182751106635,0.974225542971548,0.004353266959447266,0.03965209377002765,0.1502331338155945,0.9682241431837226,0.3148764702862241
1.521987637108104,1.2314362307560347,2.325503406312733,5.078927274176872,0.12306037789090551,39.0,3507.2207698908073,24328.176640349044,1.1170814975709935,0.8536202329947032,0.6413422318990776,0.9728328130699351,0.026505978756963533,0.9525450510475428,0.08812247178332944,1.0467612608943566,0.4743185490438986
1.2310796532852843,1.1770262786154262,2.039932405865361,4.4480383377660715,0.09019599928058811,48.0,2570.585979496761,22088.479106110015,1.0838534093017385,0.7750343546003514,0.11223004599481484,0.9739554672797114,0.6104423783125847,0.05431376547662714,0.07456633257586709,0.8330800135267555,0.2863072076680204
1.2162370289213775,1.038026600979275,2.1029876152217417,4.357251245122394,0.0871249185076519,48.0,2483.060177468079,22058.29228747837,1.1168473366305693,0.7739751679816972,0.025953745380616566,0.9649497776195968,0.529051522295638,0.04431446120138682,0.10924778607760066,0.8835740664730967,0.3877419275724998
2.4991039840104565,0.33959527152625185,1.4410782166669835,4.279777472203692,0.21119113056881764,29.0,6018.947221211302,26756.355817955875,1.096580900672693,0.9388195023844167,0.12905710012157878,0.9478278381103412,0.005572392729931708,0.36311873795840055,0.10108979115488775,0.895125138460362,0.24123949615388085
0.962798609376798,3.110722549166553,1.5918571364781267,5.665378295021478,0.058962105432033944,58.0,1680.4200048129674,19072.333815147107,1.114253095778751,0.6692046952683195,0.6138108049958392,0.9624990216234584,0.13718550311788175,0.6116749237859782,0.802266035190221,1.0858251773891812,0.24674588873095615
1.434029450837897,1.2777671390720642,1.632185205049743,4.343981794959705,0.11525296041089889,43.0,3284.709371710618,23620.453570128702,1.0033541560875656,0.8287878445659194,0.672258637691026,0.9836131409155072,0.3368093828969224,0.036251828494127,0.05014721351782725,0.8951706985872421,0.2690960009018193
1.4541152432342048,0.9553242250567022,1.847071488397278,4.256510956688185,0.11430695209859063,40.0,3257.7481348098327,24077.68811530498,1.0610923111960207,0.8448311619405257,0.6503529634729764,0.9904120143349314,0.022678690733284712,0.04272492790415022,0.13547661274189937,0.768985830557555,0.6234243544435891
2.375735842863343,0.6482819017466923,1.1230817197966012,4.147099464406637,0.20377299144657024,30.0,5807.530256227252,26489.658106538594,1.089585978716313,0.9294616879487226,0.20317828145153116,0.9816655593340408,0.12221153511771338,0.029302325570347065,0.09496994375142676,1.0089808037644672,0.14327801707533094
1.6622604238822922,1.2069088366249248,1.4681177026841372,4.337286963191354,0.14037532450791926,38.0,4000.696748475699,24797.774052646902,1.1071881660249345,0.8700973351805931,0.7165575755111966,0.9875106978329065,0.16355231552836064,0.11241168607632734,0.12251139391059357,0.7277186150002342,0.26480375180539184
1.5561395647369811,1.2433338320808036,1.478337116455948,4.2778105132737325,0.12874199667445732,40.0,3669.1469052220336,24322.095275237967,1.1033649144793587,0.8534068517627357,0.8701068334014916,0.9855109880105992,0.09771343499471263,0.20132653493764224,0.11332842309362151,0.9696468857751792,0.29111163563302167
2.3485687090253693,2.2081147694100682,1.2716366894916111,5.828320167927049,0.20059796921786066,29.0,5717.042122709029,26588.30156584348,1.0826280045414463,0.9329228619594204,0.0016661996938265866,0.9797507327237329,0.014880050025618874,0.0063235124060943,0.10473673886244439,1.2468318771191156,0.29165503301391915
1.0215128419824464,1.2262834330740269,2.1524205837206916,4.400216858777165,0.06317592326360179,53.0,1800.5138130126509,20065.037739888096,1.0142298165355461,0.704036411925898,0.18129557990059636,0.9868963040308908,0.5220812760022859,0.028482994789613192,0.13093296958500078,0.900613889989331,0.47432647105167014
2.4285744359349675,0.8612572157035963,1.2556823394787577,4.545513991117321,0.20863435614574768,30.0,5946.079150153809,26563.382104023138,1.0179217626128594,0.9320484948780048,0.3222328962554509,0.9702895146400549,0.0250740804274181,0.4166872049300079,0.1459717131238385,1.0261837215699177,0.13046433205507046
2.141446430359116,0.6607634139046248,1.3612865293465561,4.163496373610297,0.18442024463354512,31.0,5255.976972056036,26231.639763073064,1.1304765786798887,0.9204084127394058,0.07002003058571615,0.9775117615594118,0.035009089904885715,0.07925447769034033,0.26911487423079006,0.7841326572425489,0.2964565279688882
1.9005198638021816,0.9432371199534632,1.5979336467503638,4.441690630506009,0.16531493482574935,36.0,4711.475642533856,25480.31918310287,1.0787858891060882,0.8940462871264165,0.09292822418820323,0.9494861063225769,0.3464769956416708,0.20565681047715967,0.1652967011513769,0.7627886592656421,0.15372154555595507
1.7469128531332778,1.6345351687560647,1.7354307162709925,5.116878738160335,0.14709246213200933,35.0,4192.135170762266,25363.52305730569,1.0774492074945006,0.8899481774493225,0.2371886225569519,0.9228409049437258,0.01686401933931425,0.0035136461304728916,0.18458000730837315,1.1253613128216744,0.5527746602646202
1.9886837156311925,0.5136896721182479,1.5887912239107105,4.091164611660151,0.1718631920346908,33.0,4898.100972988688,25961.832049741493,1.0331485447431725,0.9109414754295261,0.07787024194671799,0.9847638637082105,0.10978503294299141,0.09544221175081619,0.1355709403785214,0.8657113903886591,0.35366133377126374
1.1546159253321064,1.0692654275195304,2.0678377745842456,4.291719127435883,0.07729419599934137,47.0,2202.884585981229,21689.33611375376,1.0661305076400138,0.7610293373246934,0.631639318536715,0.9922820323188389,0.2007582075651938,0.014748057273542059,0.05995168896017855,1.0020731774643334,0.668669646461634
2.3629423263345326,1.9600964429780312,1.0615453099248044,5.384584079237369,0.2033021525540905,30.0,5794.11134779158,26500.94739516238,1.052121605873862,0.9298578033390309,0.12241651597704295,0.9754654442466572,0.04781858291681762,0.010106468061503171,0.19061470196247743,1.1730903310876009,0.1722580333271253
1.3527903767913354,2.2085595335919344,2.0863844772140796,5.64773438759735,0.10716929713185805,46.0,3054.3249682579544,22750.570222632537,1.1424903965160715,0.7982656218467556,0.38716291231908534,0.6285479322287464,0.7403525982615102,0.18908378381464586,0.18376421696571804,1.0429174112436435,0.14768957087741974
1.8890931896058014,1.8363713093684464,1.9648570529137117,5.690321551887959,0.16347244608383588,34.0,4658.964713389322,25635.260969623556,1.009995265186432,0.899482841039423,0.19719655714383333,0.9689953734442938,0.11368849528457503,0.7221087864657352,0.10313918751276113,1.1577954542840285,0.29411954405174434
0.4538371312512828,1.6244345932023356,2.4348484545753672,4.513120179028986,0.014872238774325081,79.0,423.8588050682648,10414.67742825933,0.9943539318736867,0.3654272781845379,0.01615468019159494,0.9973588458293342,0.9387400465901866,0.15178696600886254,0.09586896943480872,1.0010539880319804,0.42704675308057904
2.016667837884024,1.548885747791492,0.9312191942733117,4.496772779948827,0.17676887563236335,35.0,5037.912955522355,25585.53833440595,1.0651223938105556,0.8977381871721385,0.5905625472068484,0.9948767181133782,0.18661570663890814,0.03774935736620233,0.33919982031314067,0.9067952341758376,0.031742862061097554
1.1721698164250751,1.261909156967957,2.3069372115045144,4.741016184897546,0.08186711743286627,48.0,2333.2128468366886,21633.85185175892,1.0807081724716587,0.759082521114348,0.008131288436902251,0.6987475974314177,0.640429851557659,0.02322553131739591,0.1465665455972831,0.9389829543336103,0.42537240194309334
1.971647368430678,0.7481665163387181,1.4398490182143175,4.1596629029837136,0.17012173194700897,33.0,4848.469360489756,25834.933566452524,1.1588055313643335,0.9064888970685097,0.12745066821407697,0.9827469258196383,0.09429521676644165,0.08262270095803809,0.21171657541832067,1.0069799840172922,0.295234546046828
2.1982531222715402,0.26338232670164846,1.5609375140988333,4.022572963072022,0.18913830836626205,30.0,5390.441788438468,26442.152839283608,1.0277954805426484,0.9277948364660915,0.06873822888976966,0.9357596645107208,0.013047897366838535,0.05438256738367353,0.0875361258808105,0.9940376797867723,0.42216070777771186
2.017363477189483,1.165666276628126,1.3139446375788062,4.4969743913964155,0.17663022157362773,35.0,5033.96131484839,25680.15150723899,1.1107323930865587,0.9010579476224206,0.33768268514297795,0.9774627302158824,0.2705023900979848,0.19672177283476122,0.2111150031690855,0.8394433266569259,0.08173158668862346
0.31329800901603305,2.5149703080381176,1.9954886863241355,4.823757003378286,0.008301284021262362,84.0,236.58659460597735,7379.963679859829,0.8439868409538479,0.25894609403016944,0.8096629780700341,0.9879576328665187,0.7019263067208814,0.03805237210743179,0.32620893494338066,0.920798300436031,0.4888766127151527
2.17308451011359,0.4419504765274883,2.0521649671398805,4.667199953780958,0.1879830871842481,31.0,5357.517984751071,26271.44173507973,1.0808396888910983,0.9218049731606923,0.06445753969177942,0.891106512750167,0.09812492885080493,0.8821423343655019,0.11515277177975075,0.9766693914538926,0.27462945098400837
1.0797034168579287,1.6016098017126388,2.2211827751296602,4.902495993700228,0.07303634634316199,54.0,2081.5358707801165,20420.63855783549,1.1475018861441273,0.7165136336082628,0.2759895353203234,0.9853614617712877,0.702739756686103,0.42076037181790515,0.13575531568158045,0.9698249466513369,0.1886497925360171
2.5784890821990425,0.34705663760498207,1.5096087281203818,4.435154447924406,0.21683030840131726,29.0,6179.663789437542,26803.2041675224,1.075914505694286,0.9404633041235929,0.07452195021625624,0.9931351748521037,0.04321513356995549,0.5696928562419106,0.04505854729814168,1.0146993615546887,0.17201267067293724
3.1349392841636865,0.5367937008399519,1.4575179420905253,5.129250927094164,0.24681951745289354,24.0,7034.356247407466,27264.449693632603,1.1396401613088765,0.9566473576713194,0.2984849360335431,0.1680171755677401,0.07820107588471487,0.09618501072200536,0.06050357548966828,0.8989164536471497,0.29044413040438055
0.8468104019920376,2.944016769951787,2.396032101861258,6.186859273805083,0.045830941654393435,62.0,1306.181837150213,17505.559706699038,1.0869538771314853,0.6142301651473346,0.3057198233942554,0.959641525584443,0.6584616163578934,0.5526823526300589,0.14336641610494572,1.17048396122635,0.3157795797589227
2.169086651597628,1.4635737435387552,2.3210841103046516,5.953744505441035,0.1872878130796406,30.0,5337.702672769757,26244.51102241721,1.0692975150670025,0.920860035874288,0.40348501876664455,0.24820140742282526,0.21804131985521308,0.7365789874796467,0.06387127258276537,1.07566052497797,0.3751800023980003
2.2479084216719363,0.3413695623550882,1.4244828697850438,4.013760853812068,0.19354548846146297,30.0,5516.046421151695,26450.645626273767,1.0656952129258848,0.928092828992062,0.020328986097131907,0.9736722612700507,0.06402496243605033,0.055389855135617616,0.11250156630194041,0.9382114944858899,0.3135937685699135
2.0677903421735184,2.2238138661548588,1.7609862325445493,6.052590440872926,0.17844728937952173,31.0,5085.747747316369,26076.7933962662,1.1049216571837843,0.9149752068865333,0.5318504108132267,0.49227879818517517,0.13653944932738293,0.1640045081400433,0.038941975638852044,1.1761587912591067,0.3875729674681434
1.156450627806925,1.7776296988664508,2.2645245405229906,5.198604867196367,0.08182433072164629,51.0,2331.993425566919,21299.496391040324,1.0926036833959512,0.7473507505628184,0.6756918333018678,0.9803995080133275,0.3815310256543142,0.9491228418701366,0.26482066354155587,0.9825658235203578,0.22543318693428827
0.9758778817286877,1.9821242641580854,2.266561760489778,5.224563906376551,0.06172722097963526,59.0,1759.225797919605,19153.320754623543,1.0422862411381986,0.6720463422674927,0.4367978577580493,0.9828191770274701,0.8006725929295381,0.4296119769666211,0.17215875850286444,0.8963238739142527,0.15716839838573193
1.2379192053067087,0.7726075790927504,2.675573699376382,4.686100483775841,0.0902472597711663,47.0,2572.0469034782395,22249.174370906378,1.0469015283296093,0.7806727849440834,0.04124678732010778,0.9927895999890091,0.4789491043578604,0.9157726109523338,0.006468567617925969,0.9845309592787084,0.35902034411352535
1.6702001743273909,1.0441114928073614,1.7997388036821471,4.514050470816899,0.1398992091288249,37.0,3987.127460171509,24963.301077671123,1.1526024774509662,0.8759053009709166,0.1806257958598012,0.9645555295038679,0.17296119279073097,0.1158710418604359,0.1287443719269093,1.0433193954884556,0.41968193957732236
1.8419262472526274,3.1171299846174474,1.924480891486703,6.883537123356778,0.16123026158243214,37.0,4595.062455099316,24961.74367479753,1.1266620605486692,0.8758506552560537,0.1911587377749676,0.2709747298723103,0.7952159543937367,0.009950107721367618,0.03435305581175174,1.2080551504535464,0.07587254955590517
1.7132573111396834,0.88068479319181,1.6714840691832666,4.26542617351476,0.14609258448274243,37.0,4163.638657758159,25058.95079204183,1.0213073568526325,0.8792614312997133,0.6611984560576978,0.9885802684715375,0.13100837509522606,0.3300349270761467,0.011486887245636568,0.938050001673429,0.3005641345596546
0.7596479104105562,2.0779155342033473,2.1007132092496197,4.938276653863523,0.038026604971606606,66.0,1083.7582416907883,16100.421716207853,1.021148943810548,0.564927077761679,0.2140411334506105,0.9981125723427065,0.8242263790809014,0.05447100466762733,0.3137674160656925,0.8747208758845713,0.2643374861422556
1.4307697006218998,1.5005542334359028,2.2178840631214,5.149207997179202,0.11571160889317186,44.0,3297.7808534553983,23471.02948316957,1.0186182197933549,0.8235448941463006,0.39424460953411494,0.879949176667039,0.4453780443757762,0.7623133098641081,0.21912127866906173,0.7642351556569136,0.1942850029065788
1.0238606698076254,2.5049229559196577,1.0602062378896004,4.5889898636168835,0.0661385387859385,56.0,1884.9483553992472,19815.993109241655,1.1300463936529306,0.6952980038330405,0.45568292186688386,0.9828027409863365,0.06626585048121797,0.09611450337150135,0.9749206291654735,0.9432368956883639,0.2261567757896623
1.4789273259165925,1.287108948677587,1.4736103724846665,4.239646647078846,0.11901518317330821,41.0,3391.932720439284,24010.240337015188,1.0990872272420975,0.8424645732286031,0.8466200873161153,0.9852312633041043,0.05315605652954036,0.06812021076806385,0.18037738828358074,0.8632907148147142,0.38326558143381373
2.4052397761643234,0.49991685678970343,1.152390583606353,4.05754721656038,0.20500308725169647,29.0,5842.587986673349,26616.46340421957,1.0836029496432302,0.9339109966392831,0.10467969488363416,0.9731344541432936,0.01551085151211612,0.028082557031298694,0.18598544231894754,0.9404892917201457,0.22672754087945535
2.620206709056203,0.4603388572074782,1.058761206962466,4.1393067732261475,0.22035906632208305,29.0,6280.233390179367,26803.70770443964,1.089388731687474,0.9404809720856013,0.07765806789754542,0.9909614839957793,0.11116993689602794,0.003996136187605026,0.10796294198294543,0.7709004054545816,0.12874261106802543
3.295711189573436,0.4504441525519346,1.2640897700431453,5.010245112168516,0.2544602327232955,24.0,7252.116632613921,27364.27373780061,1.022146463069824,0.9601499557123021,0.018771368814703593,0.2536820183928914,0.030201394243114243,0.02440447040817806,0.1931853461862798,0.9900604215603346,0.2624696218173259
1.7306080620011957,1.9838903277349507,1.288509732589851,5.003008122325998,0.14723017780008932,37.0,4196.060067302546,25082.67060112378,1.140612635561702,0.8800937053025888,0.7645395172547488,0.9773103292663433,0.043703624698207266,0.017996459647128538,0.08698179988368726,1.1224789717081896,0.29600244431528555
2.37617787582795,0.45682052162667297,1.3532130550474584,4.186211452502081,0.20432640208729902,30.0,5823.302459488022,26528.110812410727,1.0489875555659187,0.930810905698622,0.10832830296697105,0.9880838902357567,0.14755082397850194,0.20288163024948924,0.016858400136116336,1.0116811478024645,0.16685856502104457
0.8303227980081098,2.0619769131880035,2.449129374742308,5.341429085938421,0.045317181908415424,64.0,1291.5396843898395,17186.695513558025,1.026073482487603,0.6030419478441412,0.58161994369324,0.9647212624170939,0.8116775570966125,0.5740648958808844,0.1314203169249224,0.8308081505780816,0.2175954471495274
3.040934798866141,1.1094574999492655,1.0161891841395092,5.166581482954916,0.2441425959245634,26.0,6958.0639838500565,27182.316195565967,1.0571193529349865,0.9537654805461743,0.16576413361119657,0.7535605814151806,0.052727866426359626,0.004011072098944912,0.00016325545802731156,1.1080343819728093,0.14488748853806044
3.251032293930239,0.4114441466431415,0.7278608025816462,4.390337243155027,0.25620712312161237,26.0,7301.903008965952,27217.108403766993,1.0595649998728374,0.954986259781298,0.13064622660010672,0.9067888710984371,0.08815351797969784,0.004361798672080086,0.07428382153674401,0.975520624576357,0.00999238302654959
0.3671661277299477,2.2608468738712304,2.3007781455529464,4.928791147154124,0.010618042640263982,82.0,302.6142152475235,8567.685703998444,0.8846394819142844,0.30062055101748925,0.49101266638896457,0.9859545805977334,0.9206853267979465,0.03954108246094851,0.05056008634496428,1.0359607555744272,0.45189950120889133
1.6756838243869114,1.2281810403575621,1.3899915414143236,4.293856406158797,0.1413617654315545,38.0,4028.810314799303,24872.996302283915,1.140705877952731,0.8727367123608392,0.3458323538584855,0.9947201315951726,0.010071116537082259,0.19538794667949422,0.4336210058467266,0.9727419996850062,0.30455531971937155
2.3176258060992634,0.44617801635593796,1.445942301338027,4.209746123793229,0.19941380408646703,30.0,5683.29341646431,26484.685353540783,1.068227747861766,0.9292872053873958,0.011091529925693011,0.9789183130498107,0.07991765019290131,0.2963040653921932,0.1576050055704465,0.9257634337930614,0.22060578300197786
2.588682660537782,0.8680143780867856,2.2494199524923757,5.706116991116943,0.215558198890731,27.0,6143.408668385833,26854.584591561317,1.0819148467601765,0.9422661260196954,0.4364680854436981,0.06838014633569223,0.05416643995477122,0.861305105304859,0.1634841439183229,1.0029160431092856,0.40313029246352095
0.9573321322097716,1.9166328861545856,1.7743580630509972,4.648323081415354,0.05651696099614915,56.0,1610.7333883902506,19166.777704889744,1.07087945003803,0.6725185159610436,0.7874220524455942,0.9669895982332075,0.3708772100664286,0.044606707552623914,0.2864475093046742,0.9110419205239024,0.40117008064614
2.0759192938202617,1.460602967848089,1.1032201957826469,4.639742457450998,0.18196950303848086,35.0,5186.130836596704,25760.465930452607,1.070304653223767,0.9038759975597406,0.9341990684373748,0.9799622579256748,0.04508572739986699,0.48535129282961853,0.22938765415545687,0.8751674526449396,0.04041161714629915
0.5489697388126501,1.4043914631814014,2.454779265533437,4.408140467527488,0.019357437009167804,72.0,551.6869547612824,12418.343817442143,1.045848739090266,0.43573136201551377,0.02260107557176838,0.9866308454182571,0.6463753992827646,0.17041891488973337,0.2061136443427431,0.9955553804562607,0.6606442339618104
3.845715287899097,0.5189857418473109,1.4400496054510286,5.804750635197436,0.27840993264740843,22.0,7934.68308045114,27545.70788273652,1.083732025900443,0.9665160660609304,0.33100811516451334,0.07041774570814086,0.0464746220552259,0.5338124527214774,0.008570590736856454,1.0126405640157807,0.14560364076262733
1.590395370515142,1.711036581020184,1.6158716300114864,4.917303581546813,0.1338460938324786,40.0,3814.613674225641,24327.68902578401,1.0361192169795055,0.8536031237117196,0.3816246911807051,0.985668055757128,0.4118857498504863,0.09464909292769985,0.04836331838693464,1.076857078536235,0.17323460074842334
0.6752747210216388,2.1157547246926627,2.443840315317753,5.234869761032055,0.031082581410049707,71.0,885.8535701864166,14636.391248628866,0.9660473338528797,0.5135575876711883,0.351424033830975,0.9687123933063148,0.9960242699524051,0.28918823419401174,0.13514714296654,0.8824758367795937,0.2353511794926204
2.1627025446923893,1.0306234137858121,1.8685345543098786,5.06186051278808,0.18643120722853895,31.0,5313.28940601336,26245.563153583153,1.1267532573897867,0.9208969527573037,0.1335915649935856,0.9825057053433861,0.021081090700489302,0.8240483525407546,0.1470152150734138,1.0714224728243331,0.2637143384298781
2.239435838789337,1.0303977762350822,1.443026747247048,4.712860362271467,0.19240723921366987,31.0,5483.6063175895915,26380.37376121008,1.1522784910384016,0.9256271495161432,0.1335915649935856,0.9825057053433861,0.020930665666669346,0.28590875394300985,0.1470152150734138,1.0714224728243331,0.2637143384298781
2.2276966707265733,0.5787489092968472,1.3221240479885255,4.128569628011946,0.19220019850687722,31.0,5477.705657446001,26282.406445431596,1.1244193266902682,0.9221896998397051,0.14032880883201215,0.9658276912082645,0.1828446843841548,0.053596482508776744,0.08207653694430139,0.9015181169559385,0.18375268321684501
0.6930399440459759,2.071658324830185,2.1949788076253958,4.959677076501556,0.0313151808477725,68.0,892.4826541615164,15022.540047094975,1.0559805740194417,0.5271066683191219,0.7167248901640473,0.9354655408282602,0.8061037735747211,0.04242568339608177,0.07288888715202824,0.7946140147290919,0.36047303048557566
2.5183235961335404,0.6698974684227229,0.883131157053402,4.071352221609665,0.21341478395335559,30.0,6082.321342670634,26664.055883420293,1.080511307346718,0.9355809081901857,0.5017739767732564,0.9847391800940063,0.0075817390277391206,0.02198870993576718,0.07837544155392889,0.9862093261146843,0.11552594779091319
1.1043015998987389,1.802332967634155,1.705887337495749,4.612521905028643,0.07456217770072877,52.0,2125.02206447077,20874.004431093806,1.0513989734833875,0.7324212081085546,0.6507739557897502,0.9817460974108688,0.40896264819066797,0.00343356540904588,0.26905751977920145,0.9082028660632497,0.3148764702862241
1.7172085447207583,0.838857290751076,1.680157470141272,4.236223305613106,0.14455326265472362,36.0,4119.767985659623,25213.777757009364,1.1084442548579838,0.8846939563862934,0.31502711598029165,0.9621254632835585,0.04643414425682746,0.06646517020871201,0.22708947919277156,0.8204552131571301,0.4743185490438986
1.8351540652472986,1.1891032381064077,2.0105570375753286,5.034814340929035,0.15820938749168179,35.0,4508.967543512931,25375.105360388436,1.0421837647653944,0.8903545740487171,0.3290489084288194,0.3356516561944288,0.48146351621659433,0.02592753987816354,0.06892952767634836,0.7628513334922564,0.3212711161984565
1.931562773163352,1.751156570184122,2.1139760572520574,5.796695400599532,0.1661940190808862,33.0,4736.529543805257,25818.92764294649,1.122489197102931,0.9059272857174208,0.025953745380616566,0.9649497776195968,0.03552101586296369,0.8067162545577966,0.1721113836632211,1.1659623167103272,0.3877419275724998
2.3539834245841704,0.531870273741903,1.2191501738080013,4.105003872134075,0.20165607895290297,30.0,5747.198250157735,26472.553250597688,1.1087895671783752,0.9288615175648312,0.1288538948574891,0.9930589997829091,0.1338911977164256,0.08651639889386786,0.10108979115488775,0.9431073351948931,0.15731524034266453
1.8071481051453113,0.43225286228626786,1.804633775937321,4.044034743368901,0.15382964986854683,34.0,4384.145021253585,25509.505378402948,1.0487386604451265,0.8950703641544894,0.17357960816098522,0.974501557245524,0.16120971660449412,0.0879152398495513,0.008429339609270725,0.9840259039881398,0.4355978350406646
1.9133662419556403,0.8240240671963084,1.4029559133688991,4.140346222520848,0.16565235426836594,34.0,4721.092096648429,25662.6690521543,1.0359233679892255,0.9004445281457649,0.49577503247174226,0.9795831874693723,0.16537378401856395,0.038434339029585374,0.04009417934836007,0.8173067926817355,0.24881243604132308
2.199923995286759,2.8060629776107087,0.9881169327050132,5.994103905602481,0.19087086021913838,32.0,5439.819516245444,26138.95275085982,1.1270504414118956,0.9171562368722743,0.5509561204238378,0.9904120143349314,0.022678690733284712,0.13968643899983058,0.17368521432652695,1.2342147990542363,0.1146280793620571
1.3756964543960561,1.978932626918931,1.642435066412621,4.997064147727608,0.10948416780950732,46.0,3120.2987825709583,22984.34769513783,1.1293148120055507,0.8064683401802747,0.20317828145153116,0.9816655593340408,0.019808997700847264,0.996065459427944,0.8730204244580644,0.9563758343410389,0.1418204398187637
1.6060110809217951,1.1487490005054593,1.610047489811156,4.36480757123841,0.13431296494501135,39.0,3827.919500932823,24614.951302056455,1.0196892386762224,0.8636825018265423,0.7848111579041187,0.9835992268511966,0.053009484102258364,0.37329047891718903,0.12251139391059357,1.0049251035783457,0.3184814130811322
1.9964426862291302,0.8563635846189056,1.6101578267575394,4.462964097605575,0.1714275074899496,32.0,4885.6839634635635,25977.451391779457,1.157963010809579,0.9114895225185775,0.03487530903022823,0.9887037265569876,0.11646881172187362,0.03412455914631818,0.06576187546107481,1.0644076633854647,0.38052061189589725
2.8186345526981946,1.053702830109076,1.5921883640658208,5.4645257468730914,0.2325665180580722,28.0,6628.145764655058,26972.12441417947,1.059729059769723,0.9463903303220866,0.0016661996938265866,0.9845276542944098,0.02624054291285599,0.9549345142349256,0.10473673886244439,1.1004002922901346,0.08664322449432227
1.566199473264029,1.0252429933884004,1.7437659107232348,4.335208377375665,0.12914518800110575,39.0,3680.637858031514,24503.715917683818,1.0389078788375472,0.8597795058836427,0.5670029876078213,0.9839136517992233,0.16642650120221553,0.13353656693035926,0.010901939703860941,1.0233495468211917,0.39996360443279677
1.1356950288144292,2.0019366303812176,3.103071851287365,6.240703510483012,0.07866743150428096,49.0,2242.0217978720075,21122.461234672097,1.0900665534109706,0.741138990690249,0.14076077952,0.06261421807763634,0.8957749714109722,0.659815045066499,0.2587566968723798,0.9301823439488035,0.3809567089345478
4.6948627861521395,0.6368834991109642,0.7133686802606705,6.045114965523775,0.3083128320959465,21.0,8786.915714734476,27736.256049169337,1.1175244188799887,0.9732019666375206,0.2675773119161402,0.19222122604142788,0.035009089904885715,0.09767591226034261,0.012378963376795726,1.036504328197988,0.0037233597032013677
2.1980241305599844,0.5308372141751744,1.392004073915631,4.12086541865079,0.19021659138191543,31.0,5421.17285438459,26356.8730845112,1.0253424966293352,0.924802564368814,0.15766889963996844,0.9912250591235758,0.05121253624041633,0.10915232909202194,0.14817475508729072,0.7627886592656421,0.2888709732368131
1.7296259017093727,1.9751606386865301,1.1765359591166988,4.881322499512601,0.15016474249667627,40.0,4279.695161155274,24661.56225815802,1.08628264956466,0.8653179739704568,0.03343539773528037,0.9895337943040854,0.21183520971680064,0.30500310208003956,0.8119862131880244,0.5621320720044685,0.03725670388174329
1.7610419788783083,0.886254555839244,1.5222750646673622,4.1695715993849145,0.14997714192046993,36.0,4274.348544733393,25265.55148085488,1.1366772985388636,0.8865105782756099,0.36225763788229953,0.9847638637082105,0.10978503294299141,0.035306253591625314,0.1796596842712287,0.8657113903886591,0.35366133377126374
1.4714976609008807,0.7193426173073327,2.504915621356477,4.69575589956469,0.11585688350053268,39.0,3301.9211797651815,24172.37363384825,1.1233536214838449,0.8481534608367807,0.3895816650011572,0.9877258711100432,0.01938107798788291,0.8069899529693679,0.1420519578048418,1.0020731774643334,0.6482294002479012
2.165956385665577,0.592970789393356,1.3413025785279318,4.100229753586865,0.1883709216917721,32.0,5368.571268215505,26187.19251757931,1.0534919830041511,0.9188488602659407,0.08811342868953881,0.9754654442466572,0.20361423797078704,0.01949918999590672,0.09971800187381835,0.8743854613687976,0.19324069538618183
1.4544136871935898,2.689479291580896,1.3943579931039944,5.53825097187848,0.11905622716992977,44.0,3393.1024743429984,23515.96616286357,1.0251836522702984,0.825121619749599,0.9718156161519127,0.9189649516550502,0.32060353037240885,0.09926549101034637,0.15049654429104625,1.1169706614110346,0.14409531384823193
2.2196217716469775,0.984072816502341,1.083405435059102,4.287100023208421,0.19268231813119893,32.0,5491.4460667391695,26180.20533028488,1.1113995935582588,0.9186036957994694,0.6518586618176223,0.9948548300281955,0.04939319171926271,0.227489764787,0.12906218355291232,0.9025632720430781,0.10842264923524336
0.9630321453755303,1.3385881915040116,2.129682696559578,4.43130303343912,0.05808166184336178,57.0,1655.3273625358108,19175.213003015393,1.0545490513774876,0.6728144913338734,0.1366279564704186,0.9960925490077741,0.7208030483272262,0.010130263533473904,0.05616187914345522,1.0010539880319804,0.3227293594398146
1.6228155588599709,1.389081294050435,1.7219981692672643,4.73389502217767,0.13805217524319824,41.0,3934.4869944311495,24330.36280825931,1.1287697674455897,0.8536969406406776,0.35237418759678346,0.9775495801074834,0.4473311934946391,0.36645654864842914,0.18285515810584635,0.9067952341758376,0.0989159929560115
2.646288863814425,0.39171595286412675,1.134819229491913,4.172824046170465,0.2220294900141863,28.0,6327.840465404309,26842.121463843494,1.0392390616162672,0.9418288232927542,0.008131288436902251,0.9916119210415018,0.07926617266578329,0.14796559086359856,0.13234270271427478,0.8713982453629463,0.1330099034250063
1.490748795336168,1.0558435077737363,1.5494969889176367,4.096089292027541,0.11979359904607251,40.0,3414.1175728130665,24143.247040724375,1.0975443152581372,0.8471314751131359,0.9017972680045601,0.9777465915358615,0.009558629951440245,0.06506373039414709,0.06985414742100793,0.9890339242065145,0.456794693753765
1.111324219825847,3.024088867665213,2.410437991741443,6.545851079232502,0.07486190167984019,51.0,2133.5641978754456,21013.93778716987,1.0163365430502176,0.737331150427013,0.5456631000875706,0.9938275977681138,0.36588989004332184,0.8260938022403882,0.05893206629190095,1.2264658499911072,0.3720154864074612
1.568795782902659,1.2562910027618122,1.4891072305437747,4.314194016208246,0.1301371521796689,40.0,3708.9088371205635,24435.07668484232,1.0265326821316647,0.8573711117488533,0.6778501162381987,0.9924922606085049,0.15973477529013513,0.054441992319549326,0.16941936179420536,0.7424206882527367,0.30872518918799763
2.229405790716871,0.4121336092450716,1.5756335334138645,4.217172933375807,0.1921465391212492,32.0,5476.176364955602,26291.59491523527,1.1360882843049915,0.9225121022889569,0.039996370277145976,0.9943731207729246,0.21794158646413786,0.31303874509343244,0.02261242963585941,0.8523870933042077,0.1805596969037273
2.3009008971009743,0.40268797251926214,1.3087678081729432,4.01235667779318,0.1981307340565283,30.0,5646.725920611057,26523.092949894788,1.0033793634035713,0.9306348403471856,0.06445753969177942,0.9847229326683586,0.009629704222197166,0.08782818139601756,0.1618929382470935,0.9875441414655117,0.28508118717037867
2.5158434431511876,0.26639857980397874,1.2140502037929959,3.996292226748162,0.2126376388059951,29.0,6060.17270597086,26759.246498777862,1.1055730383833862,0.9389209297816794,0.026898443732851385,0.9853614617712877,0.07527354487778887,0.013725506679626798,0.06329490937722204,0.9205078999307754,0.21707187118463533
2.9460809481004113,0.5472786576211324,0.8961046287916117,4.389464234513156,0.23976723284929788,27.0,6833.36613620499,27089.92037838598,1.0671864993427702,0.9505235220486309,0.033178546876226844,0.9918709645718029,0.011015791873385306,0.07818215691050989,0.11793312717908327,1.0327137710720826,0.09701374349787173
1.2814973136405856,1.892776371876347,1.7996348243276334,4.973908509844566,0.09636662374288936,47.0,2746.448776672347,22503.992245152895,1.0926719603773358,0.7896137629878208,0.41342137053182093,0.9310145044046644,0.04552670300322659,0.7939691715846835,0.705532473419843,0.8989164536471497,0.28597821140378876
2.921034035510356,1.0181644975989967,1.7216444957362889,5.660843028845642,0.2358888071842466,25.0,6722.831004751028,27144.09150263546,1.1264060027459466,0.952424263250367,0.3057198233942554,0.2202022431983447,0.01606553545179834,0.43170100802062494,0.11966288617221066,1.0561275748353278,0.33491214081874965
1.682019814779053,0.49933827193892766,2.140657487708245,4.322015574426226,0.14127097319879106,37.0,4026.222736165545,25003.704830978924,1.1589947628194797,0.8773229765255763,0.10379543378513412,0.9941787364624176,0.21804131985521308,0.5120084969318147,0.034240429185486976,0.9969803208379702,0.39625119373341544
0.06721294410831004,2.822755809749713,2.2950670787581164,5.18503583261614,0.0011722581709009373,84.0,33.409357870676715,1609.194293884465,0.8114091698137292,0.05646295768015667,0.09567129952931008,0.9666250745470738,0.5159625750255261,0.8802639639454956,0.9765703238410568,0.9382114944858899,0.5188351441877002
1.8913368884197386,1.1363677692769394,1.0818412339815078,4.109545891678186,0.16436846450124873,36.0,4684.501238285588,25467.50896950222,1.1051507618398797,0.8935968059474464,0.9307209595302016,0.996014841891177,0.10137098317174309,0.007606588139548842,0.026795167494561567,0.8884546148312098,0.15790281605853806
1.7070088297603447,1.016288444585139,1.7135900683921754,4.436887342737659,0.14611822876260255,38.0,4164.369519734173,24939.808561258105,1.0070139477423776,0.8750810021494072,0.48890203692251544,0.997090844737382,0.1993873780265002,0.4537817210706746,0.11415267031143667,0.9703597054052082,0.22543318693428827
1.1404642457288856,2.71580811297742,1.2372577198257488,5.093530078532054,0.08103079617450891,53.0,2309.377690973504,21014.986041488526,1.0729087968836408,0.7373679312802992,0.48532323196365146,0.9828191770274701,0.26481423742809523,0.06924585757323587,0.7830195399099552,1.0334030556314644,0.15716839838573193
1.9511442011193505,0.7613157924483587,1.4893238532946138,4.201783846862323,0.16973193470222397,35.0,4837.360139013384,25667.892686684452,1.052787429397851,0.9006278135678755,0.0850655173041498,0.9762688196167427,0.28889755701179115,0.09690920626379096,0.12145196981326106,0.9169115223008117,0.18073062634047332
1.8506086461799869,0.5985063724073503,1.6897005842731148,4.1388156028604515,0.15877399394975422,34.0,4525.058827567996,25585.622620842863,1.0411277870802047,0.8977411445909776,0.2099696718213413,0.9821738012614798,0.17296119279073097,0.1158710418604359,0.06454745569995624,0.8368012290829783,0.3546734410146275
1.955258479968322,0.7499145203340505,1.439203911559782,4.144376911862155,0.16927557818412967,34.0,4824.3539782476955,25809.63123740794,1.0413131190202691,0.9056010960494013,0.634561986687723,0.981469747903519,0.019125760094155952,0.2646610285633026,0.04333194675254676,0.9742259534047482,0.28220953260040105
2.136555115777288,0.9166837294090165,1.1418408638950317,4.1950797090813365,0.18635600295504037,33.0,5311.146084218651,26065.883882068505,1.036455091418499,0.9145924169146844,0.5438305998852389,0.9795224493545496,0.10741595480805072,0.1028383297259925,0.1058645986558508,0.938050001673429,0.14109472389698396
2.8271210685406767,0.6734468859129449,0.7861481201708851,4.286716074624507,0.23361705892458712,28.0,6658.086179350733,26880.356605431993,1.0262586923748565,0.94317040720814,0.2140411334506105,0.9981125723427065,0.12854673047084586,0.02593586063382769,0.1332928283780328,0.9274344963489152,0.005190212761708501
2.3255309826927864,0.5631145789459515,1.117176400613172,4.005821962251909,0.200049142164898,30.0,5701.400551699593,26490.82852740293,1.069038171189461,0.9295027553474712,0.48150479802980634,0.9752034215216495,0.011150155587178134,0.04032270079153022,0.032442273767688934,0.965279021788576,0.2109784077795025
2.357623972152924,0.37322453373607856,1.3299063881861732,4.060754894075176,0.2016320419145817,30.0,5746.5131945655785,26553.06460093058,1.154581080362682,0.9316864772256344,0.04955481643044546,0.9802064110363463,0.07798123323351791,0.09611450337150135,0.10334893372767812,0.9469946687199413,0.2395248037241613
0.6401300006311579,1.6368833753815828,2.3409688386719116,4.617982214684652,0.027162168218716903,70.0,774.1217942334317,14081.429676387444,0.949742859004492,0.4940852518030682,0.052589561897775305,0.982964746555335,0.9063332943612941,0.06740419786517976,0.1123969359709332,0.9127526207966619,0.36696902004659293
1.659352002971196,1.1155581113095077,1.8234420344587854,4.5983521487394885,0.1384536165496493,36.0,3945.928071665005,25029.66302751463,1.03606074741597,0.8782337904391099,0.18485729461170086,0.967692405770625,0.06958550905067673,0.07974287480647935,0.18598544231894754,1.056793958560487,0.5328516895090702
2.6060498258008993,0.5928343130535432,0.9462895457612801,4.145173684615722,0.21887419562722576,28.0,6237.914575375934,26802.74143431425,1.060083018797732,0.9404470678706753,0.2273256038901793,0.9445175575210103,0.00045742080256061524,0.003996136187605026,0.18241128897976144,0.9193159293950242,0.15201791640526707
2.1388869020085597,0.4865372213980767,1.6803851120917828,4.305809235498419,0.1849852738033741,31.0,5272.080303396162,26268.282606114575,1.0282318271588775,0.921694126530336,0.07779858235659065,0.7697717951553564,0.20058402013791088,0.009181861663708268,0.05393130441730987,0.7810711150899339,0.3607808744021863
1.9368363098360093,0.311744571253702,2.2409443540524716,4.4895252351421835,0.16722821064900353,33.0,4766.0040034966005,25807.944665553892,1.0183503269419756,0.9055419180896103,0.004244651883202166,0.9553666052264176,0.1896125670482512,0.833502648241442,0.011540534399061497,0.9827039268183926,0.3274333944452268
2.148246255276948,0.42678010444641945,1.4483626349390262,4.023388994662394,0.18574154114631847,31.0,5293.633922670077,26286.519884357716,1.0524141827378692,0.9223340310300953,0.10536592450673876,0.969502106951191,0.051733210905774374,0.06079628315586588,0.12190718179050958,0.9744742631820347,0.33504001491864344
1.614611977474969,1.0467159864720954,1.5228043474908763,4.18413231143794,0.13466120453235086,38.0,3837.8443291719996,24705.123306319907,1.0645021684213858,0.8668464318006985,0.44331514985868126,0.9844722037365664,0.11224905325797374,0.0028420050393286322,0.21751362836322674,0.9216441524455949,0.3771953821653593
1.451620465215243,1.2985828468050005,1.5985330379743465,4.34873634999459,0.11712995278454075,42.0,3338.2036543594113,23754.003199042218,1.0000092225932533,0.8334737964576217,0.21711075185152173,0.9698567855566631,0.277133177035219,0.018489855579830294,0.33288616470032506,0.9997599501442425,0.3015945826845563
1.9948594967721043,0.8941817850772216,1.5105255488408753,4.399566830690201,0.1731500052465486,33.0,4934.775149526636,25856.369847332862,1.0910518189184266,0.9072410472748372,0.5713081975066331,0.7487101388092267,0.15112091577895748,0.10112744847394728,0.048096106951076134,0.9946526037017824,0.2817602919656421
2.1801005023109186,0.37459174670959805,1.6250654014473214,4.179757650467838,0.1868387013633703,30.0,5324.9029888560535,26350.393788158788,1.126379782315113,0.9245752206371505,0.1737470604653174,0.8565509240537678,0.11511453536803345,0.07439239072697534,0.014086441596115218,0.8965746556115084,0.3673323881410395
1.1950347965760002,1.290663930189075,2.145893366020786,4.631592092785861,0.084618233942966,48.0,2411.6196673745308,21890.930698285996,1.0524718372549047,0.7681028315188069,0.363324162453068,0.9814254781059653,0.33295172175557686,0.4433286570126491,0.21395609255132086,0.9693102671151115,0.40226077181093256
1.664623034700853,0.8530080383322848,2.142378018396167,4.6600090914293055,0.14093442174814938,38.0,4016.6310198222577,24865.271763767032,1.0073741774410163,0.8724656759216503,0.25450581659658056,0.9789183130498107,0.18886147372987416,0.8106365543002858,0.1576050055704465,0.9257634337930614,0.3039084087235846
2.2562016578552133,0.35639636619379733,1.7354142748281696,4.34801229887718,0.19343451274330434,30.0,5512.883613184174,26424.066218812302,1.119487498159213,0.9271602182039405,0.08184635104971927,0.9849146736091936,0.04733104502456942,0.5940429086618136,0.10177672380361197,0.9584170577868112,0.2669901924357916
1.737518875741653,0.8932158357725297,1.5647814435762024,4.1955161550903854,0.14701782443877495,36.0,4190.007996505086,25251.641790517184,1.104567982784229,0.8860225189655152,0.2786708392968421,0.9825456038772735,0.03934634790950364,0.0471101825561544,0.2777627373057161,0.8346329838419753,0.42635200421543296
2.158691082601584,1.2441952121456077,2.217129108884199,5.62001540363139,0.1843622347015315,29.0,5254.323688993648,26314.486703709113,1.1173461350055067,0.9233153229371619,0.16277378412358834,0.23369908985937382,0.13845841460087333,0.3826524014286283,0.22938765415545687,1.0518698122262244,0.5285343478831592
0.9327370361560006,48.20906005978429,10.967986751985913,60.1097838479262,0.044449423580996614,48.0,1266.8085720584036,19440.84796153881,1.0670475557204167,0.6821350161943442,0.014777723608426663,0.977753140788861,0.002652379430240215,0.016021658246005877,0.05632571446188317,0.9955553804562607,6.74301137045647
1.413946344928298,1.182089034599858,1.9407210977964193,4.536756477324575,0.11173806456077343,43.0,3184.5348399820427,23516.01438686439,1.1594050508059286,0.8251233118198031,0.007565650789646716,0.9911462048211795,0.46940568700261665,0.03482097219408542,0.03342336638249782,1.0504460150676613,0.32348674562902957
1.433062179418662,2.6588829740761506,1.6537361103194923,5.745681263814305,0.11610649930922196,44.0,3309.0352303128257,23436.712585417023,1.057961730453128,0.8223407924707727,0.3772879172076188,0.9844553888861359,0.467401035922246,0.07094556023224063,0.1160104070471824,1.1685590861113497,0.17323460074842334
0.04682419011530746,88.49392710683219,15.304175057479217,103.8449263544267,0.0005389339748068017,74.0,15.359618281993848,1139.3482266704002,0.8503501045300689,0.039977130760364916,0.8917953778327758,0.9960684697043265,0.12449868149725996,0.4494296226508554,0.01601176978569785,1.0065399178606511,9.814750492013259
1.1783238304794015,1.1192275514073966,2.072417923847648,4.369969305734446,0.08205351335138691,48.0,2338.525130514527,21789.3605588508,1.029628145913127,0.764538966977221,0.09788820519125774,0.9637039621004215,0.437879081203128,0.01030971336859493,0.18226036220572334,0.9160801491264619,0.4683117677445896
1.3805572956973904,1.1513605125875312,1.9594838448671958,4.491401653152117,0.10677038258626487,43.0,3042.9559037085487,23409.642499480924,1.1447812537842876,0.8213909648940675,0.41835947920064687,0.9913173544111569,0.25425436028785187,0.22453377145003728,0.09338561320149152,1.0206060333190154,0.4256064108523647
1.0016774438076277,1.1591151868950367,2.289477638995083,4.4502702696977465,0.06107088581591722,54.0,1740.520245753641,19778.58633954518,1.0804558523938113,0.6939854855980765,0.23938456751677978,0.9750194089461586,0.5739482877693023,0.18251615242124375,0.029404093862151703,0.94338468573549,0.4435215245277142
1.6964345931454623,0.9490348080004043,1.9677664828751913,4.613235884021058,0.14488704099752578,38.0,4129.280668429485,24899.199907748407,1.0394363015038646,0.8736561371139792,0.4270450454505901,0.9880315541081691,0.22775141724575854,0.7070882656796008,0.09018131834058818,0.937713556025608,0.22965913310805508
2.1146351670114725,2.245064145616852,1.1252095056084692,5.484908818236793,0.184106211864691,33.0,5247.027038143694,25962.564389105235,1.1411404245356522,0.9109671715475521,0.5017739767732564,0.9847391800940063,0.17797068650935188,0.02198870993576718,0.03313487585976882,1.1762580484200038,0.11552594779091319
0.7537101801327823,1.8570617206767976,2.281859338562071,4.892631239371651,0.03649398648766261,65.0,1040.0786148983843,16063.24420870146,1.071617225393756,0.5636226038140864,0.37806581111177995,0.9824345848222455,0.6082545104175695,0.46952875011135964,0.2833070719693317,0.9868995867602848,0.3623275426339774
2.7203720888945004,0.2974136458894009,1.1716338582574781,4.18941959304138,0.226568623171372,28.0,6457.205760384102,26919.74135136399,1.1154635839835934,0.9445523281180348,0.0589648256193398,0.9843468282726072,0.08902128948457744,0.15505465016873388,0.05245844302159747,0.8204552131571301,0.13785467251138694
1.7981917496831605,0.6688517338954358,1.6106560627984141,4.07769954637701,0.15438407373577212,35.0,4399.946101469505,25412.090155252667,1.0065656148728455,0.8916522861492163,0.11223004599481484,0.9883019683290696,0.1590794991730512,0.05431376547662714,0.1590012195705221,0.9882898886372171,0.3537634697166272
1.4895883105084637,2.204640855877646,1.6166064714980224,5.310835637884132,0.12030947260368752,40.0,3428.8199692050944,24079.93759252901,1.0209593721607406,0.8449100909659302,0.6743741850072648,0.9905376776221118,0.13455866539506445,0.08375128308882379,0.0615622103329489,1.1506630315139859,0.3877419275724998
1.269042390422219,1.6651432574968554,1.984762653946051,4.918948301865125,0.09818985825401165,50.0,2798.410960239332,22025.382476302097,1.0528380996037883,0.7728204377649859,0.1288538948574891,0.9831551121781353,0.8687780346704524,0.08651639889386786,0.11656115531684386,0.9571861784265321,0.0649834417256887
1.6511727807139243,0.8027213189339482,1.551163300809209,4.005057400457082,0.13834605226283672,37.0,3942.8624894908467,24937.576892981422,1.0246720789796495,0.8750026979993482,0.7813549950405346,0.9976459815706812,0.007187800731721039,0.0879152398495513,0.005292311397915972,0.9902134599176773,0.4355978350406646
2.4138437083161333,0.4878052992942362,1.6031114356151535,4.504760443225523,0.20554758644320079,29.0,5858.106213631222,26614.501520096335,1.0892918274811645,0.9338421585998714,0.39934522926938976,0.9027932558576192,0.005514474218750898,0.64904138793168,0.04009417934836007,0.9621891674948047,0.21239187929336723
3.574752727366787,0.5289445760616213,1.2827306799062141,5.386427983334622,0.2645937665042398,22.0,7540.922345370835,27483.15219005182,1.157528175330269,0.9643211294755024,0.25046448450596215,0.07208260000895717,0.005017910714573581,0.04272492790415022,0.13547661274189937,0.768985830557555,0.277456862615006
1.6877124311555334,0.9388315566719979,1.9041017370416928,4.530645724869224,0.1426800530237967,38.0,4066.3815111782055,24929.651844133346,1.139392789105739,0.874724626109942,0.3070782258656465,0.982002835788955,0.21741991041433284,0.47737838472708805,0.15281173259242609,0.7679435905941101,0.29287741547823565
2.224733783646468,0.5039411163407854,1.3828783155437505,4.1115532155310035,0.1924644574313409,31.0,5485.237036793216,26317.601521741417,1.083846982742472,0.9234246147979445,0.21067807601530925,0.9864991643203763,0.12200556756986447,0.1705024016879021,0.055127344485339735,0.952171291413741,0.21060950173189674
0.8379005658688459,1.6122737251796844,2.291874302501491,4.742048593550021,0.045208658216697284,63.0,1288.4467591758726,17379.083075928516,0.9804676311527261,0.6097923886290707,0.10685454058172789,0.99167840555719,0.8294357964071948,0.16773273309963077,0.13063274499358213,0.8358711904268288,0.29111163563302167
0.9220484087536895,1.6311323531969288,2.435246599717435,4.9884273616680535,0.054509578095159446,60.0,1553.5229757120442,18530.542290488032,1.1027008572033001,0.6501944663329134,0.0016661996938265866,0.982295387764953,0.7635033972028576,0.5418677567586389,0.24210552884940795,0.82636439804737,0.2364608927700047
1.8927246577529597,1.054214046849019,1.4103077578608154,4.357246462462794,0.1639382387032723,35.0,4672.2398030432605,25573.876425078444,1.077304045409319,0.8973289973711734,0.5544187873878215,0.8754619610592973,0.16642650120221553,0.04357005158325289,0.12507775382893715,0.8023580135672772,0.24970166322979104
1.435892161403481,0.9996680468403123,1.7784864708327706,4.214046679076564,0.11359782871765986,42.0,3237.538118453306,23780.578439430334,1.0565797178022347,0.8344062610326433,0.3440109083406431,0.9940470603911776,0.24247580816799486,0.03424417828223009,0.1459717131238385,0.9922424715118843,0.4139475542057971
2.335809644553785,0.7056405791310749,1.061280248911919,4.102730472596779,0.20040722624595042,31.0,5711.605948009587,26467.121230051922,1.1237064070802416,0.928670920352699,0.5097801149480851,0.9931255933069082,0.035009089904885715,0.02790135637582325,0.07167341466283061,0.7841326572425489,0.17359663426126026
2.4800127390732056,0.4604633730404948,1.162070502944403,4.102546615058103,0.21145255809563385,29.0,6026.397905725565,26687.306691941205,1.0338943893023373,0.9363967260330247,0.08729505850528885,0.9912250591235758,0.05121253624041633,0.1033889134667294,0.14817475508729072,0.9044888130725037,0.18008776793875558
1.6112215996083474,0.9241014517488991,1.665156067365761,4.200479118723008,0.13395046908477265,38.0,3817.5883689160205,24657.6976408449,1.1187763542851803,0.865182373362979,0.2371886225569519,0.9943365638209347,0.21183520971680064,0.046732052861686246,0.18458000730837315,0.9245625765490844,0.35512538714167174
2.391603288242126,0.2461221415735743,1.331815191064675,3.9695406208803754,0.2039909210681099,29.0,5813.741250441132,26629.549969142077,1.0789524259225027,0.9343701743558623,0.026106936941581727,0.991213441900105,0.10978503294299141,0.00917370184337124,0.027668827608752722,0.8657113903886591,0.25146256354825613
2.2814330789860007,0.33209456079441657,1.367830689699207,3.981358329479624,0.19513438006987027,30.0,5561.329831991303,26510.953949465824,1.1586230749531587,0.9302089105075728,0.018879630920681567,0.9792396973549986,0.013150666836229064,0.00931991742468452,0.14674446480969572,0.9663874106678056,0.33808253170759883
2.4556814133450344,0.38621631590281946,1.2217152136150893,4.063612942862943,0.20811885311256267,29.0,5931.387313708036,26722.227011306048,1.1178297644821806,0.9376220003967034,0.08811342868953881,0.9497465563250235,0.00144084522196819,0.0019133120733692555,0.14797080969016418,0.8743854613687976,0.27672401018924564
2.2916300328906467,0.3033512052530871,1.3451267552258763,3.94010799336961,0.19728991342906516,30.0,5622.762532728357,26524.53905225968,1.005495939844779,0.9306855807810414,0.15237102777865352,0.9972298829876348,0.02641783163986039,0.06730814416211234,0.05567671500732152,0.9982936643482803,0.29835072504742044
1.7824210342418165,1.2345811976175705,1.2177922441778297,4.234794476037217,0.15325451876165883,36.0,4367.753784707276,25199.11860775043,1.069356423752969,0.884179600271945,0.02574474282901007,0.9779158893556854,0.05718955187406116,0.05799217154203229,0.5615260634887344,0.9629892889513847,0.2361641919014641
2.094491693577592,0.8200700212031294,1.2191583972140667,4.133720111994788,0.18102761294091949,32.0,5159.286968816205,26060.80939825356,1.1530779537651044,0.9144143648510021,0.6112196756356529,0.9532574077782664,0.0591066897535098,0.04044818994192251,0.01633489553510825,1.0109400649833744,0.22830522984034385
2.1864826247456435,0.3923618032241851,1.908212543956152,4.4870569719259805,0.18742842573619228,31.0,5341.71013348148,26360.78899503663,1.1459469052133044,0.9249399647381273,0.15059520160412498,0.9594130301552507,0.019587346225507174,0.6532868560624868,0.049054827495422504,1.0142844909113693,0.34844591537486647
1.3542827232798105,1.1079761127685714,1.8516583924800254,4.313917228528407,0.10552060034342334,45.0,3007.337109787565,23044.66294032366,1.0862018765296517,0.8085846645727599,0.1927470875167568,0.9998935747172223,0.49655760966984186,0.04955069394291478,0.0851963053735259,0.9909862957480708,0.26195548569136573
1.2640302305613071,2.440588807276807,1.5021229986347193,5.206742036472834,0.09335095929851937,45.0,2660.502340007802,22452.19240272006,1.0608544102147583,0.7877962246568442,0.9017972680045601,0.42167347665273336,0.009558629951440245,0.08525876343554328,0.7493891539879238,1.0032094107961549,0.456794693753765
0.83551462208456,1.8669249379871358,2.3264607649140054,5.028900324985701,0.045577087137407095,63.0,1298.9469834161023,17286.76772881847,1.0143504079328058,0.6065532536427534,0.32699722696589806,0.9961740819430984,0.8101019306324496,0.3640522794691399,0.0875361258808105,1.0187128204138678,0.24131082999326114
2.2046898606759604,0.35924763907306084,1.6919181905863785,4.2558556903354,0.1895393634444976,30.0,5401.8718581681815,26420.117674390156,1.0823668473405497,0.9270216727856195,0.21363757233950986,0.9774627302158824,0.0001519926373972913,0.3706646895612708,0.013386519289826704,1.0148261298997252,0.3687015482287954
2.2230264159034654,0.46032769091964704,1.2914229540629554,3.974777060886068,0.19223518508230905,31.0,5478.702774845808,26384.518620491657,1.001233510971369,0.9257725831751459,0.3341120778297225,0.9884227226551491,0.0539938358788038,0.03565056885185208,0.02261242963585941,0.9221536826101941,0.26695700731222516
1.547598067034057,1.101285641818707,1.6745046628864617,4.323388371739226,0.12668837975201694,39.0,3610.6188229324825,24394.787326748126,1.1076820294749217,0.8559574500613377,0.45243217623438087,0.9828598483950547,0.13943672434303278,0.08782818139601756,0.1618929382470935,1.0144890628219487,0.40443983016929064
2.0125236535232265,0.43012377341338126,1.5368129314003598,3.9794603583369677,0.17399096102910766,32.0,4958.742389329568,26002.523255331766,1.0034555317622884,0.9123692370291847,0.1630167645032835,0.9853614617712877,0.12949202125868986,0.05243623934907937,0.03643448851103148,0.9877463810875609,0.33012127185297757
2.13629603781878,0.6523590421115939,1.8366173766579954,4.62527245658837,0.1838625099275977,30.0,5240.081532936534,26297.908749643586,1.0604621295747563,0.9227336403383715,0.2836300953757286,0.5453438146282082,0.1379091603333802,0.04419986492983058,0.03786874898244619,1.0107659635338628,0.47326211257441564
1.786156496840155,0.863470885584078,1.8349726884557502,4.484600070879983,0.15298900772924517,35.0,4360.186720283487,25394.760534693938,1.0049663612687125,0.8910442292875066,0.03573119440368577,0.9832904747652669,0.13459196947032337,0.3195611867348743,0.17834382437675456,1.0336455110276748,0.37902238024548485
2.2664403415625625,0.5353605766230137,1.2386067244008139,4.0404076425863895,0.19478983759925309,31.0,5551.510371578713,26400.830903972867,1.1505025440825487,0.926344943999048,0.20645183869906147,0.9938683589249943,0.045859341200578774,0.06660526273198847,0.13005986306154205,0.9827985601349902,0.23248938024328947
2.1063300074618945,0.6628905746677914,1.7163443304211639,4.48556491255085,0.18248737340807417,32.0,5200.890142130113,26183.26603967577,1.01998517948066,0.9187110891114305,0.2640140068385546,0.9966285366985783,0.04667670270724761,0.5120084969318147,0.036266779010216244,1.0320409944684916,0.29559636995986605
1.7883501015145533,0.5705904802041972,1.7193374309038145,4.078278012622565,0.15306438041278564,36.0,4362.334841764391,25320.92281610129,1.1054712184726494,0.8884534321439049,0.020328986097131907,0.9736722612700507,0.291231672029172,0.04030183802357523,0.05670699303165366,0.9382114944858899,0.3135937685699135
0.8299136162166215,1.7169127692573969,2.228378927753427,4.7752053132274455,0.04478823508500435,63.0,1276.464699922624,17218.407738967788,1.0176780768171574,0.6041546575076416,0.3583299407676398,0.996014841891177,0.8637961391745295,0.10411850350728369,0.031444309863981446,0.9407870464858492,0.25853949575503066
2.1153310897376048,0.5623673543574648,1.3725361851929363,4.050234629288006,0.1832512839417193,32.0,5222.661592339,26193.709565142315,1.0052023581578096,0.9190775286014847,0.12258272986155205,0.9972456839496234,0.04766489395950807,0.09251877746999326,0.18414364177832532,0.9436170040761223,0.2911084404136659
2.316898919378411,0.9283707054277852,1.168451307908183,4.413720932714379,0.198797545749181,30.0,5665.730053851658,26447.95874861019,1.1067831604870975,0.9279985525828136,0.10720685590630219,0.9828191770274701,0.08640216729763794,0.007443060984059724,0.14660659308230672,1.0497934265513016,0.19458892686114204
1.9054541762976718,1.3215821859007053,1.3949352467117817,4.621971608910159,0.16607266564222262,35.0,4733.070970803345,25514.664445853887,1.031919922650732,0.8952513840650487,0.22491453596855404,0.9834509564488503,0.28889755701179115,0.03361398752536582,0.08900102599972848,1.060664907801876,0.16333882872003258
1.261846886607981,1.1622983566110818,1.996496759576539,4.420642002795602,0.09404173565265525,48.0,2680.1894661006745,22310.03430488583,1.1210402895347755,0.7828082212240642,0.12420671004858719,0.9887015961733795,0.5757931196380842,0.1158710418604359,0.08720098355268424,0.9599835303230699,0.26079035974020925
0.36302808108474294,1.9811802467313342,2.2992514569224505,4.6434597847385275,0.01027589594138228,82.0,292.86303432939496,8482.263152359892,0.9547587861865422,0.29762326850385584,0.634561986687723,0.981469747903519,0.8399695776923453,0.09353266243392389,0.04333194675254676,0.985964374994045,0.5014647258197931
2.455807988432588,0.20608703613602145,1.3239033242657454,3.9857983488343547,0.20831887652711933,29.0,5937.087981022901,26716.055051521733,1.1402866286383235,0.9374054404042713,0.058249706965732784,0.9890341851881231,0.0456875084089588,0.08501051139010302,0.03965303327842523,0.976815184377785,0.2617743039837004
1.0511511057318792,1.4300206969154559,2.288117943895281,4.769289746542616,0.06922689291984116,55.0,1972.966448215473,20191.78287628794,1.0033832260984912,0.7084836096943137,0.09498284039037136,0.9502584191435776,0.7123014665126792,0.36665041288561995,0.1332928283780328,0.9715620263551239,0.2430775800570224
2.1548441509592533,0.7931636315580681,1.1079129501537932,4.055920732671115,0.18731627755523253,32.0,5338.513910324127,26186.94474679401,1.0445870589356159,0.9188401665541759,0.48150479802980634,0.9880119274294846,0.011150155587178134,0.04032270079153022,0.14746680007374724,0.965279021788576,0.2109784077795025
1.2754031606121328,1.8435155429160088,1.8632166092148363,4.982135312742978,0.09765188529879057,48.0,2783.078731015531,22249.130989124682,1.021271237697309,0.7806712627763046,0.1724166326217591,0.9802064110363463,0.7039699359042582,0.013356718429471337,0.09691653704269043,1.0526638665440602,0.14501815642540095
1.9804257369562466,0.6455906618238828,1.4052883354292511,4.03130473420938,0.17135668841705318,33.0,4883.6656198860155,25895.38259717128,1.099043610898571,0.9086099156902203,0.14995036474803547,0.9971675466688967,0.07972088536975042,0.0058554290214701266,0.18802948451061086,0.9535647433337002,0.31966593867978865
2.943506981347036,0.5802257005603431,1.3122258289579314,4.835958510865311,0.23765662064671977,26.0,6773.213688431513,27124.42636924471,1.0396492837345168,0.9517342585699898,0.1577869957776445,0.4156432309143182,0.11944355521911171,0.019061435606301358,0.06785372293180836,1.0134457407613018,0.22672754087945535
1.2964615759717033,1.3468453170555246,1.9481413979959212,4.591448291023149,0.0999475224837554,48.0,2848.5043907870286,22457.407928527908,1.045801644387041,0.7879792255623828,0.11742256379713678,0.9944705950122931,0.7350342392431228,0.018515412541965315,0.06343569719685183,0.7709004054545816,0.1579306029572063
2.7339034669357147,0.35812341075780585,1.378439581895855,4.4704664595893755,0.22531031499540158,26.0,6421.343977368945,27009.052557366045,1.0493583877863162,0.9476860546444227,0.17654488136105712,0.6192873595410585,0.06083748152452351,0.05148515304360418,0.04516115355498174,0.9447629830903483,0.2877906751434969
1.8934462386884192,0.520970851734234,1.6107096373812895,4.025126727803943,0.1630714304772416,34.0,4647.535768601386,25701.720177318402,1.0945322189470776,0.9018147430638036,0.101002931848575,0.9949113657400951,0.16400288007885633,0.017996459647128538,0.08698179988368726,0.9157874017369991,0.35767468379024514
2.133908664908835,0.4341178761204455,1.5891792120928234,4.1572057531221045,0.18425359844787095,31.0,5251.2275557643225,26259.84557069099,1.0862920315041564,0.9213980901996839,0.010882515695463446,0.9995016288015688,0.11207832925166877,0.12257331722112341,0.026429204252518934,1.0252824322553051,0.33504001491864344
2.6719900531348717,0.6598956191388228,1.1875388317436564,4.51942450401735,0.22303991353511107,27.0,6356.637535750666,26887.682127351003,1.0343455887905637,0.9434274430649475,0.5747050882052065,0.581235226060408,0.03448285218458497,0.07131737731990512,0.01673312632836943,0.999829038199564,0.21164096802462584
1.9487144486221477,0.41463011338257316,1.692815485949375,4.056160047954096,0.16728147297129628,32.0,4767.521979681944,25937.99877720784,1.0118577002811975,0.9101052202529066,0.08691544757520142,0.9932274435546463,0.044537985925808654,0.12093564060717987,0.13045384345932937,0.941751524145199,0.448057198258641
1.2906927062307403,1.424734957198487,2.087981425024215,4.803409088453442,0.0975581642271127,46.0,2780.407680472712,22567.413429358206,1.095962959200266,0.7918390676967791,0.39635687370908324,0.7255223444697262,0.5747150023620563,0.09702691009960979,0.08315278997315972,0.9979949548833866,0.3104981266075688
2.486382864264293,0.8960814776642565,1.571185491156939,4.953649833085488,0.20935238408191686,28.0,5966.542946334631,26768.22324049871,1.109320000221998,0.9392359031753934,0.2547850334670696,0.5239878473982958,0.07096629819380962,0.07327622933314493,0.07296791064987779,1.0486138969508396,0.3673323881410395
2.2034878415112886,0.4080371555010887,1.3989112163078494,4.010436213320227,0.19057111263982485,31.0,5431.276710235008,26360.53069332683,1.0083621423932325,0.9249309015202396,0.14514699295385125,0.9783919488830932,0.07990842063959558,0.07090844204779179,0.07151376579392205,0.9549462717671671,0.28637859975889235
2.215926655510156,0.32917393002518425,1.5139833344488354,4.059083919984175,0.18987680120969028,30.0,5411.488834476173,26399.979930038764,1.1250566348262743,0.926315085264518,0.11538014029114885,0.9789183130498107,0.07991765019290131,0.1140520696888796,0.046958657222341715,0.8664562384990075,0.3221239712843902
2.9587374797143284,0.4496259760539514,0.7983340784563084,4.206697534224588,0.24066132585905828,27.0,6858.847786983161,27068.381605271006,1.1054629876361122,0.9497677756235441,0.2220502789587157,0.9884863188726973,0.030168073386316052,0.013390514989597313,0.055448871820310774,1.0089282304218925,0.06676005453727107
1.4498763384437114,1.0409494350332582,1.7856817273144232,4.276507500791393,0.11463180675683297,40.0,3267.0064925697397,23981.335420633568,1.0010612026595345,0.8414503656362655,0.5359228649474963,0.9773357766747504,0.06795842799058976,0.10199117285277043,0.2015444640499386,0.9259136289207828,0.5278405659418812
2.397794629196714,0.2757173601201733,1.28390386714003,3.9574158564569175,0.20509442306746636,29.0,5845.191057422791,26665.727965476442,1.0242947355802432,0.9356395777360155,0.20349276192597643,0.9806882405526272,0.00747042222656813,0.06787869354529408,0.03050948242717233,0.9969054892091811,0.2799582645290162
1.220243222797679,1.5733015592192083,1.9186857438938194,4.712230525910707,0.0897178078313231,49.0,2556.9575231927083,21861.869693690256,1.1462396344595576,0.7670831471470265,0.5058171167809662,0.8962014949055582,0.6365553423429838,0.028895120564674193,0.05632571446188317,0.9792014002388068,0.21827657039404968
2.2130276737624834,0.531660554441128,1.2428300071902654,3.987518235393877,0.19159378348532108,31.0,5460.422829331651,26328.68280633046,1.059672053252635,0.9238134318010688,0.37489621038463494,0.9857985552431408,0.05994507419433165,0.035379253002973954,0.03342336638249782,0.9799806677166278,0.23921259903641
2.0927731556151445,1.1770928902362066,1.3374680419966136,4.607334087847965,0.18258850909956612,33.0,5203.772509337634,25969.714351684856,1.0417469167473028,0.9112180474275388,0.5465551907964767,0.7652299403918342,0.22370700534809884,0.03936109186716802,0.03966944109644199,1.0269547886530872,0.17323460074842334
1.9337216618728374,0.9044656258001315,1.3942622766923511,4.23244956436532,0.16741663315708394,34.0,4771.374044976892,25724.216936631525,1.1156569462460162,0.9026041030397026,0.4106044032551631,0.9939733583230181,0.12132782461372171,0.04271101047722453,0.052377435670280637,1.025889326785478,0.27171857426543333
2.1119399285607083,0.3170535316223623,1.5920576097335546,4.021051069916625,0.182226022348175,31.0,5193.4416369229875,26264.690393554476,1.0673813764819187,0.9215680839843676,0.11707146309884342,0.9963590031076304,0.043860430280600715,0.11581470415075557,0.06709571155130889,0.9025955671548522,0.39124393868059126
0.6670857642597663,2.8993449940528424,1.512419603323385,5.078850361635993,0.029995545228520996,70.0,854.8730390128484,14512.398899368165,0.9952523413489476,0.5092069789251987,0.10787589876844428,0.9918457880753855,0.43715458435107923,0.07073004190493554,0.9230800322017363,1.0361971442942883,0.2833509479789855
2.2620943123987036,0.32869300864233264,1.4414684806115523,4.032255801652589,0.19484080215014615,30.0,5552.962861279166,26495.201433127822,1.0225054373004332,0.929656190636064,0.12758096002071173,0.976696425212257,0.02463931648867873,0.11479945131381952,0.08207653694430139,0.9260350436622888,0.3281410159145981
2.326576376067257,0.1589142622871145,1.5062827534869896,3.9917733918413614,0.19917184572742955,29.0,5676.397603231742,26612.897441423615,1.0461951798506508,0.9337858751376706,0.04208036446460783,0.9386402800222762,0.06263037915782171,0.03696342762856342,0.011444164542887048,0.937713556025608,0.36047303048557566
1.7000647614895514,0.5530211558700213,1.8388285737107017,4.091914491070274,0.14349346580982966,36.0,4089.5637755801454,25113.272057036607,1.044505443642705,0.8811674405977757,0.010196461238959786,0.9817070791465515,0.2198212549087254,0.06992382184829726,0.10654640613398675,0.9632921249890485,0.42258783235894803
2.617011525759544,0.7991719061295282,1.5712773494341068,4.987460781323179,0.2186730146527624,27.0,6232.180917603729,26845.228292623346,1.149650754289106,0.9419378348288894,0.315182751106635,0.285646190618819,0.12234859159446937,0.1041946086012917,0.1502331338155945,0.9039687230193139,0.3148764702862241
2.2144257574582835,0.6112323585681316,1.3229364827807495,4.148594598807165,0.19268876230908605,32.0,5491.629725808953,26211.318543365644,1.0519272446946824,0.9196953874865138,0.0589648256193398,0.9715634555260677,0.25226874257997967,0.06158321632056807,0.08693220953941116,0.9223061863032607,0.13785467251138694
2.4108135994525437,0.5705769261041117,1.6410640289429819,4.622454554499637,0.20497148517824657,28.0,5841.687327580027,26655.18486943926,1.0632457060876814,0.9352696445417285,0.11223004599481484,0.503582024521323,0.1590794991730512,0.05431376547662714,0.10986381567486003,0.9497911459950836,0.34677691976278524
3.2334636563636763,0.6013546588710488,1.2065002907063755,5.0413186059411,0.2521957489138458,24.0,7187.578844044604,27316.490703622396,1.126374569994329,0.9584733580218384,0.2509762150232324,0.40793454518381556,0.016357014543938453,0.08375128308882379,0.0615622103329489,1.0253398126707514,0.2215743144496498
1.7454888936337871,1.7377003919740552,1.6041746650027622,5.087363950610605,0.1476294446028678,36.0,4207.4391711817325,25277.017638758123,1.0735033096622284,0.8869128996055482,0.4724505457276794,0.9930589997829091,0.051678870992025505,0.08651639889386786,0.048421633593749513,1.1363610340713548,0.4208234364482122
2.280347575653454,0.12064682898185883,1.5714333389954995,3.9724277436308126,0.19480499918523822,29.0,5551.942476779289,26573.891102249047,1.084059086823699,0.9324172316578613,0.104994890340528,0.987066708550885,0.007187800731721039,0.1099392204491022,0.0024351187718746337,0.9369933245544748,0.40560903833926965
0.8119508756365111,1.8922973452522183,2.279648837739802,4.983897058628531,0.04183948586801539,63.0,1192.4253472384387,17034.157119184198,0.9788470376691817,0.5976897234801473,0.15324388447588888,0.9988280596522491,0.7473854962498877,0.13077609877580382,0.01901715580253377,1.0724926130995538,0.376897965951871
1.807424169651649,0.7846696100971093,2.0412275667080952,4.633321346456853,0.15340382669356742,33.0,4372.009060766672,25606.601094193866,1.001746413973937,0.8984772313752234,0.6503529634729764,0.646336277806931,0.06119995215317364,0.1363632783321575,0.021258359197186216,0.768985830557555,0.6234243544435891
2.210910519259929,0.952899831003983,1.4944211193873027,4.658231469651215,0.1916639228486817,31.0,5462.421801187428,26284.360459748434,1.0060678902908706,0.922258261745559,0.5077962107088219,0.6380168509442513,0.12221153511771338,0.20390218932645993,0.09496994375142676,1.0089808037644672,0.251401052670718
1.157471783061829,1.334877537495601,1.9642597044237016,4.456609024981132,0.08116349113905431,50.0,2313.159497463048,21416.205474176346,1.034849376925062,0.7514458061114507,0.38298367019999846,0.9909475960910548,0.5554243688236575,0.06425956395753646,0.059378657030058124,0.9620752089280633,0.2992992027357335
1.7736996116823198,1.5147907803028893,1.519055405176096,4.807545797161305,0.15220998349630843,36.0,4337.98452964479,25147.94701603501,1.1495350119971643,0.8823841058257899,0.2862595113977078,0.6554743229448133,0.11646881172187362,0.20132653493764224,0.5269140256611855,0.9975170010379875,0.2813806143761255
2.1832797976135536,0.37962942133685607,1.4090825306734827,3.9719917496238923,0.18874162743680406,31.0,5379.136381948916,26345.1427676401,1.0136650143491315,0.9243909743031614,0.15237102777865352,0.9909565304374153,0.0586291670291082,0.05855737827020063,0.06130210793060009,1.0020888033941675,0.31167212365553
2.2643306527151923,0.4322086779995614,1.4091952882741041,4.105734618988858,0.1944375259353301,30.0,5541.469489156908,26423.180106065098,1.107699574372878,0.9271291265285999,0.15642792978470965,0.9443463403840321,0.09108554903261412,0.12525054198307117,0.06957621233296529,0.9730362776120405,0.2591957025374345
2.01102126082051,0.7911032641148857,1.3347665295100368,4.1368910544454325,0.17533410814759032,34.0,4997.022082206324,25807.283618003767,1.0949999247390014,0.9055187234387286,0.21234555785855042,0.9854573157565969,0.24247580816799486,0.006770859290429421,0.10752199700217152,0.9400556289019968,0.17243327005296205
4.175432379896847,0.35084758282775264,1.0813505031586954,5.607630465883295,0.2902525200012087,21.0,8272.196820034449,27668.094127937802,1.0458719428425225,0.9708103202785193,0.16636775420801952,0.036138901279222035,0.027421999529381236,0.04049406521460769,0.07167341466283061,0.7841326572425489,0.17359663426126026
2.649568353272914,0.6331248901375665,1.4310015408589931,4.713694784269474,0.22192679899481552,27.0,6324.913771352242,26895.1916476885,1.0085822522478443,0.943690935006614,0.08729505850528885,0.579882224674361,0.09073934530483402,0.15607385327119133,0.14817475508729072,1.0141714129375556,0.25418241517722606
1.7490729684920947,1.0688689548264039,1.6866987676419338,4.504640690960432,0.1487557048691169,36.0,4239.537588769832,25199.025604894327,1.1534345157166568,0.884176337013836,0.2371886225569519,0.9075650180348853,0.21183520971680064,0.046732052861686246,0.10283622634052592,1.03853188312665,0.35512538714167174
1.2060386234792915,1.1354208035494766,2.00798908763146,4.349448514660228,0.08726758600670227,49.0,2487.126201191015,21836.32344771295,1.1063399815550377,0.7661867876390509,0.11745725966425613,0.991213441900105,0.6345634606154456,0.00917370184337124,0.03305917648102602,0.9535882299235872,0.2741052719369108
2.9921111129475495,0.4312106044079411,1.1215221428781843,4.544843860233675,0.2415988965073155,26.0,6885.568550458492,27141.14853154753,1.083838224536564,0.9523210011069309,0.1628484040432493,0.6739670471302793,0.04796597805095221,0.09497762962399142,0.089913906786798,1.0020731774643334,0.16167386123397698
1.632503792684849,1.017167681132878,1.8993140425899493,4.548985516407676,0.13666131969190765,38.0,3894.847611219368,24721.657945508447,1.1114363680775219,0.8674265945792438,0.7500539258748805,0.9928273420865382,0.051768381634824334,0.7337262314533475,0.09473059140288054,0.9779595315854768,0.31607058645922326
2.4435959151889843,0.6896937080858943,1.1662127611322806,4.299502384407159,0.20832691545488993,29.0,5937.317090464363,26637.87431802902,1.0655225254172216,0.934662256772948,0.10585063517421084,0.9459264517200017,0.08233492186445379,0.014281325602950479,0.10473673886244439,1.0313584015487642,0.192580892920712
2.0660403665198386,1.0390136724279215,1.860888748971393,4.965942787919153,0.17814230721178717,31.0,5077.055755535935,26155.92179715944,1.0647266407316989,0.9177516420055944,0.17462423481590844,0.6884316081383005,0.14532219925337952,0.13044205411289478,0.03260265769280574,1.0726501029182915,0.4465616660506537
2.3685395561179043,0.5568561234371312,1.4244505694144698,4.349846248969505,0.2020534618675616,29.0,5758.5236632255055,26546.57712187187,1.098475345591637,0.9314588463814691,0.13481712892309294,0.7501212041789537,0.15327922541358718,0.05699610007526135,0.09606007819682871,0.9512438635758824,0.24650621812465
2.4394659697764625,0.21321826956973777,1.477911847020973,4.130596086367174,0.2064688276248592,28.0,5884.361587308487,26733.450053554185,1.0802678735883342,0.9380157913527785,0.12420388089668705,0.8770773953723988,0.05105222709387636,0.1132675336741718,0.0062180240161180955,0.9521534248020451,0.3220739564405948
1.486527286120711,1.256754057638854,1.8458531682374035,4.589134511996969,0.12110413025793677,42.0,3451.467712351198,23884.29894505132,1.0841383339074058,0.8380455770193446,0.008131288436902251,0.9158789129465661,0.4682265628600486,0.05284067963696737,0.1465665455972831,1.031643729214664,0.2640562042789014
2.1684116317407898,0.38295759004432134,1.4790544348220145,4.030423656607125,0.1875068398724795,31.0,5343.944936365666,26323.63422579586,1.0334712225586224,0.9236362886244162,0.19796195270123396,0.9958128719727317,0.030191561667381017,0.17579960387530846,0.06985414742100793,0.9890339242065145,0.32073699766948227
1.6416829744850636,0.8105404781771215,1.7117833937786746,4.164006846440859,0.13688381882160736,37.0,3901.18883641581,24875.95759391313,1.0843005905898264,0.8728406173302852,0.58158566169141,0.9994683065692357,0.08789658930505645,0.16856411891371875,0.048554966264063415,0.9134112115179647,0.42216070777771186
2.2684997024465465,0.5009625978189436,1.4136159562318844,4.1830782564973745,0.19541384343368187,30.0,5569.294537859933,26489.530990947736,1.0320979151945062,0.9294572277525521,0.18242405529671013,0.9774627302158824,0.05040848814533605,0.08054650235526978,0.003134344152709523,1.0295821402498513,0.30872518918799763
2.406592132633431,0.2594287991880103,1.2496430245122854,3.9156639563337268,0.20580228061284908,29.0,5865.3649974661985,26681.350345987634,1.0112582598560813,0.9361877314381626,0.19086598987678066,0.9879406476791417,0.01555863335967389,0.009910263839492617,0.02261242963585941,0.9711193681117849,0.2801181200314833
2.256609387814122,0.3587839050855149,1.3499215621748926,3.965314855074529,0.19405527701881126,30.0,5530.57539503612,26440.6172794623,1.0880355932160224,0.9277409571741159,0.06445753969177942,0.9893541003750189,0.07153094613058708,0.020600883718183305,0.09351497309892742,0.9758108394382154,0.28508118717037867
2.2478740988330452,0.22771004086703445,1.7286153510604767,4.204199490760557,0.19357721887916374,30.0,5516.950738056166,26472.691979115087,1.0471870391302782,0.9288663852321083,0.09743825123219374,0.9853614617712877,0.024920625515874595,0.46732524728164093,0.04644542568051441,0.9877463810875609,0.33012127185297757
0.7653646982401134,1.6643930348677949,2.3240571663124716,4.75381489942038,0.03840952980410147,66.0,1094.671599416892,16196.359362804837,1.0682625646941621,0.5682933109756083,0.1639698634270189,0.9843027798492184,0.9622094700340503,0.04419986492983058,0.028554483194850322,0.9026377100151906,0.27560276213392054
1.9986174787808921,0.6004516337237142,1.4334866368072876,4.032555749311895,0.17321619783353334,33.0,4936.6616382557,25911.601026218184,1.0984941487172741,0.9091789833760766,0.1960916167375134,0.9832904747652669,0.13459196947032337,0.01477330343559774,0.10123603139035792,0.971559471300709,0.2894200812654315
2.784547946696157,0.40439002257430234,2.0740384955384714,5.262976464808931,0.22845456091371907,26.0,6510.954986040993,27040.010900642887,1.1548941647948525,0.9487723123032592,0.20645183869906147,0.4875146036666925,0.045859341200578774,0.9121761729152993,0.02984215877076235,1.008683106816606,0.2986580831908121
2.334095219390434,0.23010044317955813,1.7489583724638242,4.313154035033817,0.1993884831545677,30.0,5682.571769905179,26555.87469089752,1.1345825418637985,0.9317850768735971,0.10379543378513412,0.9357157462679896,0.0765800116782751,0.5120084969318147,0.005717495938505679,0.9732529776169572,0.28157402484651417
2.225983106101891,0.3728646778820355,1.3949242954778698,3.9937720794617966,0.19091697419480888,30.0,5441.133764552053,26412.24837203145,1.1163208730621843,0.9267455569133841,0.12694763640343265,0.9896462428362314,0.0695417556415685,0.006571086729526832,0.07080220400812504,0.8580736889451135,0.3135937685699135
2.332216714903742,0.376761073810608,1.274927896578666,3.9839056852930157,0.20078416109655106,30.0,5722.348591251705,26517.02528333263,1.046279579386412,0.9304219397660572,0.14273971804854058,0.9949412735594626,0.12028734718196288,0.008533295874262214,0.026795167494561567,0.8884546148312098,0.22016038452737963
2.259731125296556,0.4131590985202962,1.3174636761334404,3.9903538999502928,0.19444725108778957,30.0,5541.746656002003,26455.383723316507,1.075897631733543,0.9282590780111055,0.2444864589580421,0.9868675865930041,0.02470726529508599,0.05253131254897331,0.06580587080981254,0.9436170040761223,0.2911084404136659
2.851590358092848,0.6237731599408403,1.374598968040795,4.849962486074483,0.2326988315429686,26.0,6631.916698974605,27068.534373190985,1.081548389961406,0.9497731359014381,0.19693593785371133,0.3560378086648207,0.08908269061501028,0.008548700480641713,0.14660659308230672,0.8963238739142527,0.28036799846439564
2.3188877009705706,0.395070425168915,1.4852140116381074,4.199172137777593,0.19835676620206594,29.0,5653.167836758879,26599.181788918424,1.0641594440671087,0.9333046241725763,0.025842594478768466,0.9765407271675708,0.045312991779758505,0.05317125627876912,0.006468567617925969,1.036040150973082,0.35612142088109966
1.7742445294765572,0.7058494542548196,1.639051920405351,4.119145904136728,0.15224650956053087,36.0,4339.02552247513,25223.057414601837,1.06274112539386,0.885019558407082,0.20419139657393093,0.9965546993329116,0.2728168719839821,0.1158710418604359,0.046205642104923506,1.0000026831868836,0.26079035974020925
2.1344030511215237,1.2397552556556994,1.087585121270132,4.461743428047355,0.184855909411342,32.0,5268.393418223247,26099.71171610192,1.1412992229725647,0.9157793584597165,0.634561986687723,0.981469747903519,0.045296530876572205,0.02274455435302347,0.04333194675254676,1.056323072393503,0.18395610048565647
2.420071299750628,0.24353665714990003,1.3508031896826098,4.014411146583138,0.2054593316835105,29.0,5855.590952980049,26698.400206929502,1.1413933012321524,0.936785972172965,0.1071361856823525,0.9718676462706485,0.002824366070561135,0.08501051139010302,0.06608196118085291,0.9594789775502415,0.3054787465328692
2.1819368318424135,0.3466082432664679,1.3955725594349784,3.9241176345438595,0.18869323287138548,31.0,5377.757136834486,26340.289179691026,1.0224822421425246,0.9242206729716149,0.168012826730437,0.9905791962938604,0.08445327926394969,0.001191295868411213,0.025957748820053195,0.965948041757736,0.30844066828925687
1.2822788532410527,2.214318975152975,1.128618576781309,4.625216405175337,0.09664447801428516,47.0,2754.367623407127,22479.70798785408,1.1107048650593865,0.7887616837843536,0.28320685075048935,0.9872893033013582,0.0357769695853008,0.006987522740739938,0.7998168318932642,1.0347266257797507,0.27227546832517735
1.3823892766479984,1.0871171758439089,1.8613052904090828,4.330811742900989,0.10866373188315094,44.0,3096.916358669802,23203.12701145723,1.15577668034002,0.8141448074195519,0.13925388154918472,0.9822064543060227,0.5379584415509723,0.01742480487976078,0.07046281598413295,0.9469946687199413,0.244721268941257
2.5192921288788,0.34160992010603064,1.142375055020861,4.003277104005692,0.21331799270151855,29.0,6079.562791993279,26733.080780540666,1.1457928335703718,0.9380028344049356,0.14995036474803547,0.9863857832052422,0.07410851110812461,0.0058554290214701266,0.040248394347904115,0.9535647433337002,0.18784852027708432
2.2767111286002915,0.2953944227148865,1.3414907223022876,3.9135962736174656,0.19594024082089298,30.0,5584.29686339545,26523.6800668302,1.0023025524556475,0.9306554409414105,0.24695252735354067,0.9922041301152995,0.01551085151211612,0.01650092953482285,0.012587809046585796,0.9404892917201457,0.32455063535720274
1.8318365532449756,1.8308085244163061,1.435060739559066,5.097705817220348,0.1580851830496488,35.0,4505.427716914991,25330.77492011675,1.0481633254990421,0.8887991200040964,0.3572556183319191,0.3453841018736572,0.11116993689602794,0.027408399787844873,0.6533990003701726,0.965606483881104,0.31091276423537195
1.915012954606637,0.4311482651327833,1.6437566200780298,3.9899178398174504,0.16482063085638066,33.0,4697.387979406849,25780.712883857614,1.0252987274433318,0.9045864169774601,0.18191800200350117,0.9883903417459985,0.16107670463302048,0.05148515304360418,0.0038076030898757107,0.9542149098372177,0.3634983896107098
1.7005894696976076,0.7221813751642496,1.641581347308323,4.06435219217018,0.14251496481709036,36.0,4061.6764972870756,25176.22499795773,1.1241026278264254,0.883376315717815,0.5281182340687485,0.9883546915701923,0.01339969421875109,0.002620993583199338,0.08698179988368726,0.9157874017369991,0.5080905395029536
1.9171993510864764,0.5457641230296922,1.5828690178491858,4.0458324919653545,0.16440506701038315,33.0,4685.54440979592,25792.258191331624,1.15536179230365,0.9049915154853202,0.22434994309001155,0.9942261127590639,0.051733210905774374,0.08107232923699548,0.12190718179050958,0.9877346554252111,0.40047006641662364
1.1453085259818474,1.261369623492003,2.0517062405199735,4.4583843899938245,0.07935613202142304,51.0,2261.6497626105565,21294.964846936356,1.0908336618973413,0.7471917490153107,0.3433342154721158,0.9674435319918346,0.6048625318576754,0.0529102926211476,0.005370805116687194,0.9291846564993758,0.31236761042647654
1.802441035236902,0.8731661332250753,1.5214083318939808,4.197015500355958,0.15457958381804723,36.0,4405.5181388143465,25355.854169836966,1.0926223799617563,0.8896790936784901,0.40352651711729876,0.9801489797478348,0.13915461945941188,0.12093564060717987,0.13045384345932937,0.9208839564720261,0.2964262965569038
2.451455527048881,1.100696335190675,0.9707524916990933,4.5229043539386495,0.2091967467756791,30.0,5962.107283106854,26579.032406898008,1.16043785553654,0.9325976283122108,0.2565005173783743,0.9916068210467126,0.04309333579292279,0.009295176925015525,0.16071865779525552,1.0572648123165507,0.1335186140731457
2.2171971406538886,0.3503107698505262,1.3607187730570272,3.928226683561442,0.1905937860742147,30.0,5431.922903115119,26424.444976031762,1.0883415980046034,0.927173507930939,0.3000943901129519,0.9859545805977334,0.004630994435768476,0.006505991495051544,0.021634944041960813,0.9526162617309208,0.34520205770880974
1.2372872592956483,1.0864749404104086,2.140409615890354,4.46417181559641,0.08853906053038701,46.0,2523.3632251160298,22351.206135828474,1.1582514526038676,0.7842528468711745,0.5490036684127588,0.9986935917061074,0.27489290891855456,0.3077399622881709,0.06256595430990902,0.8854565000296848,0.49466792092982725
2.034586148924032,0.4863909843383105,1.5610631542139357,4.0820402874762785,0.17512827115228277,32.0,4991.155727840059,26028.6874925111,1.1575199417422484,0.913287280438986,0.21543357187654538,0.9912364841226351,0.1180267320113878,0.1140520696888796,0.046958657222341715,0.8664562384990075,0.3221239712843902
2.6049661082654283,0.34210800149960785,1.110485401348647,4.057559511113682,0.21950926571105822,28.0,6256.01407276516,26856.62571029286,1.0208406419679912,0.9423377442208022,0.23812100728957797,0.9959591760122742,0.030168073386316052,0.053831179979272004,0.029367442065277916,0.7918118761633828,0.18746198217665455
2.077476483385212,0.7139448645010529,1.3716936890891382,4.1631150369754035,0.17975095553905815,32.0,5122.902232863157,26062.083158531237,1.1284428973101526,0.9144590581940785,0.187948116307731,0.9593361186427662,0.08193854672896317,0.09038035499698449,0.2015444640499386,0.9259136289207828,0.2656804358593945
0.7141063315486118,1.968629911293748,2.251299928732986,4.934036171575346,0.03379013725998857,68.0,963.0189119096742,15338.14370351064,1.0693629224113406,0.5381804808249347,0.5335561702924481,0.9896468639185124,0.9160365174313035,0.06787869354529408,0.03050948242717233,0.8730359912025789,0.2799582645290162
2.6901974657211922,0.2071693209312438,2.3398207860599594,5.237187572712395,0.22179815721795954,26.0,6321.247480711847,27020.80152098934,1.1218026784577038,0.9480982989820821,0.02260107557176838,0.3414124854461734,0.10622441922176329,0.7580366429579221,0.01261580826341524,0.9368087191167609,0.44866326754574004
2.389134193136719,0.44291004785594446,1.1601830710015153,3.9922273119941787,0.20354124582888578,29.0,5800.925506123244,26607.48644559469,1.093966910153091,0.9335960156349015,0.37489621038463494,0.9621914422709527,0.0007780698042092471,0.0312956408216562,0.03342336638249782,0.9941151615284061,0.23921259903641
2.1213492465409467,0.24369225081293083,1.8067633179760643,4.171804815329942,0.1830759531004293,31.0,5217.664663362235,26289.6988609058,1.0459960745523118,0.9224455740668701,0.2100183189672019,0.9915617715911892,0.01973778002363813,0.4279295687447989,0.0020336309051358636,0.960575352102337,0.39202820612496225
1.415657866966652,1.71533905230222,1.3030289232744856,4.434025842543358,0.11276046346518984,43.0,3213.6732087579103,23474.913655676584,1.076559821757332,0.8236811809009328,0.36496277572904456,0.9917179973793565,0.0759950170784125,0.10919801375390326,0.6181918754777784,0.9307497790487707,0.27171857426543333
1.6103028620684245,0.9570274104893273,2.109777255018583,4.677107527576334,0.13545641570601172,40.0,3860.507847621334,24532.870458731224,1.0259058020359983,0.8608024722361833,0.33336922628137267,0.9963590031076304,0.3263111740702246,0.7206893414323899,0.06709571155130889,0.8170299641801881,0.22768702521514328
2.133861949296875,0.6818374626543882,1.6604598729693556,4.476159284920619,0.1851953246183287,32.0,5278.0667516223675,26155.116089137813,1.0951433910971042,0.9177233715486952,0.5480487302143562,0.9913173544111569,0.020930665666669346,0.697790001898617,0.05119636697001401,0.8650518645330858,0.2159308315341537
2.132884493655066,0.6149646770487213,1.3660387336928652,4.113887904396652,0.18357664496914466,32.0,5231.934381620623,26216.401681907588,1.1551983063953446,0.9198737432248276,0.41385262842710036,0.976696425212257,0.02463931648867873,0.10670212924485645,0.08207653694430139,0.830224936232552,0.2953332735885805
1.1130508327077444,1.221126355557653,2.1652141802557487,4.499391368521146,0.0751052768919836,51.0,2140.5003914215326,21020.270334838082,1.0423682749701808,0.737553345082038,0.24277020546979367,0.9386402800222762,0.6369785473347236,0.03696342762856342,0.011444164542887048,0.8052231334121269,0.36047303048557566
1.3398142874525854,1.0440523487161544,1.9292070388154163,4.313073674984156,0.10334691419621883,45.0,2945.387054592237,22986.79776953813,1.0923012275299264,0.8065543077030923,0.25061497307424185,0.9865266719475508,0.5054581255145769,0.047346355430213316,0.01762509368502352,0.9134831975084818,0.29621800842002166
2.263719560543691,0.3820852958573555,1.3014584221985361,3.947263278599583,0.19499998968993615,30.0,5557.49970616318,26487.584172222767,1.037173698570187,0.9293889183236058,0.2433976255783855,0.9906388322045148,0.004353266959447266,0.010918897845004993,0.06607888491989955,0.9320842717372102,0.3148764702862241
2.515681371944752,0.12592026674111492,1.2995237001387636,3.9411253388246306,0.21300692292879303,28.0,6070.697303470602,26821.828000050005,1.023864170094545,0.9411167719315792,0.0589648256193398,0.9951047710046895,0.02021013131919086,0.06158321632056807,0.018320122071494416,0.9424631506261292,0.2787842299395402
1.958887555688541,0.7121970260220647,1.5557957649697531,4.226880346680359,0.16893048937543106,33.0,4814.5189471997855,25814.225711240317,1.1540183648369826,0.905762305657555,0.15557533812144375,0.9010696758187382,0.1590794991730512,0.052712300897551856,0.1590012195705221,0.9064984905897364,0.31652307887410736
2.2528463091815545,0.21841858057141345,1.532653202636399,4.003918092389367,0.19241539282905212,30.0,5483.8386956279855,26508.44801840068,1.1483711977838003,0.9301209831017782,0.03458066280042038,0.9649497776195968,0.03842446064415428,0.0280605240539179,0.06310061340238082,0.8958384686327965,0.3945970907549601
2.614595873397254,0.36306968184082644,1.065534256405681,4.0431998116437615,0.21973594206763875,28.0,6262.474348927704,26834.691604957214,1.0465931400212272,0.9415681264897268,0.3017866272660743,0.9937937503194221,0.02785283370175723,0.08651639889386786,0.009751902011058133,0.9431073351948931,0.15731524034266453
2.195609083471559,0.4419916448812789,1.314270103642604,3.951870831995442,0.18985641381037427,31.0,5410.907793595667,26359.715004333342,1.0116630299259552,0.9249022808538014,0.24862325243911831,0.9996457600844465,0.03718562876746223,0.01578193744111006,0.06879497464548362,0.932524374926134,0.2977492165897333
2.2419946359708613,0.6803135050008347,1.3420777518212228,4.264385892792919,0.19244414020769357,31.0,5484.657995919267,26396.885753236515,1.1424983720341315,0.9262065176574216,0.2521793388357083,0.9934835141151802,0.05462178688885455,0.08252617271400181,0.025286402619970505,1.036953585073988,0.2690960009018193
1.9229028157033274,0.6405094563795203,1.942438523627679,4.505850795710527,0.16610175054156276,34.0,4733.899890434539,25759.334805872513,1.0714614800243238,0.903836308977983,0.3355381947957945,0.9999178059695496,0.022678690733284712,0.7894761008306355,0.13547661274189937,0.9607045359113453,0.3205783631255166
2.125180496937685,0.4902732844573685,1.367901560190123,3.9833553415851766,0.18412272173135105,32.0,5247.497569343505,26209.51909454994,1.0037312629841693,0.9196322489315769,0.3066885589431416,0.9894663619247098,0.09345275158900068,0.029302325570347065,0.021702799065362932,0.9182688125787986,0.28000163065385486
2.3974595857678835,0.24020438963677704,1.9477355188109382,4.585399494215599,0.20463291046507992,30.0,5832.037948254778,26598.309459279855,1.1323254013715331,0.9332740161150826,0.03173882606800238,0.9925143663195415,0.06547391639873013,0.9706532424934294,0.055127344485339735,0.952171291413741,0.21060950173189674
2.2692366763146645,0.2868750786308114,1.670671981905476,4.226783736850952,0.19538326319252364,30.0,5568.423000986923,26476.563892349706,1.0590716000805334,0.9290022418368318,0.10685454058172789,0.9887037265569876,0.04017196162229608,0.46544135770539163,0.0598812978078197,0.9589540255258351,0.29111163563302167
2.3395524349028283,0.1916660354093007,1.35791336864476,3.8891318389568887,0.20005311206633697,29.0,5701.5136938906035,26615.351392321703,1.0634990716989168,0.9338719786779545,0.13095598711648948,0.9989114153169638,0.01551085151211612,0.017583083994123005,0.018721885512318515,0.9912840024553464,0.3291654197173024
1.5170034919952802,1.562528863397906,1.3017851226378752,4.381317478031061,0.12449433582396571,41.0,3548.0885709830227,24045.899877804983,1.1525086168372096,0.8437157851861398,0.31203110764863734,0.9863027983915413,0.09108554903261412,0.08260151627325063,0.5569347161001738,0.9730362776120405,0.2591957025374345
1.7607758732696248,0.9607107674409889,2.292345109622708,5.013831750333322,0.15037442341378943,36.0,4285.6710672929985,25178.087163971333,1.1589060104300177,0.8834416548761871,0.5504670492441629,0.7072691093304923,0.24247580816799486,0.8388326396974445,0.02326500297241685,0.9400556289019968,0.31782068241949624
2.2255862997465434,0.795020720357336,1.9717074957498602,4.99231451585374,0.19102378557681843,30.0,5444.177888939325,26306.212692545694,1.1447112810600855,0.9230250067559893,0.15439844063246833,0.14158718146765747,0.3743476691548995,0.020147760264027592,0.039550387996259206,0.9802257228146498,0.36658052766673865
1.8341710652276764,0.6222623338066711,1.5593926442926271,4.015826043326975,0.15709235548151587,34.0,4477.132131223202,25573.91439174629,1.0290421087424366,0.8973303295349575,0.45766128000218764,0.9912250591235758,0.08179030782367569,0.024367485651538734,0.020957796034484943,0.9044888130725037,0.3958934893601409
0.17062900089854705,3.255787347302136,2.15908074926971,5.585497097470393,0.003693417374554704,89.0,105.26239517480907,4079.2973984241003,0.8311605205544863,0.14313324204996844,0.1110300646462925,0.9696079990386044,0.8988759427879913,0.03604699902852537,0.5593790453125167,1.084710659731103,0.45895014233167863
3.2374921155044283,0.14424168491943257,1.5520670951766156,4.933800895600477,0.25023830428148675,23.0,7131.791672022372,27388.05628809548,1.1506939607965703,0.9609844311612449,0.026106936941581727,0.24667629465922147,0.04186472850689693,0.015026326064246032,0.027668827608752722,0.9943635949437812,0.39336254185669617
1.3320525032743171,1.5926873117001925,2.821776431393623,5.746516246368133,0.10254778532501167,44.0,2922.6118817628326,22870.976937450152,1.1041951845803752,0.8024904188579001,0.21035606324829542,0.4680301321806505,0.6521062423130867,0.7983633282816412,0.020420626391050856,1.0454163290250207,0.33288291440558115
2.45131550501032,0.19965834118822642,1.30096056110878,3.951934407307326,0.2072739289806306,28.0,5907.306975947972,26748.611258941786,1.0817596041047928,0.9385477634716416,0.022922629854889742,0.9749119130958355,0.010603288724568338,0.0019133120733692555,0.06910875890975954,1.0028266575533706,0.3086632339448938
2.51434831618662,0.12848674898359602,1.2570527594149619,3.899887824585178,0.21291507654722888,28.0,6068.079681596023,26818.712763093376,1.024004997062676,0.9410074653716974,0.0016661996938265866,0.9993079997962536,0.021101128232326682,0.0063235124060943,0.047584428470639706,0.9694212662754453,0.2789787779197548
1.0459855826498838,1.2385257026265641,2.123628014703045,4.408139299979493,0.06730615113709411,54.0,1918.225307407182,20207.907857043854,1.1350566849898105,0.7090493984927668,0.09866761385827116,0.9779158893556854,0.6711155523797153,0.022265274486139353,0.06659238009936003,0.9838507179292857,0.3319202488243027
1.6415151280894018,1.032876452625651,1.477933189119806,4.152324769834859,0.13802892818799403,38.0,3933.82445335783,24750.80192868304,1.0844276792371592,0.8684491904801066,0.6112196756356529,0.9925316129541959,0.15327922541358718,0.03715645791825245,0.09586896943480872,0.9645872563912905,0.30785093491691207
2.117647488691701,0.9383842565374723,1.9406782598633217,4.9967100050924955,0.18356283695892814,31.0,5231.540853329452,26115.68544355483,1.0758599773479578,0.9163398401247309,0.4075874438352576,0.38135542426089686,0.27969044702526336,0.2838510944985324,0.05563057108215985,0.8770019382495793,0.3220739564405948
2.287933731805995,0.5049933175013727,1.3649384384156027,4.157865487722971,0.1971945640322516,30.0,5620.0450749191705,26467.363427959044,1.0470582008714453,0.9286794185248788,0.008131288436902251,0.9158789129465661,0.06853146465167465,0.09730267515980917,0.1970324160434792,0.9524195946893728,0.2656338499225912
1.0372777500898398,1.6332019197714767,2.1905068805524204,4.860986550413736,0.06708299630556377,55.0,1911.8653947085675,20075.65777154232,1.0098328228803009,0.70440904461552,0.12442669943873041,0.9958128719727317,0.7033096423721146,0.17579960387530846,0.022086853737301126,1.0512046311624965,0.2810366423331745
1.7512171063455668,0.776221777054904,1.6959844334054077,4.223423316805879,0.14982851759071047,36.0,4270.1127513352485,25211.33269085247,1.026246160928699,0.8846081645913146,0.2092090561309402,0.9357596645107208,0.2612936461082286,0.05438256738367353,0.0875361258808105,0.8531638950402618,0.32243799378943017
2.462578023596,0.28381901971477086,1.3375808518504417,4.083977895161213,0.2083430640690641,29.0,5937.777325968327,26755.472390971914,1.1036909958844148,0.938788504946383,0.22246057008601444,0.9774627302158824,0.01089987073238785,0.1003269703691465,0.02250432176508732,0.7424206882527367,0.28779876739144594
0.6714842239529778,1.4538025857090466,2.449342177400254,4.574628987062279,0.029509003293932516,69.0,841.0065938770767,14657.094506711312,0.9740109354206369,0.5142840177793443,0.1846681559618002,0.9972298829876348,0.8394754448926295,0.28213997245262246,0.004960631204151134,0.9647443984628796,0.37644168510274234
2.397039234671528,0.7685594707329804,1.2115602264685257,4.3771589318730335,0.20429889032652856,29.0,5822.518374306064,26607.12101004073,1.0888415816371766,0.9335831933347625,0.12424660727152481,0.9604077228596565,0.053483418253152004,0.020600883718183305,0.09351497309892742,1.047132223735484,0.23041399172705024
2.2107497715964004,1.2173596238374855,1.4391933824777317,4.867302777911617,0.19085783853674498,30.0,5439.448398297232,26318.144513831117,1.063652341881722,0.923443667151969,0.26369210954821976,0.5274443711965868,0.05436705784146434,0.05243623934907937,0.3402107879455739,1.0239619189544902,0.33012127185297757
2.4840790653226015,0.3527048927789993,1.7015137018036934,4.538297659905294,0.21048311979397843,29.0,5998.768914128385,26721.94385911563,1.1263018621119787,0.9376120652321274,0.08169766966525055,0.9053471113396656,0.050102229201163584,0.6252646122665981,0.05486308552055036,1.0107659635338628,0.23340917935658112
1.0181022906918828,1.513640499825755,2.0973429071636907,4.629085697681329,0.06567911596348372,56.0,1871.854804959286,19755.101164654996,1.057091842028465,0.6931614443738595,0.09658316472726225,0.9921389710180525,0.809723514878518,0.02681436057154274,0.10123603139035792,0.971559471300709,0.21686832596901162
1.9480496210612135,1.0271743551560069,1.3007526323070506,4.275976608524271,0.16911561513142748,34.0,4819.795031245683,25687.489394186745,1.1273015391209915,0.9013154173398857,0.1139777459972785,0.9030386469776394,0.13255374690167854,0.00798191993446501,0.3571829944031053,0.9827985601349902,0.23248938024328947
2.2565103862692277,0.5432239903799124,1.7433217764169853,4.543056153066125,0.19405206046560394,30.0,5530.483723269713,26433.48865499106,1.089292258148388,0.9274908299996862,0.09922523985554677,0.9357157462679896,0.0765800116782751,0.5120084969318147,0.047854707723730905,1.0291774146949364,0.28157402484651417
2.339778228695685,0.38415824600303283,1.2957820192298755,4.019718493928593,0.19996057454543512,30.0,5698.8763745449005,26564.4754468115,1.14106623468737,0.9320868577828596,0.17323877493868306,0.9960869623314407,0.03250806027686265,0.0450388228023374,0.08107869032452791,0.8580736889451135,0.27502029281455
1.9145777955826178,0.3451076580045875,2.2478387198734953,4.5075241734607,0.16492402690493832,34.0,4700.334766790742,25775.018224751188,1.0461206195964208,0.9043866043772346,0.14273971804854058,0.9978839331868309,0.12028734718196288,0.906499876755522,0.010968459591551294,0.9760161741941185,0.3536767601162092
1.4949795208630479,1.2562878514424902,1.474062375262141,4.225329747567679,0.12189522103989467,42.0,3474.013799636998,23965.330075266684,1.0800671056730777,0.8408887745707608,0.9083687146070566,0.998231348329701,0.208838040686522,0.07367761920698246,0.017331037902825308,0.9572425185511064,0.2636545250139868
2.4959354325679324,0.5231829321840665,1.1034672820967493,4.122585646848748,0.21250630031387693,29.0,6056.429558945492,26682.54740043746,1.044623270591814,0.9362297333486828,0.1409182343923846,0.9828191770274701,0.06487485408066213,0.06929094650045597,0.14247620833534436,0.8963238739142527,0.15716839838573193
1.4165843066900892,1.4184471371892324,2.107748174687551,4.942779618566872,0.11173965221089585,42.0,3184.5800880105317,23597.21878639118,1.074785129733463,0.8279725889961818,0.32404162850616636,0.995820514169908,0.03736156149423042,0.9685072844548095,0.4650895817953242,1.013523000356384,0.35902034411352535
2.3900948551204904,0.29422909366378824,1.3381597936664094,4.022483742450688,0.2041760797662194,29.0,5819.018273337253,26632.810022360918,1.062077596605077,0.9344845621881024,0.0723435614361655,0.986556509718189,0.03343045884033291,0.13610595271600423,0.08585918923602742,1.0000026831868836,0.26079035974020925
0.9529522220806129,1.763538655164084,2.131535332081876,4.848026209326573,0.056258034697061615,57.0,1603.353988866256,19066.054362909887,1.1448883850314517,0.6689843636108732,0.281409631116895,0.9330409858377101,0.6495319427298296,0.01800978896054778,0.09372810646471652,1.0400468621278764,0.37976067098796307
1.6128244092832287,1.2820762277438829,2.4982587676589443,5.393159404686056,0.13569763199651558,38.0,3867.382511900694,24457.39122658442,1.096404663323042,0.858154078125769,0.38871331072709236,0.2980163466561584,0.5942666773988616,0.5311166127128211,0.000981450459248967,0.976815184377785,0.2922411815973245
0.8118498629890301,1.8657181221674661,2.214017230333339,4.891585215489835,0.043451322813614385,65.0,1238.36270018801,16898.30508613193,1.034826439789266,0.5929229854783133,0.314580966052049,0.9905791962938604,0.9584496582251051,0.004374561278740641,0.05673133438887973,0.965948041757736,0.2228075807078218
1.599156864798232,0.9163328650492919,1.863964365960009,4.3794540958075325,0.1338036641382633,39.0,3813.4044279405043,24450.365318252698,1.1287865081128907,0.8579075550264105,0.18372656967999623,0.8202965110215109,0.4850538414615093,0.024467154569803362,0.0025127665885158468,0.9882084867408483,0.2612437195703423
1.9468467322102547,0.6467153129278767,1.4307191670449864,4.0242812121831175,0.16763027280873077,33.0,4777.462775048827,25825.390523882514,1.1479458665255389,0.9061540534695619,0.3604203518238285,0.9802064110363463,0.05306472909912796,0.019247417301163805,0.10334893372767812,0.9947000560196526,0.34681838878677507
2.4750435782895934,0.34160992010603064,1.1958080677021148,4.0124615660977385,0.21108584783738774,29.0,6015.94666336555,26693.510244848727,1.0309065936799722,0.9366143945560956,0.14995036474803547,0.9999108629104817,0.07410851110812461,0.0808069641612344,0.040248394347904115,0.9535647433337002,0.18784852027708432
3.2960854890729396,0.14685106932571848,1.3871532840134604,4.830089842412118,0.25549705794713895,24.0,7281.666151493459,27380.137298464324,1.0627244012444463,0.9607065718759412,0.05658571205039753,0.5146317769800142,0.009045418205063827,0.28720687592951677,0.038348614983862606,0.9979955024261007,0.23581132803938054
2.2937770080733215,0.19934026579941452,1.4989308242495087,3.9920480981222446,0.1956910417005483,29.0,5577.194688465626,26583.964241978316,1.0952954121983864,0.9327706751571339,0.11118584117754671,0.99842366362713,0.025279887584084337,0.044750041396293294,0.025117296622870655,0.7709004054545816,0.38119190805854775
1.117915113332791,2.5113120233091077,2.4607412179023482,6.089968354544247,0.07678320708002878,50.0,2188.3214017808205,20917.131757601775,1.071532123916828,0.73393444763515,0.12802928230876032,0.11577662169850711,0.8385705092644639,0.01485945260110344,0.5627134885518258,0.9910375148753396,0.3634983896107098
1.3004294480917309,1.4599008456027407,2.245988408713125,5.006318702407597,0.10015996715595307,47.0,2854.5590639446627,22448.204790326683,1.136627772425889,0.7876563084325152,0.04365562914528859,0.6492242275258915,0.8586997666533261,0.05239068278160319,0.01244582623994489,1.0129129892496966,0.1955454489409858
2.130556275239289,0.7373888936518197,1.4347966292896492,4.302741798180758,0.18392962588614153,31.0,5241.9943377550335,26248.86765380701,1.0910931402285506,0.9210129001335793,0.10536592450673876,0.9982080256841454,0.051733210905774374,0.04273800173305292,0.0966931974093892,1.0451295947459551,0.33504001491864344
1.8920579054244242,0.6667847433453902,1.449143787590857,4.007986436360671,0.1624583079909439,34.0,4630.061777741901,25741.866738678535,1.0396007252606256,0.9032233943395978,0.58161994369324,0.9644839315445543,0.00802278319826244,0.01034388595945418,0.03656531242737826,0.9216441524455949,0.39850739176365657
0.7010755490525903,1.9577866616558068,2.130969139520672,4.789831350229068,0.03225036149990031,68.0,919.1353027471587,15146.527773922777,1.0477653232424766,0.5314571148744834,0.7006332296600636,0.9860133328983561,0.7936955584337652,0.04521666303663119,0.03330504717254773,0.941751524145199,0.3303637311908689
3.3445272844199208,0.5917841578288912,1.338428555726795,5.274739997975606,0.2562032563632734,23.0,7301.792806353293,27367.901119296737,1.1403931563256582,0.9602772322560259,0.18287118696042504,0.03683730914047145,0.058317103518636726,0.012457013928937832,0.16071865779525552,0.975520624576357,0.27872195721336634
2.1040964361314742,0.403021282621863,1.4421848968426245,3.949302615595962,0.18075968040096418,31.0,5151.650891427479,26200.939970802054,1.1441525442863667,0.9193312270456862,0.3000943901129519,0.9917768053063103,0.05581732004691092,0.017605431326646714,0.009600456219272357,0.9526162617309208,0.34520205770880974
2.9958475413066497,0.8597650098944428,0.8915010022246461,4.747113553425739,0.2419493673459353,26.0,6895.556969359156,27145.116189128235,1.0048131772175575,0.9524602171623943,0.07551224797787492,0.9947201315951726,0.014531839136598557,0.05616522250430195,0.03236191223942336,1.087216397341603,0.10094146029546813
2.1414329400493144,0.35105836763017473,1.529443199278161,4.02193450695765,0.1850020889324576,31.0,5272.559534575042,26280.668466522435,1.0736788582714454,0.9221287181235942,0.18986857907880633,0.9929723044123858,0.06892321049017547,0.12679797797236736,0.028902486408052597,0.9164869188756111,0.33596064140979287
2.5270840390796065,0.3278284863074607,1.113678966259256,3.9685914916463236,0.21380636779010995,29.0,6093.481482018134,26746.515659615376,1.1334968010435538,0.9384742336707149,0.23812100728957797,0.9940226944310269,0.050992344918676324,0.014708695291015705,0.0066094808199341215,0.9893387615942573,0.18746198217665455
1.7586617319025915,0.9946733271141341,1.5521586678945405,4.305493726911266,0.14935200221712477,35.0,4256.532063188056,25310.94590935803,1.0567039811295789,0.8881033652406326,0.21858491037972227,0.9991753739561553,0.08193854672896317,0.006546621736257141,0.19290617708462254,1.0334210303089653,0.4032353153355315
2.328455949019846,0.49773857530418913,1.514224633423774,4.340419157747809,0.1990614236970453,30.0,5673.250575365791,26544.846837867393,1.147375628322663,0.9313981346620138,0.20349276192597643,0.9664083984588726,0.00747042222656813,0.35196676025924445,0.06228631673409951,1.0198084433212702,0.2799582645290162
0.17344497119692118,2.5794630446473055,2.130372540218999,4.883280556063225,0.0037663958545511482,89.0,107.34228185470772,4146.690506968397,0.8211224390484432,0.1454979125252069,0.02260107557176838,0.9889033419217421,0.8872374373549624,0.013988364803909359,0.6130029065215467,0.9955553804562607,0.4621415609476438
2.3357900889573067,0.19117749161182238,1.5565870952797756,4.083554675848905,0.1995364694980681,29.0,5686.789380694941,26608.10180958713,1.0769754674896723,0.9336176073539344,0.15640303984258502,0.9960136027733987,0.001039657268708527,0.30091303620916465,0.01660748293308728,0.9593883416815414,0.3258831276353149
1.3814671116178077,1.4634270995985301,1.673228127409987,4.518122338626325,0.10766002835142639,43.0,3068.310808015652,23325.91879774114,1.1075788248454248,0.8184532911488118,0.1409182343923846,0.9953332831616212,0.06487485408066213,0.4279295687447989,0.6125982920425762,0.9959894786450763,0.3408920121175809
1.2118108403617618,1.701917810230425,2.0841844863775707,4.997913136969758,0.08830073641103303,49.0,2516.5709877144413,21850.567456363107,1.1064187277261004,0.7666865774162493,0.08075769595642002,0.9473289151602414,0.3103160240757127,0.7622859151843289,0.5778430390802181,0.9953531697349882,0.2532835838726175
2.3975730139288367,0.31085057494516033,1.2227377475735333,3.93116133644753,0.20476990826067168,29.0,5835.942385429143,26641.692398832147,1.060696323607542,0.9347962245204262,0.2325580967144778,0.9963590031076304,0.019162023092613556,0.036522730531706904,0.024774721795881083,0.9983760053341482,0.2539910890526045
2.0730599308620254,0.496276636804515,1.4045040146760388,3.973840582342579,0.17914791114063355,32.0,5105.7154675080565,26160.397024101807,1.0129122201538638,0.9179086675123441,0.3634558035366161,0.9913173544111569,0.025976979934600908,0.015725489269492743,0.015715967476585768,1.0078029285516032,0.35351735947855545
1.2487741428730064,1.8700106006332256,1.5391418981749152,4.657926641681147,0.09307288566971135,48.0,2652.5772415867737,22119.158895063912,1.141406687002575,0.7761108384232952,0.12758096002071173,0.9982854750207948,0.3652550822755304,0.05595888865129289,0.5709334497873657,1.0065850147030608,0.21695056740583496
1.1038207913343734,1.3081732377757527,2.445950627661171,4.857944656771297,0.07391868254702282,51.0,2106.68245259015,20887.738841247054,1.070620138070786,0.7329031172367387,0.04208036446460783,0.5991961029687616,0.7839844866205713,0.019389727443208216,0.04505807169014392,0.9908049628668909,0.40115754007154525
0.34352677120245323,3.352188383982187,2.1085180884029744,5.804233243587614,0.009742774671046027,83.0,277.6690781248118,8030.52360037202,0.9209610847793018,0.28177275790779016,0.24507947786394624,0.6485337154360371,0.8475777899303223,0.02198870993576718,0.9178711106113787,0.9862093261146843,0.41749261653979897
2.237509258045792,0.4694517671230545,1.3693287027389385,4.076289727907785,0.19262829016774266,30.0,5489.906269780666,26453.705586513213,1.060804947814149,0.9282001960180075,0.2433976255783855,0.9906388322045148,0.016468884467513323,0.025859110062909973,0.01304887253694681,1.0219066337211882,0.3332215894020969
0.29035012706709945,3.4074722342061867,1.8066625040540032,5.5044848653272895,0.008145286163846197,88.0,232.1406556696166,6808.350277635071,0.8482507572693021,0.23888948342579194,0.3377748475052785,0.9915753423562997,0.8528262102332688,0.009747140600074256,0.8952290356755026,0.9783963592250202,0.2491961187357381
1.7452247027220615,0.7914823491740413,1.5694824007183614,4.106189452614464,0.14909545523659562,36.0,4249.220474242975,25206.810490983535,1.0229812031567653,0.884449490911703,0.23486066127342015,0.9942980344035683,0.1590794991730512,0.05431376547662714,0.1590012195705221,0.9919302385011852,0.3360678119101186
1.5900498259365399,0.6623196834254478,1.8837926821962725,4.13616219155826,0.13104409948556361,39.0,3734.7568353385627,24595.73935779043,1.1395926409469308,0.8630083985189624,0.1647297605341203,0.986320015807101,0.2902422176654177,0.07931069486649772,0.03111329819660047,0.9486974998786986,0.3945970907549601
2.5906670328511026,0.3905028472084272,1.0665506850652984,4.047720565124828,0.21792807821108517,29.0,6210.950229015927,26802.64731227798,1.0828578779378357,0.9404437653430869,0.3017866272660743,0.9988198456791482,0.02785283370175723,0.08651639889386786,0.023468484694858516,0.9431073351948931,0.15731524034266453
1.0690669659115042,2.0024594391346717,1.3140782641230109,4.385604669169187,0.06940367209217399,52.0,1978.0046546269587,20519.759988019356,1.147456099228229,0.7199915785269949,0.23568846265438664,0.9996457600844465,0.028767037041738663,0.08032768588108508,0.8470890805835151,1.003680282468831,0.38330309288899667
1.9232491978204744,1.2763018852917427,2.0270255114982687,5.226576594610486,0.1675969344523915,34.0,4776.512631893157,25504.356109374803,1.0569735421539785,0.8948896880482387,0.39934522926938976,0.14314136222039642,0.5531043712570997,0.09078092272148564,0.023650049568351705,0.9621891674948047,0.24870063087033412
1.8701347177267622,0.24896573471791772,1.9121188085523966,4.0312192609970765,0.1588291895864106,33.0,4526.631903212702,25830.641932747745,1.0364072260926576,0.9063383134297455,0.1376366775019639,0.9904120143349314,0.018616562548614213,0.04272492790415022,0.04170210669651625,0.9606152546630793,0.6234243544435891
2.1279757634692014,0.3364425614991057,1.4869975148621943,3.9514158398305015,0.1837694478379292,31.0,5237.429263380982,26283.619474763433,1.0481854533643833,0.9222322622724012,0.15359065535577843,0.9894663619247098,0.03877004348741003,0.03474351078690763,0.06234842045610611,0.9735255381593961,0.37480771817127856
1.2712142230585965,1.2227982400218895,2.000292998125835,4.494305461206321,0.09626066494344912,48.0,2743.4289508883,22335.828353035922,1.0205843791021882,0.78371327554512,0.17884210886737634,0.9864991643203763,0.6182630264442035,0.1705024016879021,0.05828079574410394,0.9847432449172051,0.21060950173189674
2.260812369155209,0.3698705901974946,1.4301925670463722,4.060875526399076,0.19456691490377678,30.0,5545.157074757638,26457.876620723284,1.072838956110978,0.9283465480955538,0.2075593602896556,0.9887037265569876,0.020524985990459543,0.20132653493764224,0.06576187546107481,0.9860428363574292,0.29111163563302167
2.072334357342017,0.3631084815119187,1.5070572530344108,3.9425000918883466,0.17950693319593666,32.0,5115.947596084195,26122.05988216421,1.0623561562870374,0.9165635046373407,0.11405405404188274,0.9932947738884109,0.1410737709635993,0.012377945934430812,0.018721885512318515,0.9589671960035127,0.3193105270919814
1.2479582844440378,1.6312304037072056,1.5262819944264945,4.405470682577738,0.09110262377494054,47.0,2596.4247775858053,22353.496642763545,1.0554198179117469,0.784333215535563,0.15642792978470965,0.9980348606327616,0.0859501157704809,0.12525054198307117,0.6599195535182848,1.0032547741537756,0.3950087283065713
1.0300389221728286,1.148204272437317,2.272191710590101,4.450434905200247,0.06329311264019626,52.0,1803.8537102455934,20202.317820791704,1.117842589604042,0.7088532568698843,0.10093394926977384,0.9854573157565969,0.5100771744816134,0.0023558189444746747,0.03324320153285293,1.0269585197974271,0.5597921474657523
2.1606275253874054,0.33843820087018617,1.5089496224963623,4.008015348753954,0.1851848110538072,31.0,5277.767115033505,26351.86244269484,1.1599334630853686,0.9246267523752576,0.19696116856063567,0.9960901424606616,0.035009089904885715,0.01914741306469997,0.04448169872611096,0.7841326572425489,0.3912743248158739
1.0197144435733931,1.805631094202031,2.064762548818563,4.890108086593987,0.0646495838946277,55.0,1842.5131409968894,19890.02179209647,1.0326486350970612,0.6978955014770691,0.45766128000218764,0.928403448642334,0.6568141663074842,0.024367485651538734,0.020957796034484943,1.040104121583706,0.31877555016787973
2.172897936413451,0.6400350246750185,1.4399982978161754,4.2529312589046455,0.18649382947973148,31.0,5315.074140172347,26314.156968856845,1.1516062512726493,0.9233037532932227,0.2371886225569519,0.8382452358870008,0.022457591667546906,0.046732052861686246,0.18458000730837315,0.9245625765490844,0.35512538714167174
2.8938770032438947,0.6036348965141293,2.046770766632138,5.544282666390162,0.23494840360029146,26.0,6696.029502608307,27048.08323819102,1.0444880240364696,0.9490555522172287,0.1786322336354897,0.004588549469507042,0.2766730505731051,0.5764264781582075,0.004996543509490969,0.8657113903886591,0.25146256354825613
1.6858528095502157,1.6280988285627918,2.1190079313003642,5.432959569413372,0.14246394383493646,36.0,4060.2223992956892,24914.128198021128,1.0712355330294605,0.8741799367726711,0.18542856269317654,0.4944142702175518,0.3425942676900603,0.2938837119423233,0.23039661651516663,1.058498203913024,0.38059783480854126
1.6886707129045924,0.7279076883999217,2.0076546122086287,4.424233013513143,0.1412402273783231,36.0,4025.346480282208,25112.729728077225,1.1116576944102066,0.8811484115114816,0.022922629854889742,0.8506537790677049,0.2361073358164999,0.0019133120733692555,0.06910875890975954,1.0265758171250954,0.5267722266396078
2.5549848847632277,0.14909979222509961,1.2917208482474756,3.995805525235803,0.21480338405998373,28.0,6121.896445709536,26843.695088899232,1.1439930574464465,0.9418840382069906,0.0016661996938265866,0.9384705123942931,0.03939301870253853,0.0063235124060943,0.04417203223873262,0.9919701410348505,0.2789787779197548
2.097874913737565,0.6182279124749874,1.378948553409069,4.095051379621622,0.18156081223676332,32.0,5174.483148747755,26081.814628530272,1.1347123919701843,0.9151513904747464,0.19719655714383333,0.9957519465878919,0.11368849528457503,0.11907613544179763,0.1252493062021458,0.982019078737753,0.2354553544890381
2.5742404697791845,0.8376252869709161,1.3768775084365985,4.7887432651866995,0.21673684963598439,27.0,6177.000214625555,26835.81558108183,1.0068143802657232,0.9416075642484854,0.6112196756356529,0.3247307555112481,0.023111781643763818,0.01145657095757402,0.09586896943480872,0.946692112496319,0.3329004316551547
2.170328439664873,0.3210713069230568,1.434780419953747,3.926180166541677,0.18765282454593785,31.0,5348.1054995592285,26329.9976517945,1.0287271445778394,0.9238595667296315,0.18516740980570123,0.9905228478316641,0.08286700731564,0.01841621867409937,0.005801693071947778,0.9594751950309068,0.3220739564405948
0.8295783215096143,1.3365948955662974,2.328983073820394,4.495156290896306,0.04388244106485912,62.0,1250.649570348485,17275.69459392406,1.0276572208811747,0.6061647225938267,0.008131288436902251,0.9556438941782734,0.855136651082578,0.04856011016047912,0.0051359708664425185,1.0044358360965804,0.34450711563276304
2.3030185885220686,0.37684733969570716,1.363788283442021,4.043654211659797,0.19835924426784102,30.0,5653.238461633469,26500.976168695426,1.0440394060476312,0.9298588129366816,0.17634271956079833,0.9958128719727317,0.040530883528595296,0.17579960387530846,0.06985414742100793,0.9890339242065145,0.25505193816644933
1.6746549201942071,1.3070622796019957,1.344042377534688,4.32575957733089,0.14142718638229493,38.0,4030.6748118954056,24842.15347773486,1.1469453360412891,0.8716545079906969,0.22166713896590573,0.9357596645107208,0.07359288666066366,0.04013813119447612,0.48750290532254725,0.9599191572068371,0.29625994096115527
1.9787673783134578,0.8917256414116961,1.6824501295673233,4.552943149292477,0.17103291466227596,33.0,4874.438067874865,25860.707508753178,1.1356882600050509,0.9073932459211641,0.17245436494745636,0.9774627302158824,0.009556305542749055,0.5388803101694581,0.2690784403307356,1.0208474921860806,0.2976749980105078
0.8835771065969475,1.4593098082688964,2.188024438250569,4.530911353116413,0.049677416525637216,60.0,1415.8063709806606,18041.22040026329,1.0989421636279801,0.6330252772022207,0.15237102777865352,0.9970893457547613,0.7970569003170666,0.04772093524567056,0.05567671500732152,0.9982936643482803,0.29835072504742044
3.2771310743080733,0.18536075864547258,1.3455073527334354,4.807999185686981,0.2532522766807694,24.0,7217.689885401928,27383.34429773155,1.0259881484435385,0.9608190981660193,0.06445753969177942,0.3627450062234371,0.05415902430214703,0.020637362280351734,0.019832341250236307,0.9758108394382154,0.28508118717037867
2.196369641691459,0.3214560880447014,1.4479654629390146,3.9657911926751748,0.1884185542654606,31.0,5369.928796565628,26364.532196764496,1.1504706533700029,0.9250713051496314,0.16212367862598287,0.9853614617712877,0.057642288264437014,0.05243623934907937,0.03643448851103148,0.9905364224119566,0.33012127185297757
2.5093979533931297,1.0464319122663899,1.5560001500654304,5.11183001572495,0.2122157932227361,28.0,6048.150106847978,26755.96694389478,1.058979687097046,0.9388058576805185,0.011067299696644328,0.8278724434130186,0.06502055131152285,0.39077907650587884,0.1001004193696311,1.0922041183578999,0.243506166312085
2.417725264619255,0.3251727811832392,1.881222654369814,4.624120700172308,0.20644373979890723,30.0,5883.646584268856,26592.866832202322,1.152572084608749,0.9330830467439412,0.20327146461418194,0.9888710524890892,0.060855445187751545,0.9889508388788241,0.015309074393714983,0.971559471300709,0.1770061951023436
1.481803874011662,0.8396187076554485,1.89235493304088,4.21377751470799,0.12023552740969573,41.0,3426.7125311763284,23956.815925503204,1.0245000008768288,0.8405900324737966,0.13612714861670594,0.9970769297465604,0.41260540975774795,0.09332410846017702,0.013701699663352274,1.007147505634427,0.31323700920984887
2.027417013784519,1.0353767161773992,1.4552112227688463,4.518004952730765,0.17675311064059507,33.0,5037.463653256959,25877.69235981817,1.000234556699266,0.9079892056076552,0.2644250577429327,0.9357157462679896,0.023752086624845847,0.5120084969318147,0.36766176424859887,0.9732529776169572,0.19333912687378962
2.1999824267425363,0.37452612572209654,1.4220835954619848,3.9965921479266178,0.18882944359408432,31.0,5381.639142431403,26371.25082309251,1.153965230043639,0.9253070464242985,0.13831802875337706,0.9896462428362314,0.0695417556415685,0.006571086729526832,0.06594773175318336,0.8580736889451135,0.3266006893257094
2.4436696335266945,0.5424515198677902,1.1236913287828187,4.109812482177303,0.2084754345414403,30.0,5941.549884431049,26595.22650329687,1.1418258894725348,0.9331658422209429,0.11429590184681787,0.9975277786719132,0.10761768986780762,0.025182321306614075,0.09563933212415615,1.0094313023713686,0.15233862029754874
3.0069488850169295,1.0456593712240116,1.5513535688905091,5.603961825131449,0.24123849444523987,25.0,6875.297091689336,27152.840972494272,1.0864542928267977,0.9527312621927815,0.29312991239240593,0.08206757043913071,0.038662166700083156,0.3456661574799803,0.24063538393015926,1.0266581801151453,0.2708517071076386
2.3549660940072097,0.6323747968982874,1.1106271157604373,4.097968006665934,0.20187620451680136,30.0,5753.471828728839,26470.271588251588,1.1031939599005873,0.9287814592368978,0.20955835978721699,0.9828191770274701,0.08640216729763794,0.040554391418485713,0.14660659308230672,0.9840003473738652,0.15716839838573193
1.76050034675646,0.9209567783113849,1.6137597118836489,4.295216836951494,0.15043704534964505,36.0,4287.455792464884,25175.464032744298,1.087809100213645,0.8833496151840105,0.11361213607894893,0.9927895999890091,0.28889755701179115,0.031025434761173087,0.07345364115998942,1.0283863780493463,0.26983143033933654
2.2463896955385034,0.1948264907096674,1.557448852890774,3.998665039138945,0.19339054243084675,30.0,5511.630459279132,26494.57767481856,1.019076306798631,0.9296343043795986,0.0723435614361655,0.986556509718189,0.052109752927066655,0.13610595271600423,0.022159149941450962,0.9235370454076097,0.3569530442604165
2.4986477576487722,0.3005199434520287,1.163411103010727,3.962578804111528,0.2113737198438642,29.0,6024.151015550129,26749.62823439707,1.1128559902731876,0.9385834468209499,0.18516740980570123,0.9905228478316641,0.019125760094155952,0.01841621867409937,0.04333194675254676,0.9742259534047482,0.23065131956463603
3.498568373022615,0.1962769216649781,1.418505023747111,5.113350318434705,0.2623380797266588,23.0,7476.635272209775,27488.995263064957,1.011046842113585,0.9645261495812265,0.04843959249468943,0.17236683093333482,0.0456875084089588,0.08501051139010302,0.03965303327842523,0.9931977230681528,0.3007182052186721
1.8496127090528722,0.5696106246839188,1.586861501415084,4.006084835151874,0.1581357278073354,34.0,4506.868242509059,25605.40721474035,1.1541977155757803,0.8984353408680824,0.38718807314535586,0.9905791962938604,0.08445327926394969,0.01786742635140648,0.027871316321319173,0.9588412399623261,0.4067977245554051
2.1804970021442736,1.2318134558651384,1.1237313534151214,4.536041811424534,0.188202425221048,32.0,5363.769118799868,26168.42388586516,1.1391221460520393,0.9181903117847424,0.9154952165520598,0.6692678441727657,0.011150155587178134,0.053641529223211026,0.0914410583358633,1.014588861157573,0.2109784077795025
2.1431326028319204,0.3162599689703557,1.5074126792578342,3.9668052510601104,0.18498496121373675,31.0,5272.071394591498,26316.24861371996,1.0137299487028186,0.9233771443410512,0.029965007866307514,0.9802064110363463,0.05306472909912796,0.03213398426184977,0.10334893372767812,0.9690899609369108,0.375757514869159
2.0266175924498304,1.4841471134426545,1.4269247008134567,4.937689406705942,0.17549657575802263,32.0,5001.652409103645,26008.245169987484,1.0000998678568433,0.9125700059644731,0.14995036474803547,0.9938044161820779,0.09686849222371763,0.04064298588002119,0.09381664893158426,1.1251575890619843,0.3045681391090529
2.081747579974611,0.35398075935181605,1.5151800328468763,3.9509083721733034,0.1803710260141158,32.0,5140.574241402301,26099.188243432316,1.0982549677206226,0.9157609909976251,0.04086087575421393,0.9879406476791417,0.19780440573173164,0.015341927333476169,0.008206637500002334,0.9711193681117849,0.2801181200314833
1.0842292080977138,2.2518998334531277,1.8493235895432039,5.185452631094045,0.07126984495082775,51.0,2031.1905810985907,20680.010277467773,1.1319957428882175,0.7256143957006236,0.11118584117754671,0.5718577628049808,0.30649439660469147,0.09628938676989246,0.8404861986842719,0.9758291115295163,0.43639647669404
2.520100373793264,0.5579707582846263,2.303389864435953,5.381460996513844,0.21157247151994457,28.0,6029.81543831842,26769.77308333597,1.0786916034046097,0.9392902836258236,0.18191800200350117,0.31689421920022043,0.16107670463302048,0.8952802231711016,0.06721884966579716,0.9542149098372177,0.33792778832800785
2.2513683424206667,0.22396665785146036,1.4517042556914472,3.9270392559635745,0.19376531293184987,30.0,5522.3114185577215,26505.663295329785,1.0103116179313119,0.9300232735203433,0.101002931848575,0.9949113657400951,0.04378883282692103,0.017996459647128538,0.028640238381251903,0.8993364829240511,0.35767468379024514
2.3531435111799994,0.21183609664213915,1.6234840992981097,4.188463707120248,0.20064644522222744,29.0,5718.423688833482,26596.799720617986,1.09498230232165,0.9332210428287012,0.07678698568440873,0.969502106951191,0.05154133337075284,0.3922409506449618,0.02886855545080058,0.9744742631820347,0.2857932459820631
2.4775872859104253,0.2647869996523866,1.2276771994293776,3.9700514849921893,0.20929674665037568,29.0,5964.957279535707,26751.421933327205,1.092568796832663,0.938646383625516,0.16122151386455014,0.9644839315445543,0.013890195494368818,0.01034388595945418,0.04136509627314161,0.9783736856399892,0.2677060760168075
1.4603485739717208,1.7121743998904724,1.1368323630834232,4.309355336945616,0.11840041007656302,42.0,3374.411687182046,23769.042645326925,1.0075523385600127,0.8340014963272605,0.2863778398048478,0.9912627829261011,0.006620944021605846,0.009577437403543498,0.6859781583800518,1.005488603411639,0.276621139064785
2.0845353356811174,0.4971255251047491,1.5902719767097424,4.171932837495609,0.1797055337201679,31.0,5121.607711024785,26228.879422083093,1.0495187812730307,0.9203115586695823,0.12895412935779116,0.87732972465786,0.03115605343763128,0.0036976502230402497,0.16071865779525552,0.8724995079906384,0.4473922437161617
2.4537757212855587,0.33365215665259707,1.1711720295876178,3.958599907525773,0.20954735115496248,29.0,5972.09950791643,26696.424984087003,1.016199321150895,0.9367166661083159,0.22608228816516818,0.9899140167530462,0.042866653602338156,0.01901650078292627,0.021634944041960813,0.9506167598508397,0.2205429593471493
1.146639734474876,1.604203418825549,1.947640803503499,4.6984839568039245,0.08170341390942785,52.0,2328.547296418694,21132.89599103627,1.0016374060419606,0.7415051224925007,0.4125496857889518,0.9977197238291149,0.7203224547989038,0.06648391775714302,0.05558502541912075,0.9727419996850062,0.17085257873878312
0.7006651966301995,2.7435914178771323,2.0470039456583273,5.491260560165659,0.033259218814745056,69.0,947.887736220234,15070.13320901648,0.9842786619559727,0.5287766038251397,0.18986857907880633,0.8349865726928101,0.8320301673086401,0.06462773403002575,0.6528387939176828,0.9726268651054459,0.24253929953720643
3.580480501905004,0.3278284863074607,1.3930097108114543,5.301318699023919,0.2656676979125268,22.0,7571.529390507015,27498.711314345746,1.1369227862262765,0.9648670636612543,0.23812100728957797,0.02459419733863799,0.050992344918676324,0.06380914075911726,0.0066094808199341215,0.9893387615942573,0.2891907793749624
1.7517328371758947,0.635013040916397,1.6180225502708816,4.004768428363173,0.14878972274540547,35.0,4240.507098244056,25351.548067323387,1.0110206659170256,0.8895280023622241,0.5341719295707175,0.9941656840499226,0.031417027132425224,0.05010082232276719,0.026857785323520844,0.9784510262886092,0.46007544749425655
2.365143783066106,0.2763692613704506,1.3419370074409604,3.983450051877517,0.2017552053585453,29.0,5750.023352718541,26610.76076205917,1.0868475049051836,0.9337109039319007,0.07648341153980237,0.9976553309602034,0.0481691942888785,0.06787869354529408,0.06381602919866525,0.9240698009976689,0.27773300462606443
3.3683050136179964,0.2579242044850887,1.7205620753874364,5.346791293490522,0.2576616726537331,23.0,7343.3576706313925,27406.122868408977,1.117797219304822,0.9616183462599641,0.09111792786391293,0.12922589806686957,0.0894891586753519,0.4027633078448034,0.016286269304073953,0.9955553804562607,0.2899536973962027
2.1729546375703555,0.3662656292489844,1.4619404890306826,4.001160755850022,0.18624671545373253,31.0,5308.031390431377,26353.769075611643,1.1507818013349131,0.9246936517758471,0.17645120319727847,0.9857985552431408,0.02231070253890688,0.035379253002973954,0.07817418612167282,0.8982332626491849,0.3705643084033454
2.2145122586712156,0.4071705518525644,1.825655702623231,4.447338513147011,0.19094141276105744,30.0,5441.830263690137,26391.598750509114,1.0091554317444573,0.9260210087897934,0.00883230833956572,0.5660473546130836,0.2628473211351513,0.019158718363848137,0.0020336309051358636,0.9425336849410986,0.3809879042549724
1.6278846574388444,1.4534378705924602,1.8945229375957628,4.975845465627067,0.1371344740123373,38.0,3908.332509351613,24535.220239759463,1.1134863913840234,0.8608849206933145,0.13847581851860413,0.552313778391233,0.42674218227584737,0.13991306478210352,0.33429922746087837,1.000781290467291,0.27171857426543333
0.20169324715698106,2.670426698739507,2.111986149858943,4.984106095755431,0.004609313379589691,88.0,131.36543131830618,4808.9435109711385,0.8122944289474963,0.16873486003407503,0.18862854039055665,0.9948964963263143,0.873883893879785,0.036522730531706904,0.5424192164109802,1.010766735588414,0.441278605048792
2.361800836688556,0.41020307621168656,1.2906200823649314,4.062623995265174,0.2019656912430229,29.0,5756.022200426153,26612.160259699598,1.0614166397092757,0.9337600091122666,0.08884958103010465,0.9525654529039862,0.025976979934600908,0.002756630647653746,0.100300500891564,1.010223377937069,0.2945160495623975
2.8274084583420387,1.8435354399490989,1.5221313219919863,6.193075220283124,0.23080927250564928,25.0,6578.064266411005,27093.776912397647,1.0206812494744524,0.9506588390314964,0.38587997599694246,0.21924169606930632,0.02463931648867873,0.11479945131381952,0.0668298484122033,1.1608795990493415,0.35874027981735335
2.2162252707210786,0.2647858811523538,1.5736305373838775,4.05464168925731,0.19081860960594732,30.0,5438.330373769499,26441.630482383258,1.050301846041524,0.9277765081537985,0.14974094682518035,0.9291450926532535,0.06263037915782171,0.09394641859797981,0.01054968279522045,0.937713556025608,0.37392250918709546
2.2318017282822016,0.5143348652444745,1.7417867951501997,4.487923388676876,0.1919803677466227,30.0,5471.440480778747,26485.48298650337,1.0068442395631017,0.9293151925088903,0.05152625388614429,0.9613949323075359,0.0075817390277391206,0.3796268473533435,0.057170171465238284,1.0421369574857806,0.38569005012872815
1.7268679702862018,0.7537093619843043,1.6746129038536095,4.155190236124115,0.14675093606478437,37.0,4182.401677846355,25086.45447986395,1.1394636647744125,0.8802264729776825,0.11797610368597194,0.9969252646288617,0.2897926939004314,0.010918897845004993,0.040116563238380254,1.0151013863713656,0.3072787863891806
1.5841013713094116,0.9884393141705642,2.1783028326376397,4.750843518117616,0.13192938620281638,39.0,3759.987506780267,24383.253814393567,1.1400663632120733,0.8555527654173182,0.0589648256193398,0.7377759249155059,0.5012813056408021,0.34382641815063264,0.028939941090561805,1.0149590809886122,0.2787842299395402
2.0268572994671454,1.703836247620497,1.6904486997925519,5.421142246880194,0.17586346418201068,32.0,5012.108729187305,25924.105374424285,1.0316788300846245,0.9096177324359398,0.2410733899896701,0.3318356151474019,0.1590794991730512,0.12699136971701985,0.41160738215795767,1.0501161055694168,0.3537634697166272
2.2029476376022665,0.17244102369221118,2.2221557753588552,4.597544436653333,0.18925065628186258,30.0,5393.643704033084,26422.261772556198,1.089826636954926,0.9270969043002175,0.03458066280042038,0.994828623202805,0.01749150803717353,0.9994053518270459,0.01632208838087379,1.0098723652592854,0.3691819885160843
1.9545375932654305,0.40956604118318984,2.0985234315162327,4.462627065964853,0.16826851858922767,33.0,4795.652779792988,25927.92141605579,1.0390594894855958,0.9097516286335364,0.3017866272660743,0.9641939995916485,0.02785283370175723,0.7369417115901373,0.033000081682239835,0.9431073351948931,0.4150992325420191
2.547862859092473,0.9322097450811845,1.2910035748091653,4.771076178982823,0.21401421031195006,28.0,6099.404993890576,26823.341485600846,1.1067023574036885,0.941169876687749,0.30957734914644436,0.7096676431897095,0.00572726601117679,0.01578193744111006,0.06879497464548362,1.059556443453376,0.29998655736194113
1.8708248294824192,0.46518533261276956,1.694612938417205,4.030623100512393,0.16057820521204594,34.0,4576.478848543309,25670.545359990923,1.1088674448314761,0.9007208898242429,0.13152618500027968,0.9915877201058451,0.1689805259438465,0.020451352437313886,0.04009417934836007,0.8683811806801265,0.3959550837524892
2.144192696070227,0.776727609334819,1.3241484781753028,4.245068783580349,0.18520720477915031,31.0,5278.405336205784,26247.458702479107,1.094652995068114,0.920963463244881,0.1376366775019639,0.9786898972119646,0.018616562548614213,0.03294349555709547,0.1873285087415969,1.0295636338158425,0.3087728299836554
1.862458698777759,1.96705002511017,1.3852117444549261,5.214720468342855,0.16128621063018128,34.0,4596.657002960166,25399.105404931794,1.073803774710931,0.8911966808747998,0.15359065535577843,0.14191456825111215,0.04454946884831962,0.025450969872091,0.873317583240956,0.9850229373839396,0.3342930426959798
2.122489075894704,0.7064094190895069,1.5362033483092543,4.365101843293465,0.18307618473220907,31.0,5217.671264867959,26294.83234025034,1.0256701921365363,0.9226256961491348,0.14366678020188023,0.9926295718851225,0.031249350492985606,0.04637189772073658,0.02504275138668438,1.0582228887968474,0.40127091542844173
2.2969461701926854,0.3155956163698781,1.4009438890701227,4.013485675632687,0.19775766739041367,30.0,5636.0935206267895,26527.752936806915,1.0060914401189534,0.9307983486598917,0.16928709259277802,0.9942415535744276,0.020524985990459543,0.16674976610634185,0.057760522395705394,0.9860428363574292,0.29111163563302167
1.3438496162293656,1.5770108668575316,2.570905081310109,5.4917655643970065,0.10531393528965417,44.0,3001.4471557551437,22849.619975253438,1.0244745513543,0.8017410517632785,0.13727560225496632,0.1435888007651387,0.9348609957186189,0.049199977516493465,0.018721885512318515,0.9981397161845917,0.2944383529267496
1.947399825688563,0.4322086779995614,1.5888346497008792,3.9684431533890034,0.16779379503925668,33.0,4782.123158618815,25888.8233397587,1.0663880421014305,0.9083797663073228,0.15642792978470965,0.9872540605341952,0.09108554903261412,0.009778048755981317,0.06957621233296529,0.9995114624273216,0.4030967764314468
1.5889026856151556,1.2840258883565898,1.915497628639538,4.788426202611284,0.131243398213636,38.0,3740.436849088626,24676.982704192185,1.0172852248052602,0.8658590422523573,0.09476873618998527,0.9954478230701223,0.24247580816799486,0.031965094366108227,0.017026366638860757,1.0989363383296114,0.4707742430686075
1.5485737905483286,2.1213836479461334,1.5070047645345404,5.176962203029003,0.12739738395167272,39.0,3630.8254426226727,24245.80073467355,1.1475525264789947,0.8507298503394228,0.06989499464056526,0.277535072410521,0.035009089904885715,0.0654628953029121,0.9994875092241198,0.7841326572425489,0.4074690346264811
1.134555106975782,1.3718828505013627,2.6603900538336864,5.166828011310831,0.07753077010902175,49.0,2209.62694810712,21249.736530564227,1.003488814057333,0.7456047905461133,0.11949354134672396,0.35048026663927645,0.8326341999329799,0.03768029783791066,0.0017190046275844528,0.9675577672136142,0.4635626848142591
1.3889505951569558,1.092981677505713,2.244132113521945,4.726064386184614,0.10961053771997321,44.0,3123.900325019237,23333.770029569547,1.033082888042333,0.8187287729673525,0.19549304728851885,0.9959536106929969,0.3522190770669652,0.753371447033594,0.18458000730837315,0.9672776471412095,0.28103597889846377
3.0570425036084017,0.5870259669074138,1.4893321779178939,5.133400648433709,0.24265024541295707,24.0,6915.531994269277,27221.866950701376,1.0258686183126722,0.9551532263403991,0.11293267581094357,0.15541333847358585,0.1519987728328407,0.00917370184337124,0.05036144170227713,1.0181715310553319,0.2894261005464758
1.9502829909857153,0.49116377058610045,1.5670587140285095,4.008505475600325,0.16867771677517418,34.0,4807.3149280924645,25804.27920528594,1.0344339264734614,0.9054133054486295,0.0535376616032851,0.9980033483843128,0.2007582075651938,0.05820482954612016,0.05995168896017855,1.0020731774643334,0.29238333165723684
1.0482117084933225,1.4615178782902265,2.1121677790159157,4.621897365799464,0.0690013573128618,55.0,1966.5386834165613,20105.079008204902,1.1330749730888316,0.7054413687089439,0.11409125424449207,0.9889325100854673,0.8028439211437739,0.0358180714981976,0.0715803711650368,0.9267781547931193,0.218809898383042
0.5249818289784739,2.758816493823507,1.7395675106710402,5.0233658334730205,0.01987960491855636,77.0,566.5687401788563,11824.032574842468,0.8935291665162314,0.41487833595938484,0.09922365118344662,0.9965850928318764,0.6868120637880911,0.0063235124060943,0.8146873734789618,0.9694212662754453,0.2789787779197548
0.8289902847980345,2.099621183020756,2.446212356036634,5.374823823855424,0.0446247872881559,63.0,1271.806437712443,17202.47591808199,1.011273313042061,0.6035956462484908,0.19719655714383333,0.7954368558777828,0.9749894202037539,0.10995491833613169,0.048548092285245925,1.0428555388751,0.28332083217797077
1.8748068776434066,0.6613927046220414,1.419306467852453,3.955506050117901,0.16100693873466385,34.0,4588.6977539379195,25654.41506057682,1.1324317728656847,0.9001549144062042,0.6112196756356529,0.9925316129541959,0.023919629433512335,0.01145657095757402,0.007146792418059933,0.9728644421993211,0.36970285396954594
1.8057751087794396,0.7661482614888019,1.515704948434018,4.08762831870226,0.1542977646197612,35.0,4397.486291663194,25435.955560033064,1.136322496194371,0.89248966877309,0.2026055056840177,0.9983235337402563,0.07013272478072863,0.036422129788134416,0.22917183431684562,0.9781107360772241,0.3769990029646717
2.405749490385573,0.5624422842791215,1.464381991724002,4.432573766388696,0.2046015859367336,29.0,5831.145199196908,26629.84524340855,1.1369050910342842,0.9343805348564403,0.25735998669385163,0.6479308871405826,0.11235900173309554,0.026487736390418348,0.06827189749281326,0.9641228148380843,0.3041127517150324
3.5402727986595113,0.03439945347962137,1.9474693505446954,5.522141602683828,0.263170853328465,22.0,7500.369319861254,27513.2085683256,1.1527272998864102,0.9653757392394948,0.018369734722919806,0.22870833638535348,0.008056467241691845,0.7537542526080635,0.001972508947081897,0.9890339242065145,0.32073699766948227
2.399298992657793,0.11408768573022204,2.0216308300731827,4.5350175084611974,0.2037294830693449,29.0,5806.29026747633,26690.74041562611,1.1402180689932047,0.9365172075658285,0.08951437736299539,0.9190685254280899,0.014462757020036299,0.8264944612231487,0.001439586418586103,0.9524175693423409,0.3349913473590247
2.827636569401184,0.355061089827407,1.2911710971172958,4.473868756345887,0.23123651034096418,26.0,6590.240544717479,27094.737969674577,1.1338264034948307,0.9506925603394588,0.16955944414411073,0.6971972867663022,0.008863705369131503,0.03212084922178693,0.0861030438147995,0.7424206882527367,0.28779876739144594
2.8054040763827217,0.2761802538812632,1.4015248774060751,4.48310920767006,0.2296878232624448,26.0,6546.102962979677,27086.072854422844,1.1137304956223948,0.9503885212078191,0.22023661043579762,0.600884620232567,0.021562971676493514,0.06730814416211234,0.011799592965362649,0.981046066346928,0.31845914848027324
1.9299476264096338,0.6937526525122689,1.4385402505917217,4.062240529513625,0.16702411932847896,34.0,4760.1874008616505,25712.48901192955,1.1242852821884264,0.9021925969098087,0.270452037363067,0.9893541003750189,0.15751377930089805,0.02640434292889121,0.09351497309892742,0.9758108394382154,0.2731807977067575
2.3136843224949577,0.3413347604148391,1.2948627318056292,3.9498818147154258,0.19919124173423614,30.0,5676.95038942573,26535.589171872638,1.0037809602621655,0.9310733042762329,0.17380701334164222,0.9917560358559366,0.04243985025343788,0.04894934885062002,0.05193398584652004,0.9905364224119566,0.26964311760441184
1.9497542756403605,0.3894013768798922,1.59725226524661,3.9364079177668625,0.16754202814657138,32.0,4774.947802177284,25950.0249259992,1.0024315068300518,0.9105271903859369,0.3149369241240899,0.9975735161510921,0.02298626172432322,0.02586556237662202,0.019992530084658733,0.9791299965202063,0.4548744862068945
0.9717805884655265,2.030362916889744,2.06239870654475,5.0645422119000205,0.05946052843499069,57.0,1694.6250603972346,19251.658305566983,1.0656914803366597,0.6754967826514731,0.35959570388053874,0.9832904747652669,0.7123481585441436,0.01477330343559774,0.02334147250759483,1.069445253772225,0.2894200812654315
2.3529521935215167,0.06432963819860785,1.5148335459440039,3.932115377664129,0.19979275459322834,29.0,5694.093505907008,26670.38193235094,1.142697701188326,0.9358028748193313,0.027976698608970785,0.9701454148300684,0.01714885636970348,0.01854941212715172,0.005314827517540921,0.9655015549466301,0.40313287534987285
2.5444392673154757,0.10014692186416246,1.3139461033794897,3.958532292559128,0.21398656756383538,28.0,6098.6171755693085,26846.107498842277,1.1537526841664876,0.9419686841699044,0.04495053133816895,0.9904602553777918,0.006313989908917628,0.06918900543859463,0.022862702831308535,0.9732529776169572,0.2890778413840849
1.4704906310356136,0.7016110383856873,2.0802392323706895,4.252340901791991,0.11769295136278377,41.0,3354.2491138393375,24006.98830834023,1.0525121178545476,0.8423504669593064,0.12694763640343265,0.9896462428362314,0.3096581144475804,0.24433954338920194,0.04793001618849846,1.0017895247417359,0.42699926431874147
2.2909918383391927,0.376761073810608,1.3096590070503806,3.9774119192001813,0.19658072617796601,30.0,5602.550696072031,26448.327951015715,1.1092084170302228,0.928011507053183,0.14273971804854058,0.9949412735594626,0.12028734718196288,0.02738112677861554,0.026795167494561567,0.9527624296140642,0.22857494347360952
2.230487949929181,0.3111137166431474,1.4157856772252535,3.957387343797582,0.19183992064678715,30.0,5467.437738433434,26440.19799088876,1.0807279568943355,0.9277262452943424,0.19441003362285403,0.9868675865930041,0.05146263219304259,0.020424272468454574,0.019754867365364748,0.9029863718494167,0.33217298860653255
1.5247800864037742,1.6585744007607708,1.6588944187661399,4.842248905930685,0.12706615738024038,42.0,3621.385485336851,23964.657355653948,1.0174790432893757,0.8408651703738227,0.03963031118591548,0.9940412485303697,0.07448971913981944,0.8397263211450623,0.753604755432563,0.8963238739142527,0.15716839838573193
1.6618720664091322,0.6513812920785904,1.7736518956162595,4.086905254103982,0.13935398323856124,37.0,3971.588522298995,24893.305457009905,1.1046464829171492,0.8734493142810493,0.16735380907623026,0.9930969409824651,0.28889755701179115,0.018794635721932518,0.02534057374233667,0.9034459859575787,0.35902034411352535
2.0640236805062013,0.7122489996711444,1.7750398017269708,4.551312481904317,0.17861381175506288,32.0,5090.493635019292,26125.88786579836,1.0527275821561763,0.916697819852574,0.23684217909203698,0.9979019150263324,0.052109752927066655,0.46273381748181175,0.010678262028921803,1.046985708391333,0.3398748139466079
1.2606243231190093,1.6537448526060108,1.837345908431602,4.751715084156622,0.09315843942496346,47.0,2655.015523611459,22396.696847362244,1.1102521455758565,0.785849012188149,0.3591105878643886,0.9978104162395324,0.2405552765000385,0.3540155477825039,0.3839103556768424,1.020747579829735,0.3380575052718404
1.74928782470356,1.6530162103345136,2.0158901517079775,5.418194186746051,0.1513388404362137,36.0,4313.15695243209,24931.006078764054,1.0113590953918048,0.8747721431145282,0.058249706965732784,0.15158376673458873,0.5742723526357364,0.0613455394532848,0.36667898720758807,0.9739285296938871,0.24858300018419222
2.5428393110612353,0.4181123986868266,1.760989669221043,4.721941378969104,0.21267840415632194,27.0,6061.334518455175,26858.030348978547,1.1300967083489346,0.9423870297887209,0.168012826730437,0.35436768760574944,0.13212271621085547,0.001191295868411213,0.025957748820053195,0.9830690896575622,0.44447114240254937
3.3902774867551053,0.5570723999022038,1.2860205340574407,5.23337042071475,0.2590114344787996,23.0,7381.825882645789,27403.385866346805,1.099281938306556,0.961522311099888,0.48150479802980634,0.02041122513411875,0.01451168756241239,0.016993635049796285,0.026900035264389444,0.965279021788576,0.284046130371463
1.6943628649056464,2.1781476946046463,1.515454812769279,5.387965372279572,0.14400052330360025,36.0,4104.014914152607,24815.42607106517,1.1465374779442918,0.8707167042479007,0.06955583192734671,0.04305348807667053,0.08622929472297258,0.027624852555457213,0.97403420535668,1.003897438734935,0.375757514869159
2.328461220952388,0.4338077360359513,1.2648897888354949,4.027158745823834,0.19905347587124228,30.0,5673.024062330405,26546.362381127958,1.1479982327792013,0.9314513116185248,0.22171349156304687,0.9863857832052422,0.025538783509127527,0.0058554290214701266,0.040248394347904115,1.0116611600641756,0.28014985707382056
2.344664597215455,0.16775628793937075,1.3914743118014674,3.9038951969562934,0.20044600459438494,29.0,5712.711130939971,26617.55086740107,1.0654888187687273,0.9339491532421428,0.06648975640696764,0.999468338376204,0.044077606937722114,0.026073073829046334,0.017575060562909972,0.9610103457151553,0.32121783880208543
2.282145721004701,0.2105870055864882,1.575328671937341,4.06806139852853,0.19515921684830714,29.0,5562.037680176753,26586.646575134884,1.0679738888480532,0.932864792109996,0.11118584117754671,0.9440263558738367,0.025279887584084337,0.044750041396293294,0.0307406665164075,0.7709004054545816,0.42080642282265757
1.7621524441515963,1.6379340989067417,2.0266109459670933,5.426697489025431,0.1499326644835223,36.0,4273.080937780385,25281.10855824564,1.1064334437945544,0.8870564406401978,0.18191800200350117,0.9883903417459985,0.16107670463302048,0.5459460230944716,0.03667363899207904,1.142631720246194,0.3634983896107098
2.0456476136892423,1.6081273505748221,1.4453136213130928,5.0990885855771575,0.17640290588986318,32.0,5027.482817861101,25919.641037111924,1.1534347519455492,0.909461089021471,0.101002931848575,0.21535675339988158,0.04014770696757003,0.02538811923226464,0.7234514291374461,0.9830565424833713,0.35767468379024514
1.991607433885845,0.5825734099494009,2.050540279615344,4.624721123450589,0.1722710004513076,33.0,4909.723512862267,25954.348298144585,1.0517485916834202,0.9106788876541959,0.20644086442336707,0.9969191719067466,0.051733210905774374,0.8269780336628824,0.06695786529758008,1.0205771248215265,0.33504001491864344
2.1626030303554495,0.2961417113458168,1.5465114207899413,4.005256162491207,0.18515930917617307,31.0,5277.040311520933,26338.22851116577,1.1433032100491678,0.924148368812834,0.16122151386455014,0.9351212075914361,0.06460409608827428,0.022380482079225716,0.019007026674427607,0.9892617719101571,0.38676878448043084
1.5981626943225982,1.4194140887980224,1.6644108382546512,4.6819876213752725,0.13214633158383238,38.0,3766.170450139223,24609.283189608497,1.1434807664421762,0.8634836206880174,0.06503718817691806,0.6762846231626334,0.09432782528802358,0.041724907689562496,0.6064425813445345,0.941751524145199,0.448057198258641
2.4220479332829616,0.4914868869147646,1.5538549362072405,4.467389756404966,0.2054195422113242,28.0,5854.456953022739,26666.458839404357,1.0809214102183882,0.9356652224352406,0.18012741109933328,0.5937368502672444,0.1477701891765184,0.02648320599007492,0.04485209602532686,0.97089595365906,0.32264375828346736
1.9797114330807994,1.9687657930436302,1.3667538131954444,5.315231039319874,0.1717123403616711,32.0,4893.801700307627,25712.693090663113,1.1107955126646818,0.9021997575671268,0.21713520213065407,0.027217017301370716,0.019591602278794418,0.006505991495051544,0.8611215937473923,0.9526162617309208,0.34520205770880974
1.604607620407251,0.5030670683739749,1.9612229462003539,4.06889763498158,0.13211087380838313,37.0,3765.159903538919,24785.411550264052,1.0832006078937901,0.8696635631671598,0.20093022461806564,0.9947201315951726,0.19875236811768138,0.04614860000537402,0.0020041457896935455,0.9655355366684248,0.5211660495773875
2.3831176297179164,0.15675697086104778,1.3728263312691813,3.9127009318481454,0.20387619714232721,29.0,5810.471618556326,26664.486036628765,1.0272757687252096,0.9355960012852198,0.05393635733813773,0.9952414560904506,0.06636387660782495,0.015088493231309563,0.0016373993055863179,0.910410354311642,0.30056418546525343
0.9177859489043664,1.718219691089343,2.196415074261796,4.832420714255505,0.054929966846196165,61.0,1565.5040551165907,18426.553162043012,0.9845452457749121,0.6465457249839653,0.15837624976394832,0.9940226944310269,0.9343743616168251,0.04791711557626677,0.07914094945007855,0.9828763562627132,0.18746198217665455
2.7750740769467126,0.6650926559190024,1.6617973785101072,5.101964111375822,0.22739361484577003,25.0,6480.718023104446,27115.880073014378,1.0086457337917107,0.9514343885268203,0.17072984570577965,0.35813691922345925,0.031417027132425224,0.02839701604616013,0.026857785323520844,1.049190212358443,0.46007544749425655
2.0812666472874044,0.2868126573209261,2.166961579941944,4.535040884550274,0.18018364367434722,32.0,5135.233844718896,26159.43605720451,1.0360472362483333,0.9178749493755969,0.1428550357812201,0.9982366736051578,0.0552924377902409,0.9798103733382197,0.03050948242717233,0.9928442684754906,0.3267275070387967
2.542505380540531,0.25306556654164153,1.8833946406826256,4.678965587764798,0.21312073553171595,27.0,6073.9409626539045,26858.39583045236,1.0673455731292913,0.9423998537000827,0.17659302452352083,0.7099594700568405,0.012305837394955166,0.6270674661753329,0.029006892962843978,0.9955553804562607,0.3463098138519456
2.2322537465746075,0.37991463887030574,1.730539320295671,4.342707705740584,0.19322762371372587,31.0,5506.9872758411875,26374.331708120975,1.024383568777876,0.9254151476533675,0.2231502948138126,0.9945379323677915,0.05994507419433165,0.6458247233601137,0.03342336638249782,0.9902509832601025,0.23921259903641
2.1266062281889155,0.5340883322689227,1.777526126609086,4.4382206870669245,0.18350064304503141,31.0,5229.768326783395,26299.71175119455,1.0313113044609692,0.922796903550686,0.18229534171660877,0.9962344703333011,0.0004666634260097058,0.4279295687447989,0.02768365708226367,1.0369657101560965,0.39202820612496225
1.5542034455892433,1.7835563688820424,1.2072021043234984,4.544961918794784,0.12874551803362302,40.0,3669.247263958256,24263.876506105487,1.1154883890457346,0.8513640879335259,0.21234805827688996,0.9687123933063148,0.04358789658272205,0.001193166690174996,0.6167131198552575,1.0340500282525693,0.2766110020887922
2.8391823097397517,0.6020443941635745,1.2221609627379022,4.663387666641229,0.23193085595638865,26.0,6610.029394757076,27081.438372989847,1.148568515439536,0.9502259078242051,0.2325580967144778,0.6876264416393726,0.015721653035089544,0.021659628327322877,0.018263056546300616,1.0386722131004826,0.2539910890526045
1.8187667207413591,0.8026697829529428,1.387572778450306,4.009009282144608,0.15572682289369033,35.0,4438.214452470174,25463.573997107076,1.1356673774409685,0.8934587367405992,0.6863628531179721,0.9913173544111569,0.025976979934600908,0.015725489269492743,0.015715967476585768,1.0057386906224872,0.35351735947855545
2.4290905693967,0.12651627689802322,1.3865402639077158,3.942147110202439,0.20575070012143792,29.0,5863.894953460981,26728.50650867813,1.1147962242830027,0.9378423336378291,0.05588941539407388,0.9988388627387892,0.02463931648867873,0.05906089753676602,0.016833943385465622,0.9260350436622888,0.31735432006250885
2.3870118870314676,0.20230981111444965,1.396387223536544,3.985708921682461,0.202874953420569,29.0,5781.9361724862165,26669.472500824635,1.1534086826394208,0.9357709649412153,0.06425407748299211,0.9386402800222762,0.03325608231725269,0.00029084932304629385,0.04408580507778925,0.9823015677711144,0.3385824629524814
2.6633794308053242,0.47315795319007314,0.9576435354250223,4.0941809194204195,0.22317556369068436,28.0,6360.503565184505,26842.021853548795,1.039979112134589,0.9418253281946946,0.2183430460804287,0.9847391800940063,0.044378319576241165,0.04375382975180098,0.09412371387264135,0.9862093261146843,0.11552594779091319
3.3517744623390526,0.3043095726430631,1.5785390355014428,5.234623070483559,0.2559020489471441,23.0,7293.208394993606,27437.64521152807,1.0558453713098341,0.9627243933869498,0.13876050976789595,0.08415276844769826,0.022260862023578687,0.1135851221120095,0.06607888491989955,0.9320842717372102,0.3841166376761773
2.6390847265384516,0.10466618214907941,1.1940259304578462,3.937776839145377,0.2204140923129413,28.0,6281.801630918827,26915.177110421457,1.0914862772134022,0.9443921793130335,0.0007201477567453374,0.9951047710046895,0.04487052683289683,0.011562461811259805,0.018320122071494416,0.9581993390515364,0.2281093508340959
1.8969788881142127,0.5580157839711266,1.580432647319796,4.0354273194051355,0.16352128020388912,34.0,4660.35648581084,25685.166122528226,1.1088860155245848,0.9012338990360781,0.154669998395508,0.9806323619859175,0.1590794991730512,0.03876383862782795,0.08236326840802094,0.9994968358253933,0.3375967867051042
0.6856021818292439,1.5704254802703677,2.386163532342736,4.642191194442347,0.0307926178610975,68.0,877.5896090412788,14893.141754058239,0.9973802940474285,0.5225663773353768,0.14430254576685952,0.95673195891813,0.9504724390089204,0.0280605240539179,0.0002071379950637775,0.8958384686327965,0.3556276844236601
0.862251342450722,1.8502476067140383,2.2003551106669885,4.912854059831749,0.047227707270786484,61.0,1345.9896572174148,17765.225663439,1.040665567329663,0.6233412513487369,0.3017866272660743,0.9858318579940054,0.7498311653965404,0.08651639889386786,0.009751902011058133,1.0505263034163796,0.3335437892742501
3.027940665641909,0.24483008664779543,1.2158904257116792,4.488661178001383,0.2419834241300025,25.0,6896.527587705072,27213.463568273728,1.1436909931944683,0.9548583708166221,0.051461694205634845,0.6560379308721287,0.03718562876746223,0.01721443939249212,0.06879497464548362,0.9096675116192288,0.23667030997889693
2.351697832449821,0.7817826013592568,1.7288019073778436,4.862282341186921,0.1997495095050248,28.0,5692.861020893207,26574.94732542946,1.0960884127021076,0.9324542921203319,0.13152618500027968,0.3531480289071153,0.1689805259438465,0.023215145987736052,0.19839281372160367,0.8683811806801265,0.3959550837524892
2.1756959108406244,1.368698889161428,2.0354420669050635,5.579836866907116,0.1873358580835795,31.0,5339.071955382015,26197.98577357654,1.1374347293010656,0.9192275710026856,0.1376366775019639,0.35203747881354985,0.018616562548614213,0.902066973069631,0.5457457725677678,1.0139557278376259,0.31504570147744015
2.147883872168519,0.37964381980530326,1.525886167352581,4.053413859326403,0.18541199684747192,31.0,5284.2419101529495,26322.55535929424,1.0151142333850547,0.923598433659447,0.15359065535577843,0.9894663619247098,0.03877004348741003,0.10259633623846198,0.03761039256630616,1.0115846642607247,0.3673120760290791
1.938804664399826,0.7988736158792756,1.4998225778942196,4.237500858173322,0.16773707412042893,33.0,4780.506612432225,25798.79622184839,1.0061302156216982,0.9052209200648559,0.314282488713564,0.9286440682535276,0.13514617494053405,0.016411239603739136,0.055127344485339735,1.0214521469730289,0.32482259149769277
2.226427990513434,0.3218985919988099,1.397725985008955,3.946052567521199,0.1914834532342311,30.0,5457.278417175587,26429.15127042435,1.0832318330403845,0.9273386410675211,0.11715690594037231,0.9913931852139876,0.03328902400135886,0.030196066093081675,0.07740407502819963,0.9860428363574292,0.33285869258554346
2.5715773385005516,0.21344759068904742,1.1403737947497934,3.9253987239393924,0.21726378116651948,28.0,6192.017763245805,26851.454573825755,1.0069518429205997,0.9421563008359914,0.1526822972486917,0.9989114153169638,0.01551085151211612,0.007870625025287958,0.01874950808609077,0.9525922298133565,0.22781120888838746
2.416447269196113,0.307197414848684,1.2817980684823707,4.005442752527168,0.20579438002970876,29.0,5865.1398308467,26632.89939629323,1.0854283391077555,0.9344876981155519,0.17033178032059165,0.9968648040335297,0.07292218216326918,0.1112221721150779,0.013741180641594297,0.976555006221639,0.2159104339375224
1.0206824898336173,2.1691348813614257,2.2678253552500127,5.457642726445056,0.06398501388529222,54.0,1823.5728957308283,19943.007724351155,1.0579777146219158,0.6997546569947773,0.08526685005292711,0.6497902648597681,0.24247580816799486,0.8466854562074697,0.8600771595282533,0.9400556289019968,0.4072108523161857
2.439153150432916,0.5215240285098199,1.0397527921081477,4.000429971050884,0.20750200819176567,30.0,5913.807233465322,26627.226306090048,1.098671825258228,0.934288642318949,0.3867260378281441,0.9891361794255538,0.010041781621238699,0.020621844793063504,0.059867659124908934,0.9877837671345149,0.18180854898079524
1.8982606086422114,0.6915668235445287,1.4902122166937137,4.0800396488804545,0.1634861155172909,34.0,4659.3542922427905,25660.61181592071,1.1563850802430142,0.9003723444182705,0.21786584230730782,0.9960923564960534,0.14418655100172195,0.018950167542264418,0.12871057736731895,0.9044888130725037,0.3111861534391034
0.7817813130511228,1.897819221024815,2.5023031831236593,5.181903717199598,0.03826072596862703,63.0,1090.4306901058703,16572.31507052963,1.1213080022423205,0.5814847393168291,0.14794011984517597,0.9684392185989392,0.5573729966649941,0.6163532099736722,0.25456287329037053,1.0505867324501759,0.4542949597835584
1.1609923192282154,1.142828364815619,2.057540664858764,4.361361348902598,0.0819666924098492,51.0,2336.0507336807023,21363.183189169744,1.145009748954484,0.7495853750585875,0.026106936941581727,0.991213441900105,0.7075891817710211,0.0093680580392278,0.027668827608752722,0.9865530838729197,0.25146256354825613
2.3099224471451225,0.2884600493770519,1.3139643855005494,3.9123468820227236,0.19732607346502717,30.0,5623.793093753275,26546.817062635288,1.140788165958296,0.9314672653556241,0.21515079063797055,0.999125979200772,0.015064502878623154,0.004584898560949624,0.017063542353239536,1.0020731774643334,0.3120734871034134
3.3098202600481157,0.4324268336540535,1.3642772264115086,5.106524320113678,0.2562157818124456,24.0,7302.1497816547,27338.23762194442,1.0430193352196049,0.9592364077875235,0.022922629854889742,0.1393874473789659,0.16578228370178638,0.005069724846085921,0.06910875890975954,1.0028266575533706,0.22171117916142347
1.8920833240324346,0.4420671118466541,1.6471199491604764,3.981270385039565,0.16171772514039862,33.0,4608.9551665013605,25774.88893615407,1.1470562579020627,0.9043820679352306,0.27911964908875286,0.9993079997962536,0.04518573721108121,0.025523530730422184,0.047584428470639706,0.9783900331967872,0.4629408519358318
2.6006833142656376,0.2549025091240989,1.364015362597942,4.2196011859876785,0.21775044515676725,27.0,6205.887686967867,26901.220205537204,1.0441828899042027,0.9439024633521825,0.09545399999550741,0.7953328510894138,0.037965265014610394,0.05799217154203229,0.05125030580333795,0.9774257133477715,0.29643503468212007
2.1890460432042134,0.28313411553500795,1.4401600487450366,3.9123402074842577,0.18770544405065281,30.0,5349.605155443605,26389.102069308756,1.1153974991442326,0.9259334059406581,0.23296108654861958,0.9925316129541959,0.023919629433512335,0.008043886468932226,0.007146792418059933,0.9666220058231998,0.36970285396954594
1.894448666327362,0.4808238091409584,1.611189552876672,3.9864620283449925,0.16295851301063502,33.0,4644.317620803098,25771.496709566924,1.0007309887312457,0.9042630424409447,0.18516740980570123,0.9905228478316641,0.08286700731564,0.01841621867409937,0.08074135756175616,1.0012341466547856,0.4214523198349962
1.5599344651563918,1.3879660347241614,1.6194467711638247,4.567347271044378,0.127978843792715,38.0,3647.3970480923776,24473.763741416198,1.074379519340142,0.8587285523303929,0.008131288436902251,0.7319740643755902,0.04577750141373199,0.016504020244491713,0.6555842470833305,0.9338813417794074,0.4785967476505313
2.2294521973381927,0.350544542341608,1.3882072345363965,3.968203974216197,0.19161206657029242,30.0,5460.943897253334,26423.947225589636,1.093968664512293,0.9271560430031451,0.11857213482406181,0.9958128719727317,0.030191561667381017,0.05442051178824514,0.09334253250823732,0.9774517775057916,0.32073699766948227
0.7359832006866973,1.8433435458324658,2.2179869137452557,4.797313660264418,0.034477665229661905,65.0,982.6134590453643,15789.938682908574,1.0890648944199801,0.5540329362424061,0.12649672105660287,0.9357596645107208,0.62240174363562,0.24614607844817782,0.3795787869416598,1.0030108294298892,0.42216070777771186
0.9033948834723464,1.2773506592070762,2.302888100144629,4.483633642824051,0.05100835838741418,59.0,1453.7382140413042,18411.182435186816,1.0362183565824918,0.6460064012346252,0.06350633272643635,0.9958206530574881,0.7792237886336435,0.04641988140761227,0.02250432176508732,0.7424206882527367,0.3708970230871609
2.139652042888978,0.8414626912485246,1.4044148021795977,4.3855295363171,0.18486603319802986,31.0,5268.681946143851,26272.091258592583,1.0717446882523116,0.9218277634593889,0.2149995948295207,0.9972298829876348,0.05183360181911839,0.004972828384852024,0.02318840092705604,1.0627919864795268,0.33502803991682484
2.228255922299659,0.39896989652466897,1.3398923708954744,3.9671181897198027,0.1913253672511239,31.0,5452.772966657031,26383.543864669187,1.147331231727073,0.9257383812164627,0.1046435311309335,0.9923647532051325,0.07153094613058708,0.006479244509343118,0.09351497309892742,0.9758108394382154,0.28508118717037867
2.503069814763027,0.2146297220275331,1.3335237789479417,4.051223315738502,0.21186732082721554,28.0,6038.218643575643,26787.179809995272,1.0465966811990794,0.9399010459647464,0.040606510018397435,0.9345823902090289,0.06203720563605686,0.04894934885062002,0.01456775097588564,1.0064789877004099,0.26964311760441184
1.9960087811686484,0.6295024628759434,1.3638833668496422,3.989394610894234,0.1727844809685908,33.0,4924.357707604838,25948.559690918675,1.0511765232978851,0.9104757786287254,0.5366350858315967,0.96627658800243,0.035254877916686134,0.02586556237662202,0.019992530084658733,0.9791299965202063,0.3245995838254583
2.690413370735193,0.4677013168671673,1.279091000489382,4.437205688091742,0.22318850897399123,27.0,6360.87250575875,26965.51242122775,1.1047177009554132,0.9461583305693948,0.1960916167375134,0.6728293764232874,0.010608778474858915,0.01477330343559774,0.10123603139035792,1.0066530587045812,0.2894200812654315
2.331307226398825,0.2876010282415164,1.3293498437652305,3.9482580984055717,0.2007586974702528,30.0,5721.622877902205,26520.175151258067,1.0364745548289303,0.9305324614476514,0.027976698608970785,0.996943306074899,0.13674473767613626,0.03157321852803319,0.02725361155917061,0.9655015549466301,0.22548344659880737
2.676138931826582,0.20577974702170976,1.3631812104061076,4.2450998892544,0.2220548353881318,27.0,6328.562808561756,26983.63664018173,1.1091340507805583,0.9467942680765519,0.12649672105660287,0.7910759542394207,0.006313989908917628,0.06918900543859463,0.022862702831308535,1.0030108294298892,0.31182937364749463
2.217479775907873,0.27154653835749537,1.6049266084176268,4.093952922682995,0.19083920321804207,30.0,5438.917291714199,26458.28695553537,1.0529219569623534,0.9283609458082587,0.17158696427854941,0.9896462428362314,0.0069590523164655416,0.2265902688163859,0.04476049780212382,0.8580736889451135,0.3781955589894812
2.9696466184998527,0.08227659689691721,1.5577613632759477,4.609684578672717,0.23750289841977076,24.0,6768.832604963467,27263.871517177417,1.022340888120685,0.956627070778155,0.012574099057114152,0.4838731504024786,0.010741441900453286,0.02542161328896375,0.026795167494561567,0.9527624296140642,0.42142292390077785
1.7562042813120033,0.9410345242905469,1.3700201776180914,4.067258983220642,0.15035762789493992,36.0,4285.192395005788,25257.238331268465,1.0039520232592356,0.8862188888164374,0.7238394559923385,0.9982642681295292,0.024560974185710016,0.06644108325549852,0.09017680350982171,0.9029863718494167,0.33217298860653255
2.1961376278974862,0.17198047964901975,1.5919000647354915,3.9600181722819974,0.18898498704202443,30.0,5386.072130697697,26421.896730803393,1.057012120649127,0.9270840958176629,0.03963031118591548,0.9378429427450085,0.08354919921717785,0.01346733676540307,0.0035131848186687464,0.9977304016581234,0.400037202335465
2.8067110536387374,0.7846898003991133,1.5214677447387954,5.112868598776647,0.23016678790269174,26.0,6559.753455226714,27006.020858589047,1.0988045223092247,0.9475796792487385,0.27525897642719555,0.11869774819146739,0.14979489343398966,0.0370219344569398,0.14236924191046663,0.9630465251136575,0.2960524693318147
2.501667373904922,0.3064223516392117,1.4844592398708683,4.292548965415002,0.2104974292523595,28.0,5999.176733692246,26807.57169549006,1.1155343742276544,0.9406165507189495,0.18393942236570981,0.7136513690570454,0.052109752927066655,0.02527848319228493,0.022159149941450962,0.9842425523813891,0.3569530442604165
2.219270989836728,0.3320563551425364,1.3756098695983479,3.9269372145776122,0.19070517891540117,30.0,5435.097599088934,26420.66307537849,1.0942196067326477,0.9270408096624031,0.18516740980570123,0.9996535954251363,0.019125760094155952,0.01841621867409937,0.059100152597800604,0.9742259534047482,0.33696597853627797
2.2035324835919594,0.3961059476431094,1.3854346274017626,3.9850730586368313,0.19055834679512682,31.0,5430.912883661114,26299.479739240087,1.0904827247945348,0.9227887627803539,0.058249706965732784,0.9894835158088705,0.17236678274701744,0.019090840635461348,0.03965303327842523,0.9485076755692543,0.2328492042353112
1.7029923586351918,1.5977354210225752,1.5165447969539578,4.817272576611725,0.14471885779882626,37.0,4124.487447266549,24915.295499991553,1.1282724220365268,0.8742208947365457,0.2257192985868992,0.5973930983772447,0.17817549033000807,0.001191295868411213,0.5523764434703319,0.9460063641592131,0.31762103100816663
2.1570328772188927,0.4635992402763927,1.4233549420580718,4.043987059553357,0.1862067218114673,31.0,5306.891571626818,26332.815664309117,1.0031382919487615,0.9239584443617234,0.1925666913995424,0.9571726936513794,0.011150155587178134,0.04032270079153022,0.12715365774804155,0.9049065533632832,0.3618283478201292
2.3480290717961267,0.2395758500907236,1.3514732150537494,3.9390781369405996,0.20043467476300386,29.0,5712.38823074561,26601.908200485905,1.0851141727253855,0.9334002877363475,0.10243930154392289,0.9938280298404519,0.03439287498888016,0.04818326526064315,0.042773618031740235,0.9833265772303037,0.29989926203029604
1.6778913473967398,0.802037399380854,1.6382151467878734,4.118143893565467,0.14266821444811198,38.0,4066.0441117711916,24869.843882652654,1.0197162874735497,0.8726261011457072,0.252020453195763,0.9863857832052422,0.3292537187258996,0.0058554290214701266,0.028068184048120837,0.9535647433337002,0.2684928403569753
2.3334112123310318,0.4206091113000209,1.379593125748341,4.133613449379394,0.19970466862312522,29.0,5691.583055759069,26621.31987514909,1.0460055650133229,0.9340813991280382,0.04979551686387995,0.999468338376204,0.0005607707922053451,0.01882541677746402,0.05773344763349253,1.031813192872606,0.35083460538584
2.3080758084672666,0.2936431656442368,1.377204522809459,3.978923496920962,0.19668314488722657,30.0,5605.469629285957,26578.689990732444,1.11384027060779,0.9325856137099103,0.24755455123538272,0.99842366362713,0.009477646447263122,0.014342119287437782,0.015936072368979703,0.7709004054545816,0.3438876041113206
1.7949408162216853,0.4626026295391589,2.3695899693667557,4.6271334151276005,0.153795000074781,35.0,4383.157502131258,25425.303585568265,1.016927937776198,0.892115915283097,0.04386589489536763,0.9947616019719167,0.16107670463302048,0.9748369987140955,0.08856083884713029,0.8998359716693889,0.3634983896107098
2.1134715942767786,0.23052560537582611,2.153385748115319,4.497382947767924,0.182212394507022,31.0,5193.053243450127,26250.73471773347,1.093761690911335,0.9210784111485428,0.11831615741068113,0.9949113657400951,0.02355006870385412,0.910459341048291,0.0384421724546819,0.9756408940177383,0.36848623561431193
1.247851922607142,1.2532770035715162,2.0661984542048817,4.56732738038354,0.09367323820584465,49.0,2669.6872888665725,22087.510122611788,1.0356896739857888,0.775000355179361,0.10536592450673876,0.9128988611156088,0.7517219970885226,0.06079628315586588,0.010164041715996774,0.9744742631820347,0.19146613689860903
2.151305190658571,0.3216754441592952,1.4164813853979588,3.8894620202158245,0.18565620137245886,31.0,5291.2017391150775,26331.871663878064,1.0097789513840956,0.9239253215395812,0.2765507675909893,0.9948332751618985,0.01520677601913667,0.01034388595945418,0.011157256269800464,0.9978429749306721,0.36721635920678963
2.0256585014434534,0.32638257575050633,1.5895707890324888,3.9416118662264483,0.17424520607486238,32.0,4965.988373133578,26127.838958970857,1.0090968814051042,0.9167662792621353,0.29325095195256,0.994997393571702,0.004319886701619813,0.0592735972599977,0.013325896872758314,0.9789354809801687,0.448057198258641
1.3814086001643922,1.8336648335526127,1.274505790731756,4.489579224448761,0.10819447551842996,44.0,3083.542552275254,23249.984829234993,1.125578111196381,0.8157889413766664,0.07236940838284311,0.8491616907036601,0.03115605343763128,0.06303355811913702,0.8572806725066613,0.9604686332404122,0.3122712695756942
0.6064180242130003,2.1516801450272416,2.0603469590561483,4.81844512829639,0.024837131360868937,72.0,707.8582437847647,13430.689826441096,1.0037560510091406,0.4712522746119683,0.15321459473617882,0.9859545805977334,0.7912317502507329,0.00511844749297069,0.40580896245748177,0.9526162617309208,0.34520205770880974
2.314841563872957,0.3250257381246944,1.5789294799306273,4.218796781928279,0.1976064889619418,30.0,5631.784935415341,26513.62258006377,1.1156759780291114,0.9303025466689042,0.018881975206030466,0.751618532578869,0.19875236811768138,0.012390418353966537,0.004007605371070921,0.9979687840179619,0.30455531971937155
2.2767198751403286,0.10920081406318,1.4907166357918016,3.8766373249953103,0.1943220575649352,29.0,5538.178640600653,26559.545789970696,1.0965755242135324,0.9319138873673929,0.05393635733813773,0.9952414560904506,0.020211437529224496,0.0032382798026579507,0.01247365021560276,0.997786180603756,0.39781321983495577
1.4278118945525309,1.946093703362764,0.960718738238411,4.334624336153706,0.11546365036279413,44.0,3290.7140353396326,23423.6654136776,1.035894652791794,0.8218829969711439,0.23812100728957797,0.9940226944310269,0.00025282595575898403,0.04392136652374873,0.8537967285697737,0.9893387615942573,0.18746198217665455
0.3787171739457301,2.0361120915988495,2.3087334974231295,4.72356276296771,0.01122823041882277,82.0,320.00456693644895,8809.082366702776,0.9424677988582515,0.30909060935799215,0.5341719295707175,0.995789463452002,0.9755441391297102,0.001382361224099793,0.01931197666678347,0.9784510262886092,0.41950116652009406
1.050428398779244,1.5810747025360614,1.9969882753938677,4.628491376709173,0.0685732496428515,54.0,1954.3376148212676,20216.76436888132,1.0705784021599485,0.7093601532940813,0.3541717025006511,0.9850820850085225,0.6644970667390202,0.0004211080654512034,0.05441044121043809,1.0151670646882505,0.2799582645290162
2.7831507669248703,0.1708947735400192,1.136361142366464,4.090406682831354,0.22929452097005615,27.0,6534.8938476466,27036.60148656396,1.087624651053802,0.9486526837390863,0.02260107557176838,0.8962014949055582,0.023761512696322984,0.0023094555338668,0.05632571446188317,0.9948292436831778,0.21827657039404968
1.0354322110796328,1.6244557429368316,2.7349129603208406,5.394800914337305,0.06551626116648161,52.0,1867.2134432447258,20150.76451107121,0.9997881635320733,0.7070443688095162,0.14344429973533146,0.3005086694201815,0.8971627156226267,0.008376431320944178,0.022261716608340365,1.01134299206886,0.4894117915879086
1.185358634141944,1.1748257682773486,1.9748115469087688,4.334995949328062,0.08315996565667852,49.0,2370.059021215338,21769.116226066202,1.1496607019490257,0.7638286395110948,0.41159591331844225,0.9915617715911892,0.4551460899958141,0.025719703295232543,0.04025535998259255,0.960575352102337,0.39202820612496225
1.6708742226893882,0.9878474667548838,1.4304063423662456,4.089128031810517,0.14050406692434045,37.0,4004.365907343703,24918.93823040665,1.098843281923337,0.8743487098388298,0.7861892739431791,0.9939202286946366,0.05456350707480084,0.0659465084492617,0.0599064660997517,0.9270861166504982,0.34371341715395864
2.1815446385137176,0.4510092477039395,1.3490690384977877,3.981622924715445,0.1884716988411695,31.0,5371.44341697333,26277.481650225727,1.1026399693243012,0.9220169000079202,0.2325580967144778,0.9883544693594195,0.10869832305727412,0.036522730531706904,0.027701833201775272,0.98916251976085,0.2539910890526045
1.6643997720624106,0.48372753565707816,2.435164649834017,4.583291957553506,0.14000278312718925,37.0,3990.079319124894,24965.687884095234,1.027825540064186,0.875989048564745,0.08914309672709869,0.9980978793937315,0.20826743146667426,0.8941556593412857,0.015715967476585768,1.0063439195970996,0.40209272139087293
1.957802690366865,0.16313350128485013,1.8393557243831036,3.960291916034819,0.16745513756285352,32.0,4772.471420541326,26039.38401599035,1.0367221610858708,0.9136625970522929,0.09196199022405371,0.9959137504655693,0.02463931648867873,0.03397672171891147,0.01710626816388916,0.9906105643055936,0.5775576051982396
2.3010433774160957,0.17013302399702965,1.9215818649138292,4.392758266326954,0.19625562953378364,30.0,5593.285441712834,26553.832106232956,1.1227021985040484,0.9317134072362441,0.06425407748299211,0.9638507007095951,0.011804890905639354,0.7036075366106048,0.04408580507778925,0.9823015677711144,0.3385824629524814
1.7869165931410627,1.371315867766009,2.1789291141049354,5.337161575012007,0.1533563064256461,35.0,4370.654733130914,25191.81793622357,1.1478010138938457,0.8839234363587218,0.03746636152743521,0.2948946909089508,0.547261647504558,0.07691149791791685,0.04027767921944386,1.0540502095678561,0.3357981818163749
3.1426021473755723,0.5283195652871551,1.3508523473405174,5.021774060003245,0.24715865418719415,24.0,7044.021644335034,27316.231769700687,1.1212774680576376,0.9584642726210768,0.07447868871521973,0.4434448125063477,0.004353266959447266,0.0376477500232702,0.06607888491989955,1.0393941507866207,0.3148764702862241
1.4454244311822293,1.045023151979044,2.21562732122448,4.706074904385753,0.11494350277391721,41.0,3275.8898290566403,23807.382027240394,1.0851702362136886,0.8353467377979086,0.0007201477567453374,0.7172293390612183,0.4934962850969361,0.036495949366116553,0.02352591305803048,1.0321258438076042,0.442992601006055
1.3299992688111193,2.0399090017529735,2.4840836130229187,5.853991883587011,0.10246619276945917,44.0,2920.2864939295864,22800.799060183257,1.1409088413517405,0.8000280371994125,0.6846584705531289,0.05685286811157275,0.7936826629225352,0.03876383862782795,0.08236326840802094,0.9056441736246681,0.36194239296458885
1.4800965874222378,2.060690319524906,1.7772378752270055,5.318024782174149,0.1198073842295753,40.0,3414.5104505428963,23937.03434858231,1.0296642733508454,0.8398959420555197,0.1802267025584623,0.3107649787165614,0.20781708649042563,0.0280605240539179,0.7843689936154026,0.8564501247671652,0.4383746830397941
1.998395807687301,0.3449776678212937,1.7415524695954963,4.084925945104091,0.172004247623865,32.0,4902.121057280152,26030.00164859575,1.107613522233414,0.9133333911787982,0.3017866272660743,0.9937937503194221,0.02785283370175723,0.268467596267262,0.0007058950012917564,0.9882830166553458,0.4205721426938558
1.6084734036139579,0.7771533873971364,1.7396333269912914,4.125260118002386,0.13351613682683441,39.0,3805.2098995647807,24629.42348349794,1.1467440168610958,0.8641902976665944,0.22191485944110828,0.9982144210762198,0.2719686969216665,0.04974475720138616,0.07364274128676418,0.9940613199714845,0.34571400589671875
1.8866280328130847,0.4014202549964479,1.9667500016527417,4.254798289462274,0.16227438730089375,34.0,4624.8200380754715,25665.909565226386,1.1381913794877048,0.9005582303588205,0.13152618500027968,0.9935406949322146,0.1689805259438465,0.4871209071477932,0.008211640540199239,0.9892930161587143,0.3437686611261128
2.2502643706023577,0.23632461723344622,1.4175666663870679,3.9041556542228717,0.19365501568459986,30.0,5519.167947011096,26499.857581360346,1.0087078672984615,0.9298195642582577,0.1376366775019639,0.9903060650936383,0.018616562548614213,0.024873020771959853,0.0353815479542805,0.9972705406107081,0.3567579780329595
2.4788034458983392,0.08202984575299815,1.7920084324522865,4.352841724103624,0.20853455511487995,27.0,5943.234820774079,26845.672682144872,1.0599589810271244,0.9419534274436797,0.008512417500721237,0.7436518490447737,0.02789943799017225,0.2272873416955583,0.015834135633509272,0.9980379731760829,0.4507854789093493
2.1167077806307186,0.15446012258936048,2.1388240145275152,4.409991917747595,0.18264386848618702,31.0,5205.35025185633,26279.515378503143,1.0595379255710016,0.9220882588948471,0.03346074495520962,0.996107942880016,0.04433144418820245,0.7997427379730305,0.027251105675923593,0.952171291413741,0.3906983933551338
3.128542878303102,0.8697367828792202,1.0108011983699348,5.009080859552257,0.24850027302778896,25.0,7082.257781291985,27192.803450142674,1.090394212473431,0.954133454390971,0.31108718049002304,0.31671821827293056,0.003951159548397087,0.01585445647365591,0.2763614315333007,0.9860428363574292,0.16890992575028285
2.266158954400747,0.0891910163956725,1.5560232955327364,3.9113732663291563,0.1935674677852735,29.0,5516.672831880295,26563.829182850473,1.085909092444264,0.9320641818544025,0.023324366928595686,0.9913801063966593,0.020211437529224496,0.012339028918629591,0.017774746586620038,0.934619542421282,0.42788074061961634
1.5721135524273693,0.602209112107798,1.8948795913563634,4.069202255891531,0.1288559944509333,39.0,3672.3958418515986,24530.52813799307,1.1601633566321343,0.8607202855436166,0.15642792978470965,0.9805419525756948,0.29571468409528867,0.009778048755981317,0.0011045780900776903,0.9995114624273216,0.4260654721535122
1.6757426412219683,1.2812020168986609,2.536216563845306,5.493161221965935,0.14092616196368069,36.0,4016.395615964899,24963.698673804876,1.0598117972528884,0.8759192517124518,0.4587362293636985,0.6151033942698158,0.25361073027140413,0.8530676891879463,0.011938730841679346,1.0522715288055622,0.4346055490693761
0.9909140846770306,1.8933204682759146,2.162830893204226,5.047065446157172,0.06301032122122309,58.0,1795.794154804858,19357.973440121412,1.1054590514173852,0.6792271382498741,0.02178731639088244,0.9941502709666061,0.9162722844840505,0.010540424535915638,0.04581817009896222,1.050686048120129,0.18180854898079524
1.912633662227949,1.8676816421651685,1.2683276475377607,5.048642951930878,0.1656694188157309,34.0,4721.578436248331,25619.40277441382,1.1072642344114854,0.8989264131373269,0.45766128000218764,0.7393904535665516,0.027438242834126603,0.03222012173369304,0.3908957238699059,1.0733839437714974,0.2839722540239906
2.0350023016213536,0.32639841579724305,1.569024107626272,3.930424825044869,0.17548119976088852,32.0,5001.214193185323,26122.20932907866,1.025702175517469,0.9165687483887249,0.19784754047713454,0.9944046623845378,0.05727521423623355,0.013692870140788127,0.021319026982879075,0.9579924396926975,0.4145872388880427
2.7279823039254505,0.6059275369509733,1.2827838320137483,4.616693672890172,0.22580066209391345,27.0,6435.318869676533,26983.703592491005,1.102576018875354,0.9467966172803861,0.12893218737382645,0.7093507343569808,0.06956449924186447,0.00917370184337124,0.030855322900244675,1.0388672443642326,0.25146256354825613
0.25577181958384326,1.6027287596380688,2.9493236361876543,4.807824215409566,0.0062937146247334305,87.0,179.37086680490276,6061.783628139574,0.9022906719236821,0.21269416239086225,0.13912947697024736,0.999125979200772,0.9419245188311167,0.886894825946291,0.017063542353239536,1.0020731774643334,0.45633583154110635
3.458239758381609,0.3402813495214283,1.346778365273604,5.1452994731766415,0.26081620016967794,23.0,7433.261704835821,27469.31055329563,1.0253643186194648,0.963835458010373,0.32116819161735066,0.09364589630499087,0.006053505481131316,0.028877025455382788,0.005016449841190318,0.9868839437399002,0.3160880985921386
1.9671607069261212,0.33811646082639857,2.1460317775581457,4.451308945310665,0.16876782901333226,32.0,4809.8831268799695,26020.825564965555,1.0776381698812016,0.9130114233321247,0.024331883684563183,0.9993079997962536,0.023671994857185963,0.5634865930523417,0.047584428470639706,1.0228884659893471,0.5139073809888011
1.1937935079349558,1.36170618795137,1.964238717556003,4.519738413442329,0.0868329032121116,50.0,2474.7377415451806,21659.309433907765,1.0042172448552018,0.7599757696107988,0.3197363317060474,0.979700780136249,0.6625454373992004,0.05799217154203229,0.02199548555270303,1.0005200911301395,0.2160143672868644
2.29915038838714,0.18378543006296733,1.5004062954428377,3.983342113892945,0.19595166726914806,30.0,5584.62251717072,26558.471057836887,1.1177504172142514,0.9318761774679609,0.11309358479697734,0.9925316129541959,0.023919629433512335,0.13604182301341905,0.01740620055786074,0.9735994006891182,0.34593394125192045
2.217568582487315,0.7320113395925132,1.3782527818576875,4.327832703937515,0.1904874137311716,31.0,5428.89129133839,26368.99305067858,1.1607033756001122,0.9252278263395992,0.18516740980570123,0.9905228478316641,0.08286700731564,0.01841621867409937,0.003956183002762237,1.0518288816009784,0.29061316071937515
2.2968808041845725,0.12577552889330526,1.4797979683361837,3.9024543014140614,0.1965325786807029,29.0,5601.178492400032,26591.42196989154,1.0597949359948633,0.9330323498207558,0.008131288436902251,0.9797333479388332,0.01735421432314327,0.0015272391205087277,0.04580645948584405,0.9982687534463441,0.3956290936920128
2.222870095789098,0.695817164805918,1.7272156705668948,4.645902931161911,0.19059956484574325,29.0,5432.0875981036825,26462.65613715497,1.0495430246733342,0.9285142504264902,0.4700880745760423,0.4774770215911719,0.026029350142267427,0.05442051178824514,0.09334253250823732,0.9891029614901414,0.49718513810946696
1.988086850993724,0.28619080455539925,1.8499837401775392,4.124261395726663,0.17099803856379117,32.0,4873.444099068049,26020.02556469686,1.1003303046960264,0.9129833531472583,0.06873822888976966,0.9877754023533587,0.06861390647411264,0.26935802828013156,0.04504374385020743,1.0030555285317557,0.4451631969412375
2.0692686444962995,1.3279050131218906,1.9680207762333497,5.36519443385154,0.1790880446150975,31.0,5104.009271530279,26067.49800717709,1.0612676638553573,0.9146490528834067,0.22246057008601444,0.2878790884398488,0.10335453593621491,0.42965547620897604,0.47520631956577686,0.7424206882527367,0.4115341225467244
2.050241655024955,0.28055759712395445,1.6078960589606086,3.938695311109518,0.1760112800213035,31.0,5016.32148060715,26179.716453616926,1.1095593719587438,0.9185865422321728,0.1667173127785856,0.9975498025189343,0.0016579028871505641,0.021861236234854475,0.05567671500732152,0.9932342133552625,0.4715930995602733
2.19554445350995,1.5562663514051898,2.016466278241656,5.7682770831567955,0.1887174306421676,29.0,5378.446773301776,26329.83477952179,1.0590050687782424,0.9238538519130453,0.06445753969177942,0.036726299529872164,0.2519098388426724,0.015595593678285724,0.25570106575492724,1.0753177402424434,0.48829767789157863
2.057180194547433,0.30999455467118875,1.6007668566490285,3.96794160586765,0.17672178056021567,31.0,5036.570745966147,26182.450883094778,1.1093267432533296,0.9186824871261325,0.17380701334164222,0.9766806028819035,0.021546379757670986,0.012181973345529673,0.05193398584652004,0.9743635685225474,0.45613299293817366
0.5354991985603709,2.785316317395554,1.5839778494744492,4.904793365430375,0.020282127644309252,76.0,578.0406378628137,12051.335091449479,0.9000704262764412,0.42285386285787646,0.3149369241240899,0.9917644441956414,0.5256907769009284,0.02586556237662202,0.8409216139600358,0.9758710855307022,0.316719383473437
0.8489116921431291,1.2058420427371517,2.369603261365644,4.424356996245924,0.04386311264470917,59.0,1250.0987103742114,17694.286517419558,1.105095175263231,0.6208521585059494,0.040489136710357865,0.925395559774956,0.641920562164052,0.0018563117007993624,0.10123603139035792,0.9458672492029607,0.5640402432404183
1.5607200841882103,1.5615173612378874,1.416980762973573,4.539218208399671,0.12902257858031177,39.0,3677.1434895388857,24395.125525580097,1.0533218778122264,0.8559693166870209,0.027976698608970785,0.8216894051093974,0.04336335273350023,0.017167888575528034,0.674403569331109,1.014961061858306,0.37512241521923073
2.1873409394364045,0.2255531701954653,1.5084889635044594,3.9213830731363295,0.18764105736473471,30.0,5347.7701348949395,26391.980087327443,1.1096939917662085,0.9260343890290331,0.04495053133816895,0.9976058131135859,0.06178409619055264,0.0032799706088209035,0.0439632472857337,0.9372355718236984,0.3775694175619595
2.1423810303345356,0.15502003043086388,1.6722511278225243,3.969652188587924,0.18385893216357937,30.0,5239.979566662012,26398.24264304724,1.0658173228757368,0.926254127826219,0.004232408656159925,0.9953507993628962,0.006122142505635919,0.006571086729526832,0.07080220400812504,0.8580736889451135,0.5061176754144601
1.4557583796903557,0.8559046073543957,1.8603240043984757,4.171986991443227,0.1175331532947583,42.0,3349.6948689006117,23775.880014457274,1.0212120096027122,0.8342414040160447,0.14273971804854058,0.997726251134318,0.46106415406622503,0.02738112677861554,0.010784329103258772,0.9527624296140642,0.2903544165463421
1.878185413709317,0.6665246737295552,1.456855375485516,4.001565462924388,0.16138444552009007,34.0,4599.456697322567,25680.007843559004,1.10862891776495,0.901052906791544,0.5821321485560752,0.9868675865930041,0.02992186029516697,0.020424272468454574,0.019754867365364748,0.9029863718494167,0.3808197484839102
2.1838496367405313,0.32465918786789233,1.4739654150527832,3.982474239661207,0.18750853279871638,30.0,5343.993184763417,26383.82039417199,1.1014936989240915,0.9257480840060348,0.28029106910055934,0.9378429427450085,0.024894499419996996,0.012506085937487754,0.0035131848186687464,0.9838497412765497,0.38458219787207426
1.6694061205633075,2.129749553559223,1.3727871767876616,5.171942850910192,0.1412911508478247,37.0,4026.797799163004,24738.20945239546,1.0984503844012674,0.8680073492068582,0.16735380907623026,0.20399011561725167,0.021502989978134657,0.018794635721932518,0.9533402912805966,1.0029325846193247,0.35902034411352535
1.2870190219426232,2.310615197156241,1.1940935411978901,4.791727760296754,0.097253634911284,46.0,2771.728594971594,22566.843564913936,1.0190079264095895,0.7918190724531206,0.24342372333852857,0.986556509718189,0.052109752927066655,0.003196588996494998,0.7611662646783018,1.0583367893838136,0.29475342013634975
1.8994876374657745,1.164243487444034,2.055913036010301,5.119644160920109,0.16307851262693568,34.0,4647.737609867667,25756.675167550573,1.030896960038231,0.9037429883351078,0.18516740980570123,0.9896372271035231,0.09093597608181464,0.6397890470421755,0.010586075563519537,1.1026874952985715,0.387514521011866
1.4760945798506762,1.4277950830159247,1.3106386714855547,4.214528334352156,0.11885525580154481,41.0,3387.374790344027,23924.525747389445,1.1547641681395513,0.8394570437680507,0.02117603019695663,0.9980349240468702,0.017408042090437947,0.011845886844227216,0.6902534948416557,0.9485076755692543,0.3498374509462998
2.0488963317392135,0.4127907495142193,1.5053801941809128,3.9670672754343457,0.17715562016720876,32.0,5048.93517476545,26109.8001351681,1.051479543930846,0.9161333380760738,0.240970950494237,0.9778847200388499,0.07858044569914757,0.01062020409408393,0.026974565235630465,0.9521598005556489,0.36641894642885475
1.5597067146481962,0.8078865686124566,1.744242690548426,4.111835973809079,0.12825875943473106,39.0,3655.374643889835,24489.6013827403,1.0427839483327594,0.8592842590435193,0.48150479802980634,0.9915175256925804,0.1953043185732305,0.04032270079153022,0.01671264636140224,0.965279021788576,0.4169340644873367
2.291446958662452,0.28375465538618005,1.377325667434854,3.952527281483486,0.1972869344396554,30.0,5622.677631530179,26526.678088403056,1.0063102568566094,0.9307606346808089,0.11427106986313951,0.9938280298404519,0.055957566306373385,0.04818326526064315,0.042773618031740235,0.9316177614090992,0.29989926203029604
1.501588369959817,0.9034537561228032,2.390113597956801,4.795155724039422,0.12099623816736624,40.0,3448.392787769938,24243.996645818734,1.0209530490635421,0.850666548976096,0.2357332784992785,0.994901387447879,0.045413778563986484,0.9979503674403005,0.2997999048887725,0.9535647433337002,0.4786713628203083
1.6902278427692625,1.197948180530576,1.464060165350645,4.352236188650483,0.1420960334522104,37.0,4049.7369533879964,25043.530265054633,1.1163329117592613,0.8787203601773556,0.6630053614619426,0.999468338376204,0.02038473200700386,0.029094883370407665,0.07789798387265046,1.0435712191641033,0.3996494316437884
2.289133607589129,0.6558641320535485,1.387455808202108,4.332453547844786,0.19714679368057358,30.0,5618.683619896347,26490.24115734079,1.049774371731531,0.9294821458716067,0.24755455123538272,0.99842366362713,0.009286764451912843,0.22821965443230396,0.05188843521177172,1.0363253204645941,0.26855049247275087
1.5322325765585334,0.8587986345754106,2.1251421446275534,4.516173355761497,0.12536090761736537,40.0,3572.785867094913,24309.30681878563,1.0542389429848102,0.8529581339924782,0.621900827462695,0.9964403190236276,0.15285506728864273,0.7059027870727081,0.0038076030898757107,0.9971182929548328,0.37419749491305865
1.95425523879453,0.6789515761038178,1.434440419292475,4.067647234190822,0.1685658244441364,33.0,4804.125996657887,25889.982432220317,1.0656962856326349,0.9084204362182567,0.12397017389482046,0.9967797964521994,0.0015797934609890207,0.021394299584752974,0.24743662547308432,1.0072173076339181,0.3879257746019391
2.3970785261430216,0.21731894770066396,1.3526572540769908,3.9670547279206763,0.20508851882656526,29.0,5845.02278655711,26662.925509716904,1.0162102472453396,0.9355412459549791,0.06320365770999214,0.9417427580472936,0.07712912921518322,0.012521355946042867,0.019210798083948488,0.9960483773945166,0.2842262617277269
0.6634701712614898,1.5559323899622945,2.4659541131862004,4.685356674409984,0.02840735318041673,69.0,809.6095656418768,14528.901476416824,1.052449122440317,0.5097860167163798,0.06393281873922824,0.9982478874894593,0.7948858188484671,0.2642285727845572,0.011157256269800464,1.0346695413013456,0.4361480117980925
1.8044769951855095,0.48455905889827544,1.7001836555359535,3.9892197096197384,0.1536027069293033,34.0,4377.677147485144,25513.338971613313,1.0416098149973188,0.8952048761969583,0.29325095195256,0.9873368209718462,0.1097708754667992,0.02458428475335417,0.013325896872758314,0.9999094260073027,0.448057198258641
2.201023007145177,0.7219790258864434,2.082187554401274,5.005189587432895,0.189274490122954,30.0,5394.322968504189,26395.230133765115,1.085877883734434,0.9261484257461444,0.16314273036480442,0.87732972465786,0.03115605343763128,0.8133235580510934,0.0360224284634465,1.0550071698047874,0.363585826043062
2.325329916140871,0.12007446429829893,1.4387983424941644,3.8842027229333342,0.19895375583843591,29.0,5670.182041395424,26611.654788802312,1.0563895465936346,0.9337422732913092,0.05749917154961959,0.9859545805977334,0.04059744255787745,0.006505991495051544,0.0008395644559315851,0.9919981996548568,0.3552040776862766
0.5359542469989609,1.4547321220598737,2.4304376523090245,4.421124021367859,0.019555015351374487,75.0,557.3179375141729,12101.713318772756,0.9758280386516891,0.4246215199569388,0.018881975206030466,0.984047171771151,0.9442660433143293,0.049957076501668196,0.009725540941174615,0.9727419996850062,0.4357436303033948
2.316555943609176,0.18930343577837436,1.3862176605414414,3.8920770399289917,0.19781488293843139,29.0,5637.724163745294,26586.76669461887,1.0875794439439668,0.9328690068287323,0.13095598711648948,0.9977293325276938,0.01551085151211612,0.017583083994123005,0.015413286349668542,1.0005318248367967,0.34290046613513514
2.3178144786653823,0.35804634634483123,1.30540783966358,3.9812686646737934,0.1988150003284158,31.0,5666.22750935985,26447.894488408612,1.1246369017428128,0.9279962978388987,0.08315936170270999,0.9940226944310269,0.1744453486681687,0.03267823679914461,0.0066094808199341215,0.9893387615942573,0.18746198217665455
2.0769354297180085,0.6248885218920668,1.2582693381546584,3.9600932897647336,0.17972616512703732,32.0,5122.195706120564,26082.880639413073,1.1195687475500984,0.915188794365371,0.5341719295707175,0.9941656840499226,0.023934115833579073,0.032710558507936804,0.026857785323520844,1.0001374809904924,0.27507903159896063
1.852206344144212,1.105780639916527,1.299306623408988,4.257293607469727,0.15981655558642596,35.0,4554.77183421314,25457.498281164833,1.1242895027145798,0.8932455537250819,0.9389066033639699,0.7875726574927342,0.07057004779880827,0.006745464445001792,0.03050948242717233,0.9969054892091811,0.2799582645290162
2.0121513788909913,0.29458913332817965,1.6323493474466322,3.9390898596658035,0.17350235940472697,32.0,4944.817243034719,26045.892424957266,1.0934853636338975,0.9138909622792023,0.02260107557176838,0.9985552146289193,0.10622441922176329,0.031099264854819064,0.05632571446188317,0.9955553804562607,0.4015666453063824
1.335166411830143,1.1466507452375723,1.9104468855175039,4.392264042585219,0.1034361355993507,46.0,2947.929864581495,22871.774521579482,1.0744010092413703,0.8025184042659468,0.11499829268195716,0.9952304697369141,0.57810769372407,0.035379253002973954,0.02700910730773287,1.0138090871692556,0.23921259903641
2.2017757459466702,0.3826724907275576,1.5894904960727976,4.173938732747025,0.18962831821656873,30.0,5404.407069172209,26391.336405479098,1.0650481026342202,0.926011803701021,0.2100183189672019,0.8002457422053196,0.112391273300056,0.02433226005250394,0.0020336309051358636,0.9905575510845688,0.37242897050182133
0.05583426124687001,3.1288262273357406,2.2267235392654094,5.41138402784802,0.000950388187973264,82.0,27.086063357238025,1334.1878896213345,0.7670933646743826,0.04681361016215209,0.4587185328999228,0.9990431350451607,0.9526781816638051,0.018241156188440744,0.6205452109700551,0.9062116125667439,0.5005590697935043
1.9985952343247761,0.46360228410808135,1.740857325751335,4.203054844184193,0.17313252253249659,33.0,4934.276892176153,25940.033870033112,1.0752967348624545,0.9101766270187057,0.2325580967144778,0.995252442443987,0.10577462514764119,0.40874963886802995,0.0361911248360709,0.9983760053341482,0.30689466127394294
3.3329089071974924,0.4063397833304438,1.4174377854252094,5.156686475953146,0.25584921384222903,23.0,7291.7025945035275,27406.108500237333,1.1023292201005643,0.9616178421135906,0.3634558035366161,0.07372867369060399,0.025976979934600908,0.008927379559100002,0.0019592549459631625,0.9231149926905968,0.3420165264475816
1.0420559441593735,1.330488591481621,2.354957904357858,4.727502439998853,0.06566086177500816,53.0,1871.3345605877325,20298.45482798655,1.0325269137176296,0.7122264851925105,0.05976115163458551,0.9795023661029616,0.36676573688126857,0.589368939184482,0.36028941726256625,0.9931489751223666,0.4609480682910041
2.0844240662710622,0.2610216294333101,1.8955738110506515,4.241019506755023,0.18023117566380178,32.0,5136.588506418351,26177.585339243575,1.011359021326816,0.9185117662892482,0.06425407748299211,0.998999208609904,0.08794715979239898,0.5503589651894141,0.032423406130859755,0.9823015677711144,0.3385824629524814
3.029742088617884,0.300723990010352,1.4112988076308501,4.7417648862590855,0.24144041549766204,24.0,6881.051841683368,27265.141090142195,1.0091096119481329,0.9566716171979718,0.1326004983608855,0.3835341536264555,0.0075817390277391206,0.013521384576822226,0.07837544155392889,0.9933127363952912,0.3552459847540401
2.2271790820692106,0.2636914014835871,1.4471778468291667,3.9380483303819642,0.19117307842734949,30.0,5448.43273517946,26415.671448680263,1.109219787394979,0.9268656648659741,0.07348523892475112,0.9906388322045148,0.10039154062002964,0.010918897845004993,0.019809425814395765,0.9320842717372102,0.3148764702862241
2.324156569952308,0.0906516003827369,1.4776610003306279,3.8924691706656724,0.19895290678931393,29.0,5670.157843495447,26633.719486487393,1.0299529171148545,0.9345164732100839,0.0007201477567453374,0.9958261986800004,0.02717014224324288,0.01215236328143926,0.02458811963056362,0.9407777853017174,0.38306275955495295
1.0302413926958554,1.2034408869221531,2.7344168289028192,4.968099108520828,0.0639799384928423,53.0,1823.4282470460053,20158.31350282601,1.1125871153806381,0.7073092457131934,0.06600490041558105,0.9993355055447773,0.49524079342612914,0.7882512738821649,0.02290955228687641,1.0435944614742032,0.4785794456406256
1.8232232638779668,1.6392284863785809,1.5585673866471392,5.021019136903687,0.15647695082682736,34.0,4459.59309856458,25405.535123886893,1.0733381673925386,0.8914222850486629,0.03458066280042038,0.27945621015651245,0.03842446064415428,0.00863771379441336,0.7735055663059646,0.9945943379462197,0.4353140755459073
2.2513628799755323,0.15140227424831124,1.7057001455586396,4.108465299782483,0.19387415605180375,30.0,5525.413447476407,26489.740105955545,1.0323053541973377,0.9294645651212472,0.01964466578439722,0.9937937503194221,0.06289037814637216,0.34600760248242635,0.018711020622177887,0.9431073351948931,0.33882073713971916
0.7533018689880181,1.9541716198547774,2.194525336975386,4.901998825818181,0.03719687373951236,66.0,1060.1109015761022,16026.660732124597,0.9621740661140216,0.5623389730570034,0.3465128856791394,0.9870009096431881,0.8702783308513558,0.015220453783902299,0.034513237789737694,1.0291518452898911,0.2977492165897333
1.773239421081741,0.6193354946621674,2.131821609296179,4.524396525040087,0.1501907733064321,35.0,4280.437039233315,25430.59036559508,1.0785685066519932,0.8923014163366695,0.452116941969506,0.9169030928493485,0.016349743837710207,0.6336241744263134,0.07134696846804806,0.9593427352035495,0.49365339135984243
0.9652650299066732,1.7982597057773333,1.6885445847360967,4.452069320420103,0.05654751338277276,55.0,1611.6041314090237,19338.64271154389,1.0783632785127135,0.6785488670717154,0.1376366775019639,0.9828562019936584,0.20675773458438618,0.0028915172297449,0.6752432131993951,0.9972705406107081,0.5068728703973493
2.7173198673185492,0.3886340456871178,1.7487130726210691,4.854666985626736,0.2238562731417135,26.0,6379.903784538835,27021.48121274951,1.1614613653902242,0.9481221478157723,0.05132596558666236,0.5124855415398974,0.07140675191061158,0.26329500475021683,0.0362564024749773,1.019710643410573,0.37480771817127856
2.047199142285074,0.2753073711448535,1.689934801564514,4.012441314994442,0.1765485234360346,32.0,5031.632917926986,26140.228848305644,1.0134493946955871,0.9172010122212506,0.1494485015670577,0.9864991643203763,0.07274318193055596,0.1705024016879021,0.008372048340980931,0.9934349314638125,0.4003016249449187
1.494345295838246,0.6919337683370868,2.3780949249584102,4.564373989133743,0.12117453119395719,41.0,3453.47413902778,24040.09633895861,1.1209575925341404,0.8435121522441618,0.14603588095310466,0.9913931852139876,0.34307007776069964,0.7742721381205468,0.015646385371466287,0.9884998820835116,0.33285869258554346
0.8409289421343095,1.335003039188907,2.2191584441624292,4.3950904254856455,0.042945411527116326,60.0,1223.9442285228154,17599.951081229974,1.0312502954563771,0.6175421432010517,0.3868998838431754,0.9999373358433788,0.5311407307974707,0.0032382798026579507,0.07569602957476274,0.8991585791739631,0.5768223022568026
0.6801816455809763,1.4591817863546497,2.9212206302668298,5.060584062202455,0.029618365872614932,67.0,844.1234273695255,14833.383620426213,1.0581072766100637,0.5204696007167092,0.20476407152322773,0.8471662691787657,0.7446275634806254,0.868076898770215,0.06873818480524185,0.9995114624273216,0.4572808101481032
1.9258232824269201,0.46853069026610733,2.0309593053716015,4.425313278064629,0.16558985928597864,33.0,4719.310989650391,25841.7804093341,1.09797454602523,0.9067291371696176,0.33415922621469873,0.9364103828544009,0.037905374389822444,0.6126751031026071,0.038756701233337465,0.9785554362517108,0.423597025276087
2.345808674366172,1.0608197771572137,1.2812544261513885,4.687882877674774,0.20018904549014227,29.0,5705.387796469055,26589.082947738087,1.0908933216832464,0.9329502788680031,0.11673555937498559,0.9871711873340538,0.010041781621238699,0.020621844793063504,0.07194292682354064,1.098141961462911,0.2941925521623716
2.2742552769023807,0.20757976950147372,1.870034934846478,4.351869981250332,0.19445746938334682,30.0,5542.037877425384,26520.403823273155,1.1602897591635788,0.9305404850271283,0.07088062023200326,0.9792847963741895,0.00525830371792857,0.6112572378694299,0.0644058468462888,0.9044888130725037,0.3541861083019864
2.2223412142563554,0.3218324292164273,2.0602718686904384,4.604445512163221,0.18998225887511516,30.0,5414.494377940782,26448.047876190587,1.1604902362355087,0.9280016798663364,0.19784754047713454,0.7673760817041936,0.05727521423623355,0.5876082752869237,0.0190360336924712,0.9579924396926975,0.42136522543523647
2.0104116439498982,1.2005514520366092,1.710737601980877,4.921700697967385,0.175152849614329,33.0,4991.856214008377,25811.75522604989,1.0662916573646648,0.9056756219666627,0.7146956149908794,0.4499188982343524,0.288907455137985,0.17391177206648156,0.026247327169376167,0.8657113903886591,0.25146256354825613
1.243210894887231,1.5969575257097197,1.7422531959328182,4.582421616529769,0.09119697117313028,47.0,2599.113678434213,22269.520028044444,1.0376643378986203,0.7813866676506822,0.7363161843881686,0.9912549786146027,0.3590638866560396,0.014112590086011234,0.017063542353239536,1.0359898033288766,0.34156591631099165
2.2129560633091345,0.41412969721965487,1.3300983612436181,3.9571841217724075,0.18985631106424372,31.0,5410.904865330946,26383.376638473805,1.1439590237804573,0.9257325136306598,0.23201789297349695,0.9985336351134001,0.029262857617759208,0.004347920217155965,0.06910875890975954,0.9322035049057402,0.3120062379825992
2.250124554596059,0.11054957373306779,1.5724486405229627,3.9331227688520896,0.19185842769943337,29.0,5467.965189433851,26535.37703324252,1.1072464737083483,0.931065860815527,0.05713256265159772,0.9727598919070106,0.021101128232326682,0.016419281561379562,0.010882659366490022,0.9637066372443832,0.43379286807472095
0.7222450760164061,1.401411888746188,2.4576712539877876,4.581328218750381,0.03265958007621918,65.0,930.7980321722465,15601.842022293773,1.0861315867882855,0.5474330534138167,0.2280062022799083,0.9949346167468265,0.615271382707992,0.3948216268284268,0.1252493062021458,0.9834401044916774,0.5048351437415004
1.4033002890897746,1.0645123309191644,2.2386766188315774,4.706489238840517,0.10995929008276077,42.0,3133.839767358682,23506.032720796295,1.1405433294761436,0.824773077922677,0.22324388952810015,0.6372708948541937,0.5513165710366296,0.008043886468932226,0.007146792418059933,0.8410116046207727,0.42603073508080413
0.7855155085195994,2.6556176280638972,2.1605079806151655,5.601641117198662,0.04013628019002915,64.0,1143.8839854158307,16535.96741369392,1.006590693084025,0.5802093829366288,0.18516740980570123,0.6824040654110481,0.8023956474972989,0.018724574061658394,0.5544921271151856,1.0197340615977346,0.3220739564405948
1.0843910668360135,1.520733177066743,2.35736961350325,4.962493857406006,0.0716431002920836,52.0,2041.8283583243824,20712.30542389887,1.0104725987713967,0.7267475587332937,0.008131288436902251,0.9058893544816656,0.6413813440603333,0.23907719230299485,0.01623687726382056,1.0647570147514624,0.3799305055927569
1.9154146435640393,0.4499861181758375,1.6709768306190371,4.036377592358914,0.1644483935813016,33.0,4686.7792170670955,25830.160033371194,1.100463572795695,0.906321404679691,0.11857213482406181,0.9965053879015907,0.06931840876219841,0.05442051178824514,0.09334253250823732,1.0050939131490004,0.44439578241779554
2.187975499448003,0.40013945818169244,1.8623411269919004,4.450456084621596,0.18791732543583925,30.0,5355.643774921418,26405.717525438093,1.0920077014905298,0.9265164044013365,0.06873822888976966,0.9928723267847576,0.023960367145239636,0.4870375867243997,0.00958680422369812,1.0345358837658334,0.38974580424918326
0.22124426170076691,2.95637695817732,2.5128663205579507,5.690487540436037,0.005523346372406084,90.0,157.4153716135734,5241.0341552720565,0.8167031528336387,0.18389593527270373,0.11105281584667703,0.9774627302158824,0.9417102413519612,0.6955563193849759,0.7163793901513504,0.7424206882527367,0.28779876739144594
2.1890234601517857,0.6286157981628967,1.5312269253342887,4.348866183648971,0.18958332644816087,32.0,5403.1248037725845,26134.39178491683,1.1464572511388462,0.9169962029795379,0.1667173127785856,0.9834567022985224,0.23369670357977873,0.3974855211005687,0.05567671500732152,0.9597807179204958,0.12309836825664355
1.8248818124775508,0.9660637681878057,1.2707331929399492,4.061678773605306,0.1571685574071611,35.0,4479.303886104091,25426.343468209892,1.0389317945666308,0.8921524023933296,0.6746706406078564,0.9819171867917798,0.041095748046932834,0.020600883718183305,0.11487475275477499,0.9758108394382154,0.28508118717037867
2.636105421194186,0.21455389631886773,1.1405699778367206,3.991229295349774,0.22070479219087366,28.0,6290.086577439899,26875.72953614425,1.1503471791414308,0.9430080538997981,0.12087913028204123,0.9964690668608651,0.04243985025343788,0.04894934885062002,0.015007495328334841,0.9749147692016487,0.19123560857448751
2.0152721955836803,0.613585092506398,1.4267930786349565,4.055650366725035,0.1732876165540386,32.0,4938.6970717901,26001.691549445863,1.156900275738428,0.9123400543665215,0.3149369241240899,0.9975735161510921,0.026311796946305588,0.04834624214181765,0.09631144934422042,1.0083196967843011,0.35018685662546645
1.2985647988166955,1.2785980525172298,2.1476440287883407,4.724806880122266,0.09687479283274346,44.0,2760.9315957331887,22767.795118304723,1.1282609365820422,0.7988700041510429,0.20810923425295103,0.7008651003480318,0.4772938547406015,0.01888570894469127,0.1772740180766883,0.971559471300709,0.4481745164251629
1.7262445703687301,1.1911571841988327,1.522052700888561,4.439454455456124,0.1457489486943387,36.0,4153.845037788653,25207.48374987249,1.1240180928828227,0.8844731140306136,0.6809276415179771,0.9677215358180734,0.01714885636970348,0.01854941212715172,0.018699206567668547,1.0558884806238704,0.43353075690964804
1.7283688354630327,0.7846278305999019,1.614294943706313,4.127291609769248,0.14560277820655715,35.0,4149.679178886879,25251.752153554353,1.0656068788246589,0.8860263913527843,0.032341238688961216,0.9846276200825194,0.03632509391222882,0.013197235054410839,0.34889947552129874,0.9374346959184454,0.47017749766162
1.3523401849744534,0.8194715859671429,1.9858736741627188,4.157685445104315,0.10429844483797436,44.0,2972.505677882269,23110.358248854885,1.1220693781903128,0.8108897631177153,0.01573961808870117,0.9992673523019071,0.5090381431235673,0.023097748893840142,0.02008737659654536,0.9846859976271407,0.32949654480564217
2.4521086863465236,0.2264813091901744,1.2655119942720434,3.9441019898087415,0.2094312520790991,29.0,5968.790684254324,26701.84383121579,1.0072473547791858,0.9369068010952908,0.0202553903212892,0.9949412735594626,0.08985747709235947,0.02738112677861554,0.03571985161517299,0.9527624296140642,0.22857494347360952
2.30099177216415,1.0710199656278512,1.6032998971006764,4.975311634892678,0.19619185306999562,29.0,5591.467812494875,26502.752237388853,1.1466850062057243,0.929921131136451,0.2604255323521698,0.33571329062701116,0.05146263219304259,0.013016309033267726,0.31509047295361947,1.0129024423848598,0.4256638170910012
2.019382483775221,0.5308196868676511,1.5810194172687064,4.131221587911578,0.17424822791645808,32.0,4966.074495619056,26064.019533898445,1.0763889799980777,0.9145270011894191,0.12942017568307868,0.995075399913157,0.08354919921717785,0.01346733676540307,0.03006805148589836,1.0269924511733761,0.400037202335465
0.37452108607486884,2.7846529888443876,2.6584895851381547,5.817663660057411,0.01128021438189314,83.0,321.4861098839545,8704.690895519623,0.8925465743525927,0.3054277507199868,0.23780879252016063,0.9930969409824651,0.9994570829003707,0.5185854812053963,0.0021584794887987147,1.1304177016245092,0.35902034411352535
1.4408790873707433,0.8705508754770278,2.238025911330371,4.549455874178142,0.11253398753377351,40.0,3207.218644712545,23939.551502362927,1.1530455874623242,0.8399842632408044,0.2153279845167425,0.986556509718189,0.07053830717235937,0.5205189472895109,0.2747077151008731,0.9486207643041946,0.588218921557349
2.391685713172884,0.6029060195934322,1.4230382320961596,4.417629964862476,0.2026099913424505,28.0,5774.384753259839,26656.944736688423,1.0970728125251095,0.9353313942697692,0.3995407374529507,0.6616849766082594,0.019125760094155952,0.017048127513496658,0.059100152597800604,1.0070595421004558,0.35685347971030446
1.8602406163911434,0.5951854896021538,1.94957006260621,4.4049961685995065,0.15863404170513698,33.0,4521.070188596404,25695.328713424373,1.1213396909938096,0.9015904811727851,0.058249706965732784,0.775914268273275,0.1629774746429855,0.019090840635461348,0.09575307036958258,1.0126204287415972,0.5347066968678433
2.0327890793839,0.3466082432664679,1.9360007236305938,4.315398046280961,0.17527329838215652,32.0,4995.289003891461,26046.877365361437,1.1309985177360908,0.9139255215916293,0.168012826730437,0.9949053144564941,0.08445327926394969,0.597842842876764,0.025957748820053195,0.965948041757736,0.34141229709523735
1.8056691496401673,0.6431148775636186,1.5703049954372683,4.0190890226410545,0.15417127325891392,35.0,4393.881287879047,25464.202003805905,1.1133362350444862,0.8934807720633651,0.48150479802980634,0.991334930294891,0.08010577746890463,0.04032270079153022,0.020725706665227717,0.965279021788576,0.39594600484544173
1.595864423070339,0.807194004902964,1.750874813598606,4.153933241571909,0.13213114957022998,38.0,3765.7377627515543,24702.877216135686,1.019759543969564,0.8667676216187961,0.5285207932289604,0.9843774048105131,0.0995869024547601,0.12894647390723346,0.06464642899593176,0.9833265772303037,0.4554026864414622
1.5469012288083046,1.3974072693282356,1.4822885922500175,4.426597090386558,0.12928357458086215,41.0,3684.5818755545715,24133.10702974157,1.0038463173546939,0.8467756852540902,0.14995036474803547,0.9972247604272636,0.35030029429857135,0.012570979675152583,0.3300501334007808,1.0077382745413477,0.18784852027708432
1.4810866674620202,1.121865013710876,1.7927909140313938,4.39574259520429,0.1192711068300994,41.0,3399.2265446578326,24002.535475209916,1.130423617334373,0.8421942272003479,0.9797533436670357,0.999468338376204,0.04360455802037494,0.5291429363824438,0.03835241650663895,0.9382225408268767,0.36439946061848616
3.1531038779003344,0.3141501075332446,1.7392020876474508,5.20645607308103,0.24670744921511364,23.0,7031.162302630739,27357.679025796555,1.0061916488593312,0.959918562308651,0.24755455123538272,0.11552910826243956,0.03980389023247233,0.14396178204303334,0.0034448604745767053,0.7709004054545816,0.44268986972835744
1.9482117959757597,0.5104561110019683,1.6106239685992132,4.0692918755769405,0.16793967040651928,33.0,4786.280606585799,25826.926979332515,1.1335477706045618,0.9062079641871058,0.18191800200350117,0.9351416278037797,0.16107670463302048,0.03486996862390923,0.04346152602446823,0.9985676676844524,0.3497330835268526
1.0959063512574154,1.9251564545371733,1.2319152500824577,4.252978055877047,0.0728303903964902,52.0,2075.6661262999705,20803.40720421535,1.1415602122139554,0.7299441124286088,0.03962136265564997,0.9976096939463974,0.021285091949534762,0.017996459647128538,0.9268037269786107,0.9951442265252486,0.3657554161036627
2.2285682877162643,1.2539738966918774,1.7273337399157105,5.209875924323852,0.1926334472671678,31.0,5490.053247114282,26306.684177151226,1.097326838947849,0.9230415500754816,0.25190872230651096,0.9851893322008012,0.032435519092614495,0.8076841133908738,0.1217911007829463,1.088728711772569,0.19634442790504725
2.250402754347914,0.10555896962799932,1.5413989716700331,3.897360695645947,0.19169992962383287,29.0,5463.447994279237,26529.990502696222,1.1164044379711406,0.9308768597437271,0.06043429305969339,0.9868715108623013,0.01520677601913667,0.01032879558222205,0.011157256269800464,0.9978429749306721,0.4246509656341395
1.8050375641583765,1.05960639491855,1.9355167009170908,4.800160659994017,0.15479795118382675,36.0,4411.741608739062,25361.08067753563,1.0868992803273188,0.8898624799135308,0.660594843723079,0.9467852743126811,0.07603280875020696,0.7656802102603036,0.013325896872758314,1.0322888180405805,0.2929602682784811
2.0574566356949644,0.44271910495529265,1.624525280304105,4.124701020954362,0.17692376778222807,31.0,5042.3273817935,26159.75896054837,1.1055213523684173,0.9178862793174867,0.1561309163308267,0.87732972465786,0.04879935428156662,0.01218543143841655,0.10669457860105802,0.9943807024190998,0.4473922437161617
2.2514710668026514,0.20838829306626058,1.5083261582944802,3.9681855181633923,0.1921042983265086,30.0,5474.972502305495,26529.51885582614,1.1408356841469205,0.9308603107307417,0.1673452913186117,0.9947670471677572,0.014343274742992518,8.597380960367884e-05,0.009764044816580053,0.7834313213350452,0.41213266922617553
2.3908251994863576,0.4544147328807269,1.212191929497033,4.057431861864117,0.20375968523488266,29.0,5807.151029194156,26617.973202688885,1.0889140873832441,0.9339639720241714,0.2931068898220417,0.9903343560278061,0.02333704687284832,0.04614860000537402,0.005585342724455655,1.0143914484125627,0.24215211402805537
1.4301850872111666,1.330454181844601,2.5138476722305114,5.274486941286279,0.11397827392738477,41.0,3248.380806930466,23598.956895032476,1.0684174882369668,0.8280335752642974,0.2156729448933592,0.17600616232199517,0.6918802266539803,0.07500936262003122,0.038480448485135654,0.9992295397969335,0.42933726383846604
1.7414004544281545,0.5832325202354649,1.7163741197487736,4.041007094412393,0.1473497187334012,36.0,4199.466983901934,25270.52502755413,1.098118348179147,0.8866850886861098,0.32805741137841693,0.9943233840495795,0.16130409814478652,0.014708695291015705,0.0066094808199341215,0.9022327976180322,0.42334730266686815
2.0425522430485277,0.3204414263218863,1.5950827826971314,3.9580764520675453,0.17460914120275103,32.0,4976.360524278404,26141.29079505281,1.159579233626811,0.9172382735106249,0.2867043443736931,0.9950040700618573,0.004754610489592581,0.057740714426247064,0.013302583106902188,0.9794511542228372,0.4466827412997123
1.6153332243221197,0.900484282961773,1.6673682720914011,4.183185779375293,0.1353976941237576,39.0,3858.834282527092,24528.955045665563,1.1504641886527271,0.8606650893215987,0.2664282949414236,0.9938257671005493,0.38202468211066976,0.028139146328829467,0.03050948242717233,0.9787896635825626,0.23841220151978781
1.9804256184684326,0.34724875522033843,1.76752568154319,4.095200055231961,0.1708315956695768,33.0,4868.700476582939,25960.110627191523,1.0250325684244599,0.910881074638299,0.0579651997952626,0.9981274840596608,0.10622441922176329,0.2781384852245188,0.06497346329621545,0.9955553804562607,0.37301671558943195
1.4499132727891593,1.134154711715027,1.6834333637188565,4.267501348223043,0.11484409777210645,41.0,3273.056786505034,23930.858402103506,1.065869063211768,0.8396792421790704,0.47678244678947723,0.9857985552431408,0.08945108906597304,0.035379253002973954,0.2615978156632951,0.902138432307809,0.48265723444391995
2.1726311252413324,0.30392356158624184,1.4836724333173246,3.9602271201448986,0.18616011334400226,30.0,5305.563230304065,26372.82314670079,1.1204285580993372,0.9253622156737119,0.2100183189672019,0.9914247007843913,0.01973778002363813,0.015383893470597987,0.0020336309051358636,1.0075289138466639,0.39202820612496225
2.942571499670097,0.5803286316643329,2.0234541648185402,5.54635429615297,0.23632279493275274,25.0,6735.199655583453,27165.901064022244,1.0633613735820842,0.9531895110183244,0.4106044032551631,0.01403888086703009,0.08707335429527197,0.5850046163603465,0.01955709848313092,0.9062116125667439,0.3722645583923372
1.9620175228635677,0.305512269496268,1.6880734291656736,3.955603221525509,0.16827886869984102,32.0,4795.947757945469,26001.76757869369,1.0883196101770498,0.9123427220594277,0.14461041835246413,0.9963590031076304,0.019162023092613556,0.0005700175787028416,0.06146128554910202,1.001154530675835,0.5134319537030043
0.3825560493052301,1.8628402491548597,2.3876228971661844,4.633019195626274,0.011333187035378776,82.0,322.9958305082951,8895.167880926592,0.9672039953320094,0.31211115371672254,0.21816552305211268,0.9913173544111569,0.9980193023218533,0.015206307741345293,0.042611172103570405,1.0078029285516032,0.4391956390744749
2.3687830809590213,0.08455069473144142,1.8775540426059152,4.330887818296378,0.20265116162801006,29.0,5775.558106398286,26658.954237034955,1.0327451889750066,0.9354019030538581,0.03974210644221848,0.989510586325236,0.02463931648867873,0.6809758075048632,0.003924806778102419,0.9260350436622888,0.31735432006250885
1.9701119312410595,0.11681423176215086,1.861120278404882,3.9480464414080925,0.16832757933487358,31.0,4797.336011043897,26081.277411776086,1.00018324780015,0.9151325407640731,0.06425407748299211,0.9939170942757559,0.03325608231725269,0.025366781661020132,0.0013380154016398582,0.9823015677711144,0.5865705234356486
1.8635683792444575,0.4047697777085486,1.732277229154019,4.000615386107025,0.15939338633014968,33.0,4542.711510409266,25722.852872797073,1.0143107374326998,0.9025562411507745,0.22170135696405824,0.970623534840996,0.08862284408039534,0.02198870993576718,0.025067077311948682,0.9862093261146843,0.47976491762664075
0.8188549290217426,1.716681946659612,2.193389913022473,4.728926788703827,0.04381539769049693,64.0,1248.7388341791625,17046.126130328914,0.9845182578656531,0.5981096887834707,0.32881741537829945,0.9906388322045148,0.8988304531016805,0.011221118353311188,0.019809425814395765,0.9976242452829254,0.2549257108599896
2.2295872261428853,1.7797522245470014,1.443498174470839,5.452837625160726,0.19197770132501643,30.0,5471.364487762969,26454.015875873243,1.0408863122432686,0.9282110833639734,0.0007201477567453374,0.9907715388779165,0.04444509366501914,0.01215236328143926,0.03857703722783429,1.2044012952296324,0.3550282076808564
1.566896298920659,2.628534981304599,1.442714116194047,5.638145396419305,0.1293304646527581,39.0,3685.918242603606,24484.039533799267,1.045240993070736,0.8590891064490971,0.7626115172186689,0.9884033010219696,0.043371439244708876,0.0186585315029949,0.07226015537687436,1.2070432493081398,0.3870860114121486
2.2555392412269044,0.3728328832598914,1.6808612310214617,4.309233355508257,0.1934473616553508,31.0,5513.249807177498,26427.974965901398,1.1299163707547202,0.9272973672246104,0.29462159181788516,0.9992571015538243,0.030662127688845908,0.5604286428664734,0.01610904995436868,0.8958384686327965,0.2655494322200598
3.12879848436539,0.4817159016787994,1.0253137697293582,4.635828155773548,0.24799033361761624,25.0,7067.724508102063,27221.970624949343,1.126000329439276,0.9551568640333102,0.3017866272660743,0.5759946032832535,0.02785283370175723,0.020429486669885033,0.06907501193004462,0.9880543476992192,0.15731524034266453
2.0827180789002506,0.5370969899717409,1.342778997703234,3.9625940665752255,0.1804898472048725,32.0,5143.960645338866,26136.688579028138,1.0546779528647128,0.9170767922466013,0.381200204233329,0.997579040505077,0.034465632766963294,0.03514040328117096,0.05209916829398348,0.9742459147673843,0.30820452338592474
2.351237356517851,0.06555711862227753,1.5144257141934707,3.931220189333599,0.19969236772025972,29.0,5691.232480027402,26667.44943877235,1.1460333189140663,0.9356999803078018,0.02868684208707739,0.9708319334863146,0.017232635284491815,0.018130566067729115,0.0055106618042312094,0.9663847220403392,0.40298735268684016
3.107798246674219,0.7594108754235682,1.5439956694999455,5.411204791597733,0.2452200312851998,24.0,6988.7708916281945,27275.527843124026,1.092233341007025,0.9570360646710184,0.0906662271324657,0.07807631486720268,0.033522359672602864,0.10832805495234238,0.210322375760446,1.0247270446576633,0.36119895090361176
2.9459371845976277,0.5137144600953951,1.6191372166163258,5.078788861309349,0.2366807106452377,24.0,6745.400253389274,27223.42903795898,1.0061757721052662,0.9552080364196134,0.33304659781487067,0.12786745685460965,0.025889156834620897,0.010354291967159035,0.026749834609451406,1.0110418072262113,0.4481394050163079
1.9261603003568624,0.4430737823911127,1.7160352034372899,4.085269286185265,0.16561087782537856,33.0,4719.910018023289,25837.104489275418,1.1072666452700544,0.9065650697991374,0.1494485015670577,0.9864991643203763,0.07274318193055596,0.1705024016879021,0.09225525396411055,0.9934349314638125,0.41646207523138656
2.141642144580629,0.31647496382684137,1.4613481095752956,3.919465217982766,0.18504804302974165,31.0,5273.869226347637,26275.078613637765,1.0730270328578293,0.9219325829346584,0.1421993281203744,0.9913931852139876,0.09132340362429708,0.0075233869592873925,0.01864526513501069,0.9860428363574292,0.33285869258554346
2.6794066127279974,0.1475250951272031,1.1695680333561507,3.996499741211351,0.22291334913295163,28.0,6353.030450289121,26941.852012438052,1.0692945968881593,0.9453281407873001,0.07730062814609406,0.9942790264271094,0.03191961470860122,0.07376154484043612,0.011172522459103607,0.9471099474142015,0.2034791790225361
0.049538633071033,3.793187940083066,1.9827129666457608,5.82543953979986,0.0008778069263518339,82.0,25.017497401027263,1176.6783307528308,0.7579836277938672,0.04128695897378354,0.8723942182026497,0.9872540605341952,0.6692153344620344,0.5363278305651147,0.9584853600936823,0.9945934731752657,0.34840085921839403
3.0239533469172324,0.6073321136381991,1.3961121968615138,5.0273976574169446,0.24295725508413926,25.0,6924.281769897969,27120.24073157906,1.0048955404032933,0.9515873940904933,0.20732493029808718,0.18942734767719294,0.24247580816799486,0.04714338263190043,0.018146735544059822,0.990627309117299,0.17243327005296205
2.0657741496482314,0.8960888178104844,1.3223241438498965,4.284187111308612,0.17970573332963763,33.0,5121.6133998946725,25947.997458660586,1.1219214206035812,0.9104560511810732,0.2654479160667222,0.9891361794255538,0.19961827533189003,0.03902172960654143,0.059867659124908934,1.0264347713120137,0.18180854898079524
1.8646033179250259,2.0503937828116343,2.0864345456629976,6.0014316463996575,0.16006361533738794,34.0,4561.813037115557,25623.613648377675,1.0954331569355045,0.8990741631009711,0.45766128000218764,0.8376540556633186,0.08179030782367569,0.6751228992894444,0.0006669991870256187,1.1835891303374853,0.3958934893601409
0.7142308487497151,1.816959025339191,2.2645178531522907,4.795707727241197,0.03265187187328982,66.0,930.57834838876,15416.310193883124,1.079053195168176,0.5409231646976534,0.19784754047713454,0.990929899993949,0.7958534726467839,0.013692870140788127,0.007372591533996609,1.051323261602986,0.4145872388880427
2.2899281764397035,0.2104141019950312,1.5278429684197283,4.028185246854463,0.19602825956365227,29.0,5586.80539756409,26594.78536425344,1.0480687068814123,0.9331503636580154,0.026106936941581727,0.9401710640172491,0.013579173185842563,0.00917370184337124,0.08196920263734281,0.8657113903886591,0.42035500399100023
1.2796776876295854,0.9930937058082814,1.9860721893881563,4.258843582826023,0.09525890888371405,46.0,2714.8789031858505,22588.47305151272,1.1041688756540138,0.7925780018074638,0.21515079063797055,0.9748678688629413,0.4848552124905363,0.004584898560949624,0.01703733835991944,1.0020731774643334,0.366872635894417
2.4616248640926313,0.17704508076126133,1.3032550332143655,3.941924978068258,0.2083179528075654,28.0,5937.061655015614,26765.894840940276,1.068372363207403,0.9391542049452729,0.022922629854889742,0.9825865135442365,0.010603288724568338,0.005262121237691264,0.06910875890975954,0.94036809308417,0.3086632339448938
2.174338790431341,0.16211030909878027,1.8140200760108764,4.150469175540998,0.18633251783219015,30.0,5310.476758217419,26386.306221469942,1.1153230162438725,0.9258353060164892,0.0016661996938265866,0.9995052098456716,0.04351683497578285,0.3676426864045783,0.047584428470639706,0.9071152910611213,0.3986619391510473
3.1178009598944967,0.4936602693701206,1.1656129863744833,4.7770742156391,0.247256879150128,25.0,7046.821055778648,27245.821405946688,1.0573532613443444,0.955993733541989,0.19719655714383333,0.44630070585958614,0.0251779671425022,0.03785144897529702,0.1252493062021458,1.0010247686385303,0.2160143672868644
1.8960610842733099,2.0298785492111517,1.7754548028529564,5.701394436337418,0.16177131214022958,32.0,4610.482395996543,25848.35594187247,1.0155176156996601,0.9069598576095603,0.23296108654861958,0.922675911677013,0.03140145506229958,0.008043886468932226,0.007146792418059933,1.2169402119041204,0.5524979577474927
1.6056167187444006,0.7060572932873164,2.32341177704616,4.635085789077877,0.13207310378910672,37.0,3764.083457989542,24805.687903425758,1.086396441723613,0.8703750141552897,0.5529662636634762,0.9905228478316641,0.011800555540923408,0.836975437543146,0.06769509815622754,0.8683827249479386,0.5264130777055263
2.635447609769008,0.354497917210779,1.5424406597800844,4.532386186759871,0.21861125304764445,26.0,6230.420711857867,26961.969418679262,1.0581818400622178,0.9460340146905004,0.26289814962407854,0.5042420679056134,0.04482232851799217,0.012977905786918265,0.012183137404856104,0.9982687534463441,0.3956290936920128
2.3190681559729973,0.8756434860155529,1.3676615420546323,4.5623731840431825,0.19759540298048306,30.0,5631.468984943767,26564.970431282178,1.11286036525464,0.9321042256590237,0.12134100682618076,0.9923201376629789,0.01896250071598049,0.05442051178824514,0.034039843359717936,1.0822223801744957,0.31631041475932786
1.952540211546216,1.299204775301073,2.2610806288836387,5.512825615730927,0.167893459785589,33.0,4784.963603889287,25924.657344994248,1.0275684949280308,0.9096370998243596,0.05754608112871912,0.9807822552112285,0.030610495499012957,0.9184403085694309,0.0875361258808105,1.1275838373952767,0.42216070777771186
2.234950807573014,0.22228193697817378,1.6217106117031717,4.078943356254359,0.19079640621720612,30.0,5437.697577190374,26512.51357613489,1.1529167318224076,0.930263634250347,0.16092348734941736,0.9774627302158824,0.01089987073238785,0.1003269703691465,0.02250432176508732,0.7424206882527367,0.431878354413624
2.2808721281616826,0.6914951719818708,1.2478041341117376,4.220171434255291,0.1963816704085395,30.0,5596.877606643376,26474.39117424205,1.062465766733376,0.9289260061137561,0.359411989886832,0.9843098700879807,0.01850880451038911,0.03295695537995552,0.0027154476071956646,1.037361135014383,0.269717477594412
1.5663757828873015,2.413455162663822,1.272968440722387,5.2527993862735105,0.13073205844823055,39.0,3725.8636657745706,24211.06017694006,1.1048608473512154,0.8495108834014056,0.9725097214582606,0.328838301358336,0.07153094613058708,0.007235611760428806,0.6668245110048404,0.9758108394382154,0.28508118717037867
2.6328241546916624,0.43008443087494286,1.259537185372801,4.322445770939407,0.21969969110589413,27.0,6261.4411965179825,26895.620941732832,1.0570692822643195,0.943705997955538,0.17380701334164222,0.7744987492276691,0.059833722471555606,0.01881995464711511,0.03849755122442017,1.0111914664221409,0.24604990461554266
1.4042082361811095,1.0462395685416521,1.9549832278211658,4.405431032543928,0.1093503212747001,42.0,3116.484156328953,23597.79764987018,1.1511705368302885,0.8279928999954449,0.31871086086539646,0.9975735161510921,0.3031649719413104,0.045445622669090635,0.00202509268886103,1.033591383048321,0.45671489790021
2.6940463187778483,1.4891688606028501,1.7107926987289965,5.894007878109695,0.22563146919429755,27.0,6430.49687203748,26777.977242286863,1.0017595423803447,0.9395781488521706,0.3483409616322387,0.03654226857389986,0.017428266943219084,0.8625947804632202,0.5573427492778914,0.971559471300709,0.17528650587670924
0.9686705616644234,1.4645501092327735,2.2134167399689115,4.646637410866108,0.057770386916943646,56.0,1646.456027132894,19303.95977784234,1.1257247346286674,0.6773319220295558,0.027976698608970785,0.9908839164400817,0.663687509618319,0.03350434204066455,0.041361533446933274,1.0447898849128072,0.40195915617449884
1.8950480948242105,0.9540253802794992,1.1404417643098133,3.989515239413523,0.16411209610122077,35.0,4677.194738884792,25581.781402478642,1.1131547471861953,0.8976063649992506,0.900834661846775,0.9976058131135859,0.0058463126432178325,0.04213555482135567,0.022210624733948747,0.9372355718236984,0.23586946104867135
1.5310950292314882,0.6864271616928317,1.8738199739567905,4.091342164881111,0.12439486814477502,39.0,3545.253742126088,24369.960370492125,1.0952189356403588,0.8550863287891973,0.2595971838047354,0.9953507993628962,0.24569493013845356,0.005172050353492386,0.029143791340207947,0.971203138387585,0.4618151139419089
2.355296812847815,1.5564994627033637,1.784500976556355,5.6962972521075335,0.20045479372241873,29.0,5712.9616210889335,26548.23033570275,1.1190637909361296,0.9315168538843069,0.0202553903212892,0.3554602165580011,0.08985747709235947,0.3259171816331631,0.3534715907581728,1.0868143344033987,0.36134174483358006
2.103780252618554,0.11717082423718944,2.2373767784593226,4.458327855315066,0.18137332949153084,31.0,5169.139890508629,26269.520134936676,1.0676061901234397,0.9217375485942694,0.023470814653262617,0.9984966225724842,0.05146263219304259,0.8613219238623978,0.00825303064718147,0.9029863718494167,0.4104962488091797
1.8232559381035458,0.9589387810424062,1.6116417372888159,4.393836456434768,0.1570736249795298,35.0,4476.598311916599,25408.96053997324,1.0379088971612174,0.8915424750867803,0.4083906609314939,0.9378429427450085,0.08595968095849371,0.36675064525638035,0.21080429933658584,0.9977304016581234,0.28361581849551243
1.9916756863585277,0.42597520100377856,1.744593346489388,4.162244233851695,0.1715471176702626,32.0,4889.092853602484,26009.74263905172,1.0840088225293782,0.9126225487386569,0.16735380907623026,0.883006516881807,0.09360497493781961,0.1033890021124656,0.05910696476040944,0.9966986212288926,0.44024021479244535
2.322391430839306,0.18397303032586795,1.5027171390342644,4.009081600199439,0.19865059515110217,29.0,5661.541961806412,26609.62067962069,1.060580923966788,0.9336709010393225,0.0723435614361655,0.9998653789847382,0.0037822616097596407,0.1508914872327486,0.02856826534604079,1.0061024432228727,0.3569530442604165
1.6658379889535457,1.38924905529292,1.3793079285441432,4.434394972790608,0.1399458560765849,37.0,3988.4568981826696,24868.0818549029,1.1105529921272939,0.872564275610628,0.14353000460062554,0.9996535954251363,0.05508462054881458,0.01841621867409937,0.4375909945822153,1.0359887663380802,0.33696597853627797
1.9385549780276465,0.5983697439909627,1.522920028827934,4.059844750846543,0.16692348630600776,33.0,4757.319359721221,25871.203897466818,1.0706582660685826,0.9077615402619936,0.15395754337463874,0.9734175064854467,0.02475503649718508,0.019090840635461348,0.20363982293527316,0.9485076755692543,0.41679488428819855
0.9455680357870488,1.6871407814686052,2.097152264354173,4.729861081609828,0.05627439888824255,58.0,1603.8203683149127,18917.863323049303,1.0921533646535846,0.6637846780017299,0.18257837220394368,0.9845317295133794,0.7270805831411359,0.001191295868411213,0.09172177278762739,1.0288122486222129,0.30844066828925687
2.433309320369397,0.7060149976810455,1.8896060455065347,5.028930363556977,0.20587441368251855,28.0,5867.420789951779,26656.776902728252,1.1270104589866379,0.935325505358886,0.18088704127405186,0.12113356022235944,0.2604261240961778,0.04032270079153022,0.06724438513136344,0.9834864364684566,0.3984288587791198
2.0211369358454716,0.9341112795631908,1.70145543890197,4.656703654310633,0.17405174065892712,32.0,4960.474608779423,26101.422001369294,1.0248396287248303,0.9158393684690981,0.09878901640827287,0.9874531360335186,0.04701842022113295,0.14443379188505445,0.042773618031740235,1.0849059245949673,0.4372787823192761
2.0939293099308016,1.9514673825070181,1.3837978872013057,5.429194579639125,0.18161279584616466,32.0,5175.964681615693,26124.76689634793,1.0605186865061553,0.9166584875911554,0.14995036474803547,0.9863857832052422,0.11669360713669824,0.0058554290214701266,0.040248394347904115,1.1932474772947659,0.2794235563670533
2.465942989085742,0.08451668600698958,1.3957344923809085,3.94619416747364,0.20895077888090513,28.0,5955.097198105796,26787.24721151255,1.048823993337034,0.9399034109302649,0.048479645143147954,0.999468338376204,0.0005912798253477902,0.10807104454664307,0.017575060562909972,0.9610103457151553,0.32121783880208543
1.9129284123470913,0.4623859589842584,1.6538868474743642,4.029201218805714,0.16404705960650798,33.0,4675.341198785477,25862.918141410748,1.0878936469896714,0.9074708119793244,0.3609226353010455,0.9996153768855189,0.041433391517851914,0.014342119287437782,0.019656618203217513,0.7709004054545816,0.4745292587903318
1.828541307265126,0.48411209210817485,1.6655565779270405,3.978209977300341,0.15552297195707443,34.0,4432.404700776621,25640.282041911152,1.0664514675496701,0.8996590190144264,0.4046948277053368,0.9883903417459985,0.0006068289217453504,0.002649686685899988,0.03925351051011,0.991809788397688,0.5233520809830852
1.3040734047919127,1.2562968412827056,2.1237660780611387,4.684136324135757,0.09692477932874322,44.0,2762.3562108691817,22950.727839781495,1.0560126464290036,0.8052886961326841,0.39939105797463126,0.9966326663329388,0.04378883282692103,0.6350215371927759,0.3956112670338464,0.8993364829240511,0.5210123099099953
2.6656366550195596,0.15094791736074867,1.5324618714949938,4.349046443875302,0.22036064116993026,26.0,6280.278273343012,26997.46841601253,1.0630911120355038,0.9472795935442992,0.06320365770999214,0.6958730246243344,0.0328817756552397,0.10327064197794056,0.019210798083948488,0.9960483773945166,0.3629610012884177
1.7708108679019778,2.0915665036398563,1.524316851268994,5.386694222810828,0.1506674791963526,35.0,4294.023157096049,25315.90452346058,1.0702095339680322,0.8882773517003713,0.4866758171146365,0.9879787647663413,0.08962658770365828,0.04882379915103885,0.02175208041640836,1.1783683305171144,0.36499516574359436
2.354347409922987,0.37523099527672565,1.2193087686847022,3.9488871738844145,0.20132136274926574,30.0,5737.658838354074,26557.26744333967,1.1571195916458423,0.9318339453803394,0.29325095195256,0.9970151019921026,0.036885499719099324,0.02381344555994025,0.013325896872758314,0.9789354809801687,0.24357437929416115
1.6818580908271459,0.6108634174525155,1.8938414248676758,4.1865629331473375,0.1413225223570162,36.0,4027.6918871749617,25041.23595900993,1.0569073857547477,0.8786398582108748,0.1561309163308267,0.87732972465786,0.25689355263883773,0.01218543143841655,0.03469608608171609,0.9943807024190998,0.4473922437161617
1.4572892762323644,1.3176394110751082,1.4318195926016657,4.206748279909138,0.11664082464227515,42.0,3324.263502304842,23854.124062466726,1.0628964996137782,0.8369868092093589,0.875525276934642,0.9982652692710121,0.04059744255787745,0.11557243097219438,0.190608985151825,0.9919981996548568,0.3552040776862766
1.8632845476802213,0.7932365089963413,1.5965260915011008,4.2530471481776635,0.16026149214916596,35.0,4567.45252625123,25575.6795204091,1.0519666448069265,0.8973922638740035,0.19386823582156198,0.9819877985497938,0.19875236811768138,0.04614860000537402,0.03236191223942336,1.0295644870649263,0.31620137893511746
1.1476037378813733,1.548092356812656,1.7406871461719318,4.436383240865961,0.07732129850711766,48.0,2203.6570074528536,21559.185108340695,1.0415865918389042,0.7564626353803753,0.13095598711648948,0.9989114153169638,0.08272548202003654,0.017741685751802516,0.593207381114061,1.0133291730547487,0.5837082835655325
1.9451650587877114,2.14961523924656,1.072886518554485,5.167666816588756,0.1691107155987031,34.0,4819.6553945630385,25647.429615251658,1.0393644405509872,0.8999098110614617,0.23841879284959455,0.9816663292989929,0.021459723616178594,0.05999907759887846,0.43421671807948037,1.1263216781017171,0.18746198217665455
0.6907770931708649,1.4691272588427835,2.310600437000804,4.470504789014452,0.030323903624888578,67.0,864.2312533093244,15036.027649547435,1.0548153443254513,0.5275799175279802,0.2867043443736931,0.9536966912521406,0.7652647848596266,0.017698663281801752,0.017262868589825175,0.9794511542228372,0.47610555375824504
1.3593204042952898,0.8795469286573973,2.0039575570498256,4.242824890002513,0.10438798770189978,43.0,2975.0576495041437,23271.402213227255,1.0765741310720776,0.8165404285342897,0.20349276192597643,0.9806882405526272,0.3753283904627547,0.06787869354529408,0.0565307905186444,0.9556380204294712,0.4236757475424371
1.890911631135496,0.641054236682755,1.5867713315224077,4.118737199340659,0.1623101852173576,34.0,4625.840278694692,25735.602514090795,1.0337410322770346,0.9030035969856419,0.05430945988899072,0.9916979199801735,0.024616201400064708,0.14427909065882416,0.2749102373468336,0.9683871803968409,0.4015666453063824
1.2262709019269407,1.1883416082184413,2.4849734703159223,4.899585980461304,0.08941485837057445,48.0,2548.3234635613717,22070.61888467536,1.074963743483694,0.7744076801640477,0.06995633160573611,0.9996126218080013,0.5283573165538453,0.7255336530588288,0.00853376876967138,1.0385977205303243,0.3029022840050022
2.1872003308502013,0.14343626175787258,1.5675895071631403,3.898226099771214,0.18808733784034312,30.0,5360.489128449779,26439.296221505076,1.045790340237025,0.9276946042633359,0.10413816983868768,0.9948071120499553,0.023487220072608783,0.015383893470597987,0.0020336309051358636,0.9576176479078451,0.4333426834858667
1.7613761433913833,2.0241427554843483,1.2278855694876971,5.013404468363429,0.1507832790968453,36.0,4297.323454260091,25172.974922265363,1.0706485162420252,0.8832622779742233,0.31545908280597346,0.9949204415741698,0.018945326971757215,0.05061297018536026,0.39948554493806754,1.1101618240430755,0.27171857426543333
2.1547308377100283,1.0474641716247988,0.9098910560938922,4.112086065428719,0.1878211176010026,33.0,5352.901851628574,26016.793885219122,1.1226713539840523,0.9128699608848815,0.8655218016116786,0.9933855633568707,0.088261950947572,0.006206271899346416,0.024774721795881083,0.9623775358639965,0.08719189960674978
2.123442798741391,0.5450513451917678,1.6347702338810115,4.30326437781417,0.18427477102325251,32.0,5251.830974162696,26145.99413644034,1.0921220752119776,0.9174033030329943,0.3634558035366161,0.9919143064051767,0.1001090711346534,0.4810558207326535,0.015715967476585768,0.9126960462762117,0.22942203239300873
1.6902459684161564,1.0717471679148458,2.4907670435446523,5.252760179875654,0.14308309480459452,36.0,4077.868201930944,24888.34889843293,1.1062681099091998,0.8732753999450151,0.05588941539407388,0.027248957805732332,0.6729782083274518,0.01541378734096871,0.003195220014797162,0.8172040306903976,0.4306312739263163
1.8514927188493222,0.29075152915452085,1.8482970531200436,3.9905413011238866,0.15725959940263134,33.0,4481.898582974994,25741.22794943809,1.1240028768531032,0.9032009806820382,0.23488452777518537,0.9939170942757559,0.03325608231725269,0.016694561259688878,0.002991438951728209,0.9823015677711144,0.5865705234356486
0.40729534560574443,1.8925997576664033,2.249829114857121,4.549724218129269,0.012346717881910321,80.0,351.8814596344441,9442.134043732667,0.9495417160108827,0.3313029489029006,0.09674180418116646,0.999432776287398,0.8594860017270612,0.00202723711426267,0.23162487794290998,1.0054223993761031,0.47976491762664075
2.06482976973014,0.7133261000754971,1.4587042877211225,4.23686015752676,0.17874351065781272,32.0,5094.190053747662,26085.56760230681,1.09656327176903,0.9152830737651513,0.133859025591879,0.9976633778874833,0.13214886909363888,0.002003740426899603,0.03089609125625359,1.0399314485413316,0.30585567110871104
1.3181831503776287,1.5164648136752077,1.491128651827765,4.325776615880601,0.10007060755217925,45.0,2852.012315237109,22927.733409675166,1.0107184354996124,0.80448187402369,0.0007201477567453374,0.9958261986800004,0.09018145416613399,0.07596361044062028,0.6902362423346307,0.9407777853017174,0.38306275955495295
0.02593766114153299,2.7368689674335194,3.0156334306642596,5.778440059239312,0.00039133922873370384,69.0,11.15316801891056,611.1916310543565,0.7648638692704587,0.02144532038787216,0.23201953601176695,0.9758691660051673,0.9649954736886663,0.9623399379307324,0.5286781104443763,0.9994968358253933,0.5212681311895908
2.1677534097103313,0.330037825312641,1.4953163881130243,3.9931076231359963,0.18572496678244127,31.0,5293.161553299577,26343.275975968827,1.148296876019586,0.9243254728410115,0.1461999075416479,0.9649497776195968,0.03842446064415428,0.03240696111807845,0.06310061340238082,0.9753248011483673,0.37651389506997823
1.6898529741195356,0.5770371152879269,1.7526089956107207,4.019499085018183,0.14210190123822508,36.0,4049.904185289415,25096.825223007458,1.0540061910940721,0.8805903587020161,0.3017866272660743,0.9955630326654417,0.17049778933315757,0.0018208208293208905,0.009751902011058133,0.9614229557553144,0.4450685028701269
2.2253582815365016,0.30651794728813364,1.401560269833793,3.9334364986584283,0.19097644932659621,30.0,5442.8288058079925,26409.33898300674,1.1125040696595754,0.9266434730879558,0.19122319572861796,0.983277601014432,0.06928758806567331,0.01578193744111006,0.005681684730502845,0.983105638674397,0.3134415342345509
0.917680527470305,2.5063738439339254,2.3081713262519488,5.73222569765618,0.053471251452023624,58.0,1523.9306663826733,18491.59270606691,1.1095963206793913,0.6488278142479618,0.07165409730872507,0.47382108691188285,0.8369215683409927,0.012668393229603059,0.5896686970568554,0.9663847220403392,0.3348992574138405
0.8792049610416607,2.155175392153825,1.3314680648663129,4.365848418061798,0.04797715899727772,59.0,1367.349031422415,18085.676561931803,1.0567385710240602,0.634585142523923,0.22382840864298764,0.9871078449421699,0.07739652035082473,0.014434144246526504,0.9076261014923,0.9885777484352234,0.43771229339305506
0.6786679193836884,2.2268154608146746,2.1250402269595403,5.030523607157903,0.030223490857677022,69.0,861.3694894437951,14756.877883978963,1.0718259958839147,0.5177851889115426,0.7840271914360673,0.9418021110741192,0.7854570802658579,0.014021045113738528,0.006697620397163595,1.0314009260231867,0.3561216145529258
2.0592558121900515,0.36944112492203296,1.507216375527713,3.9359133126397974,0.1778258949048767,32.0,5068.038004788987,26144.306468907023,1.0144390832507084,0.9173440866283166,0.058443717432998255,0.9952533750741782,0.07274318193055596,0.002304449992446611,0.10094131729660039,0.9870963216179267,0.37557329063907385
2.250339759416838,0.2768049116230539,1.4655576925861908,3.9927023636260826,0.19382948525160448,30.0,5524.140329670728,26476.539341357544,1.0353528084762966,0.9290013803985103,0.001975851191194533,0.9821096311891415,0.09132340362429708,0.0075233869592873925,0.01864526513501069,1.012569178090674,0.33285869258554346
2.430971390565464,0.14859250107571476,1.8598643075326455,4.4394281991738245,0.2077125424388109,29.0,5919.807459506111,26702.644406201354,1.005873155176905,0.9369348914456616,0.05393635733813773,0.9952414560904506,0.013941188406031868,0.8368687496598163,0.03687218056426461,0.9684525475904615,0.25688324923756856
1.6979267323148775,0.942934381044061,1.3755332386161905,4.016394351975129,0.14417255634776524,37.0,4108.91785591131,25004.068842163102,1.0516160002167885,0.8773357488478282,0.7809093728223239,0.9983200359018923,0.09108554903261412,0.00490409582236373,0.012698342336407986,0.968225099808804,0.3126775230753953
1.5672747264792926,0.593909641395213,1.9237772887276359,4.084961656602141,0.12819971403076408,38.0,3653.691849876776,24560.22589404729,1.108241233297555,0.8617623120718347,0.21234555785855042,0.9854573157565969,0.24247580816799486,0.036591267411350326,0.008925185642335132,0.9934081640177457,0.47341206744054887
1.7411515704891973,0.4389046004601226,2.4499027864230865,4.6299589573724065,0.14700078990564394,36.0,4189.522512310852,25292.6537573496,1.0702186587912526,0.8874615353455999,0.157272838923307,0.9891361794255538,0.1079309621913318,0.9849190729399098,0.059867659124908934,0.9877837671345149,0.4433453319526608
2.2513872672703106,0.2765836971053049,1.7525563922093843,4.280527356585,0.19311707763108146,31.0,5503.836712485821,26419.981290806343,1.131752333512726,0.9270168873967138,0.09759836093419849,0.9927238236220308,0.08996979695065688,0.5320273845591961,0.022015320372560543,0.9222433127306517,0.2681532698148139
2.634752763760205,0.30685469870945314,1.3443897566161072,4.285997219085766,0.22030431751349747,27.0,6278.673049134678,26926.460423042427,1.0327754801426616,0.9447880850190326,0.21368729287508892,0.8280293156304577,0.001360431521872929,0.17553556540679183,0.021319026982879075,1.0060610880732246,0.2684952070488027
2.2121867333713223,0.09935292741544507,1.6429747922385807,3.954514453025348,0.1882438283213864,30.0,5364.949107159512,26505.533470382208,1.1308730608212283,0.9300187182590248,0.026106936941581727,0.991213441900105,0.005918029391509816,0.0012641641058088182,0.03218447319329931,0.8657113903886591,0.48900501868721413
2.257893769839695,0.1525155439661276,1.5238762540570066,3.934285567862829,0.19225027935499442,29.0,5479.132961617341,26544.085313770305,1.1171891121130775,0.9313714145182563,0.09135011663136444,0.999125979200772,0.015064502878623154,0.004584898560949624,0.019284336508414213,0.856845217173615,0.4180346741128913
2.5943812723168773,0.43156287260802817,1.589103393094876,4.615047538019781,0.2176528187703376,27.0,6203.105334954622,26886.94611390818,1.0302684899649797,0.943401618031866,0.3957610567656251,0.6329122145160267,0.010603288724568338,0.3600296660664929,0.009948441377775286,0.9539889338649425,0.3086632339448938
2.348261947057103,0.5070397895896621,1.276687483792568,4.1319892204393325,0.20013065040505928,30.0,5703.723536544189,26582.78877923497,1.1123596747979705,0.9327294308503498,0.21161157276056608,0.994043617457803,0.03603349877229356,0.00493612622618983,0.0005327256837941996,1.0300390646628834,0.2789787779197548
2.2565147186806396,0.29283306303186163,1.5750432736250985,4.1243910553375995,0.19252383998444553,30.0,5486.929439556698,26516.510620718967,1.1380768055406238,0.9304038814287356,0.0711780589497868,0.9779158893556854,0.022245520914711825,0.11231200595710777,0.01722834618978375,1.019228753791305,0.39428004884754486
1.9049220445821575,0.28581992677275736,1.856134843750779,4.046876815105694,0.163258649526785,33.0,4652.871511513373,25826.984425854025,1.0990465328494974,0.9062099798545272,0.12525298006367508,0.9925316129541959,0.09927136208823606,0.16293925158959488,0.005829951788364096,0.9666220058231998,0.4727953600292558
1.0015306683063634,1.8628397035200568,1.750656165618281,4.6150265374447015,0.06126937238215546,55.0,1746.1771128914306,19735.416969259873,1.143156591943308,0.6924707708512237,0.12271497180517404,0.9960551315897583,0.08286700731564,0.496414323198899,0.8079121103707113,0.9912355777457982,0.4133279539636483
2.2040742360229917,0.20458729056356484,1.4908625499511756,3.899524076537732,0.18948213665537758,30.0,5400.240894678261,26421.503828959074,1.0826529753152971,0.9270703097880377,0.06455386993725581,0.9983526090266511,0.05992505655946967,0.0015272391205087277,0.02507291789355226,0.9579929738318476,0.37102871620347244
1.2290577336702138,1.9313266480638265,1.691406316663505,4.851790698397545,0.08840601532731295,46.0,2519.571436828419,22184.39829521325,1.132564659518988,0.778399940182921,0.1459780700284481,0.6706882088889172,0.16143697560036174,0.01686030550615847,0.7715965573174178,0.9774517775057916,0.4711780308201705
1.5152400082865503,0.8018372155367777,2.2980028013908163,4.615080025214144,0.12192077047015841,39.0,3474.7419583995147,24278.999227541677,1.1570802429056775,0.8518947097383045,0.06873822888976966,0.9925246151927257,0.12074863594610219,0.7525722568727606,0.27598801636392734,0.9892827766295675,0.4696119860466288
0.10537384445240904,1.868537988119558,3.06588516014157,5.039796992713537,0.0019729280985732386,87.0,56.2284508093373,2531.2838149987506,0.8177716564171802,0.08881697596486844,0.16092348734941736,0.9969739703131443,0.972550697980963,0.8853303125745785,0.025728457888604506,1.0246664422526859,0.5592192913543661
1.4133451839467497,1.1061702622592011,2.2202237457990943,4.739739192005045,0.11043061760677632,42.0,3147.272601793125,23688.64727305283,1.0797587019890091,0.8311806060720291,0.8932711005472219,0.9558973622686929,0.02600834561353277,0.8619119854221291,0.05567671500732152,1.0078166516596296,0.4715930995602733
1.8071933913849847,1.1302024441896097,1.1988236248634532,4.136219460438047,0.15521409979855585,36.0,4423.601844258842,25340.92864748434,1.0807155505160242,0.8891553911398014,0.005905970868223365,0.979248549934441,0.0025735310088229046,0.0033273496518544943,0.5602180884040759,0.9758108394382154,0.28508118717037867
1.018411638985455,1.7014757173930186,1.9004506263586358,4.620337982737109,0.06491179873950818,56.0,1849.9862640759832,19828.755097459427,1.0494122991421795,0.6957457928933132,0.7672720498954743,0.9795850885674517,0.620170228200729,0.006185677139957324,0.0019741625982253597,0.9905364224119566,0.26964311760441184
1.8321480702799386,0.4802448641984032,2.236895227169117,4.549288161647459,0.15619781110862835,34.0,4451.637616595908,25591.501572844885,1.1407831022050485,0.8979474236085925,0.4057804114426009,0.9581759299736926,0.02298626172432322,0.8322170689547747,0.019992530084658733,0.999655272072071,0.4548744862068945
2.1160920624585886,0.31972545693320265,1.5036958071775484,3.9395133265693394,0.18255675946938563,31.0,5202.86764487749,26284.87412703241,1.0352072125277099,0.9222762851590319,0.1960916167375134,0.9832904747652669,0.019157878701929254,0.014678606595771193,0.04744851107139769,0.971559471300709,0.4068680802529352
2.631558729002607,0.7631762706919286,1.5972387824989773,4.991973782193512,0.21916342588562696,27.0,6246.157637740368,26909.144745617028,1.1139655828499546,0.9441805173900711,0.038076994317929325,0.4617436717062414,0.15392803829186952,0.01854941212715172,0.03924683185234479,1.0519641944039382,0.3380974183282186
1.5231549705900131,0.7300469029447043,1.864394592269705,4.117596465804422,0.12417210827957731,40.0,3538.9050859679533,24190.07819766974,1.161374238999472,0.848774673602447,0.09489535248464265,0.9924215916861008,0.40152127254204373,0.0032799706088209035,0.016434820823498064,0.9372355718236984,0.33700743216913853
2.6098855954123765,0.06429825972913805,1.9079404773301456,4.58212433247166,0.21877075842307264,28.0,6234.96661505757,26880.789132682952,1.1413122475613933,0.9431855836029106,0.004232408656159925,0.994589652999653,0.006122142505635919,0.9813880245405595,0.008028273113688422,1.0043532613858934,0.22564581860008026
2.1090089688628124,0.6674863724636846,1.4105380863438937,4.187033427670391,0.18173912465725586,31.0,5179.565052731792,26215.74736375022,1.1110649583111512,0.9198507846929901,0.1510866958565495,0.9857250460243788,0.025195053427491565,0.011541747268463909,0.12629620600504543,1.0282518355569759,0.3552212181120842
1.248925545723545,1.0824733978843732,1.9657808737683244,4.297179817376243,0.09211538038218638,47.0,2625.2883408923117,22284.302878163315,1.0548240333373133,0.7819053641460812,0.19441003362285403,0.9868675865930041,0.5374323842267237,0.01600921728126481,0.040957393960716904,0.9861779281344198,0.31706147272217944
2.9589749778321615,0.06252326357891153,1.6300170561537004,4.6515152975647736,0.2365203697729249,25.0,6740.830538528359,27245.331177901993,1.055342692671192,0.9559765325579647,0.03963031118591548,0.514059821763328,0.010577721837105702,0.18337965077413243,0.0035131848186687464,0.9977304016581234,0.3932895109702317
1.6777334774609267,1.2343962177370957,1.6816811108982965,4.593810806096319,0.14182898135306057,38.0,4042.1259685622263,24844.409615171564,1.1540679626041443,0.8717336707077742,0.033693588849707135,0.9364500673430642,0.007369484625732725,0.6085138419786816,0.5948242009743947,0.9957247955408954,0.287345737291961
2.378563907489266,0.17510479495836584,1.3533759980714355,3.9070447005190676,0.20349506309135673,29.0,5799.609298103667,26651.414642114254,1.0345820248208908,0.9351373558636581,0.021959635263629762,0.9940878339064988,0.052109752927066655,0.024863268006077077,0.03749026515206805,0.9873039145439244,0.2976186863769641
2.8895180320217646,0.1922914690576761,1.3923490267029495,4.47415852778239,0.234747636428995,25.0,6690.307638226357,27175.718979835587,1.001110008358863,0.9535339992924767,0.04540252372084097,0.5927751384508919,0.019125760094155952,0.01841621867409937,0.059100152597800604,0.9526206731101403,0.33696597853627797
2.0979891430302158,0.8805614001412123,1.1915531822773264,4.1701037254487545,0.18163626852119805,32.0,5176.633652854144,26071.99168928039,1.13316212176004,0.9148067259396627,0.2913801425977074,0.9798279827880535,0.04591802918521076,0.019090840635461348,0.21395123420172968,1.0115502181702787,0.2328492042353112
1.77378034515844,0.8514846422581784,1.3966855627349877,4.021950550151606,0.15145593282466463,36.0,4316.494085502942,25280.239201137312,1.1455940289596025,0.8870259368820109,0.686570026076571,0.9894661765259043,0.08445327926394969,0.001191295868411213,0.019117348642841425,0.9589741856765055,0.3228310796406557
2.2309628819041376,0.5818526409228086,1.3182623503451838,4.13107787317213,0.19307229850618093,31.0,5502.560507426157,26334.93980770222,1.0720040759912133,0.9240329757088498,0.48150479802980634,0.9954518849769554,0.0236421969050829,0.2733422821328705,0.032442273767688934,0.9783182935851031,0.2109784077795025
2.103807574074373,0.274763213374552,1.564016447843721,3.9425872352926463,0.1814413945185089,31.0,5171.079743777504,26264.546708525224,1.0502762452891412,0.9215630424043938,0.08531599757430397,0.9938280298404519,0.03439287498888016,0.03786609085831416,0.06892895165846391,0.9833265772303037,0.41652021189707966
0.9567140256258473,2.1918253994423726,1.436795275978127,4.585334701046348,0.0573458186009798,57.0,1634.3558301279243,19102.089439447038,1.0094461797752898,0.6702487522612995,0.0024264097199890866,0.9267137405342745,0.23350059273612378,0.014060993729496318,0.919574050309099,0.972214782574528,0.343431449041562
1.6818713596461183,0.7616135108604138,1.8952270583154007,4.338711928821933,0.14109462523310717,36.0,4021.1968191435544,25071.339163287572,1.0584308916665373,0.8796961109925464,0.10658893276960923,0.9943061614558172,0.03819966537988834,0.3935047083696519,0.29886254001048607,0.9610103457151553,0.46014600595335065
2.430477013948735,0.08228318537660312,1.3786645251457124,3.8914247244710505,0.20574480080751248,28.0,5863.726823014105,26750.628674033414,1.0774570072997869,0.9386185499660847,0.004450776962085512,0.9958515514466496,0.009477646447263122,0.011654965271553297,0.03180796937181146,0.9734931724163043,0.3438876041113206
0.9361487234764584,1.3262355481920538,2.1749629384184037,4.437347210086916,0.05534803414388354,58.0,1577.418973100681,18803.80811708199,1.020232190379024,0.6597827409502453,0.015629814215927185,0.9920368525911532,0.78231091666564,0.004681242710428246,0.06124923402383331,1.00183011136625,0.30760839206070223
2.0404785173810858,0.3601830539042988,1.5360565903220724,3.936718161607457,0.17637246633907105,32.0,5026.615290663525,26079.36983230161,1.082822955343259,0.9150656081509337,0.14049753340018856,0.9949113657400951,0.10619843489936043,0.017996459647128538,0.03019393407753479,0.9909029325252612,0.35767468379024514
2.076176257830555,0.24847560732781968,2.223299309079824,4.547951174238198,0.17876703306526684,31.0,5094.860442360105,26228.915466839924,1.0669914585526765,0.9203128233978921,0.1400143997132965,0.9417427580472936,0.0036604295607651216,0.8281942166012563,0.03231478623173256,1.0047926238512388,0.4546997883938104
2.2866230989054217,0.8822808812994078,1.4388912098458253,4.607795190050655,0.19498205632738352,30.0,5556.988605330431,26533.80058641356,1.123132162821297,0.9310105468917038,0.08225090579804895,0.9584105603933384,0.02494690256147286,0.03851808332238532,0.04923671745413449,1.08301702334386,0.3534170405491679
1.1680408490079492,2.019015467219275,1.138522195139898,4.325578511367122,0.08236963757312352,50.0,2347.5346708340203,21504.8400822341,1.0836413087058583,0.7545557923590912,0.19640993511538252,0.9855590895690771,0.004319886701619813,0.03728903043983944,0.9080628510257313,0.9789354809801687,0.3080505816004173
1.5276744884679974,1.0399875629185233,1.9608444227698032,4.528506474156324,0.12402420147813117,39.0,3534.6897421267386,24366.903968719333,1.0683319270150033,0.8549790866217309,0.1561309163308267,0.9747388038388785,0.27443825057712723,0.01218543143841655,0.0018177176792125715,1.0585704794204476,0.4830389741286307
1.9948231050620642,0.40607346953267887,1.5989457599529058,3.9998423345476484,0.17167307905065549,32.0,4892.682752943681,26010.36028761354,1.1139812819033554,0.912644220618019,0.30044955664679185,0.9589668266624061,0.05871161803942554,0.038926124935599216,0.008778242913374368,0.9919981996548568,0.4178946019085741
2.152479557366427,0.3694367567215652,1.5832425103142782,4.10515882440227,0.18425197383594558,31.0,5251.181254324449,26330.562813385004,1.1483342641581138,0.9238793969608773,0.09480786879071368,0.9570081830034332,0.05742371697102727,0.04614860000537402,0.03236191223942336,1.015471185999433,0.4012984563310482
2.3620153475485464,0.1726778990170474,1.3362992173082797,3.8709924638738733,0.20213734507605413,29.0,5760.914334667543,26657.46322982846,1.0197817053155345,0.9353495870115249,0.13095598711648948,0.9989114153169638,0.002852093917280585,0.004691051301039362,0.018721885512318515,0.993329835673963,0.33354500845006285
2.1924195296055493,0.21877192239347262,1.658242840014832,4.069434292013854,0.18831651545405806,30.0,5367.020690440655,26410.179487549478,1.0918880519115721,0.9266729644754202,0.20497398836302338,0.9945231905987594,0.00038598159372066343,0.291275704148272,0.0066094808199341215,0.9893387615942573,0.38355382845663577
0.8796760548863443,1.388522304356119,2.322197542487643,4.590395901730107,0.048431269657978414,60.0,1380.2911852523848,18066.203900090208,1.0444041544536604,0.6339018912312354,0.26319299679274855,0.980359950775775,0.6550067682451144,0.2866169177562773,0.0714095775978495,0.9871224397337899,0.38548218112088506
2.4290684467422574,0.3791546298151241,1.2917567486289312,4.099979825186313,0.20630528036213755,29.0,5879.70049032092,26693.484818144814,1.1613466216047694,0.9366135023910461,0.20349276192597643,0.9926124276360988,0.00747042222656813,0.06787869354529408,0.0009255947248585361,1.0203256306374473,0.2799582645290162
1.7691922961900406,0.7426332933540485,1.690274905242572,4.202100494786661,0.15087941258640802,36.0,4300.063258712628,25281.692497224572,1.140579939790124,0.887076929727178,0.5273680830492523,0.9985552146289193,0.10622441922176329,0.29463523331364305,0.027964290736075592,0.9668625452007702,0.3360770726216158
2.2070259225248847,0.13007978590965896,1.5721375395203263,3.90924324795487,0.18983012516074876,30.0,5410.15856708134,26467.39564650322,1.0234347099041443,0.928680549000113,0.021609372726616283,0.9966639457560909,0.03566170058523099,0.035379253002973954,0.027488931152598095,0.9553029555696702,0.4181702574914894
2.299869248656488,0.33423259972583486,1.4996074801099315,4.133709328492254,0.19703410919322004,29.0,5615.472112006771,26581.40985744763,1.041081640786469,0.9326810476297414,0.2730451454481036,0.8235850595052123,0.023487220072608783,0.009917496017775973,0.012978312084409027,0.9576176479078451,0.39810248231608725
1.8563536766998503,0.8158341542692749,2.5176354613001686,5.189823292269294,0.15939391322350496,33.0,4542.726526869891,25599.94623835261,1.0057481962635781,0.8982437276614952,0.30394959534289223,0.4509923093070929,0.26701776741439,0.7351586540182856,0.05567895390239885,0.9418363349150258,0.45301584515517757
2.1769343168901107,0.5197145600209234,1.2912134398339905,3.9878623167450247,0.1879434113340637,31.0,5356.387223020815,26266.663677996068,1.1122359204953207,0.9216373220349497,0.3678452346319807,0.9812915309674498,0.07001085714863592,0.036522730531706904,0.02342651983299443,0.9983760053341482,0.2539910890526045
2.821633162659309,0.2542128380802593,0.951892778588223,4.027738779327791,0.2318530523969111,27.0,6607.811993311966,27018.267796286644,1.1551473329206388,0.9480093963609348,0.156317577810007,0.9988522611333999,0.0036071207935194916,0.019845141197058935,0.04624228953998655,0.9940106191707279,0.14314572772944256
0.6513142014624452,1.3977132953647706,2.3621473474999433,4.411174844327159,0.027476769102213434,69.0,783.0879194130829,14304.642692632302,1.072302603371261,0.5019172874607826,0.05588941539407388,0.991608511504179,0.8721039954665103,0.004734285791171633,0.016833943385465622,0.9043808060956531,0.43377772908464873
2.4050904545597755,0.222349284799931,1.2556933688736849,3.8831331082333915,0.2056374884557365,29.0,5860.668420988491,26688.97493481337,1.0034722011694637,0.9364552608706446,0.20372881930468945,0.9958069524790455,0.010629623127974552,0.003951724507315679,0.0013380154016398582,0.9792837214798893,0.2889573405211845
1.3542408343467116,1.7700731132287815,1.2951920632672738,4.419506010842767,0.10491039691584192,44.0,2989.9463121014946,23122.81615759606,1.0640765264299739,0.8113268827226687,0.17182749856906543,0.9606781422299464,0.04006437335908336,0.02198870993576718,0.7250151630319855,1.01101484106964,0.3370302449461553
2.212416660497349,0.3322983020376046,1.8547754479161864,4.39949041045114,0.18937405017117118,29.0,5397.160429878379,26483.701659079594,1.0647106614375434,0.9292526897922665,0.1420921394787686,0.6502805447517581,0.10039154062002964,0.015321674565616061,0.019809425814395765,0.9320842717372102,0.5220004662418471
1.4690837792361382,0.6908784609222607,1.956454081468418,4.116416321626817,0.11775947366040379,41.0,3356.144999321508,23935.163950471284,1.1358698789951647,0.839830314051624,0.0007201477567453374,0.9958261986800004,0.4076001871179521,0.00854294606410605,0.013115984046834561,1.0065657580493648,0.38306275955495295
1.8504011668790714,0.7143638470313951,1.6802410289539293,4.245006042864396,0.15914949644656698,34.0,4535.760648727159,25588.225218781507,1.0168989159575212,0.897832463816895,0.08292560064657511,0.9829185091609542,0.21455125501061723,0.004780121150235905,0.0033598477480579203,1.0378614585465973,0.3636404547921499
2.321964997056893,0.21625919753163955,1.557872714957412,4.0960969095459445,0.19811553556757902,29.0,5646.292763676002,26578.773157516436,1.0962494264011906,0.932588531842682,0.11123951763014539,0.9649497776195968,0.02607784005900099,0.25306213470798367,0.03295145990649634,0.9890996741603595,0.32669396748647195
1.1404376152178846,1.8573100334949604,1.4132591201259457,4.41100676883879,0.07802121756490042,50.0,2223.604700599662,21320.343535710923,1.0975784077230182,0.7480822293231902,0.3135268655234903,0.9959394245159767,0.10306377722825999,0.0073612744306105204,0.6945937510645401,0.9614229557553144,0.39215001799032034
2.156885164000075,0.1390641304739311,1.6481172236597623,3.944066518133768,0.18530342650464535,30.0,5281.147655382392,26400.643296270737,1.0580294573418856,0.9263383612726575,0.06902010020489646,0.9615983471717897,0.024475473988837926,0.01578193744111006,0.016665409642888873,0.9989033355232113,0.47473170717545177
1.3473380895968345,1.68556486278637,1.2751665890114392,4.3080695413946435,0.1037332106358134,44.0,2956.3965031206817,23044.53948620106,1.1376343148324457,0.8085803328491601,0.02868684208707739,0.9708319334863146,0.03592583070847716,0.03480838601502145,0.8014946373182884,0.9663847220403392,0.3246699231932526
1.995323112402821,1.3277274458080122,0.9211674595514049,4.244218017762238,0.17427974429794016,35.0,4966.972712491294,25685.201155042512,1.0505070559086203,0.9012351282471057,0.2277379034200605,0.9903060650936383,0.04800679696376842,0.004215730851447774,0.5139896734711495,0.9972705406107081,0.12215926327056881
2.5916036288079503,0.16647186697030514,1.4611581716299424,4.219233667408198,0.21624367878088172,27.0,6162.944845255129,26925.848647098843,1.1610558713772952,0.9447666191964507,0.15359065535577843,0.7742020503481521,0.003911366645418246,0.03474351078690763,0.003507080823199671,0.9735255381593961,0.37480771817127856
2.0853507357393974,0.4302678680262106,1.4365359712305867,3.952154574996195,0.17904830444992595,31.0,5102.87667682289,26180.84678943635,1.142301464654816,0.9186262031381175,0.19967062164580746,0.9937485253020659,0.019143074524801573,0.004467926899769548,0.10094131729660039,0.9986133761437943,0.37557329063907385
1.4208508300839744,0.6742021357878156,2.0154535867782934,4.110506552650083,0.11141649714203404,42.0,3175.37016854797,23729.9469136298,1.0621074583488976,0.8326297162677122,0.09664680356295663,0.9965947381773642,0.3601765346365584,0.0075233869592873925,0.01864526513501069,0.9481917461720224,0.45891651206444983
2.0233192074129676,0.33750043511109007,2.1062410673441874,4.467060709868245,0.17450231078649814,32.0,4973.315857415197,26065.503359473274,1.1041165449308705,0.9145790652446762,0.13095598711648948,0.9968519027550662,0.04996185780646645,0.7782545059926546,0.06580083064245046,0.8811621553505511,0.38102563776151666
1.7975870436303203,0.5610889156932983,1.9466028255911714,4.30527878491479,0.1532656973752935,35.0,4368.072375195865,25441.238419539073,1.129339449876807,0.8926750322645289,0.4014996152240472,0.9765203176862641,0.09108554903261412,0.47288895883811244,0.011480488460164973,0.9817006232456416,0.4030967764314468
1.6581780654605691,0.42486484391410395,1.9119036586563696,3.9949465680310428,0.13813988221094825,37.0,3936.986643012025,24972.589117602467,1.1275386519889512,0.8762311971088584,0.05182977781315651,0.9944816503827034,0.24247580816799486,0.0006806611700756471,0.00466067692447758,0.9974329208651789,0.47341206744054887
1.059553896393818,1.66915326062281,2.0155237726878434,4.744230929704472,0.07118388416981913,55.0,2028.7406988398452,20210.721715463384,0.9884242408067435,0.7091481303671363,0.3867260378281441,0.9891361794255538,0.795731723070365,0.020621844793063504,0.033754608736843494,1.002665052589429,0.18180854898079524
2.0196948270037884,1.2836242425624644,1.2919183733416033,4.595237442907856,0.17528051885897877,33.0,4995.494787480895,25925.653822875527,1.1064968906265176,0.9096720639605448,0.45766128000218764,0.995987767298527,0.08179030782367569,0.0333712072615997,0.04030527651074067,1.0778333684754102,0.2519772093646937
2.452101237700535,0.25489785479879223,1.481457104462618,4.188456196961946,0.2076001632260176,29.0,5916.604651941501,26727.352784063296,1.110087824131358,0.9378018520723963,0.017947491895129453,0.9452527136402289,0.05727521423623355,0.20113308733991464,0.021319026982879075,1.0135499359479443,0.2846777349157259
2.3649602371533494,0.16527393388840622,1.3751597670856883,3.905393938127444,0.20237499538760445,29.0,5767.687368546727,26662.842524901025,1.0105415939544797,0.9355383342070536,0.026106936941581727,0.991213441900105,0.01793085703158892,0.017408440564971206,0.05613535569972056,0.9756286666706031,0.3367147918897935
0.9720747922716434,1.5276948895824716,2.5077220689678326,5.007491750821948,0.058848815150925424,56.0,1677.1912318013747,19296.78874359889,1.0529311381873743,0.6770803067929435,0.21515079063797055,0.6362415354445479,0.8636142049590899,0.08803830768853371,0.008561395752933076,0.9842184541213483,0.3743034818525368
2.3261362543588917,0.271703665902957,1.343795636961175,3.9416355572230235,0.1988984461864718,30.0,5668.605716314446,26545.29927906707,1.15090190248184,0.931414009791827,0.022922629854889742,0.9971576130549805,0.07370901215236547,0.007354963355001964,0.06910875890975954,0.9613280540761793,0.2827442827260862
2.636548374328917,1.0728016806694796,1.4189521502203422,5.128302205218739,0.21910522930090692,27.0,6244.499035075847,26943.687761507135,1.1004224614285274,0.9453925530353381,0.2875894766019496,0.5840084619808077,0.021101128232326682,0.0063235124060943,0.014979544112207643,1.090450177936828,0.3533221569244809
2.072604215821375,1.27651972687745,1.8054183744165506,5.154542317115376,0.1794411356874659,31.0,5114.072367092778,26065.060203135483,1.0357093516357174,0.9145635158994906,0.131045244259686,0.2556060162543151,0.11368849528457503,0.20398306779255826,0.48747086984545074,0.982019078737753,0.4131817919790084
0.7100918202723245,2.307354252014712,1.9555135105420627,4.972959582829099,0.03246500217527434,67.0,925.2525619953187,15345.491207587816,1.0227526569789465,0.5384382879855374,0.9632508613558186,0.983417078390698,0.6155871413686053,0.0029538536314024366,0.005342113685862349,1.0512548064042826,0.39929462572692564
1.9039121689871619,0.4213647113241234,1.671359030975577,3.9966359112868624,0.16316209525450795,33.0,4650.119714753477,25803.319645723357,1.1219246049662768,0.9053796366920476,0.25571356730585215,0.9751892669523484,0.08286700731564,0.005776546409247685,0.020675316522405618,0.9580681765332577,0.454334157777911
2.232587287979656,0.1764193446731196,2.1504254518143857,4.559432084467161,0.19222236690981115,30.0,5478.3374569296175,26471.51187427014,1.0212041561992167,0.9288249780445663,0.06455386993725581,0.90314205639781,0.041146425965839506,0.8632137760036609,0.02507291789355226,0.9909904327694186,0.37102871620347244
2.368090155701302,0.4482671162452506,1.3125378178846776,4.12889508983123,0.20274765615744644,29.0,5778.308200487224,26617.601852181077,1.0391834243247853,0.9339509421817922,0.1651182954365289,0.883326645214972,0.007264210431809692,0.05442051178824514,0.1361262525805036,0.9887549063672387,0.29910865974252765
2.1208097484740995,0.44637985999978824,2.0438055829121424,4.61099519138603,0.18258827827130333,31.0,5203.765930732145,26214.041075837977,1.1286828147999346,0.9197909149416834,0.25173576218790944,0.9357596645107208,0.013047897366838535,0.9011565874564404,0.0875361258808105,0.9940376797867723,0.32493014937012
3.0097610702362614,0.9613390379361486,1.7704415652074101,5.74154167337982,0.2394347301584431,24.0,6823.889809515628,27248.2824952554,1.1347678956618499,0.956080087552821,0.15870972250873094,0.10143237748872891,0.07616485431774345,0.1336730756246315,0.02250432176508732,1.0804216738025785,0.431878354413624
2.0761550771920705,0.5149210761384441,1.631319773521541,4.222395926852055,0.17796428242703527,32.0,5071.982049170505,26168.079647369494,1.1556646923997247,0.9181782332410349,0.1667173127785856,0.9975498025189343,0.03554695874107622,0.19794770414666762,0.05567671500732152,1.0229412369042001,0.3832783319628179
2.0790922143839237,0.6108977670433583,1.3170192996342607,4.007009281061542,0.18009092892980647,32.0,5132.591474499484,26099.70765260111,1.0993285975149114,0.9157792158807407,0.3391574428917222,0.9977007959338523,0.056473585302520835,0.019816081062139,0.09351497309892742,0.9357588074348122,0.28508118717037867
1.215196049808688,1.9279269775698102,1.1918601362154055,4.334983163593904,0.08804300869577159,48.0,2509.22574782949,21953.21238217279,1.0925902910826362,0.7702881537604488,0.13656712356295164,0.9837378374767638,0.04243985025343788,0.0022501936444433435,0.8576199390155245,1.0015575250744566,0.31174785965973406
1.9444722784582242,0.26899288247748254,2.2054717091826923,4.418936870118399,0.16682681899861695,33.0,4754.564341460583,25936.658310440544,1.0175574370565472,0.9100581863312471,0.09058780125660149,0.9967703562979165,0.03030779659173949,0.7720508810272063,0.06647169316663593,0.9936242161204616,0.4548744862068945
0.3211463701933683,2.419790504440836,2.025038530756384,4.765975405390588,0.008599198054010139,84.0,245.07714453928898,7555.723110715786,0.8560686161203918,0.26511309160406266,0.401528968116561,0.9992967804950751,0.7225528679149789,0.02184249921187198,0.42791747517107226,1.0098246605137078,0.493036455238677
2.7253155958581567,0.11756250690439027,1.6396160240030397,4.482494126765587,0.22578732461290213,27.0,6434.938751467711,26967.982586473518,1.047374687971064,0.9462450030341585,0.0812095673147532,0.9701454148300684,0.01714885636970348,0.7703459907214203,0.005314827517540921,0.974556247480038,0.17480033817004692
1.8710979715544818,1.2598666014253563,1.493528360965945,4.624492933945783,0.16063181784583894,34.0,4578.006808606409,25662.211531814246,1.092323037567923,0.9004284748004998,0.5547092002277164,0.953486433428267,0.03258268676892839,0.02431482248024286,0.0036727576122125294,1.0811172319774778,0.3964262542391319
3.2913116490858827,0.15587980011960745,1.255252995256047,4.702444444461538,0.2548075528289811,24.0,7262.015255625961,27391.944145168225,1.0454911521524028,0.9611208471988851,0.004232408656159925,0.53681766536747,0.006695322298131634,0.0557369894437858,0.07080220400812504,0.8580736889451135,0.26250515801618857
2.2311321663473476,0.6715169587435716,2.155369668568424,5.058018793659343,0.19260741741933513,31.0,5489.311396451051,26225.235461602548,1.1593630550394747,0.920183700407107,0.0202553903212892,0.35420613037245763,0.4262744288424374,0.5125512328881457,0.005924962579313187,0.9527624296140642,0.22857494347360952
2.1326988532687072,0.46098716652921456,1.8451984063862326,4.4388844261841545,0.18498908005199005,32.0,5272.188781481716,26205.14579339686,1.0167890316281911,0.9194787997683108,0.19441003362285403,0.9967616318993665,0.0489555843620737,0.7607703231865729,0.09372696264078312,1.0007112288852105,0.26006654762555836
2.429016450161149,0.5030802350642427,1.544498025815106,4.476594711040498,0.20664653463436783,28.0,5889.426237079483,26723.75310026133,1.0196137569426678,0.9376755473775905,0.23944801712517005,0.6261429401499478,0.08354919921717785,0.015969956785062356,0.017492787392525966,1.0129153555410317,0.370874142048228
1.5996254708094286,0.7685295177492576,1.7541228880138413,4.122277876572527,0.133452124673614,39.0,3803.385553197999,24503.964514264368,1.1374061116157053,0.8597882285706796,0.13420442864972792,0.9930969409824651,0.39815605413436816,0.017697061470412834,0.01854550394898874,0.9748662520195615,0.2734549387285785
2.3518809765172377,0.20388813278825324,1.3985389959444905,3.9543081052499813,0.2012294880016912,29.0,5735.0404080481985,26623.606227001776,1.050556525735687,0.9341616220000623,0.021959635263629762,0.9749761330303357,0.052109752927066655,0.024863268006077077,0.03749026515206805,1.003597917228736,0.3194769169427092
2.754828480989922,0.5034101270540523,2.2898623644818916,5.548100972525866,0.2278016735615765,26.0,6492.34769650493,26950.749529580717,1.019805613057431,0.9456403343712532,0.03891311021150484,0.13104346653577326,0.2612978941301207,0.8891750842498088,0.036275087823683216,0.9742259534047482,0.26062739358751674
2.4259984158805277,0.39630082874173467,1.1523624813014341,3.9746617259236965,0.20724174338353646,29.0,5906.389686430789,26662.513765759828,1.0413996840661228,0.9355267987985905,0.19084584640365654,0.9894835158088705,0.012099421845420955,0.019090840635461348,0.09365292478497333,0.9744884975235739,0.2328492042353112
1.9163391466343174,0.4364692994309882,1.6183076448925076,3.971116090957813,0.16452639185742354,33.0,4689.002167936571,25839.083209615448,1.0938643126995267,0.9066344985829982,0.28310153500995505,0.9905791962938604,0.04735120340845461,0.019036942460145756,0.04117047965417564,0.9879660134189028,0.44895989888507426
1.9466315017117606,0.24254438484162527,1.8209967163819947,4.010172602935381,0.16655199921945132,32.0,4746.731977754363,26001.603055436004,1.0661260600633042,0.912336949313544,0.17597206543785415,0.9752034215216495,0.011150155587178134,0.044563420306160784,0.02492354301150196,0.9841682314170941,0.5737323380071855
2.6810386924558096,0.22841570881528298,1.3190244154549977,4.22847881672609,0.22254017749807872,27.0,6342.395058695243,26977.85391248593,1.1159510998905673,0.9465913653503836,0.10243930154392289,0.7818628304610709,0.021911627310054527,0.015438563658567495,0.04655448315313915,0.9652145937502443,0.29989926203029604
1.01529478237915,1.7862551147688963,2.1583070830450497,4.959856980193096,0.06594244044691353,57.0,1879.3595527370353,19675.890352296497,1.0161095289008306,0.6903821176244385,0.14995036474803547,0.9490429245359947,0.9016700205249437,0.014605893627758937,0.040248394347904115,1.0254128663172046,0.1845126990367696
2.1178095777948434,0.2646697846780821,1.6311159914655753,4.0135953539385,0.18279223825134444,31.0,5209.578790163317,26270.83130134767,1.0606062935261866,0.9217835544332516,0.163403253145679,0.9930309013272713,0.044077606937722114,0.18289001709494568,0.017575060562909972,0.9896918826527501,0.3836455559852654
0.896328187458741,1.273295464975364,2.324545210177983,4.494168862612089,0.05035866651078379,59.0,1435.221995557338,18298.796553910906,1.0224268479437577,0.6420630369793301,0.004450776962085512,0.9078048302003032,0.803485832846437,0.011654965271553297,0.03180796937181146,0.9513883963690306,0.38006281365626116
1.5213651289593502,0.8729817086203548,2.0815055157577302,4.4758523533374355,0.12366358516636505,39.0,3524.412177241404,24284.29400140903,1.0597381169824964,0.8520804912775098,0.008052663581723907,0.7363700658399834,0.3684645807193936,0.002649686685899988,0.1561160869797703,0.991809788397688,0.47717734189154015
3.3955312840282335,0.07093229763276765,1.3205380898012247,4.787001671462226,0.2589153049926614,23.0,7379.08619229085,27452.955182663252,1.1071145999710108,0.9632615853566053,0.05521106355896166,0.44263353873567923,0.008432623772750336,0.03636866404758893,0.0015361492073402427,0.8993364829240511,0.29703458615702427
2.456417414947347,0.21920088455419565,1.267889317315915,3.943507616817458,0.20848265362117552,29.0,5941.755628203502,26706.72969126679,1.156333417632099,0.9370782347812909,0.06320365770999214,0.994591484559748,0.06237694240663333,0.012521355946042867,0.031215906617126754,0.9638294300221757,0.2507346866066742
2.091710111357916,0.29073030098729213,1.741534848555436,4.123975260900645,0.17995972460306184,31.0,5128.852151187262,26213.118474641386,1.1164625219491175,0.9197585429698731,0.22806948414228623,0.9951937315664142,0.023307463364158565,0.3502848480805819,0.01384981089938403,0.9952928871550795,0.3870138960758096
2.599653413184172,0.42755673275842665,1.0193464770365916,4.046556622979191,0.21845765605233694,28.0,6226.043197491603,26817.94792822475,1.058336215016718,0.9409806290605175,0.29325095195256,0.9935210867739428,0.004319886701619813,0.0592735972599977,0.04831802197747881,1.00389873834981,0.16191435693375755
1.5631663108052751,0.8285727898061164,2.1456844565880484,4.53742355719944,0.12777449172772098,39.0,3641.5730142400485,24487.69251302379,1.1439255721747577,0.8592172811587295,0.024504133815468343,0.87732972465786,0.22598780949277486,0.40591360717021585,0.2325434708757429,0.9972202507310364,0.4473922437161617
2.24955620359525,1.6583749518243711,1.3641272855072633,5.272058440926885,0.19393224078335877,30.0,5527.068862325725,26417.064927001302,1.0569918923475101,0.9269145588421509,0.4059056409831756,0.7943050325892557,0.06853736092172835,0.006505991495051544,0.0008395644559315851,1.1434980175683425,0.30020235228738024
1.6235852227366656,1.184991897163767,2.0801416488775777,4.88871876877801,0.13540140155904268,38.0,3858.939944432716,24665.235733525667,1.142329117168815,0.8654468678430058,0.018881975206030466,0.6473832608816183,0.47374570364730173,0.004158259985554913,0.010705006367213887,1.0542601692190445,0.38204181168324425
1.1734675691867573,1.9997468474106137,1.9457238100936227,5.118938226690994,0.08321496823953983,49.0,2371.626594826885,21514.268026573787,1.113039588063537,0.7548865974236416,0.04925042883257924,0.6728851642692787,0.5015537184319745,0.08461458262250299,0.5990829204650363,0.9576692376768081,0.3183686939793766
1.6411680758229423,1.0920321933338393,1.6198534799741564,4.353053749130938,0.13887866374045152,39.0,3958.0419166028682,24599.513461657738,1.1174566299219109,0.863140823216061,0.23812100728957797,0.9893379009297989,0.39532913632728084,0.03228054729660135,0.05790912631433964,1.0181374036155826,0.20437192389113967
0.7370609241274662,2.330133795206098,1.7477560722339054,4.814950791567469,0.03442107175174971,65.0,981.0005449248667,15833.771518349942,1.0211681456746817,0.555570930468419,0.5572962947690641,0.9592120575212932,0.07334474405519575,0.6357377394240328,0.8314101921771202,0.9940941784638699,0.4466827412997123
2.0107961994302554,0.41418842916093956,1.588970367876941,4.013954996468136,0.17335598763998364,32.0,4940.645647739534,26044.269644614847,1.0947096944805599,0.9138340226180648,0.20349276192597643,0.992789489975684,0.05542229950471489,0.06787869354529408,0.04274574958251065,1.0052588398516087,0.4033113221977809
1.302863365710958,1.2141541309027866,2.9176291947183226,5.434646691332068,0.09828932885585664,44.0,2801.2458723919144,22704.770704188937,1.1177961278619546,0.7966586211996118,0.0073470015013242795,0.34407499578551737,0.7294371336517974,0.6170025050917735,0.05632571446188317,0.8643535908800555,0.4015666453063824
1.7418376771638517,1.062580537689044,2.410497413899436,5.2149156287523315,0.1485379325119831,35.0,4233.3310765915185,25061.576504427976,1.1293503850506021,0.8793535615588763,0.06353371356189685,0.005790086138599659,0.6351649480101675,0.005833948846283854,0.023149701055947935,0.9553029555696702,0.4181702574914894
2.476496347569157,0.1449464685681304,1.339279859908483,3.9607226760457706,0.21010684332824198,28.0,5988.045034854897,26802.452693109655,1.0141228834105298,0.9404369366003388,0.10413816983868768,0.9341728250873206,0.003172302146525696,0.006856038500491324,0.01802492275482709,0.9916626845786805,0.33196410854668645
2.294973336535271,0.17705408381463214,1.4864718514263355,3.9584992717762386,0.19602424700549023,29.0,5586.691039656472,26574.586777746357,1.0872207861288667,0.9324416413244336,0.05803158857697793,0.9687123933063148,0.04183163347339541,0.007794134441312828,0.028137522513780544,0.9062116125667439,0.37743765473311175
1.5051134174770764,2.0514136409853423,1.0592304486253472,4.615757507087766,0.12379751609655767,42.0,3528.2292087518936,23908.35678736054,1.1151889924261422,0.8388897118372118,0.18080493209010634,0.9742289491594165,0.03593959549086678,0.005824296048908328,0.7566168367653135,1.0379332052660386,0.2143133904293144
2.0935205460138677,0.44771889740118787,1.4113439913357584,3.952583434750814,0.18109280159737096,32.0,5161.144845525072,26179.26982161214,1.0073434739944078,0.9185708709337592,0.25859027367980375,0.9913173544111569,0.07868828048828103,0.0008628364426445101,0.015715967476585768,1.0049580335044739,0.32332590093622127
1.9427453246980644,1.0049327435543907,2.208844759742239,5.156522827994694,0.1689386788381895,33.0,4814.752346888401,25615.300996079724,1.0679809008157486,0.8987824910905167,0.05588941539407388,0.03884110673741803,0.5939558587278135,0.05906089753676602,0.02905477003429824,0.9713829968506293,0.31735432006250885
1.5947653263741681,1.5477431725110624,1.2752285740080875,4.417737072893318,0.13334901730268908,39.0,3800.446993126639,24477.21172272409,1.0838796644867792,0.8588495341306698,0.20372881930468945,0.8911760555860434,0.010629623127974552,0.10314036514218672,0.6640349592572057,0.9759909606406123,0.2912498385564355
1.1124539615502513,1.1651988614575255,2.161838969765042,4.439491792772818,0.07495518956197234,51.0,2136.2229025162114,21024.507646203307,1.0369586847476975,0.7377020226738003,0.2051515949201147,0.970623534840996,0.6066087412756755,0.07507316826797672,0.025067077311948682,0.8431616537795839,0.36688766461274547
2.2303006879309644,0.2749254528548553,1.430236373523599,3.935462514309419,0.19144779345687793,30.0,5456.262113521021,26417.21617489477,1.1090698476904277,0.9269198657857813,0.07348523892475112,0.9911909941469362,0.10039154062002964,0.0014482673731250895,0.025426451500029867,0.9320842717372102,0.3102839685398475
2.2323377635285473,0.4725925391646953,1.2829958631433263,3.987926165836569,0.19159983468997815,31.0,5460.595288664377,26388.733553437556,1.1401195812486464,0.9259204755592125,0.12848459114098204,0.9958261986800004,0.02717014224324288,0.023246782447975955,0.15167636732942447,0.9853931469901378,0.2833530833012361
2.1315342918910147,0.6317009551650555,1.2689699215870287,4.032205168643099,0.18476049092604244,32.0,5265.673991392209,26208.118106873928,1.0030008206075334,0.9195830914692606,0.41116434479608777,0.9745502196671392,0.03720671570195061,0.03876383862782795,0.08236326840802094,0.9254679484243624,0.2693842811855909
2.9456197591043236,0.22064770598428335,1.4290249263335126,4.59529239142212,0.23713334001253808,25.0,6758.300190357335,27200.256563222156,1.1128294198397546,0.954394967130602,0.1253448506700272,0.49279011458319644,0.03842446064415428,0.0071319089576353245,0.01883308217401236,0.9714344706029676,0.3415435902160189
2.611183565019491,0.8036137086206772,1.2186600925012472,4.633457366141415,0.21838037483405753,28.0,6223.840682770639,26874.03455953835,1.0866255981333082,0.9429485810364334,0.13691010916809598,0.8197561686687331,0.030370717892247656,0.016557457832388545,0.07929896013559262,1.057818700292878,0.2479698662960681
2.137133488566833,0.30651794728813364,1.4899298657738413,3.9335813016288084,0.18463146413254916,31.0,5261.996727777651,26290.408906501536,1.0542606286390779,0.9224704879474224,0.19122319572861796,0.9923072097614508,0.06928758806567331,0.02585423992556668,0.005681684730502845,0.943754247914492,0.35658407169772666
0.7410118045093961,1.935154621388661,2.2205387816436875,4.8967052075417445,0.035035714154468364,65.0,998.5178534023484,15867.192643225806,1.0955101485014063,0.556743601516695,0.2190627320077453,0.988143794777,0.7745300692005971,0.0016168134700708103,0.03614915023568016,1.0602498106385825,0.40298735268684016
2.652912380993075,0.23632461723344622,2.021516031257338,4.9107530294838595,0.22075370968476557,27.0,6291.480726015819,26944.351142042946,1.1385571560300878,0.9454158295453665,0.1376366775019639,0.6783056941392276,0.018616562548614213,0.8742125473601112,0.0353815479542805,0.9972705406107081,0.3094844873910221
1.532718424737869,1.074449203308252,1.987178870991557,4.594346499037678,0.12714021136579504,41.0,3623.4960239251586,24050.0436653544,1.0843128830330728,0.8438611812405052,0.010479091309438693,0.7029189832624207,0.6261821807244007,0.009530558054293259,0.06234842045610611,0.9759546786632818,0.23099411057331132
1.2165416035245622,1.1481506521686597,1.9821086079033194,4.346800863596542,0.08804752688156714,48.0,2509.3545161246634,22015.65335722459,1.0451823228630326,0.7724790651657751,0.13659490281353953,0.9732237316347996,0.5397820765079463,0.002304449992446611,0.10094131729660039,0.9663010492062214,0.334861399594617
2.1212617874445097,0.3509388137729013,1.8788947288198745,4.351095330037285,0.18266286603256193,31.0,5205.891681928015,26228.852167145622,1.1230314602219802,0.9203106023559867,0.13133785518020402,0.9913931852139876,0.031493944598986245,0.6430155880610257,0.08618002084710896,0.9860428363574292,0.3318175363348512
2.3217815596049176,0.24073568157312542,1.377728164534886,3.940245405712929,0.19822983194915597,29.0,5649.550210550945,26587.012995353656,1.088926600999957,0.9328776489597774,0.13707707684128367,0.9924963036038004,0.018535756940632586,0.024829466073042594,0.018721885512318515,1.004801399787032,0.33354500845006285
2.496246135417592,1.0930546710273596,1.475341639029585,5.0646424454745365,0.21086186209421917,28.0,6009.563069685247,26685.808679920166,1.1153095776199862,0.9363441642077251,0.1517805912416616,0.20914068920399753,0.09108554903261412,0.03920961568957315,0.4023228781183884,0.9970544916501745,0.3190159893763287
3.87617107036908,0.07092828485282004,1.4077472638732997,5.3548466190952,0.27720955637157674,21.0,7900.472356589937,27646.52947907357,1.0790997995438125,0.970053665932406,0.06755749169317848,0.0030159103278137867,0.0014462501169357767,0.006203516383086305,0.0006007089921189479,0.9831416228440575,0.35474204967195533
1.2659466545319247,1.027211058725891,1.9737690927943987,4.266926806052214,0.09377623535110714,47.0,2672.6227075065535,22454.804308706553,1.071996384751382,0.7878878704809317,0.2238556668384879,0.9891361794255538,0.5029620662313793,0.026244524231301913,0.024456146270167012,0.9877837671345149,0.34033316130223046
2.3448351973725803,0.21270051208070806,1.602231574556694,4.159767284009982,0.19991154760968768,30.0,5697.479106876099,26583.06876983169,1.1153841093543706,0.9327392550818137,0.11666795919848927,0.9912250591235758,0.03607797387549927,0.40001399705436913,0.020957796034484943,0.9904744326473482,0.28345974445973
2.148413981741328,0.32639841579724305,1.4458747858903265,3.9206871834288974,0.18565909433843694,31.0,5291.284188645453,26307.835415434172,1.0400803764130735,0.9230819444011991,0.19784754047713454,0.9958563681797542,0.05727521423623355,0.013692870140788127,0.021319026982879075,0.9579924396926975,0.34852082262723627
2.370742352683876,0.10886261758099591,1.3961916194477073,3.875796589712579,0.20279043527255924,29.0,5779.527405267939,26674.529911959384,1.0022480252835042,0.9359484179634872,0.026106936941581727,0.9965103287132085,0.034734683234729724,0.012414418806483862,0.0153268278936598,0.9756286666706031,0.3367147918897935
3.143249146074615,1.218077284380005,1.7037186399673154,6.0650450704219345,0.24702357097427036,24.0,7040.1717727667055,27309.171338865624,1.0820318988540092,0.9582165382058114,0.19496018374532992,0.16252286200518462,0.05565770843635842,0.31747192724429074,0.014039536350935244,1.1139439331597834,0.3410782922234725
2.378127327914193,0.6298792756649252,1.3414752513457975,4.349481854924916,0.20333488349643888,29.0,5795.044179648508,26636.889165028173,1.0521625898342537,0.9346276900009886,0.022922629854889742,0.9953695528390142,0.07370901215236547,0.007354963355001964,0.002668180443030743,1.0613820958369282,0.2827442827260862
2.3253750634778325,0.07500107649656573,1.476125606291767,3.8765017462661655,0.19904439592766154,29.0,5672.765283938354,26639.0038709408,1.0221140637910455,0.9347018902084491,0.0016661996938265866,0.9967307589227001,0.021101128232326682,0.010976255607279273,0.02084159222712456,0.9694212662754453,0.3874954723936739
2.604430490169764,0.4919775908796923,1.1522969655364226,4.248705046585879,0.21847313184612122,28.0,6226.484257614455,26852.80870785813,1.155566398069031,0.9422038143108116,0.0011809952091954568,0.9779158893556854,0.008751064051930102,0.05799217154203229,0.1252493062021458,1.0283964233985388,0.2160143672868644
1.9777214555549067,0.588418095378223,1.9064217511990282,4.472561302132158,0.17065792673432578,33.0,4863.750911928285,25929.90799602288,1.0203748404836013,0.9098213331937853,0.31387982377368395,0.8483585752703175,0.1218198416223325,0.4314444180496072,0.007146792418059933,1.009689365541865,0.36970285396954594
2.0443523131138845,0.32218286661307743,1.853279154072673,4.2198143337996346,0.17669787152528968,32.0,5035.889338470756,26088.210749968664,1.0882845325332473,0.9153758157883742,0.15051989467323357,0.9998488685528267,0.08286700731564,0.47444883015133643,0.02368123048319193,0.9594751950309068,0.3510058145761965
0.9678257610134656,1.5669619448601524,2.1039101891102945,4.638697894983912,0.059464519441185,58.0,1694.7388040737724,19155.779928167183,1.0797654028838386,0.6721326290584977,0.22706772279245763,0.9954918148103163,0.7968698422848363,0.008216893520375579,0.0383375431709011,1.0084892965373298,0.2487126627708749
2.336499709744112,0.2884687065785591,1.3383975561739498,3.9633659724966206,0.19945802863867587,29.0,5684.553816202262,26595.341316955997,1.0875819310021682,0.9331698707703858,0.11857213482406181,0.9989243161947292,0.030191561667381017,0.004437947921234975,0.022395740925629348,1.0099772184252709,0.3136105413832988
3.1684649133453524,0.13808796406442642,2.311038002899608,5.617590880309387,0.24678251004963733,23.0,7033.301536414664,27355.11057499429,1.0277380993769956,0.9598284412278698,0.06873822888976966,0.18494356997729633,0.0393455603176881,0.9869889453087849,0.005165697349062304,0.9903765303953556,0.39007651498703133
1.9905615193175517,0.709149763419217,1.650819960631383,4.350531243368152,0.17122679556230488,32.0,4879.963673525689,26014.819365657477,1.1086949922711,0.9128006794967536,0.21429644392667457,0.9964833620480439,0.04271127120267704,0.1003269703691465,0.02250432176508732,1.048222221144794,0.431878354413624
2.58705741086762,0.10247606389634709,1.2179340048095177,3.907467479573485,0.2167959107933412,28.0,6178.683457610225,26889.086284435343,1.109379785347423,0.9434767117345735,0.0630211704054589,0.9975498025189343,0.0016579028871505641,0.0034580525910462567,0.018484019580081168,0.9739000239054352,0.27230306071550014
1.0594452106333843,1.4556933910206147,1.9198804601315107,4.43501906178551,0.06784610169615646,52.0,1933.613898340459,20467.675490617563,1.102147075306974,0.7181640523023707,0.06558934631996188,0.9893541003750189,0.4099038658031122,0.0028542867903691427,0.3876241229979922,0.9994455588686026,0.43844356951286034
2.588604240441128,0.09753554511046444,1.2329665635385658,3.9191063490901583,0.21712484305832247,28.0,6188.05802716219,26878.035364334486,1.125213478370456,0.9430889601520872,0.0031804161623057436,0.9994589533821684,0.022271629980530727,0.021022148710686195,0.030473841988681305,0.9905364224119566,0.2579574919516041
1.8899008369118553,0.6005785322231494,1.5309113465670152,4.021390715702021,0.1627312469563024,34.0,4637.840538254618,25675.670079327683,1.1155228871495144,0.9009007045378135,0.3149369241240899,0.9831844474290157,0.1256535872124872,0.014213806885454927,0.039982647570431684,1.0021494915174332,0.34778941857142787
2.3182477068345047,0.18137908205660894,1.4081397188223708,3.907766507713484,0.19822639760282607,29.0,5649.452331680543,26596.75489322118,1.0701063167487441,0.9332194699375852,0.1111271853731376,0.9812522100042784,0.019157878701929254,0.01181030817011186,0.02075753931528873,0.9938889896558301,0.3536691567979737
2.322141243986933,0.05798069053911775,1.6346711689415558,4.014793103467607,0.198678723028317,29.0,5662.343606307034,26646.045327043554,1.0058334362753505,0.9349489588436335,0.027976698608970785,0.9701454148300684,0.00338609352210939,0.1960097783416198,0.012462425823491441,0.9930297005110007,0.40672959437155765
2.2151509291917573,0.2125575450658346,1.4911917134176575,3.9189001876752494,0.19061241052353944,30.0,5432.453699920874,26468.836299505856,1.0273709924194858,0.9287310982282756,0.1430941168517852,0.9860715661958456,0.018803486775150924,0.008912429450313064,0.020629099025661513,0.9372355718236984,0.40032920011044215
1.9707950449163918,0.1511697489679535,2.4281217749174533,4.550086568801799,0.1691253657876873,32.0,4820.072924949088,26029.117532525477,1.0813059182499545,0.9133023695622975,0.10363631918702915,0.9953507993628962,0.006122142505635919,0.9667601067677543,0.01917510801123523,0.9830197832652354,0.5061176754144601
1.9227406994143523,0.5336909700574408,2.289969289260892,4.746400958732685,0.16582594203463474,33.0,4726.03934798709,25810.126132293062,1.0084352896071018,0.9056184607822128,0.13225575604648815,0.9970869226006218,0.08985747709235947,0.9936379712853952,0.03571985161517299,1.0244011618927584,0.3631700128304347
2.2460933413578514,0.29418638803251784,1.3689252326938823,3.9092049620842517,0.19339350352197274,30.0,5511.714850376223,26460.653225182574,1.0591439789256738,0.9284439728134236,0.22291451861538347,0.9868675865930041,0.04019662467189261,0.008131547752343149,0.005488466204647713,0.9861967201734028,0.3224450284710745
0.7838092357767319,1.3114695511012995,2.266213118023656,4.361491904901688,0.03888021096501541,64.0,1108.0860125029392,16581.596823672462,1.0830466530637062,0.5818104148657004,0.09895529236042427,0.998086129057897,0.7862511658148493,0.009499228979870822,0.016568755009300662,0.9991451774834941,0.400037202335465
1.791500405944974,0.5327954177252551,1.670424766863018,3.9947205905332472,0.15341176033962028,36.0,4372.235169679178,25325.021977075714,1.1078901130757774,0.8885972623535339,0.05056779678305645,0.9930969409824651,0.28889755701179115,0.0016857862041178007,0.024440642712255933,0.9995044040855985,0.3062674291300045
2.2911315131712335,0.27696384145248515,1.9063240460712452,4.4744194006949645,0.19728870404075177,30.0,5622.728065161426,26516.135980855517,1.0032564262459844,0.930390736170369,0.14209021660037585,0.9095312053692621,0.052109752927066655,0.7228014646340961,0.028354497730754658,0.9873039145439244,0.2976186863769641
2.1366064621405787,0.4343815793680432,1.3804420704174973,3.9514301119261193,0.18528699762301634,32.0,5280.679432255965,26209.087558506537,1.00979214417857,0.9196171073160189,0.18516740980570123,0.9966334884201763,0.13816234089805923,0.01841621867409937,0.02098532910762657,0.9742259534047482,0.25792558967199763
2.264643327467483,0.4209220214761632,1.268774262238956,3.954339611182602,0.1948769747712952,30.0,5553.993780981913,26452.69168324848,1.076866676104744,0.9281646204648589,0.19084584640365654,0.9894835158088705,0.028513550335039994,0.009588589803029957,0.09365292478497333,0.9965812008400103,0.28143100474464244
3.9428994376567594,0.21549465135174942,1.1797854294874304,5.338179518495939,0.2793890504252509,21.0,7962.587937119651,27634.89972784119,1.122293173364388,0.9696456044856558,0.07958314652388576,0.14493475973619374,0.0022335350275250465,0.007560104713201621,0.025957748820053195,1.0100807130808087,0.24429940661273886
2.320297731613041,0.5639175652071294,1.0890801010635078,3.9732953978836782,0.19952381891891555,30.0,5686.428839189093,26480.322461631604,1.0775133563314698,0.929134121460758,0.48150479802980634,0.9752034215216495,0.011685479761296802,0.003951801507080355,0.032442273767688934,0.9955974683160063,0.2109784077795025
1.4253401985650973,1.4297703097652543,1.413010659128517,4.268121167458869,0.11332512720979174,42.0,3229.7661254790646,23648.7117352576,1.0239774609618044,0.8297793591318455,0.11221265289968768,0.9996291910216292,0.08401118468421298,0.02152132456700534,0.5957704399196236,0.977151627795696,0.3552206807798193
0.5879069589422486,1.554838311351196,2.3527925592750103,4.495537829568455,0.02315349347167313,73.0,659.8745639426842,13110.616810499563,0.9597468378401229,0.4600216424736689,0.14995036474803547,0.9989609901368454,0.932078028214047,0.006862150012914181,0.0033854521410450755,0.9276760458483175,0.39997314918329163
2.3643208398925517,0.3381769771554194,1.646568566421554,4.349066383469525,0.20047758767865187,29.0,5713.611248841578,26640.90155531235,1.1089244143062893,0.9347684756249948,0.11622035316376467,0.6697552349683592,0.12094038691620423,0.021836134623894166,0.020273021808674185,0.9610103457151553,0.39048730316180436
1.5882672474885262,1.2529833357523195,1.3033489449948918,4.144599528235737,0.1322092132812717,39.0,3767.9625785162434,24545.884529852567,1.0227641959100027,0.8612591063106164,0.004450776962085512,0.9997802739165514,0.009477646447263122,0.0005488089141454378,0.6171580445596696,0.9734931724163043,0.3482269784394756
1.4914243573218544,0.741287431249003,1.876442966168034,4.109154754738892,0.12058446310527896,41.0,3436.6571985004502,24075.5406837174,1.0390505000080086,0.8447558134637685,0.11135843163469505,0.9839903040383445,0.3676146523960586,0.0008625997041162847,0.03925351051011,0.9956152091843147,0.37522787045386785
0.7889709681935652,1.4124174186652767,2.247795525153902,4.449183912012744,0.03992977970616256,64.0,1137.998721625633,16641.24732531049,1.015248754701457,0.5839034149231751,0.101002931848575,0.9980444509648915,0.8360893400361319,0.007661542641406283,0.028640238381251903,0.9864798519149884,0.3470761012974348
2.121965345855462,0.3084484197389917,1.5094669583078344,3.939880723902288,0.183149023096628,31.0,5219.747158253898,26285.080649994536,1.0397092395927006,0.9222835315787556,0.10688670101700337,0.9945592349396448,0.04379248042269379,0.012521355946042867,0.05344522161701015,1.003622819356741,0.3916254117160003
2.4600325359912505,0.1406185379605807,1.415692605023815,4.016343678975646,0.20817911977125939,29.0,5933.104913480893,26741.84248689333,1.109377181298363,0.9383102626980115,0.0713744886962403,0.9980376362777805,0.020300193021468738,0.20182342776481044,0.01939687986606864,0.9978429749306721,0.27942643304048076
0.8413541537182196,1.534054182824203,2.209455295161267,4.58486363170369,0.045422957933727824,62.0,1294.554301111243,17419.638747642857,1.0688246964547172,0.6112153946541353,0.29325095195256,0.9993671389548374,0.8207634639449258,0.0592735972599977,0.004829017477127107,0.9789354809801687,0.298577856417098
1.4678199006992594,1.6328957663502834,1.744796444788459,4.845512111838001,0.11812101604936988,40.0,3366.4489574070417,23887.750025653248,1.0177318839240455,0.8381666675667806,0.1561309163308267,0.6189318387488845,0.24401814240524056,0.01221109589236219,0.555368818205798,0.9943807024190998,0.4012680247142777
2.414250987113759,0.07469376893301352,1.3885139625099034,3.8774587185566762,0.20419560692088806,28.0,5819.57479724531,26735.15991303826,1.0908786597059963,0.9380757864223951,0.05749917154961959,0.9941548793584294,0.00259298628676502,0.007976626235428719,0.006652558976623202,0.9919981996548568,0.3552040776862766
2.400313312234959,0.18343118048771995,1.3896396756033624,3.9733841683260414,0.20378609488038135,29.0,5807.903704090869,26691.53386880507,1.1409830724762207,0.936545048028248,0.018881975206030466,0.9821248080386715,0.03659759778896676,0.0023181445467639894,0.017705459700234516,1.0092802361497213,0.33204381019429263
2.4470863693087708,0.07858056106292158,1.3515580906946139,3.877225021066306,0.20715205514815438,28.0,5903.8335717224,26762.15653535845,1.0710198248274114,0.9390230363283666,0.03472503450732356,0.9988145896455474,0.012605484082928331,0.017187509061013184,0.01247365021560276,0.997786180603756,0.3260574565356018
3.828316000891327,1.209676364913049,1.0589317272440237,6.0969240930484,0.27782738146648667,22.0,7918.08037179487,27580.43159517907,1.0593398236757656,0.9677344419361077,0.18979348715682776,0.2202244566077366,0.005043683475154714,0.014708695291015705,0.012947876427768346,1.123302699960994,0.18746198217665455
3.4356929669122707,0.2997761828776998,1.3618833436519902,5.09735249344196,0.25980673358304696,23.0,7404.491907116838,27466.152216912305,1.0324317365258238,0.9637246391899055,0.22291451861538347,0.1304507338791443,0.007761583147696205,0.008131547752343149,0.032609644770386026,0.9937027148193263,0.3300229058441726
1.055798934942978,1.1953835555737817,2.7652563672781816,5.016438857794942,0.06932517662308288,54.0,1975.767533757862,20288.720022199257,1.01991149773911,0.7118849130596231,0.06599138743163568,0.923353771258985,0.6746985822275462,0.9401300114118339,0.01915485273766593,1.009879323665687,0.2799582645290162
1.016414679373387,1.4705799294104076,2.150427721253401,4.637422330037196,0.0640413512629543,55.0,1825.1785109941975,19869.859149287626,1.0382727824316815,0.6971880403258816,0.02260107557176838,0.9965679858390277,0.7055746368529521,0.008190222643773948,0.02215223344964201,1.043164053957491,0.33307853829770284
0.8984528373229319,1.686688026511074,2.2393176256071445,4.824458489441151,0.05232557651359722,61.0,1491.2789306375207,18192.093300662233,1.0157202796811289,0.638319063181131,0.2273651435968625,0.9473006249655532,0.9362300137393436,0.013227156561266162,0.027488931152598095,0.962421292250319,0.22649180544100034
1.3907647302390262,0.9898466964918583,1.950674660694744,4.331286087425628,0.10926830570181922,43.0,3114.146712501848,23386.285210089634,1.0594255239493566,0.820571410880338,0.056838375077847725,0.9387478254605598,0.47740046528087354,0.015383893470597987,0.06805163473635922,1.0101005442524977,0.3347274552034287
2.1819613618509104,0.21816034437475976,1.5364552930548183,3.9365769992804887,0.18743936915549478,30.0,5342.022020931601,26407.063220699347,1.0863194326330758,0.9265636217789245,0.14357369520758878,0.9839950796378899,0.04183163347339541,0.0034327873469837122,0.005919599478538928,0.9062116125667439,0.40741820350149105
2.2043959526189183,0.35389404679921677,1.3838047348442362,3.9420947342623713,0.18909005114904845,30.0,5389.066457747881,26396.25003702524,1.11493224565628,0.926184211825447,0.2325580967144778,0.9957543458070344,0.019162023092613556,0.011030671087259136,0.028926826681137163,1.004342407760443,0.34374408052927397
2.3996785147599047,0.15443692598553416,1.3466572634956377,3.9007727042410765,0.20388254153789762,29.0,5810.652433830082,26685.87666628754,1.1567040235396173,0.9363465496942996,0.09925381082255219,0.9980343511783719,0.01583412013987362,0.009115193290092138,0.015715967476585768,0.9764754245772844,0.32332590093622127
2.280416744331647,0.2702485075336569,1.3314733788625093,3.8821386307278134,0.1962672971421095,30.0,5593.617968550121,26523.684014694274,1.003069708277253,0.930655579462957,0.20717860489826306,0.9991991708856951,0.02463931648867873,0.005054091085001933,0.013055463951187896,0.9839147699803619,0.31735432006250885
2.272646241082353,0.3525096808864129,1.330238359952594,3.95539428192136,0.19575770246200247,30.0,5579.09452016707,26476.731663993214,1.0511422413710672,0.9290081285611654,0.11275703358320183,0.9914741337686969,0.04853141489670848,0.03010747741487213,0.07881892009634967,1.0011647105956811,0.2889573405211845
3.4672988554243886,1.0356016334040594,1.6160044303963956,6.118904919224844,0.26269613066955727,23.0,7486.839724082382,27456.42572431217,1.0693575035105227,0.9633833587477953,0.06073358422473912,0.2248131272697632,0.03481282890223164,0.4628697548986218,0.04243677845670618,1.10472190611407,0.25765741574184453
2.2362316870774577,0.2148040889536091,1.4366018463928585,3.887637622423925,0.19246783411561583,30.0,5485.333272295051,26486.899268047797,1.0192844729176629,0.9293648865981683,0.13968722144872064,0.9993248060852553,0.01617597633655249,0.016763269703462647,0.025426451500029867,0.9840736559712875,0.3713440954139777
2.3074288247874146,0.21479822258394127,1.3756984216478738,3.8979254690192295,0.1966726324304487,30.0,5605.170024267788,26561.337096109663,1.1170313405389674,0.9319767402143742,0.13667721549259176,0.9950857276153854,0.02717014224324288,0.006132298981156525,0.018682896863242593,0.98962181087493,0.3331957733074393
2.5699304442483153,0.21769490346136616,1.313811257865893,4.101436605575574,0.21500422830151306,27.0,6127.620506593122,26885.239883241968,1.067096738469113,0.9433417502891919,0.04531543126586246,0.8592664700533335,0.005101956919641215,0.0004029448343350617,0.08236326840802094,0.9822482065636091,0.3179245637496928
0.5829707527815406,1.9047192270977984,2.797407691505738,5.285097671385078,0.02393520214710007,75.0,682.153261192352,12940.690905950905,0.9465853341062826,0.45405933003336507,0.2978166824688471,0.9649497776195968,0.9871342118827932,0.7832779489469829,0.06310061340238082,0.9753248011483673,0.25017967254796325
1.240699916303545,0.9382116668265555,2.1092365288078843,4.288148111937985,0.08997533485089365,46.0,2564.297043250469,22350.738684653057,1.0076859121085469,0.7842364450755459,0.18066459011297364,0.9389053962215462,0.4761654373879558,0.009719036435786255,0.0216494603158241,0.9614229557553144,0.4450685028701269
1.8413345551329339,0.8243796433987542,1.765168432590337,4.430882631122025,0.1582947320610701,35.0,4511.3998637404975,25505.15781017751,1.1093967902287052,0.8949178179009653,0.142156490055249,0.9986801791951607,0.005657693719571089,0.6000781052340707,0.3368683063820743,0.9982600367862571,0.3235655213097379
0.8071632866094766,1.8576320613122954,2.2467379182976117,4.911533266219384,0.04242424926074244,64.0,1209.0911039311595,16860.443165601315,1.0771091276223774,0.5915944970386426,0.15152394760504462,0.9983998065085735,0.720920272674883,0.387910027762547,0.3123638523474631,0.982310402895896,0.26776860907708944
1.7668606987226436,0.972925569711024,1.3825320744603018,4.122318342893969,0.1505710101545605,36.0,4291.273789404974,25282.699089875354,1.0968320726250054,0.8871122487675562,0.14342537286523932,0.9903060650936383,0.018616562548614213,0.024873020771959853,0.40078767651143166,0.9954620632909592,0.3567579780329595
2.2177496305133353,0.21263387726618213,1.5401732913545798,3.9705567991340973,0.1908743723858272,30.0,5439.919612996075,26469.103970967702,1.0352629267504352,0.9287404902093931,0.10741884713568084,0.987850722493307,0.03877004348741003,0.053171116100735216,0.02352998244969312,0.87044440575029,0.39182111649027185
2.2039391681363623,0.4109962041487093,1.4162843732535042,4.031219745538576,0.18924054496479278,31.0,5393.355531496594,26363.21227725814,1.1599244346158666,0.9250249921844961,0.1402809310558718,0.9952533750741782,0.07274318193055596,0.02986027054712881,0.03129456346640935,1.012376421658023,0.312114235198548
1.483996318398653,1.1797824776259698,1.617427729051105,4.281206525075728,0.11992131917552273,41.0,3417.757596502398,23963.77737243793,1.145467987733832,0.8408342937697519,0.10158306987706872,0.9913931852139876,0.23865680966537917,0.009702209544386386,0.36010709662541607,0.9697604247470637,0.3373560608826667
1.1762487288607781,1.041199253706776,2.5649301984006985,4.782378180968253,0.08309975458059732,50.0,2368.3430055470235,21629.83977470666,1.0382023238129854,0.7589417464809354,0.24177797102451765,0.9892487327667684,0.5079850077717475,0.8515013133258013,0.018721885512318515,0.976848232776621,0.31726986717020367
2.1093266394153924,0.3566607844364458,1.4692007560140712,3.9351881798659094,0.181989183908258,31.0,5186.6917413853525,26246.35726741061,1.0768872269298289,0.9209248164003723,0.12361615191234326,0.995066400878371,0.02900168095758493,0.009778048755981317,0.09477105554386256,0.9995114624273216,0.3831296624917737
0.7171546215220213,1.4970382210744666,2.3852319114013425,4.59942475399783,0.03299675523471797,67.0,940.4075241894622,15458.26193494616,1.0917789084794915,0.542395155612146,0.24709917818222282,0.9717540161474162,0.7709425090160364,0.2419532654684725,0.04676263968409444,0.9974329208651789,0.39918775344636526
3.031272906445834,0.14718340805853344,1.162719575180837,4.341175889685204,0.24267466198036056,26.0,6916.227866440276,27211.58638500754,1.0270304905067056,0.9547925047371066,0.0753609473945398,0.8086853741723619,0.013225749716441693,0.15618018362406816,0.025991918044665552,0.9877837671345149,0.18180854898079524
0.4389470492007002,1.9270807576042321,2.5383906742496816,4.9044184810546145,0.014315754108452332,80.0,407.9989920908915,10092.230102161288,0.9412513210506076,0.3541133369179399,0.45766128000218764,0.9912250591235758,0.9516692570220497,0.3707651600866335,0.020957796034484943,0.9044888130725037,0.37730469955175217
1.814279298903349,0.7243384908162331,1.5045525569206735,4.043170346640256,0.15488417075790006,35.0,4414.198866600152,25500.28606035771,1.0664301612696627,0.8947468793107969,0.5960895305234865,0.9541896823064253,0.042399597212666174,0.009558516169983766,0.016919975292667866,1.0038512017360515,0.4043268889677396
0.5186060769816926,1.798667769226608,2.6817003840522387,4.998974230260539,0.019149629980927604,77.0,545.7644544564367,11706.896779482267,0.9983601837636484,0.41076830805200937,0.28501899402346376,0.9947112198949191,0.9062638064528065,0.6922263980851457,0.06995512806380377,1.0017928511745409,0.3187781255275688
2.6208818660588373,1.2490735831824238,1.3896981839750642,5.259653633216326,0.2184136962458677,27.0,6224.790343007229,26826.94002443945,1.0816415737298273,0.9412961412084018,0.2179137380792472,0.021458194357637295,0.015064502878623154,0.004584898560949624,0.5042815453926209,0.9653713339420391,0.3453537079132456
3.786477647381552,0.12964151192667245,1.8485614916848618,5.764680650993086,0.2759380086488484,22.0,7864.233246492179,27567.788834849038,1.0682746199018447,0.9672908363104925,0.00418904291663591,0.1797425917870441,0.04044496974969769,0.8687596857292609,0.032392507192745,0.9613280540761793,0.21106936035283486
1.489068233679062,1.8239498005255255,0.991604280899433,4.30462231510402,0.12229226958387727,42.0,3485.3296831405023,23807.559522223106,1.0601263106649772,0.8353529656920388,0.17926182807199253,0.9937747405529791,0.021101128232326682,0.0013089385949747734,0.8065181400525214,0.9694212662754453,0.19716303227632004
1.9420392963069313,0.6182279124749874,1.4523413658152986,4.012608574597217,0.16794680885318658,33.0,4786.484052315817,25811.670631429177,1.0100324722932683,0.9056726537343571,0.19719655714383333,0.9865223651922755,0.11368849528457503,0.006028765100431599,0.1252493062021458,0.9897228931261015,0.321186848928388
2.1743031673988034,0.29679673127662837,1.4557719718042161,3.9268718704796477,0.18614877751323536,31.0,5305.240159127207,26361.597700263275,1.1403796862785205,0.9249683403601149,0.23296108654861958,0.9904030620094121,0.023919629433512335,0.01437802902727725,0.013978100288870143,0.9666220058231998,0.37480377605740145
1.4617394735204934,1.3817323122479896,1.72013055720956,4.563602342978044,0.11834497228784395,42.0,3372.8317102035526,23793.75164814898,1.0251665015706592,0.8348684788824203,0.7592683262496527,0.9905228478316641,0.24457281232951816,0.2938044210995798,0.034497848270544196,1.0233261338703714,0.2756773339417027
1.568782402977925,1.4908308625702535,1.2720383828423438,4.3316516483905225,0.13059098922276088,40.0,3721.8431928486852,24332.121090705426,1.0946626110896553,0.8537586347615939,0.3136878463421129,0.988249614648522,0.05992505655946967,0.08904903858416624,0.5436277156944681,0.984792588411056,0.2613679247278027
2.2876021446977757,0.5469261496217868,1.143056973755689,3.9775852680752513,0.19619827299987816,31.0,5591.650780496528,26433.0849289688,1.1240948076169035,0.9274766641743439,0.4404804924112957,0.9841426330776196,0.030191561667381017,0.004437947921234975,0.022395740925629348,1.00204585410727,0.2223622006107142
2.2099436525318756,0.7762412693361436,1.3766023996038963,4.362787321471915,0.19000384544267762,30.0,5415.109595116312,26330.237707157074,1.11136978389656,0.9238679897248095,0.6348611996237035,0.6641491713942014,0.05979623307833326,0.006427596735495034,0.025842860047470106,0.9940376797867723,0.312445239593929
2.402744252986479,0.13864506447927696,1.9040589303976216,4.445448247863378,0.2053194553711431,29.0,5851.604478077578,26664.781831994933,1.0434612242857217,0.9356063800699976,0.08192979459540428,0.9966559666697145,0.020334992171663957,0.8617641667670052,0.013106390813188373,0.9816267062996813,0.2633216738546027
2.1451394000230186,0.3960585115031513,1.495627634117223,4.036825545643393,0.18348595461120318,31.0,5229.349706419291,26333.585082624042,1.1478840650519522,0.9239854414955804,0.16335937590677985,0.9975498025189343,0.0016579028871505641,8.382333490297711e-05,0.047760488661230116,1.0168364129928982,0.41822638054507877
1.9858959613546294,1.0837567250837838,1.4780133284497876,4.5476660148882,0.17178014374754993,33.0,4895.734096805173,25866.564892423896,1.1355336620815373,0.9075987681552244,0.06445753969177942,0.9893541003750189,0.17304934461676347,0.008836075796107568,0.09351497309892742,1.0715869027836256,0.28508118717037867
1.2203792733167211,1.0788399968030267,2.0271790273737484,4.326398297493496,0.08937912966593634,49.0,2547.3051954791854,21955.86956416447,1.040874051338606,0.7703813882162972,0.0031804161623057436,0.9874393797659095,0.6606602974248365,0.021022148710686195,0.030473841988681305,1.002965181315763,0.2579574919516041
2.600692194879216,0.3978257618499015,1.1542780237591046,4.1527959804882215,0.21828885656786204,28.0,6221.232412184068,26840.54053588276,1.1508395247355734,0.9417733521362371,0.3149369241240899,0.86221859877904,0.02298626172432322,0.02586556237662202,0.024204722569663384,0.9791299965202063,0.21905092168720763
2.1701561788861037,1.0347140592658834,1.3958521577549852,4.600722395906972,0.18622040762178227,31.0,5307.281617220795,26285.8657095205,1.140458472168005,0.9223110775270351,0.04336916408987268,0.752828740484289,0.019157878701929254,0.002303610221908614,0.346624273375696,1.0336699412964656,0.3536691567979737
1.8590445330767138,0.6366803809674709,1.7345684516996251,4.23029336574381,0.15928395806822493,34.0,4539.59280494441,25633.685784530197,1.1288178806814468,0.8994275713870244,0.4827013823085934,0.9701454148300684,0.01714885636970348,0.3377959401068744,0.06412785705216117,0.9655015549466301,0.40313287534987285
2.1104740904794674,0.47692316810364765,1.5008117129716898,4.0882089715548044,0.1821992562705661,31.0,5192.678803711134,26250.82499774652,1.043310839286203,0.921081578868299,0.22418089246350953,0.8913488394767677,0.028930838809131887,0.008912429450313064,0.10467300871322016,0.9902232575493035,0.40032920011044215
2.038323385956975,0.43817706944400225,1.8818035830734356,4.3583040384744125,0.175896079786513,32.0,5013.03827391562,26051.72957518011,1.1249529583848177,0.9140957745677232,0.23921725967303414,0.9907510737340323,0.03823693450314536,0.6346105556175217,0.07080220400812504,0.9919294257241271,0.3343259843317785
2.11606595980822,1.044177405835657,1.8696625482976523,5.029905913941529,0.18355524344359972,32.0,5231.324438142592,26121.116661877815,1.1025118633384914,0.9165304091886952,0.4310487847815667,0.965425949453196,0.04512708078387073,0.8799150282848087,0.03571985161517299,1.0592497870809923,0.22857494347360952
0.9304337345570588,2.0549455520778084,2.6683183291050807,5.653697615739947,0.05495546423913242,58.0,1566.230730815274,18678.563549900537,1.046284499400587,0.6553881947333522,0.534046989390219,0.5013010664921436,0.9537832314011326,0.26619174554131,0.04511185779294513,0.9913841106677563,0.3224450284710745
2.001567397957386,0.43776135823680395,1.5292257403634721,3.968554496557662,0.1732851353302496,33.0,4938.626356912114,25964.438688857077,1.0460621364300842,0.9110329364511255,0.16420590159494514,0.9957722112064181,0.153068836451684,0.019714762346586978,0.021976100982166402,0.9398216463264375,0.3213630643231422
2.303750446546985,0.5528589946335034,1.94692792648039,4.803537367660878,0.19650561906455913,29.0,5600.4101433399355,26499.842541993246,1.1523425879002207,0.9298190365611665,0.11244371377426493,0.2769498080369541,0.28889755701179115,0.021672548368657507,0.0035344726707758345,0.9770167539540031,0.41553327623936376
0.6808263088573193,1.6286180924676383,2.346516600574597,4.655961001899555,0.03097883759383354,69.0,882.8968714242559,14776.099115914538,0.953047176899263,0.5184596181022645,0.021959635263629762,0.9932744327280782,0.9991835492765883,0.024863268006077077,0.0415467980323479,1.0030986921530538,0.2947873232460685
2.2321089272297105,0.4432179502474698,1.3052397000816411,3.9805665775588217,0.19149494197313413,30.0,5457.605846234323,26413.43515053127,1.115426294660007,0.926787198264255,0.31078143681560544,0.9989389368287412,0.019125760094155952,0.01841621867409937,0.015739722316400917,1.0090335535822286,0.30203482990112906
0.7428820914821272,2.0623157338878286,1.883323847919057,4.688521673289014,0.03518553711343326,65.0,1002.7878077328479,15909.853649704535,1.04601313231866,0.5582404789370012,0.19084584640365654,0.9894835158088705,0.47470216629022466,0.12487130073221264,0.5797083190244177,0.9965812008400103,0.4107394007486178
0.8097902856276172,1.464479477149565,2.271773949610021,4.546043712387203,0.04216894485306958,63.0,1201.814928312483,16948.90338676083,1.0338704932455414,0.5946983644477485,0.168012826730437,0.9957288160193679,0.8297007685193477,0.10211497850046836,0.025957748820053195,0.9969386908902533,0.31672624632888713
1.8711820444680651,0.5639175652071294,1.7864863847340162,4.22158599440921,0.1605796965053735,34.0,4576.521350403144,25674.950555214444,1.1048803477353388,0.9008754580776998,0.48150479802980634,0.9977287854127618,0.011685479761296802,0.4271286952467037,0.032442273767688934,0.9780914305803883,0.39722191371352267
3.61018481959637,0.2091993835531373,1.3490217077003237,5.168405910849831,0.2674926097216015,22.0,7623.539377065643,27527.050165393077,1.1109932095896902,0.9658614093120378,0.10243930154392289,0.12709784283589365,0.03439287498888016,0.01309436524389146,0.027585384762947085,0.9833265772303037,0.29989926203029604
2.4140461000913414,0.3794942325704109,2.2788628585223933,5.072403191184145,0.20362417172293842,28.0,5803.288894103745,26748.67145011144,1.1312498799854247,0.9385498754425067,0.009321447624127177,0.5966996947150447,0.07410851110812461,0.6973726265481316,0.017681016767487012,1.0279559980936404,0.47160011835446447
0.7669716514915653,1.6532661190205946,2.3176425003686068,4.737880270880767,0.038906594809730514,66.0,1108.8379520773196,16216.179214182535,0.9772414026791736,0.568988744357282,0.10407410807361689,0.999468338376204,0.979415975678807,0.05927413557806133,0.04003402371438358,0.9610103457151553,0.2516773342953247
1.8232840970523776,0.42198915382764685,2.1873347366848086,4.4326079875648325,0.15687114447935224,35.0,4470.827617661539,25436.18448567069,1.0424185670138408,0.8924977012516031,0.004450776962085512,0.9958515514466496,0.24891662246592372,0.7630659106378992,0.022081721583337877,0.9734931724163043,0.2903037476756234
1.3160412659451148,1.2726848447317285,1.8265537001367398,4.415279810813583,0.09808700649042242,43.0,2795.4796849770387,23027.672438657275,1.0899364702707985,0.8079885066195535,0.9421625144542126,0.8223131981928825,0.14772538926402734,0.002649686685899988,0.05446712319073743,0.9621548325216036,0.5470889306764857
2.3781771740672357,0.22560270206767524,1.3051246057258612,3.9089044818607723,0.2033470871831921,29.0,5795.391984720975,26638.902088809817,1.0510662587565063,0.9346983189056076,0.101002931848575,0.9912616505435426,0.044879528971064286,0.010006702569254622,0.028640238381251903,0.9925091925757157,0.28507983319334684
2.1909752422327182,0.2780126794060545,1.4586582364105596,3.927646158049332,0.18831513813524214,30.0,5366.981436854401,26410.753534026546,1.0821973699271341,0.9266931064570718,0.1642833364329489,0.9945592349396448,0.008102738793840047,0.007949983704141794,0.03629633996420911,1.003622819356741,0.3916254117160003
1.2559536699363198,1.3702746360133096,2.481319095576307,5.107547401525936,0.09321748920253765,46.0,2656.698442272323,22278.557443202688,1.088715922050799,0.7817037699369365,0.11382502691207069,0.36749499107644945,0.8212046775818406,0.0011870684445249857,0.012321296364239065,0.9978429749306721,0.36721635920678963
1.174011624049497,1.2245987340198434,2.3140212854154543,4.712631643484794,0.08287515010754722,49.0,2361.9417780650956,21608.663114130228,1.0062751952698015,0.7581987057589553,0.088886674913633,0.6874807862342249,0.72321793376552,0.013785231892548655,0.025442579228965145,0.9696016192774048,0.36786324697802897
2.075654434468663,0.3584268022599933,1.6038070921889087,4.037888328917565,0.1787737795020564,31.0,5095.052715808607,26221.60234700961,1.0630763424510954,0.9200562227020916,0.1561309163308267,0.944134499673218,0.005058115345851544,0.05069556073930831,0.09735435645519463,0.9943807024190998,0.4550570676711647
1.2347976685844695,1.247955364325271,2.960074402086261,5.442827434996001,0.09061568875254086,47.0,2582.5471294474146,22092.986648337283,1.0819012432869757,0.7751925139767467,0.048175371415362545,0.3717490998175288,0.7826085105974805,0.7099762154586484,0.012933613506843855,0.9998253755170756,0.3552040776862766
1.3948950068643349,0.977523136659427,1.8756829206421914,4.248101064165954,0.10951966988996413,44.0,3121.3105918639776,23379.4889660607,1.1247468208881857,0.8203329461775685,0.27045867239805094,0.9947201315951726,0.43903222823270693,0.06507418306803181,0.024258060956157845,0.9909590285023573,0.30455531971937155
1.007375363896801,1.142542992320945,2.151188111727891,4.301106467945637,0.062045124819628455,55.0,1768.286057359411,19801.53980872318,1.137844041012685,0.6947908704815151,0.1843856358053872,0.998479581887214,0.6300150594846977,0.0032382798026579507,0.006567383644255631,0.997786180603756,0.39781321983495577
3.701231239293411,0.18272549056938853,2.0994412545218086,5.983397984384608,0.27204497073229844,22.0,7753.281665870506,27543.262308691395,1.0754529246114441,0.9664302564453121,0.0418428292279458,0.010013878561174527,0.06459641756779144,0.9999087017263529,0.021994017494877782,0.9866848076275132,0.26103755146333185
0.9316738301689711,1.567478741346937,2.3971717520169706,4.896324323532879,0.05576976541666851,59.0,1589.4383143750526,18661.835503287195,1.026666426315492,0.6548012457293753,0.2867043443736931,0.9950040700618573,0.7909400538473152,0.46221944484260435,0.013302583106902188,1.0084698937485583,0.22672899577009797
1.9171095098654067,0.45650554262917886,1.62618925352532,3.9998043060199056,0.16449242351149782,33.0,4688.034070077688,25861.427013259563,1.0684421319878896,0.907418491693318,0.45257019070196325,0.9756248658891786,0.0010920491794515486,0.06787869354529408,0.0011486390790191314,0.9641464389609506,0.4694638157845601
1.9681761746700974,0.2870660860236301,2.1769767825457254,4.432219043239453,0.1699643470336336,33.0,4843.983890458558,25915.08443066948,1.0793349389273725,0.909301208093666,0.09859013874916889,0.9985552146289193,0.10622441922176329,0.8217608970959809,0.014569659220908138,0.9955553804562607,0.35952750126353994
1.8841232983692904,0.33680174176968214,1.7426296885169474,3.96355472865592,0.16146476909176347,34.0,4601.745919115258,25735.71844641779,1.0339995497030448,0.9030076647865892,0.021609372726616283,0.9948255029355187,0.16168317962073575,0.04217868021343607,0.036333799805981115,0.983137703494763,0.4181702574914894
1.0862280677050873,1.4288740864633582,2.345063683093228,4.860165837261674,0.0731300987161344,52.0,2084.2078134098306,20595.818849749343,1.0213949763235546,0.7226603105175208,0.10413816983868768,0.7124458462349674,0.8804457698762659,0.007192873754857332,0.0020336309051358636,0.9576176479078451,0.28205731187876637
2.124874895732325,0.405774929775097,1.4653838149985445,3.996033640505966,0.18343041271290528,31.0,5227.7667623178,26255.002839618082,1.0830835616206678,0.9212281698111607,0.15339329213458874,0.9945641200856609,0.07053393522895646,0.0034327873469837122,0.028637719908925385,1.0111631618724028,0.35204622623705184
1.1872915034102505,1.8899224534421308,1.2419823410429138,4.319196297895295,0.08438937476160552,49.0,2405.097180705757,21751.78510234724,1.0279534367497094,0.7632205299069207,0.2325580967144778,0.9972175565811771,0.019162023092613556,0.036522730531706904,0.8143106610443663,0.995441366622976,0.3473857450915476
1.7836024291781996,1.0537034505857221,1.6074874613544634,4.444793341118386,0.15364082297177176,36.0,4378.763454695495,25272.139093267713,1.012286460706868,0.886741722570797,0.09925381082255219,0.9980343511783719,0.2977398175233381,0.009115193290092138,0.027303438064839203,1.0566541296685605,0.2690472610143759
3.470544616468659,0.6065884852280637,1.1177494338339098,5.194882535530633,0.26243156851580945,23.0,7479.2997027005695,27420.838311411542,1.1273575357247143,0.9621346775933874,0.3169333875080045,0.26993396912014156,0.02463931648867873,0.02146892879453499,0.0362951319456179,1.0225132323869757,0.19762620111556384
1.450649470325097,0.6734317716633786,1.9968491411073996,4.1209303830958754,0.11402168833964996,40.0,3249.6181176800237,24017.02191487707,1.0958789735921923,0.84270252332902,0.3732500381405376,0.9993300885376835,0.1775289838896164,0.003951724507315679,0.016944128844208206,0.9792837214798893,0.5943971506331502
2.211411511043754,0.550022219703127,1.3749462316550405,4.1363799624019215,0.1895114051076698,31.0,5401.075045568589,26383.339631879535,1.133651271731551,0.9257312151536679,0.22170135696405824,0.9833119245420096,0.04638983142879016,0.01407157163671302,0.025067077311948682,1.0260752451214983,0.31770910389315343
2.225258677619844,0.24889847534119383,1.4650707821406141,3.939227935101652,0.191544167774015,30.0,5459.008781559428,26470.449661896582,1.0249450637148225,0.9287877074349677,0.17378160783630536,0.9687306868235419,0.01617597633655249,0.02593849218763422,0.025426451500029867,0.9840736559712875,0.3820646729761563
1.238237400037603,0.943473318729874,2.048777343225461,4.230488061992938,0.0897787489022526,47.0,2558.694343714199,22259.082748368226,1.138061915395746,0.7810204473111658,0.12588133522768635,0.9958261986800004,0.4896103014834732,0.024590460727479335,0.03529275667493703,1.001573877240888,0.3942348313962709
1.3270796695350882,1.6952232850075508,1.8266240309735151,4.8489269855161545,0.10383490117055412,47.0,2959.2946833607925,22583.695789444606,1.1465225811672732,0.7924103785770037,0.2949002286077327,0.9745502196671392,0.6930385393154641,0.03876383862782795,0.08236326840802094,1.0245048388263225,0.12000108622363825
2.4112269022968515,1.483762557693166,1.0210410807858297,4.916030540775847,0.20648108701416595,30.0,5884.71097990373,26436.010000041344,1.1097505276074555,0.9275792982470648,0.14249502453547447,0.4142133331664509,0.03842446064415428,0.00913698512721095,0.6418154210957301,0.9880690511136776,0.1597712940993361
1.4658721263838823,0.8796599088476258,1.8258298400073012,4.171361875238809,0.11804802841587182,42.0,3364.368809852347,23852.999841311947,1.0960554041016295,0.8369473628530507,0.24177797102451765,0.9892487327667684,0.41225208920066125,0.0018208208293208905,0.009751902011058133,0.9614229557553144,0.31726986717020367
0.9360179116705744,1.3976765882615056,2.5577316205564307,4.891426120488511,0.054282933134105746,56.0,1547.0635943220138,18847.25713207113,1.089942467616549,0.6613072677919695,0.0403380761054814,0.624109906477647,0.8894153689438081,0.00557550631596071,0.011607729370156028,0.9722683450699905,0.4269715897144142
0.764201812752703,1.4200354367331591,2.284770552560539,4.469007802046401,0.037378528587956504,65.0,1065.2880647567604,16241.004018404412,1.07818078132397,0.5698597901194531,0.12416448358913029,0.9827903963201978,0.8409440094911019,0.011416336807040184,0.01722746945368797,0.9663847220403392,0.3700876646068627
1.5632699338946907,1.3569507265023066,2.485591722261785,5.405812382658782,0.12977405837433847,38.0,3698.560663668646,24221.70313471415,1.1156607498328874,0.8498843205162859,0.1376366775019639,0.003394370075323394,0.7741945471419002,0.024873020771959853,0.029011114143746297,0.9506904213177314,0.3567579780329595
3.027645796034841,0.31947771479599935,1.1151802789201772,4.462303789751017,0.2427158169327088,26.0,6917.400782582201,27184.04686993407,1.0301363275499544,0.9538262059625989,0.12326456694156795,0.6659563650962262,0.06910262692134317,0.013129686930759554,0.04627960373620832,0.9735255381593961,0.17444083988652537
1.9427943881908905,1.9566149032542821,1.5595095854482492,5.458918876893422,0.1680496000302438,33.0,4789.413600861948,25721.41916174171,1.0178849274068216,0.9025059354997091,0.723513205659775,0.25204955859789446,0.07274318193055596,0.08458779814541462,0.3783588828759682,1.0459086448683421,0.37373534036032385
2.1831629068229197,0.4038585226122339,1.3895398745581868,3.9765613039933405,0.18886655930279264,31.0,5382.69694012959,26331.712226164153,1.0314904082792058,0.9239197272338299,0.1421993281203744,0.9927331570823856,0.09132340362429708,0.00550431248622496,0.0305117884547339,1.0079563140182433,0.2986558119960687
2.247172362284581,0.20096822804606218,1.6868477447386652,4.134988335069308,0.19351965756208836,30.0,5515.310240519519,26474.656200081066,1.0440578002401506,0.9289353052660023,0.06093713434037473,0.9906416938357798,0.037472139768058854,0.38303925841933717,0.041911442026799584,0.993329835673963,0.33354500845006285
2.674191259615775,0.10882311809992065,1.341392602271465,4.12440697998716,0.22185426175534353,27.0,6322.846460027291,26991.266098318418,1.1080483988908454,0.9470619683620497,0.05609092886558131,0.8336836436693623,0.016568336814993534,0.005223004321835256,0.013939842005924519,0.9772506055001071,0.3186157470108908
2.762834753476109,0.12149946078267318,1.2044976347561527,4.088831849014935,0.2269669194493244,27.0,6468.5572043057455,27052.982461384578,1.0539305587913972,0.9492274547854238,0.09235215890892579,0.8654158490208697,0.00023740141497280431,0.004869596141312993,0.014395599875644094,0.9974329208651789,0.2657393199871416
2.074960328311476,0.5773567734054839,1.3229449236057202,3.9752620253226807,0.1796545619067171,32.0,5120.155014341438,26139.50720812776,1.0405829576299073,0.9171756915132547,0.3867260378281441,0.99890717391552,0.010041781621238699,0.002896562699092997,0.059867659124908934,1.006979093111958,0.3294652018100894
1.8423143650761866,0.6273691022457107,2.213077399448782,4.682760866770679,0.15818721290875895,34.0,4508.33556789963,25593.557034438807,1.0131847406414503,0.8980195450680283,0.30714810995573527,0.9759813849300779,0.08179030782367569,0.8611393949077445,0.016589308482725773,1.0205446141986263,0.38778253308721133
2.1340920149660025,0.3731977398958695,1.4073840674201898,3.914673822282062,0.1843441990835728,31.0,5253.809673881825,26274.04878034265,1.0689797480278935,0.9218964484330755,0.2766134019338785,0.9924945486594383,0.035964189330821905,0.004827468314657635,0.021319026982879075,0.9882213102658048,0.34852082262723627
2.2341535641376518,0.27204017449583284,1.3878537446292434,3.894047483262728,0.19230441013986652,30.0,5480.675688986195,26451.252732409295,1.0645220367609025,0.9281141309617297,0.18928449385641866,0.9965103287132085,0.034734683234729724,0.005868982715756033,0.0153268278936598,0.9901537221135481,0.3367147918897935
1.3586892184314079,1.1263105842051178,1.9424029541939198,4.427402756830445,0.10522704147794525,44.0,2998.9706821214395,23135.224178460434,1.1254210309637886,0.8117622518758048,0.22641246836766382,0.999125979200772,0.45714119312301005,0.10711226452425116,0.01843244951129014,1.0221651783912948,0.3120734871034134
1.3901342752908545,2.8703440638188504,1.984311510404393,6.244789849514097,0.11057354294749756,43.0,3151.3459740036806,23206.733850960325,1.03990299039125,0.8142713631915903,0.6462791613051131,0.3993598573628342,0.0731176139150751,0.946426380534576,0.8291539927125571,1.0570100620270013,0.2827442827260862
2.2166753257194203,0.5697426980211675,1.4500993003169933,4.236517324057581,0.19059952887882328,30.0,5432.086573046464,26366.90465052982,1.1024989806315117,0.9251545491413973,0.26582278748912713,0.79323349395026,0.1005646176670838,0.0066863360266354865,0.07653649201570734,0.9694212662754453,0.31830251250427644
2.000216173376389,0.8493579899961003,1.5672982703785472,4.4168724337510366,0.17235476108388403,32.0,4912.110690890695,25930.10481207987,1.1398603815411745,0.9098282390203463,0.041133343609692286,0.7492009825688252,0.11368849528457503,0.02723433578446982,0.3188459517297727,0.9544017861546992,0.36440020158575415
0.9059885445289252,1.4084563643357468,2.761700480442572,5.076145389307245,0.053137754717366974,61.0,1514.4260094449587,18303.978796013336,1.0061808800379306,0.6422448700355556,0.16181459398739834,0.9925316129541959,0.7906703912998517,0.9549292492210275,0.030318091699285454,0.9666220058231998,0.21834207886273216
1.4144480020263541,0.8990093910780552,1.8853734198918826,4.198830812996292,0.11249506853804297,43.0,3206.109453334225,23544.73331485257,1.0039516683204042,0.8261309935035989,0.18516740980570123,0.9993655558846425,0.44075852924064884,0.05628539093643903,0.02635209370569036,0.9770418108795076,0.3112186356945674
2.189125392504484,0.2718408608692927,1.5837883955239942,4.04475464889777,0.18784874603903087,30.0,5353.68926211238,26408.364781804332,1.1025048464711273,0.9266092905896257,0.14965570057318817,0.9796606413702847,0.05992505655946967,0.07827353821924876,0.01614878772845002,0.780540954924946,0.38684879089939805
2.550178036760986,0.21076047547937987,1.2009307892694339,3.9618693015098,0.21529700105846722,28.0,6135.964530166316,26817.57755897429,1.0435538468415833,0.9409676336482208,0.12050505381483523,0.9989243161947292,0.030191561667381017,0.06753404526146867,0.02248403958173656,0.9770916779575356,0.22306618243850362
2.408078387966461,0.1493192483938644,1.3356395971726696,3.893037233532995,0.20446762751800687,29.0,5827.327384263196,26696.112464561233,1.1456566397137153,0.9367057005109204,0.12474393274736872,0.9952150808327618,0.013047897366838535,0.010370095422274017,0.0025017347981189375,0.9940376797867723,0.319610533942579
2.1652523310483436,0.29120489077354883,1.4977628115270405,3.954220033348933,0.18563135352329635,31.0,5290.493575413946,26337.087546300245,1.1582076646074273,0.9241083349579033,0.09432959075182701,0.9774627302158824,0.05806416484353166,0.004169663124787781,0.05488952637821215,0.9758219493345288,0.3741457455650439
2.2965290457889873,0.24374017671589623,1.3895463477769812,3.929815570281865,0.1960819760636865,30.0,5588.336317815065,26541.021464553854,1.1350318198602458,0.9312639110369774,0.0630211704054589,0.9975498025189343,0.021381738804054973,0.02968073297359175,0.07432319905217744,0.9930442817253926,0.3348418381355236
1.9406918583526855,1.801238363593082,1.305949999525975,5.047880221471742,0.16900453986682917,35.0,4816.629386204631,25588.57402034506,1.12855422079853,0.8978447024682477,0.17175687390748873,0.9969267676353459,0.25185157662251595,0.00038927242888786573,0.15438227092036605,1.117867447863886,0.1575657493258218
2.8203619164815352,0.3622604394189992,1.4881503423344813,4.670772698235016,0.23045622579889902,26.0,6568.002435268622,27089.774765710652,1.091107857957198,0.9505184128319527,0.29039966340824985,0.5076949065560384,0.022271629980530727,0.18050088534712172,0.01672182320952409,1.0006262105776131,0.316497036021687
2.318845749471066,0.25416194905437306,1.360382302002102,3.9333900005275413,0.1977108708010977,30.0,5634.759817831285,26565.701405310643,1.1176442850092532,0.9321298738705489,0.11131551857968824,0.9976900397593536,0.02298626172432322,0.03798765081497685,0.054183518944100006,0.983898114035711,0.3161881370325368
0.74176571623656,1.4830363848187282,2.4290041431082234,4.653806244163512,0.03463956900946839,65.0,987.2277167698492,15919.71519626673,1.0400250195463123,0.5585864981146221,0.1111271853731376,0.8580109869091701,0.8315466989190131,0.00622640430934801,0.06229457553353546,0.8787276152483836,0.47231780412794766
2.6531965598151594,0.19854985035413833,1.1581167399992238,4.009863150168522,0.22130326469898817,28.0,6307.143043921163,26921.042534893862,1.0825241231085438,0.9445979836804864,0.13921372195152987,0.9701454148300684,0.012567865550147383,0.053758901610382104,0.020242165038693694,0.9655015549466301,0.21854182434345581
2.956810026842239,0.9051041864996424,1.281348359325981,5.1432625726678625,0.23836339024026693,25.0,6793.356621847607,27121.282668000207,1.118281711258993,0.9516239532631652,0.04509369909150024,0.1383180406019272,0.007900321337793892,0.0070125217865168454,0.42408000270072566,0.9722997054578575,0.29267413291830024
1.7705074336226247,0.6820161025091404,1.6351594291473215,4.087682965279086,0.14977263510048205,35.0,4268.5201003637385,25432.20421522222,1.0721509193958392,0.8923580426393761,0.23771682164708313,0.9953507993628962,0.006122142505635919,0.003401107501025291,0.19324433619793435,1.0060784243384668,0.5061176754144601
1.7539425124026276,0.9524886247276892,1.9874572729951097,4.693888410125426,0.15020186163485594,36.0,4280.753056593394,25211.785228605797,1.0201236118777302,0.8846240431089754,0.0202553903212892,0.9471162500705743,0.04501970034878977,0.8365138244004569,0.4323518419416077,0.9527624296140642,0.3175778446794739
2.1690335203261584,0.2933476409718804,1.4757922788473632,3.938173440145402,0.18574236835666666,31.0,5293.657498165,26349.497836889404,1.1438813634841927,0.9245437837505054,0.12661993741967037,0.9807969587012294,0.04019662467189261,0.00033623688050521405,0.05321638327218553,0.9927544143711919,0.37829470865238246
2.6660099846952554,0.1260849140754839,1.345819514737533,4.137914413508272,0.22158902137261474,27.0,6315.28710911952,26962.291947848862,1.1540211072807336,0.9460453315034688,0.03963031118591548,0.8560554214333437,0.027977567743826537,0.061113527267076084,0.022244125636914303,0.9961402646121897,0.2901891981777869
3.240513849029631,0.33947316920420334,1.3274267600005474,4.907413778234382,0.25229081562424116,24.0,7190.288245290873,27346.469289109784,1.0564816595953077,0.9595252382143784,0.14722148114095435,0.2801729619371033,0.059411384483445184,0.0009046604129817615,0.05156730566904061,0.9826177722542022,0.279704912689291
1.9999064810406222,0.2712006683166591,2.2837700575461954,4.554877206903477,0.17209909357584988,32.0,4904.8241669117215,26033.779334652747,1.111829533606716,0.9134659415667631,0.16974913407097214,0.9955085482034339,0.017647335961033905,0.9742567638334633,0.03749026515206805,0.9873039145439244,0.41678369736314913
0.7743820480499256,1.6548591747369807,2.6806970083177304,5.109938231104637,0.03899226758602788,65.0,1111.2796262017946,16365.744820509392,1.0534539241627112,0.5742366603687505,0.3484874072154284,0.9996535954251363,0.7335189466647021,0.864779128963533,0.049049284721742414,1.0134993472601268,0.29666831299247765
1.31662592613162,1.5322925781399162,2.0246037740565397,4.873522278328076,0.1012464158229746,45.0,2885.522850954776,22752.721103722826,1.0069391376463734,0.7983410913586957,0.21772035867717127,0.7484426492596257,0.6194384180906338,0.0020166541719464637,0.09365292478497333,1.024763592844606,0.2809433813939153
1.4411377003458832,1.0681321752562054,1.978618984090585,4.487888859692673,0.1148267559928434,42.0,3272.562545796037,23734.088373690327,1.0578541683476594,0.8327750306558009,0.3485184175742251,0.7783356439987655,0.44328651142822884,0.001191295868411213,0.027341995269818564,0.965948041757736,0.3746190003064225
2.2403296982758722,0.4410148146950681,1.3126238039716314,3.993968316942572,0.19285874377838286,30.0,5496.474197683911,26436.363566586984,1.0717753375043817,0.9275917040907714,0.22279894164569825,0.9545779484056405,0.011685479761296802,0.003951801507080355,0.10034382670371234,0.9906421875433635,0.31738241010107515
3.3644348932889416,0.5192618698403583,1.3347344328964845,5.218431196025785,0.2575375197467536,23.0,7339.819312782477,27407.086172685154,1.1101678547259188,0.9616521464100054,0.31599974081871063,0.11006166318280175,0.032653168230448504,0.0013090864754008447,0.019861899764057944,1.0143198221434824,0.29989926203029604
2.7386467423803578,0.4339154213374602,1.6430511572931716,4.815613321010989,0.223961796586134,26.0,6382.911202704819,27054.382366766684,1.0661971893491309,0.9492765742725152,0.2582006924535044,0.28425599491612863,0.06347862679209837,0.0058554290214701266,0.040248394347904115,0.9875254928723192,0.43377341514779744
0.6311782554229355,2.3204098375077886,1.893275067802608,4.844863160733333,0.026815421240351793,71.0,764.2395053500261,13876.032914339965,1.0479134669950294,0.48687834787157774,0.10412808222241543,0.999468338376204,0.6852288617596246,0.026073073829046334,0.5942192313229682,0.9743144423460681,0.32121783880208543
0.7521873131981608,1.3434064748820573,2.355989587020472,4.4515833751006895,0.0360065359314533,65.0,1026.1862740464192,16055.810003780774,1.1000372254139674,0.5633617545186237,0.004450776962085512,0.9503132803944472,0.8373957678151265,0.034570321143804095,0.03180796937181146,1.0024057634317074,0.40725893730827156
2.4274616521486223,0.0891386062146779,1.5005123541051533,4.017112612468454,0.2051921392432568,29.0,5847.975968432819,26736.70838993748,1.096855845646147,0.9381301189451747,0.06008916403330106,0.9883903417459985,0.0006068289217453504,0.2110818524207423,0.014069599399379407,0.9968321024299516,0.3315368347234262
2.58226638343057,0.16096038790279962,1.1851119315330185,3.9283387028663883,0.2167730829383559,28.0,6178.032863743143,26865.576562168135,1.1403402494846493,0.9426518091988819,0.101002931848575,0.9937167757794634,0.0017846528611472068,0.010006702569254622,0.028640238381251903,0.9925091925757157,0.25386167745056554
1.1539084976869627,2.2195181817182577,2.282987553922272,5.656414233327492,0.08130796838279182,50.0,2317.277098909567,21261.09623154781,1.1353265133628176,0.7460033765455372,0.1642833364329489,0.5558601067543686,0.47640225686492177,0.640018270056992,0.670315729993963,0.9999054999011929,0.2862904655728773
1.6354820080255703,0.590804275707131,1.7919442817262627,4.018230565458964,0.1363391063131093,37.0,3885.664529923615,24910.116979315175,1.0105169336005921,0.8740391922566728,0.3412022539286218,0.9971619539409174,0.15152500615927222,0.003249377658901209,0.011157256269800464,0.9978429749306721,0.48567459086433207
0.23504510924678684,2.9398727443486297,1.6952545692954692,4.870172422890885,0.005629254817891386,87.0,160.4337623099045,5583.605759128598,0.8689636817556057,0.19591599154837186,0.6007212625810804,0.994997393571702,0.5902655996979934,0.010083220142975302,0.7268765411102797,0.9789354809801687,0.448057198258641
2.3025213460217193,0.46156701948199785,1.530413536726353,4.2945019022300706,0.19738349140296427,29.0,5625.429504984481,26573.38398296927,1.0290418240698846,0.9323994379989218,0.33766356901191347,0.7246717204073454,0.0394776457060978,0.01898769779413828,0.032343490955468845,0.9213814782236431,0.39822046405433653
2.051501506823281,0.5862104246625304,1.436858269836645,4.074570201322457,0.17841484192819648,33.0,5084.8229949536,25951.968910123556,1.105855940930005,0.9105954003552125,0.05749917154961959,0.997237961093752,0.2534385631138495,0.007976626235428719,0.028509037515148772,1.0114419166764799,0.20869122925011485
2.3054793971211303,0.3249171001214759,1.3054809698476564,3.935877467090263,0.19720439679308988,30.0,5620.325308603062,26530.999066738194,1.161281534894609,0.9309122479557261,0.24254324763702373,0.9947459229301304,0.011766685337070315,0.018878359890805774,0.03236191223942336,0.9690078972058858,0.30455531971937155
1.9453935185356703,0.41173534355966085,1.5985719192551806,3.9557007813505116,0.16763411280096302,33.0,4777.572214827446,25879.09460998261,1.0805745093101218,0.9080384073678109,0.13447871984117843,0.9952414560904506,0.10768135898014097,0.0032382798026579507,0.05786729262413548,0.983892009449453,0.39781321983495577
0.7896164935333133,1.9772849904387835,2.042467355215168,4.809368839187265,0.04069415278061575,65.0,1159.783354247549,16582.79245979474,1.0847380959197999,0.5818523670103417,0.12012459520737706,0.9940226944310269,0.7739332802440851,0.02953117515790854,0.3481302374326394,0.9795814138757057,0.27459927145959817
2.4381186123443714,0.24528913326047508,2.16698357433552,4.850391319940367,0.20728877470230989,28.0,5907.7300790158315,26747.987167918825,1.0146806171707234,0.9385258655410115,0.1148194951717822,0.6692653781683804,0.06924298124992567,0.8214665747191088,0.013302583106902188,0.9603703794773488,0.37063021799018614
1.28843560919968,1.5324963267727152,2.238523420768293,5.059455356740688,0.0973555733165088,46.0,2774.633839520501,22552.665414668092,1.0446782841591538,0.791321593497126,0.2503562433506835,0.6121050672217766,0.67477380255355,0.06787869354529408,0.03050948242717233,1.0261200518421703,0.32354018738311296
2.195481421384854,0.5074694809108744,1.357425440450105,4.060376342745833,0.19005069557908486,31.0,5416.444824003918,26327.21762626979,1.042248382031455,0.9237620219743786,0.02260107557176838,0.9985552146289193,0.10622441922176329,0.005116913682497726,0.09901923835661486,1.015936662474154,0.2723506082005098
3.9291691746699855,0.427341896020169,0.9121346389003326,5.268645709590487,0.2817899923937413,23.0,8031.014783221627,27544.879606218998,1.1145485327174869,0.9664870037269824,0.2739579097496153,0.2727028929262475,0.08144225446713327,0.026468460063382937,0.01561030228492688,0.9553029555696702,0.07397734100847941
1.2984421850312835,0.6744933354849653,2.6158155564139864,4.588751076930235,0.09695754983614463,45.0,2763.290170330122,22832.5615530071,1.0575419307627467,0.8011425106318281,0.08843012703077158,0.9987879286256566,0.3879972977626146,0.8097013413150849,0.0020336309051358636,0.9845259611404333,0.4333426834858667
3.272649364621667,0.07231486899536832,1.8022164675611698,5.147180701178205,0.254320676727122,24.0,7248.139286722977,27360.821065930206,1.108779956773084,0.9600288093308844,0.03211655450848194,0.5761177455418905,0.018906077019872347,0.8324571090582297,0.005919599478538928,0.9062116125667439,0.21863725023813352
2.2034687587939974,0.3325429104181813,1.4550395877930362,3.991051257005215,0.1895687372724815,30.0,5402.709012265723,26432.468789875693,1.0633196020400406,0.9274550452587963,0.15240838367451637,0.9962979699766547,0.0144468637024327,0.005274732412082872,0.024774721795881083,1.0136143484497817,0.38620554726375644
2.402282932364604,0.2189457844667957,1.3316115141672618,3.9528402309986617,0.20410498927278084,29.0,5816.992194274254,26689.704857207606,1.15485238182649,0.936480872182723,0.07918921209461732,0.9969750707119106,0.00678310523810699,0.007432251031854409,0.06479095725750894,0.8913383045532985,0.32332590093622127
2.236644934878265,0.6155097441539302,1.7571602806549453,4.609314959687141,0.1915875628135332,29.0,5460.245540185696,26473.155599965194,1.0734773153613515,0.9288826526303576,0.6010357574940891,0.5510701317609293,0.006924591289993121,0.2257500989575747,0.00204354986242572,0.9763735607597557,0.4550915556011246
2.1628422335156436,0.3082465381398168,1.4528338794745403,3.9239226511300007,0.1869906951092831,31.0,5329.234810614568,26291.039104981926,1.0751828480894268,0.9224926001748044,0.1085475474459835,0.9958069524790455,0.13134863992703572,0.003951724507315679,0.0013380154016398582,0.9447131766994747,0.3003918254448834
2.2545513006711784,0.29804632796960256,1.356972636724179,3.9095702653649598,0.19411003011894126,30.0,5532.135858389826,26467.27920421929,1.0606880686479676,0.92867646330594,0.22170135696405824,0.9971752230563223,0.04415263426317162,0.016656701907619642,0.005058009805393449,0.9680172821205533,0.3102570715862827
2.0886436353863544,0.5395255715969153,1.4292288223289455,4.057398029312216,0.17936382365396758,31.0,5111.868974138076,26187.697963780985,1.1414684871950542,0.9188665952203855,0.32045012950444796,0.9961509450792994,0.01617597633655249,0.011166421344146582,0.025426451500029867,1.0179948218234474,0.3713440954139777
1.8940178870014592,0.7258917552596457,1.449962136881998,4.069871779143103,0.16287422382080183,34.0,4641.9153788928525,25724.071008864186,1.0483645048307264,0.9025989827671644,0.06901700632397256,0.9958261986800004,0.004329676239831992,0.055715248222361236,0.32519011728796254,0.9761682266126404,0.38306275955495295
1.7932113706432768,1.5546139659104932,1.7340448282633516,5.081870164817122,0.15432301104946966,36.0,4398.205814909886,25217.226967960127,1.1147781223146198,0.8848149813319343,0.41116434479608777,0.6614347226466321,0.03720671570195061,0.6490829687564793,0.5438197737807398,0.9254679484243624,0.2693842811855909
0.8939615588675733,1.6942322571892119,1.981727277533625,4.56992109359041,0.04950259679034276,59.0,1410.8240085247687,18284.88417999069,1.115818731251471,0.6415748835084453,0.06538752302611206,0.978057555383662,0.5105357628252882,0.03240696111807845,0.43152054496258374,0.9776339119827349,0.4244479476580514
2.2643168577460298,0.2030632718122859,1.4345636015262975,3.901943731084613,0.19349251696783623,30.0,5514.5367335833325,26515.13127706946,1.1553269534433366,0.930355483405946,0.12781873101102792,0.9998682065736059,0.01836612031558449,0.0005186736822190285,0.02384768016394062,0.9614229557553144,0.3710647283736055
2.27346864503985,0.242335681604741,1.3989125328930543,3.914716859537645,0.194227722678575,30.0,5535.4900963393875,26520.93596929738,1.1481958476430802,0.9305591568174519,0.1980203992450636,0.983277601014432,0.008433375748225336,0.0019036360324517498,0.015832609368669703,0.9863876169602817,0.36014642502520466
2.384832297847412,0.07005609114192546,1.996840979708721,4.451729368698058,0.20397628070203078,29.0,5813.324000007877,26681.266501297287,1.005911461661214,0.936184789519203,0.02868684208707739,0.9708319334863146,0.017232635284491815,0.8498286505113746,0.007760148064055172,0.9663847220403392,0.31544018301725885
2.11424157325789,0.4121137197277704,1.6149332174052402,4.1412885103909005,0.18310423862699046,32.0,5218.470800869228,26197.428591922904,1.0072707700116894,0.9192080207692247,0.228269408157516,0.9903060650936383,0.0749346356085927,0.34089507166040167,0.03572117907868266,0.9972705406107081,0.2923672251207492
1.7241231702550541,1.2088883451881414,1.7001258244987918,4.633137339941987,0.1477390705256453,37.0,4210.5635099808915,25006.099468720447,1.0324669049572086,0.8774069989024719,0.19440589675433567,0.8619317511952909,0.38662292372043816,0.0008804196210388526,0.015582214517441573,1.0504229542272832,0.2558309436580055
2.170365571986933,0.39681096096019053,1.3972246799715944,3.964401212918718,0.18774325019344557,31.0,5350.682630513199,26314.48409250072,1.0399174257273451,0.9233152313158147,0.06289416581596619,0.9954362873221915,0.07274318193055596,0.018558107122465084,0.10094131729660039,1.0028649234568987,0.31090837598954124
1.0214990744800942,1.6368046556734286,1.8217871690501612,4.480090899203684,0.06460679826734744,55.0,1841.293750619402,19944.91875416773,1.007946555239055,0.6998217106725519,0.8706714465340479,0.9913931852139876,0.4858951192462394,0.007870807063861895,0.01864526513501069,0.999380280088491,0.33285869258554346
2.3620153475485464,0.1726778990170474,1.3362992173082797,3.8709924638738733,0.20213734507605413,29.0,5760.914334667543,26657.46322982846,1.0197817053155345,0.9353495870115249,0.13095598711648948,0.9989114153169638,0.002852093917280585,0.004691051301039362,0.018721885512318515,0.993329835673963,0.33354500845006285
2.3620153398869963,0.17267790901704738,1.3362992176597492,3.870992466563793,0.20213734445791326,29.0,5760.914317050528,26657.46321698334,1.0197817180163584,0.9353495865608189,0.13095599711648948,0.9989114153169638,0.002852093917280585,0.004691051301039362,0.018721885512318515,0.993329835673963,0.33354500845006285
2.3620153361570377,0.1726778990170474,1.3362992178813065,3.8709924530553916,0.20213734414816098,29.0,5760.914308222588,26657.46321196486,1.019781725013298,0.9353495863847319,0.13095598711648948,0.9989114253169639,0.002852093917280585,0.004691051301039362,0.018721885512318515,0.993329835673963,0.33354500845006285
2.362015324227824,0.17267791401704738,1.3362992333738424,3.870992471618714,0.2021373431953546,29.0,5760.914281067606,26657.463190620107,1.019781743890485,0.9353495856357932,0.13095598711648948,0.9989114153169638,0.0028521039172805848,0.004691051301039362,0.018721885512318515,0.993329835673963,0.33354500845006285
2.3620153460452373,0.1726778990170474,1.3362992253796269,3.8709924704419114,0.20213734495429714,29.0,5760.9143311974685,26657.46322736932,1.0197817078549636,0.9353495869252393,0.13095598711648948,0.9989114153169638,0.002852093917280585,0.004691061301039362,0.018721885512318515,0.993329835673963,0.33354500845006285
2.362015335181461,0.17267791901704738,1.3362992178587563,3.8709924720572646,0.20213734408112963,29.0,5760.914306312195,26657.46320869021,1.0197817256058872,0.9353495862698319,0.13095598711648948,0.9989114153169638,0.002852093917280585,0.004691051301039362,0.018721895512318516,0.993329835673963,0.33354500845006285
2.3620153444935674,0.1726778990170474,1.3362992174399246,3.8709924609505393,0.20213734482914703,29.0,5760.91432763069,26657.46322453688,1.0197817099740718,0.9353495868258555,0.13095598711648948,0.9989114153169638,0.002852093917280585,0.004691051301039362,0.018721885512318515,0.9933298456739631,0.33354500845006285
2.3620153286671375,0.1726778990170474,1.3362992380475616,3.8709924657317463,0.20213734353315993,29.0,5760.914290695058,26657.463206735098,1.0197817250524326,0.9353495862012315,0.13095598711648948,0.9989114153169638,0.002852093917280585,0.004691051301039362,0.018721885512318515,0.993329835673963,0.33354501845006285
2.9219992926466647,2.2853058890806466,0.9373149699327891,6.1446201516601,0.23749989025575338,26.0,6768.746872288972,27128.437663685017,1.0157094336419479,0.951875005743334,0.0,1.0,0.0,0.0,0.0,1.2856632361350808,0.14775771169408186
2.9219992835751567,2.2853058990806465,0.9373149702849984,6.144620152940802,0.23749988944026734,26.0,6768.746849047619,27128.437655101658,1.0157094437875245,0.9518750054421634,1e-08,1.0,0.0,0.0,0.0,1.2856632361350808,0.14775771169408186
2.921999306481662,2.2853058890806466,0.9373149693598348,6.144620164922143,0.23749989152459786,26.0,6768.7469084510385,27128.437675692367,1.0157094175424122,0.9518750061646445,0.0,0.99999999,0.0,0.0,0.0,1.2856632361350808,0.14775771169408186
2.9219992635258967,2.2853059040806465,0.9373149860612946,6.144620153667838,0.2374998876411821,26.0,6768.74679777369,27128.437636056187,1.015709466154498,0.9518750047739013,0.0,1.0,1e-08,0.0,0.0,1.2856632361350808,0.14775771169408186
2.9219992907949917,2.2853058890806466,0.937314978005876,6.144620157881514,0.23749989008747882,26.0,6768.746867493146,27128.437661974975,1.0157094357442618,0.9518750056833325,0.0,1.0,0.0,1e-08,0.0,1.2856632361350808,0.14775771169408186
2.9219992775108237,2.2853059090806465,0.9373149705053002,6.14462015709677,0.2374998889012461,26.0,6768.746833685514,27128.4376489249,1.0157094503700332,0.9518750052254351,0.0,1.0,0.0,0.0,1e-08,1.2856632361350808,0.14775771169408186
2.921999288956027,2.285305969080646,0.9373149700798514,6.1446202281165245,0.2374998899303597,26.0,6768.746863015252,27128.437660367006,1.0157094375628644,0.9518750056269125,0.0,1.0,0.0,0.0,0.0,1.2856632461350808,0.14775771169408186
2.921999259796918,2.2853058890806466,0.9373149940869563,6.144620142964521,0.23749988769891336,26.0,6768.746799419031,27128.43764211216,1.0157094567061065,0.9518750049863915,0.0,1.0,0.0,0.0,0.0,1.2856632361350808,0.14775772169408186
2.3693389149124324,0.1694568102181229,1.328915909612551,3.8677116347431064,0.2027240044819189,29.0,5777.634127734689,26666.64310765839,1.0115127814769302,0.9356716879880137,0.1285131680547902,0.9989317214936614,0.002798891696135155,0.00460354564520864,0.018372652309564974,0.9987829472020564,0.33007938034148787
2.369338907238162,0.1694568202181229,1.3289159099646226,3.8677116374209075,0.20272400389506187,29.0,5777.6341110092635,26666.643094902836,1.0115127940250295,0.9356716875404504,0.1285131780547902,0.9989317214936614,0.002798891696135155,0.00460354564520864,0.018372652309564974,0.9987829472020564,0.33007938034148787
2.369338903496761,0.1694568102181229,1.328915910186456,3.8677116239013403,0.2027240036021534,29.0,5777.634102661372,26666.643089916626,1.0115128009465704,0.9356716873654957,0.1285131680547902,0.9989317314936614,0.002798891696135155,0.00460354564520864,0.018372652309564974,0.9987829472020564,0.33007938034148787
2.369338891529137,0.1694568252181229,1.328915925681077,3.867711642428337,0.2027240026943391,29.0,5777.634076788664,26666.643068683552,1.011512819627108,0.9356716866204755,0.1285131680547902,0.9989317214936614,0.002798901696135155,0.00460354564520864,0.018372652309564974,0.9987829472020564,0.33007938034148787
2.3693389134054947,0.1694568102181229,1.3289159176840484,3.8677116413076664,0.20272400436637025,29.0,5777.634124441553,26666.643105214654,1.0115127839876308,0.9356716879022686,0.1285131680547902,0.9989317214936614,0.002798891696135155,0.00460355564520864,0.018372652309564974,0.9987829472020564,0.33007938034148787
2.3693389025169282,0.1694568302181229,1.328915910164385,3.8677116428994363,0.20272400353653205,29.0,5777.634100791163,26666.643086650995,1.0115128015355082,0.9356716872509121,0.1285131680547902,0.9989317214936614,0.002798891696135155,0.00460354564520864,0.018372662309564976,0.9987829472020564,0.33007938034148787
2.3693389118509662,0.1694568102181229,1.3289159097447882,3.8677116318138776,0.20272400424598958,29.0,5777.634121010703,26666.643102407263,1.0115127860841637,0.9356716878037636,0.1285131680547902,0.9989317214936614,0.002798891696135155,0.00460354564520864,0.018372652309564974,0.9987829572020565,0.33007938034148787
2.3693388958698187,0.1694568102181229,1.328915930396153,3.8677116364840947,0.20272400297618529,29.0,5777.63408482128,26666.643084593896,1.0115128011003918,0.9356716871787332,0.1285131680547902,0.9989317214936614,0.002798891696135155,0.00460354564520864,0.018372652309564974,0.9987829472020564,0.33007939034148787
2.6205147245655582,1.2225131384576113,1.1451975740672342,4.988225437090404,0.21908522181716583,28.0,6243.928821789226,26902.413366605284,1.0981306819538432,0.943944328652817,0.0642565840273951,0.9994658607468307,0.0013994458480675776,0.0023017728226043194,0.009186326154782487,1.1422230916685687,0.23891854601778487
2.6205147162660665,1.2225131484576113,1.1451975744317067,4.988225439155384,0.21908522142399708,28.0,6243.928810583917,26902.413356060813,1.0981306942042048,0.9439443282828356,0.0642565940273951,0.9994658607468307,0.0013994458480675776,0.0023017728226043194,0.009186326154782487,1.1422230916685687,0.23891854601778487
2.620514712065243,1.2225131384576113,1.1451975746599037,4.988225425182758,0.21908522123005647,28.0,6243.928805056609,26902.4133518875,1.0981307011824348,0.9439443281364035,0.0642565840273951,0.9994658707468308,0.0013994458480675776,0.0023017728226043194,0.009186326154782487,1.1422230916685687,0.23891854601778487
2.620514698599725,1.2225131534576112,1.145197590204264,4.988225442261601,0.2190852205859653,28.0,6243.928786700011,26902.41333352199,1.0981307202034636,0.9439443274919996,0.0642565840273951,0.9994658607468307,0.0013994558480675775,0.0023017728226043194,0.009186326154782487,1.1422230916685687,0.23891854601778487
2.6205147229034917,1.2225131384576113,1.1451975821420481,4.9882254435031514,0.21908522173906192,28.0,6243.928819563264,26902.413364546122,1.0981306844501537,0.9439443285805657,0.0642565840273951,0.9994658607468307,0.0013994458480675776,0.0023017828226043193,0.009186326154782487,1.1422230916685687,0.23891854601778487
2.6205147109379694,1.2225131584576112,1.1451975746493817,4.9882254440449625,0.21908522117196652,28.0,6243.928803401046,26902.413348869446,1.0981307018473423,0.9439443280305069,0.0642565840273951,0.9994658607468307,0.0013994458480675776,0.0023017728226043194,0.009186336154782487,1.1422230916685687,0.23891854601778487
2.6205147212192372,1.2225132184576109,1.1451975742128306,4.988225513889679,0.21908522164934163,28.0,6243.928817006236,26902.413362368763,1.0981306865721783,0.9439443285041671,0.0642565840273951,0.9994658607468307,0.0013994458480675776,0.0023017728226043194,0.009186326154782487,1.1422231016685687,0.23891854601778487
2.620514699823822,1.2225131384576113,1.1451975963349756,4.9882254346164085,0.21908522038641998,28.0,6243.928781012969,26902.413344288198,1.0981307047937652,0.9439443278697613,0.0642565840273951,0.9994658607468307,0.0013994458480675776,0.0023017728226043194,0.009186326154782487,1.1422230916685687,0.23891855601778486
2.3728022911050877,0.17871902310097196,1.3254388526109968,3.8769601668170566,0.20299406444578127,29.0,5785.330836704767,26670.954300466394,1.0076448380009897,0.9358229579111015,0.1273645081653758,0.9989412698433716,0.002773875001933088,0.00456239882491171,0.018208436228912783,1.0013471037468589,0.32844977622452226
2.3728022834247775,0.17871903310097195,1.325438852963341,3.8769601694890903,0.20299406387365365,29.0,5785.330820399129,26670.95428775278,1.0076448504778515,0.9358229574650098,0.1273645181653758,0.9989412698433716,0.002773875001933088,0.00456239882491171,0.018208436228912783,1.0013471037468589,0.32844977622452226
2.37280227967797,0.17871902310097196,1.3254388531852987,3.876960155964241,0.2029940635886913,29.0,5785.330812277702,26670.954282781735,1.0076448573641776,0.9358229572905872,0.1273645081653758,0.9989412798433717,0.002773875001933088,0.00456239882491171,0.018208436228912783,1.0013471037468589,0.32844977622452226
2.372802267692176,0.17871903810097198,1.3254388686808853,3.876960174474033,0.20299406270211395,29.0,5785.330787010248,26670.954261601113,1.007644875952854,0.9358229565474074,0.1273645081653758,0.9989412698433716,0.002773885001933088,0.00456239882491171,0.018208436228912783,1.0013471037468589,0.32844977622452226
2.3728022895964274,0.17871902310097196,1.3254388606825622,3.8769601733799615,0.20299406433315884,29.0,5785.330833495027,26670.954298029854,1.0076448404982803,0.9358229578256089,0.1273645081653758,0.9989412698433716,0.002773875001933088,0.00456240882491171,0.018208436228912783,1.0013471037468589,0.32844977622452226
2.3728022786961245,0.17871904310097195,1.325438853163453,3.876960174960549,0.20299406352374086,29.0,5785.330810426614,26670.95427952033,1.0076448579513968,0.9358229571761519,0.1273645081653758,0.9989412698433716,0.002773875001933088,0.00456239882491171,0.018208446228912784,1.0013471037468589,0.32844977622452226
2.372802288040554,0.17871910310097147,1.3254388527435084,3.876960243885034,0.20299406421503066,29.0,5785.330830128374,26670.954295234256,1.0076448425842692,0.9358229577275178,0.1273645081653758,0.9989412698433716,0.002773875001933088,0.00456239882491171,0.018208436228912783,1.0013471137468588,0.32844977622452226
2.372802271985967,0.17871902310097196,1.3254388734155798,3.876960168502519,0.2029940629577061,29.0,5785.330794294624,26670.954277415447,1.007644857571397,0.9358229571022963,0.1273645081653758,0.9989412698433716,0.002773875001933088,0.00456239882491171,0.018208436228912783,1.0013471037468589,0.32844978622452226
2.3695650300574784,0.16935775555091237,1.328688616697788,3.8676114023061787,0.2027417799424556,29.0,5778.140728359985,26666.925160647534,1.0112594264045067,0.935681584584124,0.12843804667679748,0.9989323459475963,0.002797255625651106,0.004600854678222493,0.01836191271781911,0.9989506408551646,0.32997280562082665
2.3695650223828113,0.16935776555091236,1.3286886170498775,3.867611404983601,0.20274177935656137,29.0,5778.140711661999,26666.92514789472,1.0112594389479357,0.9356815841366568,0.12843805667679747,0.9989323459475963,0.002797255625651106,0.004600854678222493,0.01836191271781911,0.9989506408551646,0.32997280562082665
2.3695650186410626,0.16935775555091237,1.3286886172717192,3.867611391463694,0.20274177906417243,29.0,5778.140703328914,26666.92514290951,1.0112594458671686,0.9356815839617372,0.12843804667679748,0.9989323559475963,0.002797255625651106,0.004600854678222493,0.01836191271781911,0.9989506408551646,0.32997280562082665
2.3695650066722536,0.16935777055091236,1.3286886327664043,3.86761140998957,0.2027417781577455,29.0,5778.140677495747,26666.92512167988,1.0112594645416848,0.9356815832168379,0.12843804667679748,0.9989323459475963,0.0027972656256511057,0.004600854678222493,0.01836191271781911,0.9989506408551646,0.32997280562082665
2.3695650285504226,0.16935775555091237,1.3286886247692895,3.8676114088706246,0.2027417798270979,29.0,5778.1407250722905,26666.925158204238,1.0112594289143277,0.9356815844983943,0.12843804667679748,0.9989323459475963,0.002797255625651106,0.004600864678222493,0.01836191271781911,0.9989506408551646,0.32997280562082665
2.369565017661096,0.16935777555091236,1.3286886172496637,3.867611410461672,0.2027417789985946,29.0,5778.140701459946,26666.92513964415,1.0112594464559945,0.9356815838471632,0.12843804667679748,0.9989323459475963,0.002797255625651106,0.004600854678222493,0.018361922717819112,0.9989506408551646,0.32997280562082665
2.3695650269958106,0.16935775555091237,1.3286886168300436,3.8676113993767665,0.2027417797068646,29.0,5778.140721645641,26666.925155397646,1.011259431010171,0.9356815843999174,0.12843804667679748,0.9989323459475963,0.002797255625651106,0.004600854678222493,0.01836191271781911,0.9989506508551647,0.32997280562082665
2.369565011009877,0.16935775555091237,1.3286886374827598,3.867611404043549,0.2027417784378733,29.0,5778.1406854793895,26666.925137583952,1.0112594460244924,0.9356815837748755,0.12843804667679748,0.9989323459475963,0.002797255625651106,0.004600854678222493,0.01836191271781911,0.9989506408551646,0.32997281562082664
2.371700380556804,0.17268193525999964,1.3265441051153033,3.870926420932107,0.20290865296494975,29.0,5782.896609501068,26669.58472840681,1.0088725330027364,0.9357749027511162,0.1277295112592592,0.998938235718808,0.002781824413997214,0.004575473815037376,0.018260618235140934,1.0005323063636828,0.32896760621926574
2.371700372878423,0.17268194525999964,1.3265441054675617,3.870926423605984,0.20290865238814076,29.0,5782.896593062012,26669.58471567993,1.0088725455021925,0.9357749023045588,0.12772952125925918,0.998938235718808,0.002781824413997214,0.004575473815037376,0.018260618235140934,1.0005323063636828,0.32896760621926574
2.3717003691333294,0.17268193525999964,1.3265441056894802,3.8709264100828094,0.2029086521006514,29.0,5782.896584868565,26669.584710704017,1.008872552399695,0.9357749021299655,0.1277295112592592,0.9989382457188081,0.002781824413997214,0.004575473815037376,0.018260618235140934,1.0005323063636828,0.32896760621926574
2.3717003571533244,0.17268195025999963,1.3265441211847613,3.870926428598085,0.2029086512073207,29.0,5782.89655940864,26669.58468950679,1.0088725710175168,0.9357749013862032,0.1277295112592592,0.998938235718808,0.002781834413997214,0.004575473815037376,0.018260618235140934,1.0005323063636828,0.32896760621926574
2.371700379048694,0.17268193525999964,1.3265441131868472,3.8709264274955406,0.20290865285139706,29.0,5782.896606264816,26669.58472596801,1.0088725355042805,0.9357749026655442,0.1277295112592592,0.998938235718808,0.002781824413997214,0.004575483815037376,0.018260618235140934,1.0005323063636828,0.32896760621926574
2.371700368152123,0.17268195525999963,1.3265441056675629,3.8709264290796854,0.2029086520354871,29.0,5782.896583011383,26669.584707441278,1.0088725529874598,0.9357749020154834,0.1277295112592592,0.998938235718808,0.002781824413997214,0.004575473815037376,0.018260628235140935,1.0005323063636828,0.32896760621926574
2.3717003774932457,0.17268201525999916,1.326544105247728,3.8709264980009728,0.2029086527325523,29.0,5782.89660287774,26669.58472316864,1.0088725375936165,0.9357749025673207,0.1277295112592592,0.998938235718808,0.002781824413997214,0.004575473815037376,0.018260618235140934,1.0005323163636828,0.32896760621926574
2.371700361462046,0.17268193525999964,1.3265441259132096,3.8709264226352555,0.20290865147125078,29.0,5782.896566930647,26669.584705351597,1.0088725525899829,0.9357749019421613,0.1277295112592592,0.998938235718808,0.002781824413997214,0.004575473815037376,0.018260618235140934,1.0005323063636828,0.32896761621926573
2.3699673073874727,0.16918158768177902,1.3282843424154582,3.86743323748471,0.2027733541590001,29.0,5779.040593531503,26667.426753245993,1.0108089732943806,0.9356991843244208,0.1283044439555929,0.99893345653352,0.0027943458884419105,0.00459606881670574,0.01834281244676162,0.9992488825672129,0.32978326340165526
2.3699672997121017,0.169181597681779,1.3282843427675797,3.8674332401614606,0.20277335357481835,29.0,5779.040576882323,26667.426740498053,1.01080898582951,0.9356991838771247,0.1283044539555929,0.99893345653352,0.0027943458884419105,0.00459606881670574,0.01834281244676162,0.9992488825672129,0.32978326340165526
2.369967295969721,0.16918158768177902,1.328284342989436,3.867433226640936,0.20277335328335272,29.0,5779.040568575552,26667.42673551459,1.0108089927446398,0.9356991837022663,0.1283044439555929,0.99893346653352,0.0027943458884419105,0.00459606881670574,0.01834281244676162,0.9992488825672129,0.32978326340165526
2.369967283998804,0.169181602681779,1.3282843584842332,3.8674332451648166,0.20277335237939384,29.0,5779.040542812724,26667.426714291076,1.0108090114084538,0.9356991829575816,0.1283044439555929,0.99893345653352,0.0027943558884419104,0.00459606881670574,0.01834281244676162,0.9992488825672129,0.32978326340165526
2.369967305880218,0.16918158768177902,1.328284350486968,3.8674332440489647,0.20277335404398256,29.0,5779.040590253503,26667.426750803555,1.0108089758026424,0.9356991842387212,0.1283044439555929,0.99893345653352,0.0027943458884419105,0.00459607881670574,0.01834281244676162,0.9992488825672129,0.32978326340165526
2.3699672949895243,0.169181607681779,1.328284342967406,3.8674332456387095,0.20277335321785295,29.0,5779.040566708809,26667.426732249736,1.0108089933332651,0.9356991835877101,0.1283044439555929,0.99893345653352,0.0027943458884419105,0.00459606881670574,0.018342822446761622,0.9992488825672129,0.32978326340165526
2.369967304325451,0.16918158768177902,1.328284342547746,3.8674332345549756,0.20277335392401105,29.0,5779.040586834315,26667.426747998325,1.010808977897253,0.9356991841402921,0.1283044439555929,0.99893345653352,0.0027943458884419105,0.00459606881670574,0.01834281244676162,0.9992488925672129,0.32978326340165526
2.3699672883309884,0.16918158768177902,1.328284363202866,3.867433239215633,0.20277335265646632,29.0,5779.04055070929,26667.426730183965,1.0108089929081903,0.9356991835152269,0.1283044439555929,0.99893345653352,0.0027943458884419105,0.00459606881670574,0.01834281244676162,0.9992488825672129,0.32978327340165525
2.3711107797809987,0.1694487776662233,1.3271358811734162,3.8676954386206384,0.20286275606537485,29.0,5781.5885478631835,26668.851113091587,1.0095305596784938,0.9357491618628627,0.12792498837601265,0.9989366107958101,0.0027860817153084107,0.00458247611560462,0.018288564267091967,1.000095942272883,0.32924492966127816
2.371110772103636,0.1694487876662233,1.3271358815256278,3.867695441295487,0.20286275548605856,29.0,5781.588531352669,26668.8511003575,1.009530572190071,0.9357491614160527,0.12792499837601265,0.9989366107958101,0.0027860817153084107,0.00458247611560462,0.018288564267091967,1.000095942272883,0.32924492966127816
2.371110768359471,0.1694487776662233,1.3271358817475254,3.86769542777322,0.20286275519721714,29.0,5781.5885231206885,26668.851095379046,1.0095305790935596,0.9357491612413701,0.12792498837601265,0.9989366207958101,0.0027860817153084107,0.00458247611560462,0.018288564267091967,1.000095942272883,0.32924492966127816
2.371110756382555,0.16944879266622329,1.3271358972426426,3.867695446291421,0.20286275430027131,29.0,5781.588497557733,26668.85107417286,1.0095305977270108,0.9357491604972934,0.12792498837601265,0.9989366107958101,0.0027860917153084107,0.00458247611560462,0.018288564267091967,1.000095942272883,0.32924492966127816
2.37111077827318,0.1694487776662233,1.3271358892449487,3.867695445184352,0.20286275595132414,29.0,5781.588544612738,26668.85111065152,1.0095305621823196,0.9357491617772463,0.12792498837601265,0.9989366107958101,0.0027860817153084107,0.00458248611560462,0.018288564267091967,1.000095942272883,0.32924492966127816
2.371110767378612,0.1694487976662233,1.3271358817255703,3.867695446770406,0.2028627551319389,29.0,5781.588521260259,26668.85109211559,1.0095305796816165,0.9357491611268628,0.12792498837601265,0.9989366107958101,0.0027860817153084107,0.00458247611560462,0.01828857426709197,1.000095942272883,0.32924492966127816
2.371110776717964,0.1694488576662228,1.3271358813057943,3.8676955156899813,0.20286275583209618,29.0,5781.588541214741,26668.85110785016,1.0095305642734484,0.9357491616789531,0.12792498837601265,0.9989366107958101,0.0027860817153084107,0.00458247611560462,0.018288564267091967,1.000095952272883,0.32924492966127816
2.371110760699263,0.1694487776662233,1.3271359019677504,3.867695440333237,0.2028627545686687,29.0,5781.588505207058,26668.851090033997,1.0095305792747682,0.9357491610538244,0.12792498837601265,0.9989366107958101,0.0027860817153084107,0.00458247611560462,0.018288564267091967,1.000095942272883,0.32924493966127816
2.3705103435094452,0.16894389651353947,1.3277388103135288,3.8671930503365135,0.20281587532211243,29.0,5780.252446680204,26668.10344414112,1.0102014851539907,0.9357229278646008,0.12812418300880776,0.9989349549705899,0.0027904199805000936,0.004589611583496611,0.01831704176699078,0.9996512795610758,0.32952752714437294
2.3705103358331363,0.16894390651353947,1.3277388106656933,3.867193053012369,0.20281587474024224,29.0,5780.2524300969035,26668.10343139981,1.0102014976779232,0.9357229274175372,0.12812419300880776,0.9989349549705899,0.0027904199805000936,0.004589611583496611,0.01831704176699078,0.9996512795610758,0.32952752714437294
2.3705103320899084,0.16894389651353947,1.3277388108875692,3.867193039491017,0.20281587445002308,29.0,5780.252421825658,26668.103426418726,1.0102015045875208,0.9357229272427623,0.12812418300880776,0.99893496497059,0.0027904199805000936,0.004589611583496611,0.01831704176699078,0.9996512795610758,0.32952752714437294
2.370510320116139,0.16894391151353946,1.3277388263825185,3.8671930580121967,0.20281587354939484,29.0,5780.252396157753,26668.103405203416,1.0102015232369064,0.9357229264983654,0.12812418300880776,0.9989349549705899,0.0027904299805000935,0.004589611583496611,0.01831704176699078,0.9996512795610758,0.32952752714437294
2.3705103420019253,0.16894389651353947,1.3277388183850494,3.867193056900514,0.2028158752075542,29.0,5780.252443415295,26668.103441699826,1.0102014876601426,0.9357229277789413,0.12812418300880776,0.9989349549705899,0.0027904199805000936,0.004589621583496611,0.01831704176699078,0.9996512795610758,0.32952752714437294
2.3705103311093896,0.16894391651353946,1.3277388108655748,3.8671930584885037,0.202815874384628,29.0,5780.252419961898,26668.10342315449,1.0102015051758786,0.9357229271282278,0.12812418300880776,0.9989349549705899,0.0027904199805000936,0.004589611583496611,0.01831705176699078,0.9996512795610758,0.32952752714437294
2.370510340446951,0.16894389651353947,1.3277388104458596,3.8671930474063503,0.20281587508793614,29.0,5780.25244000618,26668.10343889646,1.0102014897530969,0.9357229276805776,0.12812418300880776,0.9989349549705899,0.0027904199805000936,0.004589611583496611,0.01831704176699078,0.9996512895610759,0.32952752714437294
2.370510324440979,0.16894389651353947,1.3277388311042257,3.8671930520587443,0.20281587382234587,29.0,5780.252403936857,26668.10342108124,1.0102015047594641,0.9357229270554821,0.12812418300880776,0.9989349549705899,0.0027904199805000936,0.004589611583496611,0.01831704176699078,0.9996512795610758,0.32952753714437294
2.808337834972166,3.647100669251781,0.9794821263354856,7.434920630559432,0.23109173741725744,27.0,6586.114516391837,27033.166983892082,1.1282692111103505,0.9485321748734064,0.0,1.0,0.0,0.0,0.0,1.4558875836564726,0.16429438525750387
2.808337826244395,3.647100679251781,0.9794821266897176,7.434920632185893,0.23109173684730175,27.0,6586.1145001481,27033.166974521722,1.1282692228809355,0.9485321745446218,1e-08,1.0,0.0,0.0,0.0,1.4558875836564726,0.16429438525750387
2.808337848281788,3.647100669251781,0.9794821257576649,7.434920643291234,0.23109173829405882,27.0,6586.114541380676,27033.16699709028,1.1282691924317736,0.948532175336501,0.0,0.99999999,0.0,0.0,0.0,1.4558875836564726,0.16429438525750387
2.8083378069552336,3.647100684251781,0.9794821424702476,7.434920633677262,0.23109173558831494,27.0,6586.114464266976,27033.166953735054,1.128269248828313,0.948532173815265,0.0,1.0,1e-08,0.0,0.0,1.4558875836564726,0.16429438525750387
2.808337833190442,3.647100669251781,0.9794821344091174,7.4349206368513405,0.23109173730053092,27.0,6586.114513065131,27033.166982022478,1.128269213550559,0.9485321748078063,0.0,1.0,0.0,1e-08,0.0,1.4558875836564726,0.16429438525750387
2.8083378204103604,3.647100689251781,0.9794821269110665,7.4349206365732075,0.23109173646912823,27.0,6586.114489370155,27033.166967826783,1.1282692305226782,0.9485321743097117,0.0,1.0,0.0,0.0,1e-08,1.4558875836564726,0.16429438525750387
2.808337831445628,3.6471007492517806,0.9794821264848699,7.434920707182279,0.23109173718392725,27.0,6586.114509741927,27033.166980344726,1.1282692156941632,0.9485321747489377,0.0,1.0,0.0,0.0,0.0,1.4558875936564726,0.16429438525750387
2.8083378043412925,3.647100669251781,0.9794821501293476,7.434920623722421,0.23109173541519173,27.0,6586.1144593329645,27033.166960860533,1.128269236928156,0.9485321740652819,0.0,1.0,0.0,0.0,0.0,1.4558875836564726,0.16429439525750386
2.37492090197764,0.21677319123247646,1.3226289675894685,3.914323060799585,0.20315836227946565,29.0,5790.0133249647715,26673.247155338096,1.0055411905925566,0.9359034089592314,0.12626103302563568,0.9989504425903509,0.002749842387592794,0.004522870594061617,0.01805067990415974,1.0062857543521415,0.32712474791646695
2.374920894294399,0.21677320123247645,1.3226289679418688,3.914323063468744,0.20315836171549806,29.0,5790.013308891695,26673.247142648554,1.005541203028906,0.9359034085139843,0.12626104302563568,0.9989504425903509,0.002749842387592794,0.004522870594061617,0.01805067990415974,1.0062857543521415,0.32712474791646695
2.3749208905437476,0.21677319123247646,1.3226289681638665,3.9143230499400907,0.2031583614348618,29.0,5790.013300893561,26673.24713768409,1.0055412098967293,0.9359034083397927,0.12626103302563568,0.998950452590351,0.002749842387592794,0.004522870594061617,0.01805067990415974,1.0062857543521415,0.32712474791646695
2.374920878545015,0.21677320623247645,1.3226289836600362,3.914323068437527,0.20315836055980976,29.0,5790.013275954579,26673.247116528542,1.005541228438679,0.9359034075974927,0.12626103302563568,0.9989504425903509,0.002749852387592794,0.004522870594061617,0.01805067990415974,1.0062857543521415,0.32712474791646695
2.3749209004678886,0.21677319123247646,1.3226289756610619,3.914323067361427,0.20315836216844899,29.0,5790.013321800796,26673.247152905307,1.0055411930825506,0.9359034088738705,0.12626103302563568,0.9989504425903509,0.002749842387592794,0.004522880594061617,0.01805067990415974,1.0062857543521415,0.32712474791646695
2.374920889560392,0.21677321123247648,1.322628968142188,3.9143230689350563,0.20315836137025636,29.0,5790.013299052306,26673.247134424873,1.0055412104836998,0.9359034082254342,0.12626103302563568,0.9989504425903509,0.002749842387592794,0.004522870594061617,0.018050689904159742,1.0062857543521415,0.32712474791646695
2.37492089891158,0.21677327123247597,1.3226289677221934,3.9143231378662495,0.20315836205158072,29.0,5790.013318470051,26673.24715011924,1.0055411951636626,0.9359034087761138,0.12626103302563568,0.9989504425903509,0.002749842387592794,0.004522870594061617,0.01805067990415974,1.0062857643521415,0.32712474791646695
2.3749208828002812,0.21677319123247646,1.3226289884108766,3.9143230624436343,0.20315836080007027,29.0,5790.013282802002,26673.24713227642,1.0055412101479813,0.9359034081500499,0.12626103302563568,0.9989504425903509,0.002749842387592794,0.004522870594061617,0.01805067990415974,1.0062857543521415,0.32712475791646695
2.3705823781448028,0.1689036570966591,1.3276551730391395,3.8671412082806014,0.20282152525073763,29.0,5780.413469646022,26668.18764972432,1.0101250394895558,0.9357258824464674,0.12809366611817755,0.9989352086452821,0.0027897553523295363,0.004588518420040349,0.01831267897499363,0.9997599468951157,0.3294881715629282
2.3705823704683757,0.1689036670966591,1.327655173391308,3.867141210956343,0.20282152466916015,29.0,5780.413453071064,26668.187636983857,1.0101250520120524,0.9357258819994336,0.12809367611817754,0.9989352086452821,0.0027897553523295363,0.004588518420040349,0.01831267897499363,0.9997599468951157,0.3294881715629282
2.3705823667250194,0.1689036570966591,1.3276551736131856,3.867141197434864,0.2028215243790972,29.0,5780.4134448042705,26668.18763200302,1.0101250589209658,0.9357258818246674,0.12809366611817755,0.9989352186452821,0.0027897553523295363,0.004588518420040349,0.01831267897499363,0.9997599468951157,0.3294881715629282
2.370582354750848,0.1689036720966591,1.3276551891081554,3.8671412159556624,0.2028215234788876,29.0,5780.413419148296,26668.187610788715,1.0101250775685875,0.9357258810803057,0.12809366611817755,0.9989352086452821,0.0027897653523295362,0.004588518420040349,0.01831267897499363,0.9997599468951157,0.3294881715629282
2.3705823766372434,0.1689036570966591,1.3276551811106612,3.8671412148445636,0.20282152513623714,29.0,5780.413466382758,26668.18764728316,1.0101250419954444,0.9357258823608127,0.12809366611817755,0.9989352086452821,0.0027897553523295363,0.0045885284200403486,0.01831267897499363,0.9997599468951157,0.3294881715629282
2.3705823657444673,0.16890367709665913,1.3276551735911966,3.867141216432323,0.20282152431371586,29.0,5780.413442940902,26668.18762873892,1.010125059509297,0.9357258817101376,0.12809366611817755,0.9989352086452821,0.0027897553523295363,0.004588518420040349,0.01831268897499363,0.9997599468951157,0.3294881715629282
2.370582375082245,0.1689036570966591,1.3276551731714767,3.867141205350381,0.20282152501666398,29.0,5780.413462974923,26668.187644480066,1.0101250440882057,0.9357258822624585,0.12809366611817755,0.9989352086452821,0.0027897553523295363,0.004588518420040349,0.01831267897499363,0.9997599568951158,0.3294881715629282
2.3705823590745516,0.1689036570966591,1.3276551938303376,3.8671412100015483,0.20282152375130247,29.0,5780.4134269121205,26668.18762666438,1.010125059094211,0.9357258816373467,0.12809366611817755,0.9989352086452821,0.0027897553523295363,0.004588518420040349,0.01831267897499363,0.9997599468951157,0.3294881815629282
2.3734430123250156,0.19984460518101335,1.3243386578428367,3.8976262753488657,0.20304438137076616,29.0,5786.764869066836,26671.526327431686,1.0070981671218435,0.9358430290326907,0.1268841282770999,0.9989452630490275,0.002763412795603286,0.0045451908548943855,0.01813975958824326,1.0040669798167527,0.32792831195626376
2.373443004644095,0.19984461518101335,1.3243386581951588,3.897626278020267,0.20304438080080897,29.0,5786.764852823056,26671.526314724804,1.007098179587431,0.9358430285868352,0.1268841382770999,0.9989452630490275,0.002763412795603286,0.0045451908548943855,0.01813975958824326,1.0040669798167527,0.32792831195626376
2.373443000895931,0.19984460518101335,1.3243386584171166,3.897626264494061,0.20304438051696455,29.0,5786.76484473349,26671.52630975481,1.0070981864692072,0.9358430284124494,0.1268841282770999,0.9989452730490276,0.002763412795603286,0.0045451908548943855,0.01813975958824326,1.0040669798167527,0.32792831195626376
2.373442988905562,0.19984462018101334,1.3243386739128795,3.897626282999455,0.2030443796333487,29.0,5786.764819550438,26671.526288579265,1.0070982050470425,0.9358430276694479,0.1268841282770999,0.9989452630490275,0.002763422795603286,0.0045451908548943855,0.01813975958824326,1.0040669798167527,0.32792831195626376
2.3734430108160103,0.19984460518101335,1.3243386659144054,3.897626281911429,0.20304438125856414,29.0,5786.764865869078,26671.526324996044,1.0070981696172343,0.9358430289472296,0.1268841282770999,0.9989452630490275,0.002763412795603286,0.004545200854894385,0.01813975958824326,1.0040669798167527,0.32792831195626376
2.373442999913526,0.19984462518101334,1.3243386583953325,3.897626283489872,0.20304438045209405,29.0,5786.764842884681,26671.526306493903,1.007098187056643,0.9358430282980317,0.1268841282770999,0.9989452630490275,0.002763412795603286,0.0045451908548943855,0.018139769588243263,1.0040669798167527,0.32792831195626376
2.3734430092601446,0.19984468518101287,1.3243386579754302,3.8976263524165877,0.20304438114077453,29.0,5786.764862512074,26671.52632220419,1.007098171702303,0.9358430288492698,0.1268841282770999,0.9989452630490275,0.002763412795603286,0.0045451908548943855,0.01813975958824326,1.0040669898167527,0.32792831195626376
2.3734429931841747,0.19984460518101335,1.3243386786539506,3.897626277019139,0.20304437988453453,29.0,5786.764826709234,26671.5263043706,1.0070981866939932,0.9358430282235298,0.1268841282770999,0.9989452630490275,0.002763412795603286,0.0045451908548943855,0.01813975958824326,1.0040669798167527,0.32792832195626376
2.370629387804996,0.16887739900094353,1.3276005947820986,3.8671073815880384,0.2028252113714798,29.0,5780.518524087174,26668.24259858865,1.0100751571757962,0.9357278104767948,0.12807375242416225,0.9989353741798465,0.002789321651459326,0.00458780507991535,0.018309832049796155,0.9998308573972947,0.329462490211044
2.3706293801284932,0.16887740900094353,1.3276005951342693,3.867107384263706,0.20282521079009358,29.0,5780.518507517667,26668.242585848704,1.0100751696973531,0.9357278100297791,0.12807376242416224,0.9989353741798465,0.002789321651459326,0.00458780507991535,0.018309832049796155,0.9998308573972947,0.329462490211044
2.3706293763850628,0.16887739900094353,1.3276005953561485,3.867107370742155,0.20282521050013316,29.0,5780.518499253795,26668.24258086808,1.0100751766058194,0.9357278098550202,0.12807375242416225,0.9989353841798465,0.002789321651459326,0.00458780507991535,0.018309832049796155,0.9998308573972947,0.329462490211044
2.3706293644106204,0.16887741400094353,1.3276006108511313,3.8671073892626953,0.20282520960019607,29.0,5780.518473605588,26668.242559654405,1.0100751952522924,0.9357278091106809,0.12807375242416225,0.9989353741798465,0.002789331651459326,0.00458780507991535,0.018309832049796155,0.9998308573972947,0.329462490211044
2.3706293862974097,0.16887739900094353,1.327600602853621,3.8671073881519744,0.20282521125701689,29.0,5780.518520824981,26668.242596147575,1.0100751596815118,0.935727810391143,0.12807375242416225,0.9989353741798465,0.002789321651459326,0.00458781507991535,0.018309832049796155,0.9998308573972947,0.329462490211044
2.370629375404474,0.16887741900094355,1.327600595334163,3.86710738973958,0.20282521043475973,29.0,5780.518497390653,26668.24257760401,1.0100751771941385,0.9357278097404916,0.12807375242416225,0.9989353741798465,0.002789321651459326,0.00458780507991535,0.018309842049796157,0.9998308573972947,0.329462490211044
2.3706293847423967,0.16887739900094353,1.3276005949144398,3.86710737865778,0.202825211137473,29.0,5780.518517417981,26668.242593344665,1.010075161774146,0.9357278102927953,0.12807375242416225,0.9989353741798465,0.002789321651459326,0.00458780507991535,0.018309832049796155,0.9998308673972948,0.329462490211044
2.370629368733587,0.16887739900094353,1.3276006155736235,3.867107383308154,0.20282520987226135,29.0,5780.518481359449,26668.2425755287,1.0100751767799165,0.9357278096676737,0.12807375242416225,0.9989353741798465,0.002789321651459326,0.00458780507991535,0.018309832049796155,0.9998308573972947,0.329462500211044
2.372485205566766,0.18885568720043086,1.325448044818558,3.886788937585755,0.20297009231639795,29.0,5784.647631017342,26670.40960838774,1.008109697621841,0.9358038459083418,0.1272886004871011,0.998941900833506,0.00277222180659434,0.004559679691401514,0.018197584225171246,1.002626698194137,0.32844993256288907
2.3724851978873596,0.18885569720043086,1.3254480451708295,3.88678894025862,0.20297009174255462,29.0,5784.6476146628065,26670.409595669662,1.0081097101064338,0.9358038454620934,0.1272886104871011,0.998941900833506,0.00277222180659434,0.004559679691401514,0.018197584225171246,1.002626698194137,0.32844993256288907
2.372485194140805,0.18885568720043086,1.3254480453927604,3.8867889267339963,0.20297009145662934,29.0,5784.647606513936,26670.409590696014,1.008109716997277,0.9358038452875794,0.1272886004871011,0.998941910833506,0.00277222180659434,0.004559679691401514,0.018197584225171246,1.002626698194137,0.32844993256288907
2.3724851821558555,0.18885570220043085,1.325448060888259,3.8867889452445454,0.20297009056745985,29.0,5784.647581172606,26670.409569507516,1.0081097355984308,0.9358038445441234,0.1272886004871011,0.998941900833506,0.00277223180659434,0.004559679691401514,0.018197584225171246,1.002626698194137,0.32844993256288907
2.3724852040582447,0.18885568720043086,1.325448052890111,3.886788944148787,0.20297009220342702,29.0,5784.64762779767,26670.409605950248,1.008109700120737,0.9358038458228157,0.1272886004871011,0.998941900833506,0.00277222180659434,0.004559689691401514,0.018197584225171246,1.002626698194137,0.32844993256288907
2.372485193159017,0.18885570720043088,1.3254480453709077,3.8867889457303555,0.20297009139158734,29.0,5784.647604660239,26670.409587434053,1.0081097175850153,0.9358038451731246,0.1272886004871011,0.998941900833506,0.00277222180659434,0.004559679691401514,0.018197594225171247,1.002626698194137,0.32844993256288907
2.372485202502674,0.18885576720043037,1.3254480449510662,3.8867890146541706,0.20297009208504063,29.0,5784.647624423658,26670.409603154647,1.0081097022083763,0.9358038457247244,0.1272886004871011,0.998941900833506,0.00277222180659434,0.004559679691401514,0.018197584225171246,1.002626708194137,0.32844993256288907
2.3724851864495777,0.18885568720043086,1.325448065623002,3.8867889392730106,0.20297009082574155,29.0,5784.647588533634,26670.409585327034,1.008109717204853,0.9358038450991941,0.1272886004871011,0.998941900833506,0.00277222180659434,0.004559679691401514,0.018197584225171246,1.002626698194137,0.32844994256288906
2.3706601453112337,0.16886021972347087,1.3275648866844232,3.8670852517191276,0.20282762269630142,29.0,5780.5872468445905,26668.27854905205,1.0100425227017453,0.9357290718965632,0.12806072395177412,0.9989354824803205,0.002789037904013579,0.004587338379356692,0.018307969457838188,0.99987725037285,0.3294456882664296
2.3706601376346876,0.16886022972347087,1.3275648870365961,3.8670852543947545,0.2028276221150406,29.0,5780.587230278657,26668.278536312486,1.0100425352226876,0.9357290714495609,0.12806073395177411,0.9989354824803205,0.002789037904013579,0.004587338379356692,0.018307969457838188,0.99987725037285,0.3294456882664296
2.3706601338912057,0.16886021972347087,1.3275648872584762,3.867085240873153,0.2028276218251472,29.0,5780.587222016695,26668.27853133196,1.010042542130861,0.9357290712748055,0.12806072395177412,0.9989354924803205,0.002789037904013579,0.004587338379356692,0.018307969457838188,0.99987725037285,0.3294456882664296
2.3706601219165946,0.16886023472347086,1.3275649027534677,3.867085259393533,0.20282762092538903,29.0,5780.587196373587,26668.27851011873,1.0100425607765788,0.9357290705304817,0.12806072395177412,0.9989354824803205,0.002789047904013579,0.004587338379356692,0.018307969457838188,0.99987725037285,0.3294456882664296
2.3706601438036374,0.16886021972347087,1.3275648947559469,3.8670852582830553,0.20282762258186368,29.0,5780.587243583115,26668.278546611036,1.0100425252073462,0.9357290718109136,0.12806072395177412,0.9989354824803205,0.002789037904013579,0.004587348379356692,0.018307969457838188,0.99987725037285,0.3294456882664296
2.3706601329106,0.16886023972347086,1.327564887236493,3.8670852598705636,0.2028276217597795,29.0,5780.587220153716,26668.27852806794,1.010042542719168,0.9357290711602787,0.12806072395177412,0.9989354824803205,0.002789037904013579,0.004587338379356692,0.01830797945783819,0.99987725037285,0.3294456882664296
2.3706601422486155,0.16886021972347087,1.3275648868167678,3.8670852487888543,0.202827622462339,29.0,5780.587240176662,26668.27854380827,1.0100425272998987,0.9357290717125708,0.12806072395177412,0.9989354824803205,0.002789037904013579,0.004587338379356692,0.018307969457838188,0.9998772603728501,0.3294456882664296
2.370660126239073,0.16886021972347087,1.327564907476163,3.867085253438707,0.20282762119722528,29.0,5780.58720412092,26668.27852599209,1.0100425423055117,0.9357290710874417,0.12806072395177412,0.9989354824803205,0.002789037904013579,0.004587338379356692,0.018307969457838188,0.99987725037285,0.3294456982664296
2.3718641908482594,0.1817233492724159,1.326167909286894,3.8797554494075692,0.2029217489123024,29.0,5783.269844000619,26669.6849423496,1.0087665858172987,0.9357784190298105,0.12755112246508993,0.9989397185934229,0.0027779392797168813,0.004569083645306274,0.018235115204278007,1.0016918859348993,0.32878848950209283
2.3718641831698246,0.1817233592724159,1.3261679096391323,3.879755452081373,0.20292174833593662,29.0,5783.269827574194,26669.6849296242,1.0087665983142409,0.9357784185833052,0.12755113246508992,0.9989397185934229,0.0027779392797168813,0.004569083645306274,0.018235115204278007,1.0016918859348993,0.32878848950209283
2.371864179424314,0.1817233492724159,1.3261679098610464,3.879755438557776,0.2029217480486615,29.0,5783.269819386853,26669.684924648227,1.0087666052109734,0.9357784184087097,0.12755112246508993,0.998939728593423,0.0027779392797168813,0.004569083645306274,0.018235115204278007,1.0016918859348993,0.32878848950209283
2.371864167442883,0.1817233642724159,1.3261679253563725,3.8797554570716715,0.20292174715589,29.0,5783.269793942865,26669.684903451318,1.0087666238272714,0.9357784176649585,0.12755112246508993,0.9989397185934229,0.002777949279716881,0.004569083645306274,0.018235115204278007,1.0016918859348993,0.32878848950209283
2.3718641893400516,0.1817233492724159,1.326167917358437,3.8797554559709044,0.20292174879883254,29.0,5783.269840766728,26669.684939910894,1.0087665883184735,0.9357784189442419,0.12755112246508993,0.9989397185934229,0.0027779392797168813,0.004569093645306274,0.018235115204278007,1.0016918859348993,0.32878848950209283
2.371864178442924,0.1817233692724159,1.3261679098391488,3.879755457554489,0.2029217479835083,29.0,5783.2698175299865,26669.68492138553,1.0087666057989064,0.9357784182942291,0.12755112246508993,0.9989397185934229,0.0027779392797168813,0.004569083645306274,0.01823512520427801,1.0016918859348993,0.32878848950209283
2.371864187784667,0.18172342927241542,1.3261679094193468,3.879755526476429,0.20292174868005883,29.0,5783.269837381677,26669.684937112863,1.0087665904077825,0.9357784188460654,0.12755112246508993,0.9989397185934229,0.0027779392797168813,0.004569083645306274,0.018235115204278007,1.0016918959348993,0.32878848950209283
2.371864171746396,0.1817233492724159,1.3261679300870148,3.8797554511058268,0.20292174741877905,29.0,5783.269801435203,26669.684919289146,1.008766605407365,0.9357784182206718,0.12755112246508993,0.9989397185934229,0.0027779392797168813,0.004569083645306274,0.018235115204278007,1.0016918859348993,0.3287884995020928
2.370680348531932,0.16884893581015073,1.3275414322432662,3.867070716585349,0.202829206400928,29.0,5780.632382426448,26668.30216264266,1.0100210876844515,0.935729900443602,0.12805216642347556,0.9989355536156267,0.002788851529377759,0.004587031835111235,0.018306746046304268,0.9999077228019532,0.329434652197716
2.370680340855353,0.16884894581015072,1.32754143259544,3.8670707192609437,0.2028292058197493,29.0,5780.632365862855,26668.302149903335,1.01002110020499,0.9357298999966083,0.12805217642347555,0.9989355536156267,0.002788851529377759,0.004587031835111235,0.018306746046304268,0.9999077228019532,0.329434652197716
2.3706803371118377,0.16884893581015073,1.3275414328173207,3.8670707057393092,0.20282920552989983,29.0,5780.632357602145,26668.302144922895,1.0100211071129725,0.935729899821856,0.12805216642347556,0.9989355636156267,0.002788851529377759,0.004587031835111235,0.018306746046304268,0.9999077228019532,0.329434652197716
2.370680325137113,0.16884895081015072,1.3275414483123176,3.867070724259581,0.20282920463025897,29.0,5780.632331962381,26668.302123709942,1.0100211257581957,0.9357298990775418,0.12805216642347556,0.9989355536156267,0.0027888615293777588,0.004587031835111235,0.018306746046304268,0.9999077228019532,0.329434652197716
2.3706803470243236,0.16884893581015073,1.3275414403147894,3.867070723149264,0.20282920628650639,29.0,5780.632379165432,26668.302160201692,1.010021090189979,0.9357299003579541,0.12805216642347556,0.9989355536156267,0.002788851529377759,0.0045870418351112345,0.018306746046304268,0.9999077228019532,0.329434652197716
2.370680336131218,0.16884895581015075,1.3275414327953385,3.867070724736707,0.20282920546453573,29.0,5780.632355739268,26668.30214165888,1.010021107701273,0.9357298997073292,0.12805216642347556,0.9989355536156267,0.002788851529377759,0.004587031835111235,0.01830675604630427,0.9999077228019532,0.329434652197716
2.3706803454692973,0.16884893581015073,1.3275414323756123,3.8670707136550604,0.20282920616699443,29.0,5780.632375759341,26668.302157399,1.010021092282475,0.9357299002596141,0.12805216642347556,0.9989355536156267,0.002788851529377759,0.004587031835111235,0.018306746046304268,0.9999077328019532,0.329434652197716
2.3706803294592707,0.16884893581015073,1.3275414530351466,3.867070718304568,0.20282920490194478,29.0,5780.632339705427,26668.302139582698,1.0100211072879888,0.9357298996344806,0.12805216642347556,0.9989355536156267,0.002788851529377759,0.004587031835111235,0.018306746046304268,0.9999077228019532,0.329434662197716
2.3714614764821307,0.1770950547165593,1.3266349652697813,3.8751914964684713,0.20289032496960124,29.0,5782.374261633636,26669.214752663334,1.0091930017355684,0.9357619211460819,0.12772147741094106,0.9989383025009722,0.0027816494446015797,0.0045751860298399605,0.018259469690566934,1.0010852704696978,0.3290081848186047
2.3714614688043265,0.1770950647165593,1.3266349656219978,3.8751914991428835,0.20289032439159888,29.0,5782.374245160568,26669.21473993319,1.0091930142405303,0.9357619206994102,0.12772148741094105,0.9989383025009722,0.0027816494446015797,0.0045751860298399605,0.018259469690566934,1.0010852704696978,0.3290081848186047
2.3714614650594976,0.1770950547165593,1.3266349658439005,3.8751914856199576,0.20289032410344854,29.0,5782.374236948283,26669.214734955698,1.009193021141083,0.9357619205247614,0.12772147741094106,0.9989383125009722,0.0027816494446015797,0.0045751860298399605,0.018259469690566934,1.0010852704696978,0.3290081848186047
2.371461453080343,0.17709506971655933,1.3266349813391147,3.875191504136017,0.20289032320834033,29.0,5782.374211437699,26669.214713753314,1.0091930397672146,0.935761919780818,0.12772147741094106,0.9989383025009722,0.0027816594446015796,0.0045751860298399605,0.018259469690566934,1.0010852704696978,0.3290081848186047
2.3714614749741276,0.1770950547165593,1.3266349733413176,3.8751915030320045,0.2028903248558078,29.0,5782.374258390522,26669.214750223866,1.0091930042382216,0.9357619210604865,0.12772147741094106,0.9989383025009722,0.0027816494446015797,0.0045751960298399605,0.018259469690566934,1.0010852704696978,0.3290081848186047
2.371461464078368,0.1770950747165593,1.326634965821974,3.875191504616901,0.20289032403822332,29.0,5782.374235089364,26669.21473169257,1.0091930217291427,0.9357619204102656,0.12772147741094106,0.9989383025009722,0.0027816494446015797,0.0045751860298399605,0.018259479690566936,1.0010852704696978,0.3290081848186047
2.371461473418864,0.17709513471655883,1.326634965402198,3.875191573537621,0.2028903247367829,29.0,5782.374254998313,26669.214747424234,1.0091930063286143,0.9357619209622539,0.12772147741094106,0.9989383025009722,0.0027816494446015797,0.0045751860298399605,0.018259469690566934,1.0010852804696977,0.3290081848186047
2.3714614573902035,0.1770950547165593,1.3266349860670985,3.8751914981738613,0.20289032347421987,29.0,5782.374219015266,26669.214729603034,1.0091930213302134,0.9357619203369486,0.12772147741094106,0.9989383025009722,0.0027816494446015797,0.0045751860298399605,0.018259469690566934,1.0010852704696978,0.3290081948186047
2.3706936995194057,0.16884147917519915,1.3275259329978961,3.867061111692501,0.20283025288680512,29.0,5780.662207273946,26668.31776703791,1.010006923161331,0.9357304479662424,0.1280465114381172,0.9989356006232556,0.00278872836930163,0.004586829264560574,0.01830593759156475,0.9999278595908013,0.3294273593434231
2.370693691842807,0.16884148917519914,1.3275259333500706,3.867061114368077,0.20283025230568086,29.0,5780.662190711904,26668.317754298736,1.0100069356816028,0.9357304475192539,0.1280465214381172,0.9989356006232556,0.00278872836930163,0.004586829264560574,0.01830593759156475,0.9999278595908013,0.3294273593434231
2.3706936880992657,0.16884147917519915,1.3275259335719518,3.8670611008464166,0.20283025201586022,29.0,5780.662182452016,26668.317749318343,1.0100069425894564,0.9357304473445033,0.1280465114381172,0.9989356106232556,0.00278872836930163,0.004586829264560574,0.01830593759156475,0.9999278595908013,0.3294273593434231
2.3706936761244664,0.16884149417519917,1.3275259490669524,3.8670611193666176,0.20283025111629688,29.0,5780.662156814461,26668.317728105547,1.0100069612343532,0.9357304466001947,0.1280465114381172,0.9989356006232556,0.00278873836930163,0.004586829264560574,0.01830593759156475,0.9999278595908013,0.3294273593434231
2.370693698011792,0.16884147917519915,1.3275259410694198,3.867061118256411,0.20283025277239444,29.0,5780.6622040132415,26668.31776459695,1.010006925666807,0.9357304478805948,0.1280465114381172,0.9989356006232556,0.00278872836930163,0.004586839264560574,0.01830593759156475,0.9999278595908013,0.3294273593434231
2.370693687118632,0.16884149917519914,1.3275259335499707,3.8670611198438016,0.2028302519504981,29.0,5780.662180589196,26668.317746054327,1.0100069431777565,0.9357304472299763,0.1280465114381172,0.9989356006232556,0.00278872836930163,0.004586829264560574,0.01830594759156475,0.9999278595908013,0.3294273593434231
2.3706936964567578,0.16884147917519915,1.3275259331302434,3.8670611087622,0.2028302526528905,29.0,5780.662200607379,26668.3177617943,1.0100069277592687,0.9357304477822561,0.1280465114381172,0.9989356006232556,0.00278872836930163,0.004586829264560574,0.01830593759156475,0.9999278695908014,0.3294273593434231
2.370693680446415,0.16884147917519915,1.3275259537898698,3.867061113411484,0.2028302513878835,29.0,5780.662164554679,26668.31774397791,1.0100069427647156,0.9357304471571196,0.1280465114381172,0.9989356006232556,0.00278872836930163,0.004586829264560574,0.01830593759156475,0.9999278595908013,0.3294273693434231
2.371200344829225,0.1740926171194769,1.326937918771601,3.872230880720303,0.20286991750260808,29.0,5781.79264882433,26668.909758785627,1.0094696867333777,0.9357512196065132,0.12783198898018094,0.9989373838625485,0.0027840562789995965,0.004579144729644969,0.018275268776906193,1.000691750770873,0.32915070415704295
2.371200337151829,0.1740926271194769,1.3269379191238029,3.8722308833951087,0.20286991692354403,29.0,5781.792632321005,26668.90974605241,1.0094696992435437,0.9357512191597337,0.12783199898018094,0.9989373838625485,0.0027840562789995965,0.004579144729644969,0.018275268776906193,1.000691750770873,0.32915070415704295
2.3712003334074443,0.1740926171194769,1.3269379193456985,3.8722308698726193,0.20286991663482606,29.0,5781.792624092543,26668.90974107396,1.0094697061465783,0.9357512189850512,0.12783198898018094,0.9989373938625485,0.0027840562789995965,0.004579144729644969,0.018275268776906193,1.000691750770873,0.32915070415704295
2.371200321429764,0.1740926321194769,1.3269379348408399,3.872230888390081,0.20286991573820234,29.0,5781.7925985387665,26668.909719868003,1.0094697247790914,0.9357512182409825,0.12783198898018094,0.9989373838625485,0.0027840662789995964,0.004579144729644969,0.018275268776906193,1.000691750770873,0.32915070415704295
2.371200343321356,0.1740926171194769,1.326937926843133,3.872230887283966,0.20286991738860474,29.0,5781.792645575235,26668.90975634566,1.009469689236991,0.9357512195209003,0.12783198898018094,0.9989373838625485,0.0027840562789995965,0.004579154729644969,0.018275268776906193,1.000691750770873,0.32915070415704295
2.3712003324264836,0.17409263711947692,1.3269379193237536,3.8722308888697143,0.2028699165695543,29.0,5781.792622232298,26668.909737810525,1.0094697067347191,0.9357512188705448,0.12783198898018094,0.9989373838625485,0.0027840562789995965,0.004579144729644969,0.018275278776906195,1.000691750770873,0.32915070415704295
2.3712003417661704,0.17409269711947642,1.3269379189039938,3.8722309577896405,0.20286991726941694,29.0,5781.792642178383,26668.90975354502,1.0094696913280872,0.9357512194226323,0.12783198898018094,0.9989373838625485,0.0027840562789995965,0.004579144729644969,0.018275268776906193,1.000691760770873,0.32915070415704295
2.371200325743738,0.1740926171194769,1.3269379395671002,3.872230882430315,0.20286991600602214,29.0,5781.792606171631,26668.909735725447,1.0094697063309952,0.9357512187973841,0.12783198898018094,0.9989373838625485,0.0027840562789995965,0.004579144729644969,0.018275268776906193,1.000691750770873,0.32915071415704295
2.3707026056736344,0.16883650508895065,1.3275155939029402,3.8670547046655255,0.20283095093902176,29.0,5780.6821017621205,26668.32817626648,1.009997474526684,0.9357308132023326,0.12804273917554984,0.9989356319805638,0.002788646213095108,0.004586694136128386,0.018305398296879077,0.9999412922082153,0.3294224945100919
2.370702597997021,0.16883651508895064,1.327515594255115,3.8670547073410866,0.20283095035793358,29.0,5780.682085201107,26668.328163527403,1.0099974870467812,0.9357308127553475,0.12804274917554984,0.9989356319805638,0.002788646213095108,0.004586694136128386,0.018305398296879077,0.9999412922082153,0.3294224945100919
2.3707025942534656,0.16883650508895065,1.327515594476996,3.8670546938194126,0.20283095006813248,29.0,5780.682076941775,26668.328158547047,1.0099974939545502,0.9357308125805981,0.12804273917554984,0.9989356419805638,0.002788646213095108,0.004586694136128386,0.018305398296879077,0.9999412922082153,0.3294224945100919
2.3707025822786107,0.16883652008895067,1.3275156099719991,3.8670547123395607,0.20283094916862046,29.0,5780.682051305683,26668.32813733439,1.00999751259923,0.9357308118362944,0.12804273917554984,0.9989356319805638,0.002788656213095108,0.004586694136128386,0.018305398296879077,0.9999412922082153,0.3294224945100919
2.3707026041660137,0.16883650508895065,1.3275156019744634,3.867054711229428,0.20283095082461794,29.0,5780.682098501611,26668.328173825543,1.0099974770321314,0.9357308131166857,0.12804273917554984,0.9989356319805638,0.002788646213095108,0.004586704136128386,0.018305398296879077,0.9999412922082153,0.3294224945100919
2.3707025932728314,0.16883652508895067,1.3275155944550154,3.8670547128167976,0.20283095000277226,29.0,5780.682075079009,26668.328155283074,1.0099974945428456,0.9357308124660728,0.12804273917554984,0.9989356319805638,0.002788646213095108,0.004586694136128386,0.01830540829687908,0.9999412922082153,0.3294224945100919
2.37070260261098,0.16883650508895065,1.3275155940352878,3.867054701735218,0.20283095070511983,29.0,5780.682095095915,26668.328171022935,1.0099974791245665,0.9357308130183486,0.12804273917554984,0.9989356319805638,0.002788646213095108,0.004586694136128386,0.018305398296879077,0.9999413022082153,0.3294224945100919
2.370702586600426,0.16883650508895065,1.3275156146949751,3.8670547063843514,0.2028309494401413,29.0,5780.682059044027,26668.328153206505,1.0099974941299694,0.9357308123932107,0.12804273917554984,0.9989356319805638,0.002788646213095108,0.004586694136128386,0.018305398296879077,0.9999412922082153,0.3294225045100919
2.371031076746393,0.1721458538354425,1.3271343386032541,3.8703112691850894,0.20285667603340488,29.0,5781.415266952039,26668.712012839464,1.0096491142795807,0.9357442811522618,0.12790364404660637,0.9989367882226737,0.0027856168565920706,0.004581711527849331,0.018285512813696975,1.0004365948595693,0.32924311287707964
2.3710310690692613,0.1721458638354425,1.3271343389554473,3.870311271860151,0.20285667545365252,29.0,5781.415250429097,26668.71200010425,1.009649126793123,0.9357442807054123,0.12790365404660636,0.9989367882226737,0.0027856168565920706,0.004581711527849331,0.018285512813696975,1.0004365948595693,0.32924311287707964
2.371031065325158,0.1721458538354425,1.3271343391773378,3.870311258337938,0.20285667516456618,29.0,5781.415242190136,26668.711995125144,1.0096491336977658,0.9357442805307068,0.12790364404660637,0.9989367982226738,0.0027856168565920706,0.004581711527849331,0.018285512813696975,1.0004365948595693,0.32924311287707964
2.371031053348441,0.17214586883544253,1.3271343546724323,3.870311276856316,0.20285667426696047,29.0,5781.415216608373,26668.71197391693,1.0096491523344138,0.9357442797865589,0.12790364404660637,0.9989367882226737,0.0027856268565920705,0.004581711527849331,0.018285512813696975,1.0004365948595693,0.32924311287707964
2.3710310752386055,0.1721458538354425,1.3271343466747834,3.870311275748831,0.2028566759192652,29.0,5781.415263699058,26668.71201039916,1.0096491167838162,0.9357442810666371,0.12790364404660637,0.9989367882226737,0.0027856168565920706,0.004581721527849331,0.018285512813696975,1.0004365948595693,0.32924311287707964
2.3710310643443075,0.1721458738354425,1.3271343391553807,3.870311277335131,0.20285667509926425,29.0,5781.415240329031,26668.711991861535,1.0096491342859604,0.9357442804161942,0.12790364404660637,0.9989367882226737,0.0027856168565920706,0.004581711527849331,0.018285522813696976,1.0004365948595693,0.32924311287707964
2.3710310736834685,0.17214593383544202,1.3271343387356316,3.870311346254542,0.20285667579997171,29.0,5781.4152602991935,26668.71200759783,1.00964911887537,0.9357442809683449,0.12790364404660637,0.9989367882226737,0.0027856168565920706,0.004581711527849331,0.018285512813696975,1.0004366048595692,0.32924311287707964
2.371031057665076,0.1721458538354425,1.3271343593975755,3.8703112708980942,0.20285667453603803,29.0,5781.415224277084,26668.711989779353,1.0096491338791265,0.9357442803431352,0.12790364404660637,0.9989367882226737,0.0027856168565920706,0.004581711527849331,0.018285512813696975,1.0004365948595693,0.32924312287707963
2.3707086361211847,0.16883313711787143,1.3275085932491555,3.8670503664882117,0.20283142358099657,29.0,5780.695572058402,26668.3352244041,1.0099910768562728,0.9357310605054071,0.12804018496346034,0.998935653212706,0.002788590584842255,0.004586602640197506,0.01830503313857386,0.9999503874801321,0.3294192005145426
2.3707086284445626,0.16883314711787142,1.3275085936013307,3.8670503691637648,0.20283142299993304,29.0,5780.695555498091,26668.33521166511,1.009991089376247,0.935731060058425,0.12804019496346034,0.998935653212706,0.002788590584842255,0.004586602640197506,0.01830503313857386,0.9999503874801321,0.3294192005145426
2.3707086247010007,0.16883313711787143,1.3275085938232123,3.8670503556420845,0.20283142271014515,29.0,5780.695547239136,26668.335206684784,1.0099910962839584,0.9357310598836767,0.12804018496346034,0.9989356632127061,0.002788590584842255,0.004586602640197506,0.01830503313857386,0.9999503874801321,0.3294192005145426
2.3707086127261086,0.16883315211787145,1.327508609318217,3.867050374162197,0.202831421810668,29.0,5780.695521604038,26668.335185472162,1.0099911149284908,0.9357310591393742,0.12804018496346034,0.998935653212706,0.002788600584842255,0.004586602640197506,0.01830503313857386,0.9999503874801321,0.3294192005145426
2.3707086346135617,0.16883313711787143,1.327508601320679,3.867050373052112,0.20283142346659774,29.0,5780.695568798035,26668.335221963167,1.0099910793616955,0.9357310604197603,0.12804018496346034,0.998935653212706,0.002788590584842255,0.004586612640197506,0.01830503313857386,0.9999503874801321,0.3294192005145426
2.3707086237203567,0.16883315711787142,1.327508593801232,3.86705037463946,0.2028314226447857,29.0,5780.695545376393,26668.33520342078,1.009991096872252,0.9357310597691502,0.12804018496346034,0.998935653212706,0.002788590584842255,0.004586602640197506,0.01830504313857386,0.9999503874801321,0.3294192005145426
2.370708633058526,0.16883313711787143,1.3275085933815043,3.867050363557902,0.20283142334710333,29.0,5780.695565392445,26668.335219160577,1.0099910814541164,0.9357310603214237,0.12804018496346034,0.998935653212706,0.002788590584842255,0.004586602640197506,0.01830503313857386,0.9999503974801321,0.3294192005145426
2.370708617047825,0.16883313711787143,1.3275086140412322,3.867050368206929,0.20283142208214364,29.0,5780.695529341094,26668.33520134414,1.009991096459488,0.9357310596962856,0.12804018496346034,0.998935653212706,0.002788590584842255,0.004586602640197506,0.01830503313857386,0.9999503874801321,0.3294192105145426
2.3709214315024845,0.17088458409742716,1.3272615895001787,3.8690676051000903,0.2028480932054742,29.0,5781.170656356015,26668.583901459628,1.009765373032469,0.9357397860161273,0.12795006795833672,0.9989364023192847,0.002786627924197133,0.00458337450604771,0.018292149724155115,1.0002712843505606,0.329302982673817
2.370921423825526,0.17088459409742715,1.3272615898523656,3.8690676077753188,0.20284809262527603,29.0,5781.170639820367,26668.583888723126,1.0097653855481976,0.9357397855692324,0.1279500779583367,0.9989364023192847,0.002786627924197133,0.00458337450604771,0.018292149724155115,1.0002712843505606,0.329302982673817
2.3709214200816096,0.17088458409742716,1.3272615900742535,3.8690675942532904,0.20284809233595139,29.0,5781.170631574614,26668.58388374361,1.0097653924538834,0.9357397853945126,0.12795006795833672,0.9989364123192848,0.002786627924197133,0.00458337450604771,0.018292149724155115,1.0002712843505606,0.329302982673817
2.3709214081055108,0.17088459909742715,1.3272616055693174,3.8690676127722554,0.20284809143770918,29.0,5781.170605974712,26668.58386253388,1.009765411093213,0.9357397846503116,0.12795006795833672,0.9989364023192847,0.002786637924197133,0.00458337450604771,0.018292149724155115,1.0002712843505606,0.329302982673817
2.370921429994755,0.17088458409742716,1.3272615975717064,3.8690676116638887,0.20284809309124657,29.0,5781.1706531005275,26668.583899019104,1.0097653755371077,0.9357397859304949,0.12795006795833672,0.9989364023192847,0.002786627924197133,0.00458338450604771,0.018292149724155115,1.0002712843505606,0.329302982673817
2.370921419100827,0.17088460409742715,1.3272615900522884,3.8690676132505426,0.20284809227062967,29.0,5781.170629712946,26668.583880479877,1.0097653930421115,0.9357397852799957,0.12795006795833672,0.9989364023192847,0.002786627924197133,0.00458337450604771,0.018292159724155117,1.0002712843505606,0.329302982673817
2.3709214284396505,0.17088466409742667,1.3272615896325464,3.8690676821696237,0.20284809297188455,29.0,5781.17064969871,26668.58389621736,1.0097653776289564,0.935739785832188,0.12795006795833672,0.9989364023192847,0.002786627924197133,0.00458337450604771,0.018292149724155115,1.0002712943505605,0.329302982673817
2.370921412423878,0.17088458409742716,1.327261610293737,3.8690676068150425,0.20284809170760232,29.0,5781.170613666666,26668.583878399546,1.0097653926332604,0.9357397852070016,0.12795006795833672,0.9989364023192847,0.002786627924197133,0.00458337450604771,0.018292149724155115,1.0002712843505606,0.329302992673817
2.370712820455529,0.16883080020643787,1.327503735744703,3.86704735640667,0.20283175152439648,29.0,5780.7049184453,26668.34011485403,1.0099866377633666,0.9357312321001413,0.12803841268950214,0.9989356679449098,0.0027885519864407067,0.004586539154531517,0.018304779768637345,0.9999566983552653,0.3294169149320123
2.3707128127789017,0.16883081020643786,1.3275037360968784,3.8670473590822176,0.2028317509433501,29.0,5780.704901885478,26668.340102115082,1.0099866502832573,0.9357312316531607,0.12803842268950213,0.9989356679449098,0.0027885519864407067,0.004586539154531517,0.018304779768637345,0.9999566983552653,0.3294169149320123
2.370712809035327,0.16883080020643787,1.32750373631876,3.8670473455605245,0.20283175065357098,29.0,5780.704893626773,26668.340097134747,1.00998665719093,0.9357312314784122,0.12803841268950214,0.9989356779449099,0.0027885519864407067,0.004586539154531517,0.018304779768637345,0.9999566983552653,0.3294169149320123
2.3707127970604134,0.1688308152064379,1.3275037518137658,3.8670473640806167,0.20283174975411822,29.0,5780.704867992369,26668.340075922202,1.009986675835361,0.9357312307341124,0.12803841268950214,0.9989356679449098,0.0027885619864407066,0.004586539154531517,0.018304779768637345,0.9999566983552653,0.3294169149320123
2.3707128189479003,0.16883080020643787,1.3275037438162265,3.8670473629705646,0.2028317514100008,29.0,5780.704915185022,26668.340112413083,1.009986640268777,0.9357312320144942,0.12803841268950214,0.9989356679449098,0.0027885519864407067,0.004586549154531517,0.018304779768637345,0.9999566983552653,0.3294169149320123
2.370712808054686,0.1688308202064379,1.32750373629678,3.8670473645579038,0.2028317505882125,29.0,5780.704891764057,26668.340093870782,1.009986657779222,0.935731231363887,0.12803841268950214,0.9989356679449098,0.0027885519864407067,0.004586539154531517,0.018304789768637347,0.9999566983552653,0.3294169149320123
2.370712817392864,0.16883080020643787,1.3275037358770518,3.867047353476354,0.20283175129050904,29.0,5780.704911779508,26668.340109610515,1.0099866423611843,0.9357312319161585,0.12803841268950214,0.9989356679449098,0.0027885519864407067,0.004586539154531517,0.018304779768637345,0.9999567083552654,0.3294169149320123
2.3707128013820613,0.16883080020643787,1.3275037565368084,3.8670473581253075,0.20283175002556264,29.0,5780.704875728536,26668.340091794,1.0099866573665353,0.9357312312910177,0.12803841268950214,0.9989356679449098,0.0027885519864407067,0.004586539154531517,0.018304779768637345,0.9999566983552653,0.3294169249320123
2.370850497287179,0.1700685171008139,1.3273439210305253,3.8682629354185183,0.20284253829213508,29.0,5781.01234132585,26668.501012627235,1.0098405994726511,0.9357368776360433,0.12798010516693295,0.9989361526319973,0.002787282105359948,0.004584450486532205,0.018296443939279074,1.0001643251121604,0.3293417196416034
2.370850489610331,0.17006852710081388,1.327343921382708,3.868262938093853,0.20284253771164834,29.0,5781.012324781977,26668.500999889893,1.009840611989796,0.935736877189119,0.12798011516693295,0.9989361526319973,0.002787282105359948,0.004584450486532205,0.018296443939279074,1.0001643251121604,0.3293417196416034
2.370850485866528,0.1700685171008139,1.3273439216045935,3.868262924571935,0.20284253742216898,29.0,5781.012316531816,26668.500994910086,1.0098406188961582,0.935736877014389,0.12798010516693295,0.9989361626319974,0.002787282105359948,0.004584450486532205,0.018296443939279074,1.0001643251121604,0.3293417196416034
2.3708504738908407,0.17006853210081388,1.3273439370996383,3.8682629430912927,0.20284253652351572,29.0,5781.012290920198,26668.500973699436,1.0098406375372195,0.9357368762701557,0.12798010516693295,0.9989361526319973,0.002787292105359948,0.004584450486532205,0.018296443939279074,1.0001643251121604,0.3293417196416034
2.370850495779483,0.1700685171008139,1.3273439291020512,3.868262941982348,0.20284253817785025,29.0,5781.012338068732,26668.50101018658,1.009840601977553,0.9357368775504064,0.12798010516693295,0.9989361526319973,0.002787282105359948,0.0045844604865322046,0.018296443939279074,1.0001643251121604,0.3293417196416034
2.3708504848857985,0.17006853710081388,1.3273439215826235,3.8682629435692357,0.20284253735683522,29.0,5781.012314669803,26668.500991646284,1.0098406194844067,0.9357368768998696,0.12798010516693295,0.9989361526319973,0.002787282105359948,0.004584450486532205,0.018296453939279075,1.0001643251121604,0.3293417196416034
2.3708504942244013,0.1700685971008134,1.3273439211628868,3.8682630124881014,0.20284253805844413,29.0,5781.012334665657,26668.501007384544,1.0098406040695906,0.9357368774520892,0.12798010516693295,0.9989361526319973,0.002787282105359948,0.004584450486532205,0.018296443939279074,1.0001643351121603,0.3293417196416034
2.3708504782103206,0.1700685171008139,1.3273439418235895,3.868262937134724,0.20284253679393613,29.0,5781.01229862718,26668.500989567183,1.0098406190742502,0.9357368768269188,0.12798010516693295,0.9989361526319973,0.002787282105359948,0.004584450486532205,0.018296443939279074,1.0001643251121604,0.3293417296416034
2.3707158488781745,0.16882910886889982,1.3275002201262023,3.8670451778732766,0.20283198887032117,29.0,5780.7116828041535,26668.343654315817,1.009983424981875,0.9357313562917831,0.12803713000782657,0.998935678607329,0.0027885240508824685,0.004586493206838131,0.018304596392374774,0.9999612658454398,0.3294152607437215
2.3707158412015388,0.1688291188688998,1.3275002204783775,3.867045180548816,0.2028319882892868,29.0,5780.711666244674,26668.343641576892,1.0099834375017047,0.9357313558448033,0.12803714000782657,0.998935678607329,0.0027885240508824685,0.004586493206838131,0.018304596392374774,0.9999612658454398,0.3294152607437215
2.3707158374579667,0.16882910886889982,1.32750022070026,3.8670451670271264,0.20283198799951482,29.0,5780.711657986172,26668.3436365966,1.0099834444093476,0.9357313556700562,0.12803713000782657,0.9989356886073291,0.0027885240508824685,0.004586493206838131,0.018304596392374774,0.9999612658454398,0.3294152607437215
2.3707158254830385,0.16882912386889984,1.3275002361952666,3.8670451855472048,0.20283198710007982,29.0,5780.711632352275,26668.343615384107,1.0099834630537032,0.9357313549257581,0.12803713000782657,0.998935678607329,0.0027885340508824684,0.004586493206838131,0.018304596392374774,0.9999612658454398,0.3294152607437215
2.370715847370548,0.16882910886889982,1.3275002281977262,3.867045184437174,0.20283198875592814,29.0,5780.711679543952,26668.343651874886,1.0099834274872699,0.9357313562061363,0.12803713000782657,0.998935678607329,0.0027885240508824685,0.004586503206838131,0.018304596392374774,0.9999612658454398,0.3294152607437215
2.3707158364773213,0.1688291288688998,1.3275002206782802,3.867045186024501,0.20283198793415677,29.0,5780.711656123468,26668.343633332624,1.009983444997639,0.9357313555555307,0.12803713000782657,0.998935678607329,0.0027885240508824685,0.004586493206838131,0.018304606392374776,0.9999612658454398,0.3294152607437215
2.3707158458155106,0.16882910886889982,1.3275002202585515,3.867045174942962,0.20283198863643823,29.0,5780.71167613849,26668.34364907235,1.0099834295796726,0.9357313561078018,0.12803713000782657,0.998935678607329,0.0027885240508824685,0.004586493206838131,0.018304596392374774,0.9999612758454398,0.3294152607437215
2.370715829804639,0.16882910886889982,1.3275002409183294,3.867045179591868,0.20283198737150163,29.0,5780.711640087797,26668.343631255822,1.0099834445850087,0.9357313554826604,0.12803713000782657,0.998935678607329,0.0027885240508824685,0.004586493206838131,0.018304596392374774,0.9999612658454398,0.3294152707437215
2.3708047141370643,0.16954176140155852,1.3273970634759746,3.8677435390145973,0.20283895201291482,29.0,5780.9101323680725,26668.44751022367,1.0098891586590018,0.9357350003587253,0.1279994936128368,0.99893599146361,0.0027877043668376052,0.00458514501143622,0.01829921577333161,1.0000952849614753,0.3293667236163236
2.370804706460292,0.16954177140155852,1.3273970638281551,3.8677435416900057,0.20283895143224215,29.0,5780.910115818901,26668.4474974858,1.0098891711770592,0.9357349999117824,0.1279995036128368,0.99893599146361,0.0027877043668376052,0.00458514501143622,0.01829921577333161,1.0000952849614753,0.3293667236163236
2.3708047027165673,0.16954176140155852,1.3273970640500394,3.867743528168165,0.20283895114266326,29.0,5780.910107565903,26668.44749250583,1.0098891780838561,0.9357349997370467,0.1279994936128368,0.9989360014636101,0.0027877043668376052,0.00458514501143622,0.01829921577333161,1.0000952849614753,0.3293667236163236
2.3708046907411373,0.16954177640155854,1.3273970795450714,3.867743546687767,0.20283895024374413,29.0,5780.910081946708,26668.447471294563,1.0098891967260366,0.9357349989927917,0.1279994936128368,0.99893599146361,0.002787714366837605,0.00458514501143622,0.01829921577333161,1.0000952849614753,0.3293667236163236
2.3708047126293987,0.16954176140155852,1.3273970715474999,3.867743545578457,0.20283895189859358,29.0,5780.910129109917,26668.44750778296,1.0098891611640701,0.9357350002730863,0.1279994936128368,0.99893599146361,0.0027877043668376052,0.00458515501143622,0.01829921577333161,1.0000952849614753,0.3293667236163236
2.3708047017358638,0.1695417814015585,1.3273970640280663,3.8677435471654884,0.20283895107732108,29.0,5780.9101057036505,26668.447489241953,1.0098891786721205,0.9357349996225247,0.1279994936128368,0.99893599146361,0.0027877043668376052,0.00458514501143622,0.018299225773331613,1.0000952849614753,0.3293667236163236
2.370804711074328,0.16954184140155804,1.3273970636083319,3.867743616084218,0.20283895177915875,29.0,5780.910125706025,26668.44750498071,1.0098891632562326,0.9357350001747619,0.1279994936128368,0.99893599146361,0.0027877043668376052,0.00458514501143622,0.01829921577333161,1.0000952949614752,0.3293667236163236
2.3708046950613393,0.16954176140155852,1.3273970842687204,3.867743540731618,0.20283895051450507,29.0,5780.9100896633945,26668.44748716365,1.0098891782611223,0.9357349995496017,0.1279994936128368,0.99893599146361,0.0027877043668376052,0.00458514501143622,0.01829921577333161,1.0000952849614753,0.32936673361632357
2.888565762637199,2.3413408032453553,0.9603740832333196,6.190280649115874,0.2352055104742192,27.0,6703.357048515247,27105.44462744869,1.040673200726176,0.9510682325420593,0.0,1.0,0.0,0.0,0.0,1.2926676004056694,0.15730444681227088
2.8885657537072627,2.3413408132453553,0.9603740835876777,6.190280650540296,0.2352055101975919,27.0,6703.357040631369,27105.444618677124,1.0406732112302548,0.951068232234285,1e-08,1.0,0.0,0.0,0.0,1.2926676004056694,0.15730444681227088
2.888565776254393,2.3413408032453553,0.9603740826562914,6.19028066215604,0.23520551088400282,27.0,6703.35706019408,27105.44463974015,1.04067318405487,0.9510682329733386,0.0,0.99999999,0.0,0.0,0.0,1.2926676004056694,0.15730444681227088
2.88856573397067,2.3413408182453552,0.9603740993686132,6.190280651584638,0.23520550958401445,27.0,6703.357023144412,27105.444599214472,1.0406732343863436,0.951068231551385,0.0,1.0,1e-08,0.0,0.0,1.2926676004056694,0.15730444681227088
2.888565760814541,2.3413408032453553,0.9603740913069068,6.190280655366803,0.23520551041898094,27.0,6703.357046940957,27105.444625700915,1.0406732029034733,0.9510682324807339,0.0,1.0,0.0,1e-08,0.0,1.2926676004056694,0.15730444681227088
2.8885657477373874,2.341340823245355,0.9603740838092578,6.190280654792001,0.23520551001168205,27.0,6703.357035332939,27105.44461237723,1.0406732180468183,0.9510682320132361,0.0,1.0,0.0,0.0,1e-08,1.2926676004056694,0.15730444681227088
2.8885657590042197,2.341340883245355,0.9603740833811407,6.190280725630715,0.2352055103496914,27.0,6703.357044966205,27105.444624051637,1.0406732047849432,0.9510682324228644,0.0,1.0,0.0,0.0,0.0,1.2926676104056694,0.15730444681227088
2.888565730860152,2.3413408032453553,0.9603741071717831,6.19028064127729,0.23520550903994036,27.0,6703.3570076383,27105.444605778735,1.0406732241069196,0.95106823178171,0.0,1.0,0.0,0.0,0.0,1.2926676004056694,0.15730445681227087
2.3769110959398603,0.2040940347214325,1.3213171841320213,3.902322314793314,0.20330823662491515,29.0,5794.284743810082,26676.038433977046,1.0030770223920666,0.9360013485605981,0.12588942358437888,0.9989535316308349,0.002741749095713975,0.004509558954087985,0.017997553433444672,1.0047621100783242,0.3265235887555531
2.376911088252571,0.2040940447214325,1.3213171844846663,3.9023223174586694,0.2033082360702967,29.0,5794.284728003456,26676.03842131315,1.0030770347846931,0.9360013481162509,0.12588943358437887,0.9989535316308349,0.002741749095713975,0.004509558954087985,0.017997553433444672,1.0047621100783242,0.3265235887555531
2.3769110844991435,0.2040940347214325,1.3213171847067695,3.9023223039273454,0.2033082357947718,29.0,5794.284720150997,26676.03841635945,1.003077041629755,0.9360013479424368,0.12588942358437888,0.9989535416308349,0.002741749095713975,0.004509558954087985,0.017997553433444672,1.0047621100783242,0.3265235887555531
2.3769110724912403,0.20409404972143252,1.3213172002035083,3.9023223224161816,0.20330823493342554,29.0,5794.284695602628,26676.038395239753,1.0030770601110037,0.9360013472013948,0.12588942358437888,0.9989535316308349,0.002741759095713975,0.004509558954087985,0.017997553433444672,1.0047621100783242,0.3265235887555531
2.3769110944291416,0.2040940347214325,1.321317192203666,3.90232232135424,0.20330823651577024,29.0,5794.2847406994515,26676.03843154897,1.003077024873581,0.9360013484754024,0.12588942358437888,0.9989535316308349,0.002741749095713975,0.004509568954087985,0.017997553433444672,1.0047621100783242,0.3265235887555531
2.376911083514856,0.20409405472143252,1.3213171846851952,3.902322322921484,0.20330823573061976,29.0,5794.284718322663,26676.03841310307,1.003077042215079,0.9360013478281779,0.12588942358437888,0.9989535316308349,0.002741749095713975,0.004509558954087985,0.017997563433444674,1.0047621100783242,0.3265235887555531
2.376911092871723,0.20409411472143202,1.3213171842648594,3.9023223918580143,0.2033082364003256,29.0,5794.28473740928,26676.038428767573,1.0030770269472007,0.9360013483778096,0.12588942358437888,0.9989535316308349,0.002741749095713975,0.004509558954087985,0.017997553433444672,1.004762120078324,0.3265235887555531
2.3769110767297805,0.2040940347214325,1.3213172049615047,3.9023223164127177,0.2033082351579726,29.0,5794.284702002219,26676.038410941863,1.0030770418995405,0.9360013477523461,0.12588942358437888,0.9989535316308349,0.002741749095713975,0.004509558954087985,0.017997553433444672,1.0047621100783242,0.3265235987555531
2.3706419187783583,0.16888312228701446,1.3276064858357137,3.8671315269010864,0.20282615888670494,29.0,5780.545528271091,26668.26721029947,1.0100541011202242,0.9357286740455955,0.12807809286715602,0.9989353380994819,0.0027894161820824267,0.004587960561472179,0.018310452573367407,0.9997566863891769,0.32946557329630305
2.3706419111018224,0.16888313228701446,1.3276064861878885,3.8671315295767252,0.20282615830539652,29.0,5780.545511703801,26668.267197559733,1.0100541136414365,0.9357286735985871,0.128078102867156,0.9989353380994819,0.0027894161820824267,0.004587960561472179,0.018310452573367407,0.9997566863891769,0.32946557329630305
2.3706419073583813,0.16888312228701446,1.3276064864097692,3.867131516055165,0.2028261580154796,29.0,5780.545503441169,26668.267192579206,1.0100541205496998,0.9357286734238318,0.12807809286715602,0.9989353480994819,0.0027894161820824267,0.004587960561472179,0.018310452573367407,0.9997566863891769,0.32946557329630305
2.3706418953839146,0.16888313728701446,1.3276065019047558,3.8671315345756847,0.20282615711566007,29.0,5780.545477796312,26668.267171365904,1.0100541391956033,0.9357286726795054,0.12807809286715602,0.9989353380994819,0.0027894261820824266,0.004587960561472179,0.018310452573367407,0.9997566863891769,0.32946557329630305
2.370641917270772,0.16888312228701446,1.3276064939072367,3.867131533465023,0.2028261587722582,29.0,5780.545525009359,26668.26720785844,1.0100541036258663,0.9357286739599453,0.12807809286715602,0.9989353380994819,0.0027894161820824267,0.004587970561472179,0.018310452573367407,0.9997566863891769,0.32946557329630305
2.370641906377786,0.16888314228701448,1.3276064863877832,3.8671315350525837,0.20282615795011008,29.0,5780.545501578137,26668.267189315153,1.0100541211379945,0.9357286733093036,0.12807809286715602,0.9989353380994819,0.0027894161820824267,0.004587960561472179,0.01831046257336741,0.9997566863891769,0.32946557329630305
2.3706419157157415,0.16888312228701446,1.327606485968055,3.867131523970811,0.2028261586527258,29.0,5780.545521602685,26668.267205055497,1.0100541057184225,0.9357286738615964,0.12807809286715602,0.9989353380994819,0.0027894161820824267,0.004587960561472179,0.018310452573367407,0.999756696389177,0.32946557329630305
2.3706418997069796,0.16888312228701446,1.3276065066272071,3.867131528621201,0.202826157387611,29.0,5780.545485546913,26668.267187240064,1.0100541207236728,0.9357286732364934,0.12807809286715602,0.9989353380994819,0.0027894161820824267,0.004587960561472179,0.018310452573367407,0.9997566863891769,0.32946558329630304
2.3747749270795593,0.19146051147229248,1.3234567900372558,3.8896922285891073,0.2031457075335965,29.0,5789.652664707501,26673.397424191764,1.0054444675576903,0.9359086815505883,0.1266335711405231,0.9989473458301749,0.0027579559050792484,0.004536215500598611,0.0181039391410184,1.0030602660240142,0.3275238634994081
2.374774919395931,0.19146052147229248,1.3234567903897427,3.8896922312579663,0.20314570696989992,29.0,5789.652648642148,26673.397411502072,1.0054444799939022,0.9359086811053359,0.1266335811405231,0.9989473458301749,0.0027579559050792484,0.004536215500598611,0.0181039391410184,1.0030602660240142,0.3275238634994081
2.3747749156459106,0.19146051147229248,1.3234567906117718,3.8896922177299746,0.20314570668947668,29.0,5789.652640650085,26673.39740653927,1.0054444868603936,0.9359086809312024,0.1266335711405231,0.9989473558301749,0.0027579559050792484,0.004536215500598611,0.0181039391410184,1.0030602660240142,0.3275238634994081
2.3747749036493935,0.19146052647229247,1.3234568061079184,3.8896922362296045,0.20314570581503158,29.0,5789.6526157284,26673.39738538774,1.005444505397488,0.9359086801890435,0.1266335711405231,0.9989473458301749,0.0027579659050792483,0.004536215500598611,0.0181039391410184,1.0030602660240142,0.3275238634994081
2.3747749255699,0.19146051147229248,1.3234567981088594,3.8896922351510517,0.20314570742264706,29.0,5789.652661545441,26673.397421759255,1.0054444700473852,0.935908681465237,0.1266335711405231,0.9989473458301749,0.0027579559050792484,0.004536225500598611,0.0181039391410184,1.0030602660240142,0.3275238634994081
2.374774914662878,0.19146053147229247,1.323456790590058,3.8896922367252285,0.20314570662490863,29.0,5789.652638809896,26673.39740328027,1.0054444874467299,0.9359086808168515,0.1266335711405231,0.9989473458301749,0.0027579559050792484,0.004536215500598611,0.018103949141018403,1.0030602660240142,0.3275238634994081
2.3747749240133,0.191460591472292,1.3234567901699257,3.8896923056555175,0.2031457073058108,29.0,5789.6526582156075,26673.397418970548,1.0054444721274254,0.9359086813673876,0.1266335711405231,0.9989473458301749,0.0027579559050792484,0.004536215500598611,0.0181039391410184,1.0030602760240142,0.3275238634994081
2.374774907916801,0.19146051147229248,1.3234568108537892,3.8896922302428822,0.20314570605568044,29.0,5789.652622586893,26673.39740114833,1.0054444870977277,0.9359086807420467,0.1266335711405231,0.9989473458301749,0.0027579559050792484,0.004536215500598611,0.0181039391410184,1.0030602660240142,0.3275238734994081
2.3707277496092733,0.16884348182633538,1.3275201735320903,3.867091404967699,0.20283286350211713,29.0,5780.736609810338,26668.374025472927,1.0099579789259425,0.9357324219464185,0.12804803021474057,0.9989355879982736,0.002788761446777998,0.004586883669549699,0.018306154720713917,0.9998254388104509,0.32942516341832095
2.3707277419325856,0.16884349182633537,1.3275201738842712,3.8670914076431924,0.20283286292117467,29.0,5780.736593253478,26668.37401273423,1.0099579914453818,0.9357324214994467,0.12804804021474056,0.9989355879982736,0.002788761446777998,0.004586883669549699,0.018306154720713917,0.9998254388104509,0.32942516341832095
2.370727738189009,0.16884348182633538,1.327520174106155,3.8670913941214997,0.20283286263145522,29.0,5780.7365849964735,26668.374007754068,1.009957998352772,0.9357324213247041,0.12804803021474057,0.9989355979982737,0.002788761446777998,0.004586883669549699,0.018306154720713917,0.9998254388104509,0.32942516341832095
2.3707277262140827,0.16884349682633537,1.3275201896011657,3.867091412641584,0.20283286173216303,29.0,5780.736559366646,26668.373986542054,1.0099580169964069,0.9357324205804229,0.12804803021474057,0.9989355879982736,0.002788771446777998,0.004586883669549699,0.018306154720713917,0.9998254388104509,0.32942516341832095
2.3707277481016398,0.16884348182633538,1.3275201816036146,3.86709141153159,0.20283286338774278,29.0,5780.736606550669,26668.374023032073,1.0099579814312536,0.9357324218607744,0.12804803021474057,0.9989355879982736,0.002788761446777998,0.0045868936695496985,0.018306154720713917,0.9998254388104509,0.32942516341832095
2.3707277372083637,0.1688435018263354,1.3275201740841744,3.8670914131188736,0.2028328625661023,29.0,5780.736583133916,26668.37400449013,1.0099579989410261,0.9357324212101801,0.12804803021474057,0.9989355879982736,0.002788761446777998,0.004586883669549699,0.01830616472071392,0.9998254388104509,0.32942516341832095
2.3707277465465824,0.16884348182633538,1.3275201736644382,3.867091402037356,0.20283286326826674,29.0,5780.736603145602,26668.374020229458,1.009957983523547,0.9357324217624371,0.12804803021474057,0.9989355879982736,0.002788761446777998,0.004586883669549699,0.018306154720713917,0.999825448810451,0.32942516341832095
2.370727730535999,0.16884348182633538,1.3275201943241033,3.8670914066864377,0.2028328620034622,29.0,5780.736567098673,26668.374002413853,1.0099579985280696,0.9357324211373282,0.12804803021474057,0.9989355879982736,0.002788761446777998,0.004586883669549699,0.018306154720713917,0.9998254388104509,0.32942517341832095
2.3733969490148508,0.18329591495709346,1.3248388589723474,3.881531722944292,0.20303991492666304,29.0,5786.637575409896,26671.689972727443,1.0069770698852982,0.9358487709728928,0.12711448722575702,0.9989433481673284,0.0027684297892568233,0.004553442678041981,0.01817269243811488,1.0019604247714027,0.32817030547183845
2.3733969413335894,0.18329592495709346,1.324838859324732,3.8815317256154147,0.20303991435710153,29.0,5786.637559177394,26671.689960021125,1.0069770823497506,0.9358487705270571,0.12711449722575702,0.9989433481673284,0.0027684297892568233,0.004553442678041981,0.01817269243811488,1.0019604247714027,0.32817030547183845
2.373396937585763,0.18329591495709346,1.324838859546712,3.8815317120895685,0.20303991407351527,29.0,5786.637551095185,26671.689955052414,1.0069770892301249,0.9358487703527163,0.12711448722575702,0.9989433581673285,0.0027684297892568233,0.004553442678041981,0.01817269243811488,1.0019604247714027,0.32817030547183845
2.3733969255966016,0.18329592995709346,1.3248388750424738,3.8815317305961687,0.20303991319061487,29.0,5786.637525932524,26671.68993388034,1.006977107803382,0.9358487696098365,0.12711448722575702,0.9989433481673284,0.0027684397892568232,0.004553442678041981,0.01817269243811488,1.0019604247714027,0.32817030547183845
2.3733969475058863,0.18329591495709346,1.324838867043925,3.8815317295069045,0.20303991481454886,29.0,5786.637572214642,26671.689970292107,1.006977072380291,0.9358487708874423,0.12711448722575702,0.9989433481673284,0.0027684297892568233,0.004553452678041981,0.01817269243811488,1.0019604247714027,0.32817030547183845
2.3733969366035508,0.18329593495709345,1.3248388595249079,3.881531731085552,0.2030399140086801,29.0,5786.637549247383,26671.689951791763,1.0069770898171113,0.9358487702383075,0.12711448722575702,0.9989433481673284,0.0027684297892568233,0.004553442678041981,0.01817270243811488,1.0019604247714027,0.32817030547183845
2.3733969459498074,0.18329599495709298,1.3248388591049087,3.881531800011809,0.20303991469681393,29.0,5786.637568859197,26671.689967498674,1.0069770744644948,0.9358487707894272,0.12711448722575702,0.9989433481673284,0.0027684297892568233,0.004553442678041981,0.01817269243811488,1.0019604347714026,0.32817030547183845
2.373396929882591,0.18329591495709346,1.3248388797805306,3.8815317246202152,0.2030399134416784,29.0,5786.6375330878345,26671.689949678715,1.0069770894464158,0.9358487701641655,0.12711448722575702,0.9989433481673284,0.0027684297892568233,0.004553442678041981,0.01817269243811488,1.0019604247714027,0.32817031547183845
2.3707839943301305,0.16881750748161986,1.3274636164123457,3.8670651182240965,0.202837255439882,29.0,5780.861780036637,26668.444014832534,1.0098949993813164,0.9357348777134222,0.12802833171266653,0.9989357517440336,0.002788332432578786,0.0045861780379415715,0.018303338560042577,0.9998704887180353,0.32939868491422086
2.370783986653346,0.16881751748161986,1.3274636167645313,3.8670651208994973,0.20283725485917975,29.0,5780.861763486623,26668.444002094475,1.009895011899592,0.9357348772664728,0.12802834171266653,0.9989357517440336,0.002788332432578786,0.0045861780379415715,0.018303338560042577,0.9998704887180353,0.32939868491422086
2.3707839829096824,0.16881750748161986,1.3274636169864173,3.86706510737772,0.20283725456958976,29.0,5780.861755233308,26668.443997114584,1.0098950188064115,0.9357348770917397,0.12802833171266653,0.9989357617440336,0.002788332432578786,0.0045861780379415715,0.018303338560042577,0.9998704887180353,0.32939868491422086
2.370783970934455,0.16881752248161985,1.327463632481444,3.867065125897519,0.202837253670643,29.0,5780.861729613326,26668.4439759034,1.009895037448559,0.9357348763474876,0.12802833171266653,0.9989357517440336,0.002788342432578786,0.0045861780379415715,0.018303338560042577,0.9998704887180353,0.32939868491422086
2.37078399282247,0.16881750748161986,1.3274636244838716,3.8670651247879615,0.20283725532555552,29.0,5780.861776778333,26668.44401239177,1.0098950018864077,0.9357348776277814,0.12802833171266653,0.9989357517440336,0.002788332432578786,0.0045861880379415715,0.018303338560042577,0.9998704887180353,0.32939868491422086
2.370783981929004,0.16881752748161988,1.3274636169644407,3.867065126375065,0.20283725450424772,29.0,5780.86175337106,26668.44399385071,1.0098950193946388,0.9357348769772179,0.12802833171266653,0.9989357517440336,0.002788332432578786,0.0045861780379415715,0.01830334856004258,0.9998704887180353,0.32939868491422086
2.3707839912673894,0.16881750748161986,1.3274636165446987,3.867065115293708,0.202837255206116,29.0,5780.861773374306,26668.44400958934,1.0098950039785306,0.9357348775294505,0.12802833171266653,0.9989357517440336,0.002788332432578786,0.0045861780379415715,0.018303338560042577,0.9998704987180353,0.32939868491422086
2.370783975255621,0.16881750748161986,1.3274636372047002,3.867065119941941,0.20283725394151528,29.0,5780.861737333185,26668.44399177369,1.0098950189825737,0.93573487690434,0.12802833171266653,0.9989357517440336,0.002788332432578786,0.0045861780379415715,0.018303338560042577,0.9998704887180353,0.32939869491422086
2.372507736623756,0.17802098572848843,1.32573149275057,3.876260215102814,0.20297125020401144,29.0,5784.680630814326,26670.5865575396,1.0079683338631495,0.9358100546505123,0.12742519435130625,0.9989407653834083,0.0027751966879862905,0.004564572700407841,0.018217112119570295,1.0012498465132578,0.3285879544822485
2.3725077289440146,0.17802099572848842,1.3257314931028865,3.87626021777539,0.20297124963066115,29.0,5784.680614473843,26670.5865448225,1.0079683463458802,0.9358100542042983,0.12742520435130625,0.9989407653834083,0.0027751966879862905,0.004564572700407841,0.018217112119570295,1.0012498465132578,0.3285879544822485
2.372507725197607,0.17802098572848843,1.3257314933248354,3.8762602042509307,0.20297124934503272,29.0,5784.6806063334325,26670.586539850006,1.0079683532352361,0.9358100540298248,0.12742519435130625,0.9989407753834083,0.0027751966879862905,0.004564572700407841,0.018217112119570295,1.0012498465132578,0.3285879544822485
2.3725077132131873,0.17802100072848842,1.3257315088203476,3.8762602227620233,0.20297124845667344,29.0,5784.680581015193,26670.58651866463,1.0079683718318893,0.9358100532864783,0.12742519435130625,0.9989407653834083,0.0027752066879862904,0.004564572700407841,0.018217112119570295,1.0012498465132578,0.3285879544822485
2.3725077351152333,0.17802098572848843,1.3257315008221295,3.8762602216658513,0.2029712500911446,29.0,5784.680627597621,26670.586555102425,1.0079683363615735,0.9358100545649973,0.12742519435130625,0.9989407653834083,0.0027751966879862905,0.004564582700407841,0.018217112119570295,1.0012498465132578,0.3285879544822485
2.3725077242159145,0.17802100572848845,1.3257314933029725,3.8762602232473755,0.20297124928002477,29.0,5784.680604480706,26670.58653658824,1.0079683538226443,0.9358100539153767,0.12742519435130625,0.9989407653834083,0.0027751966879862905,0.004564572700407841,0.018217122119570297,1.0012498465132578,0.3285879544822485
2.372507733559492,0.17802106572848794,1.3257314928830604,3.87626029217104,0.2029712499728296,29.0,5784.680624225643,26670.586552305926,1.0079683384484655,0.9358100544668746,0.12742519435130625,0.9989407653834083,0.0027751966879862905,0.004564572700407841,0.018217112119570295,1.0012498565132577,0.3285879544822485
2.372507717511152,0.17802098572848843,1.325731513553365,3.876260216793005,0.20297124871446895,29.0,5784.680588362365,26670.586534487415,1.0079683534379051,0.9358100538416637,0.12742519435130625,0.9989407653834083,0.0027751966879862905,0.004564572700407841,0.018217112119570295,1.0012498465132578,0.3285879644822485
2.3708211089222204,0.1688003684554121,1.327426297023416,3.8670477744010485,0.20284015289341925,29.0,5780.944357462448,26668.490196442574,1.009853444571091,0.9357364981207921,0.1280153337661544,0.9989358597907583,0.0027880493499569015,0.00458571243086824,0.018301480332161182,0.9999002146478019,0.3293812132212606
2.370821101245377,0.1688003784554121,1.3274262973756046,3.8670477770763934,0.20284015231287558,29.0,5780.944340916954,26668.490183705035,1.0098534570885997,0.9357364976738609,0.1280153437661544,0.9989358597907583,0.0027880493499569015,0.00458571243086824,0.018301480332161182,0.9999002146478019,0.3293812132212606
2.3708210975016493,0.1688003684554121,1.327426297597492,3.8670477635545533,0.20284015202337066,29.0,5780.944332666064,26668.490178725257,1.0098534639950418,0.9357364974991318,0.1280153337661544,0.9989358697907583,0.0027880493499569015,0.00458571243086824,0.018301480332161182,0.9999002146478019,0.3293812132212606
2.370821085526231,0.16880038345541212,1.3274263130925292,3.867047782074172,0.2028401511246524,29.0,5780.944307052593,26668.49015751465,1.0098534826362064,0.9357364967549,0.1280153337661544,0.9989358597907583,0.0027880593499569014,0.00458571243086824,0.018301480332161182,0.9999002146478019,0.3293812132212606
2.3708211074145455,0.1688003684554121,1.327426305094943,3.8670477809649006,0.20284015277912434,29.0,5780.944354205044,26668.49019400193,1.0098534470760365,0.9357364980351555,0.1280153337661544,0.9989358597907583,0.0027880493499569015,0.00458572243086824,0.018301480332161182,0.9999002146478019,0.3293812132212606
2.3708210965209564,0.1688003884554121,1.327426297575518,3.8670477825518863,0.20284015195803629,29.0,5780.9443308040345,26668.490175461462,1.0098534645832509,0.9357364973846127,0.1280153337661544,0.9989358597907583,0.0027880493499569015,0.00458571243086824,0.018301490332161184,0.9999002146478019,0.3293812132212606
2.3708211058594455,0.1688003684554121,1.3274262971557718,3.867047771470629,0.20284015265970887,29.0,5780.944350801703,26668.490191199606,1.0098534491680502,0.9357364979368282,0.1280153337661544,0.9989358597907583,0.0027880493499569015,0.00458571243086824,0.018301480332161182,0.9999002246478019,0.3293812132212606
2.3708210898468915,0.1688003684554121,1.327426317815995,3.867047776118299,0.20284015139524242,29.0,5780.944314764409,26668.490173383896,1.009853464171776,0.9357364973117156,0.1280153337661544,0.9989358597907583,0.0027880493499569015,0.00458571243086824,0.018301480332161182,0.9999002146478019,0.3293812232212606
2.3719339466077876,0.17461455969766276,1.3263078163315747,3.872856322637025,0.20292677693202762,29.0,5783.4131425627875,26669.873882570868,1.0086089243107383,0.9357850485112585,0.12762584175235464,0.9989390974819072,0.0027795665930562983,0.004571760208764377,0.018245797311851195,1.0007909716790027,0.3288576624535126
2.37193393892904,0.17461456969766276,1.326307816683849,3.872856325310552,0.2029267763562319,29.0,5783.413126152609,26669.873869846815,1.008608936805281,0.9357850480648006,0.12762585175235464,0.9989390974819072,0.0027795665930562983,0.004571760208764377,0.018245797311851195,1.0007909716790027,0.3288576624535126
2.3719339351835433,0.17461455969766276,1.3263078169057763,3.8728563117869825,0.202926776069285,29.0,5783.413117974623,26669.873864871835,1.0086089437004429,0.9357850478902399,0.12762584175235464,0.9989391074819073,0.0027795665930562983,0.004571760208764377,0.018245797311851195,1.0007909716790027,0.3288576624535126
2.371933923202179,0.17461457469766276,1.3263078324011275,3.8728563303009693,0.2029267751774019,29.0,5783.413092555954,26669.873843677862,1.0086089623122223,0.9357850471465916,0.12762584175235464,0.9989390974819072,0.0027795765930562983,0.004571760208764377,0.018245797311851195,1.0007909716790027,0.3288576624535126
2.371933945099553,0.17461455969766276,1.3263078244031234,3.8728563292003395,0.2029267768186752,29.0,5783.413139332243,26669.87388013248,1.0086089268113778,0.9357850484257011,0.12762584175235464,0.9989390974819072,0.0027795665930562983,0.004571770208764377,0.018245797311851195,1.0007909716790027,0.3288576624535126
2.371933934202184,0.17461457969766278,1.3263078168838753,3.872856330783722,0.20292677600416548,29.0,5783.413116118716,26669.873861609365,1.0086089442881248,0.9357850477757672,0.12762584175235464,0.9989390974819072,0.0027795665930562983,0.004571760208764377,0.018245807311851197,1.0007909716790027,0.3288576624535126
2.3719339435440348,0.17461463969766228,1.3263078164640199,3.872856399705717,0.20292677669998613,29.0,5783.413135949605,26669.87387733403,1.0086089289000073,0.9357850483275099,0.12762584175235464,0.9989390974819072,0.0027795665930562983,0.004571760208764377,0.018245797311851195,1.0007909816790026,0.3288576624535126
2.371933927507871,0.17461455969766276,1.326307837130894,3.8728563243364276,0.20292677543954651,29.0,5783.413100027075,26669.873859516454,1.0086089438943044,0.9357850477023317,0.12762584175235464,0.9989390974819072,0.0027795665930562983,0.004571760208764377,0.018245797311851195,1.0007909716790027,0.3288576724535126
2.370845867283147,0.16878893574588155,1.327401402642753,3.8670362056717815,0.20284208542080615,29.0,5780.9994344929755,26668.52100200341,1.0098257259745096,0.9357375790176635,0.1280066633933359,0.9989359318640957,0.0027878605176772883,0.004585401844352982,0.018300240788014854,0.9999200435410207,0.3293695586040029
2.370845859606256,0.16878894574588155,1.327401402994943,3.8670362083470806,0.2028420848403678,29.0,5780.999417950483,26668.520989266148,1.0098257384915093,0.935737578570742,0.1280066733933359,0.9989359318640957,0.0027878605176772883,0.004585401844352982,0.018300240788014854,0.9999200435410207,0.3293695586040029
2.3708458558624943,0.16878893574588155,1.327401403216832,3.8670361948252077,0.20284208455092015,29.0,5780.999409701224,26668.5209842865,1.0098257453976993,0.9357375783960176,0.1280066633933359,0.9989359418640957,0.0027878605176772883,0.004585401844352982,0.018300240788014854,0.9999200435410207,0.3293695586040029
2.370845843886938,0.16878895074588157,1.327401418711876,3.867036213344696,0.20284208365235368,29.0,5780.99938409208,26668.52096307624,1.0098257640382102,0.9357375776517979,0.1280066633933359,0.9989359318640957,0.002787870517677288,0.004585401844352982,0.018300240788014854,0.9999200435410207,0.3293695586040029
2.370845865775458,0.16878893574588155,1.3274014107142804,3.86703621223562,0.20284208530653217,29.0,5780.999431236167,26668.520999562796,1.009825728479362,0.9357375789320279,0.1280066633933359,0.9989359318640957,0.0027878605176772883,0.004585411844352982,0.018300240788014854,0.9999200435410207,0.3293695586040029
2.370845854881787,0.16878895574588154,1.3274014031948593,3.867036213822528,0.2028420844855905,29.0,5780.999407839329,26668.520981022742,1.009825745985895,0.9357375782814997,0.1280066633933359,0.9989359318640957,0.0027878605176772883,0.004585401844352982,0.018300250788014855,0.9999200435410207,0.3293695586040029
2.37084586422035,0.16878893574588155,1.3274014027751107,3.867036202741342,0.2028420851871328,29.0,5780.999427833284,26668.520996760577,1.0098257305712979,0.9357375788337045,0.1280066633933359,0.9989359318640957,0.0027878605176772883,0.004585401844352982,0.018300240788014854,0.9999200535410208,0.3293695586040029
2.370845848207267,0.16878893574588155,1.3274014234354818,3.8670362073886304,0.20284208392275555,29.0,5780.999391798533,26668.520978944838,1.0098257455748163,0.9357375782085908,0.1280066633933359,0.9989359318640957,0.0027878605176772883,0.004585401844352982,0.018300240788014854,0.9999200435410207,0.3293695686040029
2.371563859544918,0.17241636598563329,1.3266796731944592,3.8706598987250107,0.20289802336515136,29.0,5782.593665906814,26669.41393974734,1.0090224922425233,0.9357689101665734,0.12775532111028828,0.9989380211718514,0.002782386527427435,0.004576398364864503,0.01826430809374684,1.0004948561120888,0.32903170714467933
2.3715638518668003,0.17241637598563328,1.3266796735467046,3.8706599013991383,0.2028980227877769,29.0,5782.593649451642,26669.4139270188,1.0090225047446961,0.9357689097199579,0.12775533111028828,0.9989380211718514,0.002782386527427435,0.004576398364864503,0.01826430809374684,1.0004948561120888,0.32903170714467933
2.3715638481218924,0.17241636598563329,1.326679673768619,3.870659887876145,0.20289802249997946,29.0,5782.593641249415,26669.413922042248,1.0090225116436076,0.935768909545342,0.12775532111028828,0.9989380311718514,0.002782386527427435,0.004576398364864503,0.01826430809374684,1.0004948561120888,0.32903170714467933
2.3715638361425055,0.17241638098563328,1.326679689263866,3.870659906392005,0.2028980216058236,29.0,5782.593615765973,26669.413900842712,1.0090225302651503,0.9357689088014987,0.12775532111028828,0.9989380211718514,0.002782396527427435,0.004576398364864503,0.01826430809374684,1.0004948561120888,0.32903170714467933
2.3715638580368683,0.17241636598563329,1.3266796812660007,3.8706599052885027,0.20289802325148557,29.0,5782.593662667338,26669.4139373082,1.0090224947445934,0.9357689100809895,0.12775532111028828,0.9989380211718514,0.002782386527427435,0.004576408364864503,0.01826430809374684,1.0004948561120888,0.32903170714467933
2.371563847140758,0.1724163859856333,1.3266796737466944,3.870659906873086,0.20289802243478874,29.0,5782.593639391479,26669.413918779315,1.0090225122314629,0.9357689094308531,0.12775532111028828,0.9989380211718514,0.002782386527427435,0.004576398364864503,0.018264318093746842,1.0004948561120888,0.32903170714467933
2.37156385648149,0.1724164459856328,1.3266796733268746,3.8706599757939975,0.20289802313255492,29.0,5782.593659277815,26669.413934508466,1.0090224968343477,0.9357689099827532,0.12775532111028828,0.9989380211718514,0.002782386527427435,0.004576398364864503,0.01826430809374684,1.0004948661120887,0.32903170714467933
2.3715638404531756,0.17241636598563329,1.326679693991537,3.870659900430346,0.20289802187077513,29.0,5782.593623317091,26669.413916691494,1.0090225118317797,0.9357689093575963,0.12775532111028828,0.9989380211718514,0.002782386527427435,0.004576398364864503,0.01826430809374684,1.0004948561120888,0.3290317171446793
2.3708626715313645,0.1687811761902956,1.3273845063455054,3.8670283540671657,0.20284339694757395,29.0,5781.036813005858,26668.541910114473,1.0098069133181575,0.9357383126355955,0.12800077867811102,0.998935980781377,0.0027877323543083017,0.004585191044513892,0.018299399490361048,0.9999335017154568,0.32936164843623356
2.370862663854452,0.16878118619029558,1.327384506697697,3.867028356742445,0.20284339636720783,29.0,5781.036796465423,26668.541897377436,1.0098069258348061,0.935738312188682,0.12800078867811102,0.998935980781377,0.0027877323543083017,0.004585191044513892,0.018299399490361048,0.9999335017154568,0.32936164843623356
2.3708626601106606,0.1687811761902956,1.3273845069195858,3.867028343220542,0.20284339607779855,29.0,5781.036788217259,26668.54189239787,1.0098069327408272,0.9357383120139603,0.12800077867811102,0.9989359907813771,0.0027877323543083017,0.004585191044513892,0.018299399490361048,0.9999335017154568,0.32936164843623356
2.3708626481350126,0.16878119119029558,1.3273845224146348,3.8670283617399432,0.2028433951793352,29.0,5781.036762611053,26668.541871187863,1.0098069513808945,0.9357383112697496,0.12800077867811102,0.998935980781377,0.0027877423543083016,0.004585191044513892,0.018299399490361048,0.9999335017154568,0.32936164843623356
2.3708626700236706,0.1687811761902956,1.3273845144170329,3.867028360630999,0.20284339683331443,29.0,5781.036809749461,26668.541907673927,1.0098069158229417,0.9357383125499623,0.12800077867811102,0.998935980781377,0.0027877323543083017,0.004585201044513892,0.018299399490361048,0.9999335017154568,0.32936164843623356
2.3708626591299384,0.16878119619029558,1.3273845068976144,3.8670283622178485,0.20284339601247195,29.0,5781.03678635545,26668.54188913409,1.0098069333290156,0.9357383118994417,0.12800077867811102,0.998935980781377,0.0027877323543083017,0.004585191044513892,0.01829940949036105,0.9999335017154568,0.32936164843623356
2.370862668468559,0.1687811761902956,1.3273845064778647,3.867028351136719,0.20284339671392618,29.0,5781.036806346896,26668.541904871767,1.0098069179148266,0.935738312451641,0.12800077867811102,0.998935980781377,0.0027877323543083017,0.004585191044513892,0.018299399490361048,0.9999335117154569,0.32936164843623356
2.370862652455119,0.1687811761902956,1.3273845271383362,3.8670283557837513,0.20284339544960975,29.0,5781.036770313878,26668.541887055973,1.0098069329182018,0.9357383118265253,0.12800077867811102,0.998935980781377,0.0027877323543083017,0.004585191044513892,0.018299399490361048,0.9999335017154568,0.32936165843623355
2.371325397439955,0.1709995261212612,1.3269193320481247,3.869244255609341,0.20287946763874903,29.0,5782.064827704347,26669.117464866158,1.0092891353065996,0.9357585075391635,0.127838776683348,0.99893732743909,0.0027842041085669295,0.004579387875945295,0.018276239168595672,1.000303995617234,0.32914388718380777
2.371325389762247,0.1709995361212612,1.3269193324003519,3.86924425828386,0.20287946706035734,29.0,5782.064811220184,26669.117452134735,1.0092891478136934,0.9357585070924468,0.127838786683348,0.99893732743909,0.0027842041085669295,0.004579387875945295,0.018276239168595672,1.000303995617234,0.32914388718380777
2.371325386017716,0.1709995261212612,1.3269193326222575,3.869244244761235,0.20287946677201163,29.0,5782.064803002331,26669.117447157143,1.009289154715021,0.9357585069177945,0.127838776683348,0.9989373374390901,0.0027842041085669295,0.004579387875945295,0.018276239168595672,1.000303995617234,0.32914388718380777
2.3713253740396016,0.1709995411212612,1.3269193481174373,3.8692442632783,0.20287946587639105,29.0,5782.064777477145,26669.117425954064,1.0092891733428613,0.9357585061738268,0.127838776683348,0.99893732743909,0.0027842141085669295,0.004579387875945295,0.018276239168595672,1.000303995617234,0.32914388718380777
2.371325395932026,0.1709995261212612,1.3269193401196617,3.8692442621729493,0.20287946752488129,29.0,5782.064824459117,26669.11746242654,1.0092891378095934,0.9357585074535628,0.127838776683348,0.99893732743909,0.0027842041085669295,0.004579397875945295,0.018276239168595672,1.000303995617234,0.32914388718380777
2.3713253850367235,0.1709995461212612,1.3269193326003168,3.8692442637583015,0.20287946670677476,29.0,5782.06480114308,26669.117443893934,1.0092891553029892,0.935758506803296,0.127838776683348,0.99893732743909,0.0027842041085669295,0.004579387875945295,0.018276249168595673,1.000303995617234,0.32914388718380777
2.371325394376734,0.17099960612126072,1.326919332180521,3.869244332678516,0.2028794674057948,29.0,5782.064821065152,26669.117459625973,1.0092891399000725,0.9357585073552973,0.127838776683348,0.99893732743909,0.0027842041085669295,0.004579387875945295,0.018276239168595672,1.0003040056172339,0.32914388718380777
2.371325378353483,0.1709995261212612,1.326919352843758,3.869244257318502,0.20287946614315236,29.0,5782.064785079842,26669.11744180941,1.0092891548995238,0.9357585067301547,0.127838776683348,0.99893732743909,0.0027842041085669295,0.004579387875945295,0.018276239168595672,1.000303995617234,0.32914389718380777
2.3708744085230915,0.168775756580463,1.3273727051920896,3.867022870295644,0.20284431292229327,29.0,5781.062918285358,26668.55651319902,1.0097937739265372,0.935738825024527,0.127996668538021,0.9989360149473258,0.0027876428394582515,0.004585043812772593,0.018298811891627312,0.9999429014876079,0.3293561236323263
2.370874400846157,0.168775766580463,1.3273727055442823,3.867022872970902,0.20284431234197714,29.0,5781.062901746349,26668.55650046211,1.0097937864429436,0.9357388245776179,0.127996678538021,0.9989360149473258,0.0027876428394582515,0.004585043812772593,0.018298811891627312,0.9999429014876079,0.3293561236323263
2.370874397102345,0.168775756580463,1.3273727057661717,3.8670228594489795,0.20284431205259484,29.0,5781.062893498953,26668.556495482568,1.0097937933488461,0.9357388244028971,0.127996668538021,0.9989360249473258,0.0027876428394582515,0.004585043812772593,0.018298811891627312,0.9999429014876079,0.3293561236323263
2.370874385126639,0.168775771580463,1.3273727212612239,3.867022877968326,0.2028443111542038,29.0,5781.062867894808,26668.556474272773,1.009793811988602,0.9357388236586938,0.127996668538021,0.9989360149473258,0.0027876528394582514,0.004585043812772593,0.018298811891627312,0.9999429014876079,0.3293561236323263
2.3708744070153887,0.168775756580463,1.327372713263617,3.8670228768594685,0.2028443128080436,29.0,5781.0629150292425,26668.55651075846,1.0097937764312777,0.9357388249388933,0.127996668538021,0.9989360149473258,0.0027876428394582515,0.004585053812772593,0.018298811891627312,0.9999429014876079,0.3293561236323263
2.3708743961216183,0.16877577658046303,1.327372705744201,3.8670228784462823,0.20284431198727063,29.0,5781.0628916372125,26668.55649221884,1.0097937939370296,0.9357388242883803,0.127996668538021,0.9989360149473258,0.0027876428394582515,0.004585043812772593,0.018298821891627313,0.9999429014876079,0.3293561236323263
2.370874405460274,0.168775756580463,1.3273727053244495,3.8670228673651863,0.2028443126886631,29.0,5781.062911626898,26668.556507956353,1.0097937785231255,0.9357388248405738,0.127996668538021,0.9989360149473258,0.0027876428394582515,0.004585043812772593,0.018298811891627312,0.9999429114876079,0.3293561236323263
2.370874389446582,0.168775756580463,1.3273727259849915,3.8670228720120363,0.20284431142438888,29.0,5781.062875595083,26668.55649014052,1.0097937935264039,0.9357388242154568,0.127996668538021,0.9989360149473258,0.0027876428394582515,0.004585043812772593,0.018298811891627312,0.9999429014876079,0.3293561336323263
2.371172037139784,0.17008813652368335,1.3270734853636599,3.8683336590271273,0.20286752217385656,29.0,5781.724381954912,26668.92674758667,1.0094606875647671,0.9357518157047954,0.12789245991393683,0.9989368811918902,0.0027853732770699788,0.004581310894466576,0.018283913894426428,1.000181223613161,0.32921604757630407
2.371172029462337,0.17008814652368334,1.3270734857158755,3.8683336617018957,0.20286752159481042,29.0,5781.724365452097,26668.92673485336,1.0094607000750269,0.9357518152580127,0.12789246991393682,0.9989368811918902,0.0027853732770699788,0.004581310894466576,0.018283913894426428,1.000181223613161,0.32921604757630407
2.3711720257180544,0.17008813652368335,1.3270734859377753,3.868333648179513,0.20286752130611244,29.0,5781.724357224204,26668.926729875122,1.0094607069779096,0.9357518150833376,0.12789245991393683,0.9989368911918902,0.0027853732770699788,0.004581310894466576,0.018283913894426428,1.000181223613161,0.32921604757630407
2.37117201374076,0.17008815152368334,1.3270735014329116,3.868333666697355,0.2028675204095499,29.0,5781.7243316721715,26668.92670866976,1.0094607256097996,0.9357518143392898,0.12789245991393683,0.9989368811918902,0.0027853832770699787,0.004581310894466576,0.018283913894426428,1.000181223613161,0.32921604757630407
2.37117203563193,0.17008813652368335,1.3270734934351935,3.8683336655908067,0.20286752205985878,29.0,5781.724378705975,26668.926745146717,1.009460690068355,0.9357518156191831,0.12789245991393683,0.9989368811918902,0.0027853732770699788,0.004581320894466576,0.018283913894426428,1.000181223613161,0.32921604757630407
2.3711720247371506,0.17008815652368334,1.3270734859158244,3.868333667176658,0.2028675212408458,29.0,5781.724355364106,26668.926726611724,1.0094607075659516,0.9357518149688324,0.12789245991393683,0.9989368811918902,0.0027853732770699788,0.004581310894466576,0.01828392389442643,1.000181223613161,0.32921604757630407
2.3711720340767006,0.17008821652368286,1.3270734854960435,3.868333736096427,0.20286752194067253,29.0,5781.724375309167,26668.92674234562,1.0094606921592983,0.9357518155208989,0.12789245991393683,0.9989368811918902,0.0027853732770699788,0.004581310894466576,0.018283913894426428,1.000181233613161,0.32921604757630407
2.371172018056702,0.17008813652368335,1.327073506158364,3.8683336607387493,0.2028675206774751,29.0,5781.724339308041,26668.92672452932,1.0094607071600503,0.9357518148957656,0.12789245991393683,0.9989368811918902,0.0027853732770699788,0.004581310894466576,0.018283913894426428,1.000181223613161,0.32921605757630407
2.370883029337939,0.16877177592235126,1.327364037318776,3.867018842579066,0.20284498567061313,29.0,5781.082091612474,26668.567239018324,1.0097841232489615,0.935739201369064,0.12799364967448743,0.9989360400419295,0.0027875770915492724,0.00458493567228953,0.018298380305269958,0.9999498055416668,0.3293520657100462
2.3708830216609886,0.16877178592235126,1.3273640376709692,3.867018845254309,0.20284498509033372,29.0,5781.082075074511,26668.56722628152,1.0097841357651907,0.9357392009221586,0.12799365967448742,0.9989360400419295,0.0027875770915492724,0.00458493567228953,0.018298380305269958,0.9999498055416668,0.3293520657100462
2.370883017917164,0.16877177592235126,1.3273640378928586,3.8670188317323735,0.2028449848009712,29.0,5781.082066827679,26668.567221302033,1.0097841426710057,0.9357392007474398,0.12799364967448743,0.9989360500419295,0.0027875770915492724,0.00458493567228953,0.018298380305269958,0.9999498055416668,0.3293520657100462
2.370883005941415,0.16877179092235126,1.3273640533879136,3.8670188502516796,0.20284498390263336,29.0,5781.0820412250505,26668.567200092362,1.0097841613105332,0.9357392000032407,0.12799364967448743,0.9989360400419295,0.0027875870915492723,0.00458493567228953,0.018298380305269958,0.9999498055416668,0.3293520657100462
2.3708830278302315,0.16877177592235126,1.3273640453903042,3.867018849142887,0.2028449855563707,29.0,5781.082088356565,26668.567236577772,1.0097841257536693,0.9357392012834306,0.12799364967448743,0.9989360400419295,0.0027875770915492724,0.00458494567228953,0.018298380305269958,0.9999498055416668,0.3293520657100462
2.370883016936434,0.16877179592235125,1.3273640378708893,3.8670188507296746,0.20284498473564885,29.0,5781.082064965993,26668.56721803829,1.0097841432591843,0.9357392006329225,0.12799364967448743,0.9989360400419295,0.0027875770915492724,0.00458493567228953,0.01829839030526996,0.9999498055416668,0.3293520657100462
2.3708830262751084,0.16877177592235126,1.3273640374511364,3.867018839648596,0.2028449854369955,29.0,5781.082084954372,26668.567233775688,1.0097841278454918,0.9357392011851119,0.12799364967448743,0.9989360400419295,0.0027875770915492724,0.00458493567228953,0.018298380305269958,0.9999498155416668,0.3293520657100462
2.370883010261243,0.16877177592235126,1.3273640581117299,3.867018844295324,0.2028449841727531,29.0,5781.082048923463,26668.56721595988,1.0097841428486944,0.9357392005599958,0.12799364967448743,0.9989360400419295,0.0027875770915492724,0.00458493567228953,0.018298380305269958,0.9999498055416668,0.3293520757100462
2.371073764602978,0.16950404499256316,1.327172275675922,3.8677500852714632,0.20285986269448328,29.0,5781.506086792773,26668.80451725592,1.009570645480499,0.9357475269212604,0.12792686443252402,0.9989365952009036,0.0027861225739929385,0.004582543318926381,0.01828883247411323,1.000102541468853,0.3292622937417764
2.3710737569257017,0.16950405499256316,1.3271722760281301,3.867750087946395,0.20285986211501794,29.0,5781.506070278011,26668.80450452144,1.0095706579927874,0.9357475264744365,0.127926874432524,0.9989365952009036,0.0027861225739929385,0.004582543318926381,0.01828883247411323,1.000102541468853,0.3292622937417764
2.37107375318157,0.16950404499256316,1.3271722762500264,3.8677500744241597,0.20285986182609378,29.0,5781.5060620436725,26668.80449954275,1.0095706648966674,0.9357475262997457,0.12792686443252402,0.9989366052009037,0.0027861225739929385,0.004582543318926381,0.01828883247411323,1.000102541468853,0.3292622937417764
2.3710737412047975,0.16950405999256318,1.3271722917451345,3.8677500929424955,0.20285986092892735,29.0,5781.5060364744295,26668.80447833591,1.009570683531155,0.935747525555646,0.12792686443252402,0.9989365952009036,0.0027861325739929384,0.004582543318926381,0.01828883247411323,1.000102541468853,0.3292622937417764
2.371073763095173,0.16950404499256316,1.327172283747454,3.86775009183519,0.20285986258040228,29.0,5781.506083541465,26668.804514815765,1.0095706479844675,0.9357475268356409,0.12792686443252402,0.9989365952009036,0.0027861225739929385,0.004582553318926381,0.01828883247411323,1.000102541468853,0.3292622937417764
2.371073752200728,0.1695040649925632,1.3271722762280689,3.86775009342136,0.2028598617608083,29.0,5781.506060183036,26668.804496279256,1.0095706654847563,0.935747526185237,0.12792686443252402,0.9989365952009036,0.0027861225739929385,0.004582543318926381,0.01828884247411323,1.000102541468853,0.3292622937417764
2.3710737615399804,0.16950412499256268,1.327172275808298,3.8677501623408412,0.20285986246115176,29.0,5781.506080142825,26668.804512014347,1.0095706500757107,0.9357475267373455,0.12792686443252402,0.9989365952009036,0.0027861225739929385,0.004582543318926381,0.01828883247411323,1.0001025514688529,0.3292622937417764
2.371073745522063,0.16950404499256316,1.3271722964700312,3.8677500869846577,0.2028598611975988,29.0,5781.506044131565,26668.804494198186,1.0095706650772962,0.935747526112217,0.12792686443252402,0.9989365952009036,0.0027861225739929385,0.004582543318926381,0.01828883247411323,1.000102541468853,0.3292623037417764
2.3708900161566047,0.1687685497879346,1.3273570124035599,3.8670155783480995,0.20284553088412927,29.0,5781.097630197684,26668.575931770607,1.0097763018924255,0.935739506377916,0.1279912030289149,0.9989360603799144,0.002787523805990446,0.004584848029562007,0.018298030525017016,0.9999554009497095,0.32934877695668924
2.3708900084796447,0.1687685597879346,1.327357012755754,3.8670155810233333,0.2028455303038798,29.0,5781.097613660574,26668.575919033905,1.0097763144085097,0.9357395059310142,0.1279912130289149,0.9989360603799144,0.002787523805990446,0.004584848029562007,0.018298030525017016,0.9999554009497095,0.32934877695668924
2.37089000473581,0.1687685497879346,1.3273570129776435,3.8670155675013884,0.20284553001453345,29.0,5781.097605414204,26668.575914054436,1.0097763213142543,0.935739505756296,0.1279912030289149,0.9989360703799145,0.002787523805990446,0.004584848029562007,0.018298030525017016,0.9999554009497095,0.32934877695668924
2.370889992760021,0.1687685647879346,1.3273570284727008,3.8670155860206563,0.20284552911623824,29.0,5781.09757981279,26668.575892844878,1.0097763399535966,0.935739505012101,0.1279912030289149,0.9989360603799144,0.002787533805990446,0.004584848029562007,0.018298030525017016,0.9999554009497095,0.32934877695668924
2.3708900146488974,0.1687685497879346,1.327357020475088,3.86701558491192,0.20284553076989287,29.0,5781.097626941947,26668.575929330116,1.009776304397105,0.9357395062922848,0.1279912030289149,0.9989360603799144,0.002787523805990446,0.004584858029562007,0.018298030525017016,0.9999554009497095,0.32934877695668924
2.370890003755071,0.16876856978793459,1.3273570129556742,3.86701558649868,0.20284552994921207,29.0,5781.097603552544,26668.575910790707,1.00977632190243,0.9357395056417792,0.1279912030289149,0.9989360603799144,0.002787523805990446,0.004584848029562007,0.018298040525017017,0.9999554009497095,0.32934877695668924
2.370890013093772,0.1687685497879346,1.3273570125359213,3.867015575417628,0.20284553065052233,29.0,5781.097623539887,26668.575926528043,1.0097763064889065,0.9357395061939664,0.1279912030289149,0.9989360603799144,0.002787523805990446,0.004584848029562007,0.018298030525017016,0.9999554109497095,0.32934877695668924
2.370889997079756,0.1687685497879346,1.3273570331965567,3.8670155800642476,0.202845529386305,29.0,5781.097587509693,26668.575908712213,1.009776321492051,0.9357395055688495,0.1279912030289149,0.9989360603799144,0.002787523805990446,0.004584848029562007,0.018298030525017016,0.9999554009497095,0.32934878695668923
2.371011286135704,0.16913266720619938,1.327235087233561,3.8673790405754644,0.20285499106408447,29.0,5781.367245326407,26668.726799234973,1.00964056452992,0.935744799973157,0.12794873955529693,0.9989364133617673,0.0027865989928720913,0.004583326920542493,0.018291959811420518,1.0000525136923442,0.32929169803484676
2.3710112784585307,0.16913267720619937,1.327235087585764,3.867379043250494,0.20285499048435224,29.0,5781.367228804039,26668.726786499705,1.0096405770434997,0.9357447995263054,0.12794874955529692,0.9989364133617673,0.0027865989928720913,0.004583326920542493,0.018291959811420518,1.0000525136923442,0.32929169803484676
2.3710112747145025,0.16913266720619938,1.327235087807658,3.86737902972836,0.2028549901952846,29.0,5781.367220565611,26668.72678152078,1.0096405839480154,0.9357447993516064,0.12794873955529693,0.9989364233617674,0.0027865989928720913,0.004583326920542493,0.018291959811420518,1.0000525136923442,0.32929169803484676
2.371011262738061,0.16913268220619937,1.3272351033027492,3.8673790482470096,0.20285498929773424,29.0,5781.367194985426,26668.72676031299,1.0096406025841527,0.9357447986074734,0.12794873955529693,0.9989364133617673,0.0027866089928720913,0.004583326920542493,0.018291959811420518,1.0000525136923442,0.32929169803484676
2.371011284627933,0.16913266720619938,1.3272350953050915,3.8673790471392238,0.20285499094995071,29.0,5781.367242073596,26668.726796794715,1.0096405670341297,0.9357447998875339,0.12794873955529693,0.9989364133617673,0.0027865989928720913,0.004583336920542493,0.018291959811420518,1.0000525136923442,0.32929169803484676
2.3710112737336932,0.16913268720619937,1.3272350877856969,3.8673790487255895,0.20285499012998678,29.0,5781.367218704623,26668.726778257194,1.0096405845361327,0.9357447992370945,0.12794873955529693,0.9989364133617673,0.0027865989928720913,0.004583326920542493,0.01829196981142052,1.0000525136923442,0.32929169803484676
2.371011283072759,0.1691327472061989,1.3272350873659322,3.8673791176448904,0.20285499083065917,29.0,5781.367238673786,26668.726793993035,1.0096405691255652,0.9357447997892293,0.12794873955529693,0.9989364133617673,0.0027865989928720913,0.004583326920542493,0.018291959811420518,1.000052523692344,0.32929169803484676
2.3710112670561703,0.16913266720619938,1.3272351080272917,3.8673790422896612,0.2028549895668803,29.0,5781.367202656089,26668.726776177005,1.0096405841276783,0.9357447991641055,0.12794873955529693,0.9989364133617673,0.0027865989928720913,0.004583326920542493,0.018291959811420518,1.0000525136923442,0.32929170803484675
