day,S_s,V_s,E_s,I_s,Q_s,R_s,S_t,V_t,E_t,I_t,Q_t,R_t,S_l,V_l,E_l,I_l,Q_l,R_l,N_s,N_t,N_l,S,V,E,I,Q,R,N
0.0,18195.0,7800.0,2.0,3.0,0.0,0.0,1020.0,680.0,0.0,0.0,0.0,0.0,480.0,320.0,0.0,0.0,0.0,0.0,26000.0,1700.0,800.0,19695.0,8800.0,2.0,3.0,0.0,0.0,28500.0
1.0,18151.904884941803,7788.540705374284,38.424666224499816,14.786562777684857,1.2405989885777906,5.102581693153301,1019.6100247720683,679.8193009409428,0.3968033876181456,0.1335746899018981,0.008012185916768281,0.03228402355197201,479.95042469537265,319.9793432230364,0.04893550868075577,0.016379537034325438,0.0009777719355006825,0.0039392639404765405,26000.0,1700.0,800.0,19651.465334409244,8788.339349538262,38.870405120798715,14.93651700462108,1.2495889464300596,5.138804980645749,28500.0
2.0,17829.333540732525,7702.435911590453,299.21095902075575,115.20782124063106,10.375877600765799,43.43588981487132,1016.6119986076391,678.4294297164691,3.2121609822419517,1.2182690222098336,0.10267121507540064,0.4254704563645944,479.5645135553876,319.81851643458145,0.4002362045063764,0.1514005828560332,0.01270406024223852,0.05262916242646524,26000.0,1700.0,800.0000000000001,19325.510052895548,8700.683857741504,302.82335620750405,116.57749084569693,10.491252876083438,43.91398943366237,28500.0
3.0,15554.09650099333,7077.308008827942,2104.984069111819,849.413204184615,79.5546779077515,334.6435389745433,994.0092882691124,667.9103155369955,24.171191456253958,9.454910996354739,0.8581689941966004,3.5961247470867854,476.62226895761216,318.59074911041074,3.0456319113562933,1.1854968003946775,0.10711915616134017,0.44873406406493055,26000.0,1700.0000000000002,800.0000000000002,17024.728058220055,8063.809073475349,2132.200892479429,860.0536119813645,80.51996605810945,338.688397785695,28500.0
4.0,6743.431975929428,4215.3195714707535,8106.301182272407,4325.679446613947,496.86155354125646,2112.406270172206,865.2989089471354,606.5439452619132,135.64875391495082,60.55617242563627,6.11891778918939,25.83330166117471,458.7771374282527,311.0823058941728,18.180073493948278,7.8881004857514805,0.7805381357735254,3.291844562101324,26000.0,1700.0,800.0000000000001,8067.508022304816,5132.94582262684,8260.130009681305,4394.123719525334,503.7610094662193,2141.5314163954818,28500.0
5.0,564.7521560063403,905.8891969658342,7433.2931641700525,8080.774334175115,1663.2409667267702,7352.050181955888,566.2003781410505,451.6957986521523,318.0340306897248,207.9294692739902,29.393723594342163,126.74659964873979,407.11384381579643,288.6998938180684,51.94187537272082,30.833805179766912,4.045336949270552,17.365244864376965,26000.0,1699.9999999999995,800.0000000000001,1538.0663779631873,1646.284889436055,7803.269070232498,8319.537608628872,1696.6800272703829,7496.162026469005,28500.0
6.0,29.093519776706287,144.0377708809345,2940.3964662967933,6502.587058886878,2838.471035936922,13545.414148221764,328.81287436795577,309.60731908664746,312.27898830104357,324.70262235388196,76.97467010610646,347.6235257843646,346.0037469354895,260.79526742341255,68.20662660729701,59.19019767154698,12.048565093613462,53.75559626864058,26000.0,1699.9999999999998,800.0000000000001,703.9101410801516,714.4403573909944,3320.882081205134,6886.479878912308,2927.4942711366416,13946.79327027477,28500.0
7.0,3.5674717237047346,39.20900190450666,984.9509350860915,3688.1393884483646,3374.732138951013,17909.40106388632,215.17714032198737,230.58184238671993,203.75755150984384,309.3313949307739,126.82240224627965,614.3296686043951,300.7372115022035,238.9137721343791,59.60447448156396,70.38362236003834,22.7565368465251,107.60438267529014,26000.0,1700.0,800.0000000000002,519.4818235478956,508.70461642560565,1248.3129610774993,4067.854405739177,3524.311078043818,18631.335115166003,28500.0
8.0,1.0815250209713905,18.70789834334322,320.3302621481493,1800.396638069053,3393.3862462259804,20466.097430192498,164.59253919770268,191.3977577456819,113.20599762038573,227.3604596827747,159.18407547685013,844.2591702766047,272.0601398502646,224.40874557641658,43.063973347821495,63.9223504002075,32.24323940859217,164.3015514166978,25999.999999999996,1699.9999999999998,800.0000000000002,437.73420406893865,434.5144016654417,476.60023311635655,2091.679448152035,3584.8135611114226,21474.6581518858,28499.999999999996
9.0,0.5842813385365461,12.771085023938294,103.74652159302039,812.9328746517135,3150.2097977029857,21919.755439689805,141.1847430657699,172.04192493044403,59.05765369563422,145.06452749116974,171.13170624682652,1011.5194445701554,254.81437215329353,215.40915385531187,28.268087961384854,49.62980666797552,38.31311312003985,213.56546624199456,26000.0,1699.9999999999998,800.0000000000002,396.5833965576,400.22216380969417,191.07226325003947,1007.6272088108589,3359.654617069852,23144.840350501956,28500.0
10.0,0.43148123082387846,10.582748635211345,33.7589340868234,350.48627046207395,2812.7414816924133,22791.999083892653,129.88345921545567,162.34978473918966,30.111354023473137,85.27561363441632,168.1652782966244,1124.2145100908408,244.650572672793,209.99821484110552,17.61132866950137,34.97936916725057,40.76982933453574,251.99068531481402,26000.0,1700.0,800.0000000000002,374.96551311907257,382.9307482155065,81.48161677979792,470.7412532637408,3021.6765893235734,24168.20427929831,28500.0
11.0,0.37280159201682483,9.665811130579288,11.105509314188133,146.69974129516197,2464.024827821889,23368.13130884617,124.26851395393741,157.439159098294,15.263224284623478,47.70637052147454,156.70587398722284,1198.6168581544475,238.71916026813344,206.8015329738759,10.644019574332681,23.155058169642547,40.40917836507101,280.2710506489446,26000.000000000004,1699.9999999999998,800.0000000000002,363.3604758140877,373.9065032027492,37.01275317314429,217.56116998627905,2661.139880174183,24847.019217649562,28500.000000000004
12.0,0.34756517633317924,9.254747490645402,3.717496063829565,60.1992848590125,2138.667988720924,23787.812917689258,121.42795138451058,154.9291962696751,7.74842064095398,25.883734521073862,141.4692518343302,1248.5414453494561,235.279043210554,204.9338661866813,6.313745342162687,14.693993895951834,38.22628882288889,300.55306254176145,26000.000000000004,1699.9999999999998,800.0000000000002,357.05455977139775,369.1178099470018,17.779662046946232,100.7770132760382,2318.363529378143,25336.907425580477,28500.000000000004
13.0,0.3360306400030537,9.063104747203965,1.2761116182568097,24.37428854595894,1848.0523388762083,24116.898125572374,119.97315378606277,153.6367904676987,3.9520035482099343,13.780377822749776,125.30610138395664,1283.351572991322,233.29313794472915,203.8510406694851,3.699570299926167,9.055259559893676,35.056348397343356,315.0446431286228,26000.000000000004,1699.9999999999998,800.0000000000002,353.602322370795,366.55093588438774,8.927685466392912,47.209925928602395,2008.4147886575083,25715.29434169232,28500.000000000004
14.0,0.33055901168383767,8.971322629168942,0.4533229649197523,9.78189037830133,1593.570163283888,24386.89274173204,119.2208695341905,152.96660631535133,2.0281058158958194,7.25427093845529,109.72718407883508,1308.8029633172719,232.15110867590283,203.2267777269114,2.149531725529658,5.465039500462747,31.487357567980823,325.5201848032128,26000.000000000004,1700.0,800.0000000000002,351.70253722177716,365.16470667143165,4.63096050634523,22.501200817219367,1734.7847049307038,26021.215889852527,28500.000000000004
15.0,0.32789346227350036,8.926401231811798,0.1682855190936608,3.90478958896601,1372.7740824247646,24613.89854777309,118.82854762859955,152.61658869270195,1.0479606219508042,3.7956433727629086,95.42711265895454,1328.28414702503,231.49648207893958,202.8684225452063,1.241303351171596,3.2484983386292106,27.888542965940566,333.2567507201131,26000.0,1699.9999999999998,800.0000000000003,350.65292316981265,364.41141246972006,2.457549492216061,10.94893130035813,1496.0897380496597,26275.439445518234,28500.0
16.0,0.32656660861517206,8.903988604619645,0.06585416218753629,1.555142865252611,1182.0262736855311,24807.122174073793,118.62231992905362,152.43245732916253,0.5454267783102077,1.981229397405027,82.64906113894092,1343.7695054271273,231.12226030362046,202.6633956470965,0.7135306557853011,1.909281010573853,24.469173476953824,339.1223589059704,26000.0,1699.9999999999995,800.0000000000003,350.07114684128925,363.9998415808787,1.3248115962830451,5.445653273231491,1289.1445083014257,26490.01403840689,28500.0
17.0,0.32589371051025956,8.892609083963256,0.02731149040199978,0.6197053498558217,1017.5660986963329,24972.568381668938,118.51309290997307,152.33489392886568,0.28597133942410896,1.0344276135610326,71.40507940302541,1356.4265348051501,230.90882060166456,202.54640153989214,0.408696316185108,1.1126400767063298,21.333137494423212,343.6903039711289,26000.000000000004,1699.9999999999995,800.0000000000002,349.7478072221479,363.7739045527211,0.7219791460112167,2.7667730401231845,1110.3043155937817,26672.685220445215,28500.000000000004
18.0,0.32554682129588997,8.886739280301784,0.012007708361851646,0.247815595550065,875.9017335423741,25114.62615705212,118.45482584465209,152.2828375949529,0.1510364390313381,0.5412858203872798,61.59916590532347,1366.9708483956524,230.7873146020738,202.4797815432964,0.23343624552716127,0.644170654417816,18.519793530651608,347.3355034240335,26000.000000000004,1699.9999999999995,800.0000000000002,349.56768726802176,363.64935841855106,0.396480392920351,1.433272070355161,956.0206929783492,26828.932508871807,28500.000000000004
19.0,0.32536541117868706,8.883668645522459,0.00556985691256759,0.09977431894764692,753.9254708603158,25236.76015090713,118.42353402065537,152.2548779673249,0.08033888600256257,0.28426491865029335,53.092393975758654,1375.8645902316077,230.71825289604263,202.44191013808415,0.13303302786850563,0.37105843369246916,16.03149399289119,350.3042515114214,26000.000000000007,1699.9999999999995,800.0000000000003,349.46715232787665,363.5804567509315,0.2189417707836358,0.7550976712904094,823.0493588289658,26962.92899265016,28500.000000000007
20.0,0.3252693562900621,8.882042510907329,0.0027035580460008013,0.04059435293241048,648.9217408002637,25341.827649421564,118.40662444072125,152.23976811292852,0.043023989057119544,0.14997226117894372,45.73572579386637,1383.4248854022474,230.67905053397286,202.42041082610004,0.07567670624945648,0.2128883508685069,13.850958472479496,352.76101511033,26000.000000000004,1699.9999999999995,800.0000000000003,349.4109443309842,363.5422214499359,0.12140425335257682,0.4034549649798611,708.5084250666096,27078.01354993414,28500.000000000004
21.0,0.3252179548303007,8.881172249188452,0.0013605056756612192,0.0167605862478101,558.5370609690758,25432.238427734985,118.39743495136592,152.23155640607405,0.023187273539202156,0.07953478169023893,39.385558176666414,1389.8827284106635,230.65682149309225,202.40821939367308,0.04298570438368629,0.12175545029090964,11.951718826023919,354.81849913253643,26000.000000000004,1699.9999999999993,800.0000000000002,349.3794743992885,363.52094804893557,0.06753348359854966,0.21805081822895866,609.8743379717662,27176.939655278184,28500.000000000004
22.0,0.32519020170087215,8.880702348078005,0.0007037293735826321,0.007054546210700409,480.7393607545874,25510.046988420054,118.39241543207054,152.22707089292095,0.012569760967506885,0.04241335697135118,33.91033896798371,1395.4151915890852,230.64422807172684,202.40131238439432,0.02438721317284117,0.06945883843301687,10.30412688150775,356.55648661076555,26000.000000000004,1699.9999999999993,800.0000000000002,349.36183370549827,363.50908562539325,0.037660703513930686,0.11892674161506846,524.9538266040788,27262.018666619908,28500.000000000004
23.0,0.3251751045410227,8.880446724660597,0.00037152942092525277,0.003040907055280747,413.77707702007945,25577.013888714246,118.38966118719297,152.224609636254,0.006850315110460764,0.0227449915783721,29.192713474709763,1400.1634203951535,230.63709876200653,202.39740216837941,0.013821986461829921,0.03954426783475641,8.878639462466488,358.0334933528513,26000.000000000004,1699.999999999999,800.0000000000002,349.35193505374053,363.502458529294,0.02104383099321594,0.06533016646840925,451.8484299572557,27335.21080246225,28500.000000000004
24.0,0.325166840775461,8.88030680159898,0.00019912877233357187,0.0013479528672400735,356.14161231588344,25634.651366960104,118.3881438620884,152.22325371212804,0.0037511412137053307,0.012264905995954464,25.129527325881185,1404.2430590526915,230.6330652307382,202.39518987542075,0.007827529097891405,0.022476309789263228,7.647488008972659,359.29395304598154,26000.000000000004,1699.9999999999986,800.0000000000003,349.3463759336021,363.49875038914774,0.011777799083930307,0.036089168652457766,388.91862765073733,27398.188379058778,28500.000000000004
25.0,0.32516229406543573,8.88022981558766,0.00010792550434802292,0.0006162558954326987,306.5340979716739,25684.259785737275,118.38730503632968,152.22250411170805,0.00206277570034884,0.006648662702193931,21.630874405007503,1407.7506050085512,230.6307843540769,202.39393886409965,0.004429816453847275,0.01275807357655692,6.585419032108858,360.37266985968444,26000.0,1699.999999999999,800.0000000000002,349.343251684472,363.4966727913953,0.006600517658544138,0.02002299217418355,334.7503914087902,27452.38306060551,28500.0
26.0,0.3251597818055829,8.880187277211089,5.898462877471945e-05,0.00029093033680815635,263.83642259518115,25726.957880430837,118.38683990032719,152.22208845121494,0.0011385513760352587,0.00362200511149759,18.618784266274027,1410.7675268256953,230.62949511905117,202.39323174463053,0.002505546146352236,0.007233851468334421,5.669918326065885,361.2976154126379,26000.0,1699.999999999999,800.0000000000002,349.34149480118396,363.4955074730566,0.0037030821511622137,0.011146786916640167,288.12512518752106,27499.02302266917,28500.0
27.0,0.3251583887932208,8.880163690232383,3.244153358169826e-05,0.00014172295789128482,227.08615128871395,25763.70835246777,118.3865813062741,152.22185736303592,0.0006304592071053387,0.0019821442019019335,16.02583735834983,1413.36311136893,230.62876666248093,202.39283220020462,0.001416492682600855,0.004097918872786253,4.881161614800819,362.09172511095846,26000.0,1699.9999999999989,800.0000000000002,349.34050635754824,363.4948532534729,0.0020793934232878923,0.006221786032579471,247.9931502618646,27539.163188947656,28500.0
28.0,0.32515761415698424,8.880150573800643,1.7929984698577246e-05,7.106285913936128e-05,195.4548810256829,25795.339721793516,118.38643722060606,152.22172860326154,0.0003500871820485042,0.001089200811280721,13.793840910821435,1415.5965539773165,230.62835519367002,202.3926065172622,0.0008004882110988962,0.0023197227889389686,4.201831048980481,362.77408702908747,26000.0,1699.9999999999989,800.0000000000002,349.33995002843307,363.4944856943244,0.0011685053778459776,0.003479986459359051,213.45055298548485,27573.71036279992,28500.0
29.0,0.32515718235510277,8.880143262363832,9.947185475922213e-06,3.6539678402004654e-05,168.22958389182065,25822.565069176595,118.38635678390116,152.2216567223097,0.00019486335237962584,0.0006007133318616297,11.87262013087753,1417.5185707862263,230.6281228338153,202.39247907216367,0.0004522139555429377,0.001312311318314282,3.6168756208280466,363.36075794791935,26000.0,1699.9999999999989,800.0000000000002,349.33963680007156,363.4942790568372,0.0006570244933984858,0.0019495643285779164,183.71907964352621,27603.44439791074,28500.0
30.0,0.3251569411972828,8.88013917898455,5.535124341461151e-06,1.9187769439546292e-05,144.79655031671402,25845.99812884021,118.38631180986685,152.22161653198958,0.00010868672573483245,0.00033238342221542647,10.218942456306717,1419.1726881316877,230.62799165462476,202.39240712277368,0.00025539374375046104,0.0007420244496611235,3.1132581626809444,363.86534564172746,26000.0,1699.9999999999989,800.0000000000002,349.3394604056889,363.49416283374785,0.00036961559382675465,0.0010935956413160963,158.12875093570167,27629.036162613622,28500.0
31.0,0.32515680629237326,8.880136894720936,3.0873732206898056e-06,1.0247033420902077e-05,124.62754875806552,25866.167144206513,118.38628662944694,152.22159402991159,6.072576545571843e-05,0.0001844332521244509,8.795571604160223,1420.5963025774624,230.62791761125575,202.3923665113314,0.00014419986595465232,0.00041938274908026943,2.6797104134938095,364.2994418813043,25999.999999999996,1699.9999999999989,800.0000000000002,349.33936104699507,363.4940974359639,0.00020801300463106057,0.0006140630346256224,136.10283077571955,27651.062888665278,28499.999999999996
32.0,0.32515673072556556,8.880135615193518,1.7253343964259359e-06,5.544488910783424e-06,107.26792600795947,25883.526774376292,118.38627251529232,152.22158141702326,3.397773066266775e-05,0.00010258764644660581,7.570444308328409,1421.8215651939777,230.62787582550922,202.3923435926067,8.139820962794343e-05,0.000236939202070664,2.3065070368551694,364.6729552076175,25999.999999999993,1699.9999999999989,800.0000000000002,349.3393050715271,363.4940606248235,0.00011710127468703712,0.00034507133742805323,117.14487735314304,27670.02129477789,28499.999999999993
33.0,0.32515668835327,8.880134897728812,9.656655332911457e-07,3.0303377533890436e-06,92.32635984852841,25898.46834456938,118.3862645970253,152.2215743409905,1.9034680574454077e-05,5.718291627552772e-05,6.515956090466517,1422.8761287539196,230.6278522492257,202.39233066144175,4.5938479637086836e-05,0.0001338217093517155,1.985262279717284,364.9943750494266,25999.999999999996,1699.9999999999986,800.0000000000003,349.3392735346043,363.49403990016106,6.593882574483205e-05,0.00019403496338063226,100.82757821871222,27686.33884837273,28499.999999999996
34.0,0.32515666457418035,8.88013449509171,5.411688042424511e-07,1.668902172216948e-06,79.46603568995096,25911.328670940307,118.38626015154037,152.2215703683539,1.0674554265443175e-05,3.193240153529014e-05,5.60834343426508,1423.7837834388836,230.6278389497865,202.39232336693973,2.5922004037732412e-05,7.556284189360143e-05,1.7087498944950479,365.27098630393306,25999.999999999996,1699.9999999999986,800.0000000000002,349.33925576590104,363.4940282303853,3.713772710741804e-05,0.00010916414560110851,86.78312901871108,27700.383440683127,28499.999999999996
35.0,0.3251566512197659,8.880134268969393,3.0358907173632833e-07,9.243637933600092e-07,68.39705244789226,25922.397655403962,118.38625765414456,152.22156813659598,5.991415674784078e-06,1.7859543539166837e-05,4.827150494161502,1424.5649998641375,230.62783144859313,202.3923192526707,1.4625015508466008e-05,4.265756201226522e-05,1.4707453058048439,365.50904671035414,25999.999999999996,1699.9999999999986,800.0000000000002,349.33924575395747,363.4940216582361,2.0920020254986415e-05,6.144146934479206e-05,74.6949482478586,27712.471701978455,28499.999999999996
36.0,0.32515664371333536,8.88013414186749,1.7041031578749072e-07,5.139793314793785e-07,58.869885352848264,25931.924823177174,118.38625625002035,152.2215668818228,3.3644547505408603e-06,9.999294452181244e-06,4.154769194124381,1425.2373943102818,230.62782721717633,202.392316931815,8.24841725182603e-06,2.4071975886701602e-05,1.2658881347361053,365.7139353958797,25999.999999999993,1699.9999999999986,800.0000000000002,349.33924011091005,363.49401795550534,1.1783282318154381e-05,3.458524967036222e-05,64.29054268170876,27722.87615288334,28499.999999999993
37.0,0.3251566394935711,8.880134070416743,9.570627264008141e-08,2.8666912584368935e-07,50.669771636254296,25940.124937271452,118.38625546052617,152.22156617630392,1.8901464033604415e-06,5.603934720386392e-06,3.5760437978075674,1425.8161270712799,230.6278248313452,202.3923156232297,4.650833502354112e-06,1.3580083442262072e-05,1.0895632168965599,365.8902780976118,25999.999999999993,1699.9999999999986,800.0000000000002,349.33923693136495,363.4940158699504,6.636686178354634e-06,1.9470687288492155e-05,55.33537865095842,27731.831342440346,28499.999999999993
38.0,0.32515663712416176,8.880134030296949,5.3835811515959025e-08,1.6046535193783083e-07,43.61188834918194,25947.18282076909,118.38625501714846,152.2215657800865,1.063479870185458e-06,3.146760474691984e-06,3.077931029855722,1426.3142439626677,230.62782348828418,202.39231488658498,2.6245290635463004e-06,7.666837634819746e-06,0.9377979069518747,366.04205342681246,25999.999999999993,1699.9999999999986,800.0000000000002,349.3392351425568,363.4940146969684,3.7418447452477177e-06,1.0974063461449561e-05,47.62761728598953,27739.53911815857,28499.999999999993
39.0,0.3251566357879604,8.88013400767185,3.024930755359795e-08,8.981428796737045e-08,37.53709126370186,25953.257617972766,118.38625476707962,152.2215655566165,5.976682890217685e-07,1.7656251917380125e-06,2.649199599452321,1426.742977713557,230.62782272939543,202.39231447034823,1.4787661243878844e-06,4.322049130970527e-06,0.8071710242282927,366.172685975213,25999.999999999993,1699.9999999999989,800.0000000000002,349.339234132263,363.49401403463656,2.106683720963251e-06,6.17748861067591e-06,40.99346188738248,27746.173281661537,28499.999999999993
40.0,0.3251566350379617,8.880133994972569,1.7025092397580217e-08,5.041764316766281e-08,32.3084723538927,25958.486236948644,118.38625462670197,152.22156543117023,3.364334290533413e-07,9.92655673903406e-07,2.280187366046268,1427.1119912469912,230.62782230266384,202.39231423629366,8.341261472528569e-07,2.4390695320683065e-06,0.6947391120402842,366.28512107580684,25999.99999999999,1699.9999999999989,800.0000000000002,349.3392335644038,363.4940136624365,1.1875846687037784e-06,3.4821428491393754e-06,35.28339883197925,27751.88334927144,28499.99999999999
41.0,0.3251566346157507,8.880133987823523,9.586417420873404e-09,2.832837698241611e-08,27.80816913137444,25962.98654020826,118.38625454766984,152.22156536054442,1.8946068690955568e-07,5.583775325799089e-07,1.962576246319269,1427.429603097627,230.6278220621016,202.3923141043496,4.705466178778187e-07,1.3763509658631268e-06,0.5979680362286379,366.38189395042286,25999.99999999999,1699.9999999999986,800.0000000000002,349.3392332443872,363.4940134527175,6.695937222082477e-07,1.9630568754254518e-06,30.36871341392235,27756.79803725631,28499.99999999999
42.0,0.325156634377703,8.880133983792803,5.391914088360558e-09,1.5913619541718784e-08,23.934702767878854,25966.860006592637,118.38625450310745,152.22156532072196,1.0657366118715945e-07,3.139366551051019e-07,1.6892043867271644,1427.702975368932,230.6278219263129,202.39231402987195,2.6507762424901805e-07,7.759204099170536e-07,0.5146758319025373,366.4651871709148,25999.999999999993,1699.9999999999989,800.0000000000002,349.339233063798,363.49401333438675,3.770431995245381e-07,1.1057706845638743e-06,26.138582986508556,27761.02816913248,28499.999999999993
43.0,0.32515663424419017,8.880133981532111,3.0425530138069077e-09,8.965368912217884e-09,20.60080555498868,25970.19390381722,118.38625447811236,152.2215652983855,6.01420588566648e-08,1.7695649206350613e-07,1.4539128601498956,1427.9382671262524,230.6278218500738,202.39231398805617,1.4976240601902582e-07,4.38290745482528e-07,0.44298604552273724,366.5368775282944,25999.999999999993,1699.9999999999986,800.0000000000002,349.33923296243034,363.4940132679738,2.1294701788949753e-07,6.24212606458252e-07,22.49770446066131,27764.66904847177,28499.999999999993
44.0,0.32515663416855695,8.88013398025146,1.7090058086867815e-09,5.035780312156979e-09,17.731265863606648,25973.06344351522,118.38625446395241,152.22156528573169,3.3784299874192125e-08,9.944574795022317e-08,1.2513935878518705,1428.1407865292329,230.6278218068548,202.39231396435136,8.421822818131503e-08,2.467973208416178e-07,0.38128143071896603,366.5985824670596,25999.999999999993,1699.9999999999989,800.0000000000002,349.33923290497574,363.49401323033453,1.1971153386419395e-07,3.512788491039979e-07,19.363940882177484,27767.802812511512,28499.999999999993
45.0,0.32515663412628043,8.880133979535616,9.65660606323103e-10,2.8403129977188086e-09,15.261456454583772,25975.53325292794,118.38625445603708,152.22156527865826,1.9090516364191973e-08,5.610459767843147e-08,1.0770854794125817,1428.3150947106958,230.62782178267742,202.3923139510905,4.7626709791529496e-08,1.3943787365098108e-07,0.3281723147418289,366.65169176442595,25999.999999999993,1699.9999999999989,800.0000000000002,349.3392328728408,363.4940132092844,6.768288676204457e-08,1.9838278432713137e-07,16.66671424873818,27770.50003940306,28499.999999999993
46.0,0.3251566341022773,8.880133979129186,5.417879601064944e-10,1.5954767112360618e-09,13.135647912086474,25977.659061472536,118.3862544515429,152.22156527464213,1.0711355568077952e-08,3.152488250847093e-08,0.9270554085636287,1428.465124823014,230.62782176894413,202.39231394355804,2.6743227054206598e-08,7.846140921101869e-08,0.2824603466331333,366.69740383566034,25999.99999999999,1699.999999999999,800.0000000000002,349.3392328545893,363.49401319732937,3.7996370582391046e-08,1.1158176843072568e-07,14.345163667283236,27772.82159013121,28499.99999999999
47.0,0.3251566340888775,8.880133978902297,3.061775226121411e-10,8.998254433382627e-10,11.305966748973582,25979.48874263682,118.38625444903394,152.22156527240006,6.053456015065465e-09,1.77821903283561e-08,0.7979246818512712,1428.594255572878,230.62782176127305,202.39231393935057,1.5122132578164567e-08,4.4302625365590636e-08,0.2431160953714785,366.7367481445805,25999.99999999999,1699.9999999999989,800.0000000000003,349.3392328443959,363.49401319065294,2.1481766115842173e-08,6.298464113728501e-08,12.34700752619633,27774.81974635428,28499.99999999999
48.0,0.3251566340812767,8.880133978773598,1.7176065370640433e-10,5.057217807278128e-10,9.731130514349744,25981.06357887211,118.38625444761075,152.22156527112824,3.3960081943228833e-09,9.99566527834576e-09,0.6867797703881294,1428.7054004974802,230.62782175692035,202.3923139369632,8.488168986148484e-09,2.492821109430256e-08,0.2092518558683268,366.7706124168321,25999.99999999999,1699.999999999999,800.0000000000003,349.33923283861236,363.494013186865,1.2055937834177772e-08,3.542959815337613e-08,10.6271621406062,27776.539591786423,28499.99999999999
49.0,0.3251566340770288,8.88013397870167,9.697923204601023e-11,2.850339840290593e-10,8.37566626576573,25982.419043121066,118.38625444681536,152.22156527041741,1.9174956441472008e-09,5.634245747590707e-09,0.5911171533343897,1428.8010631218801,230.62782175448672,202.3923139356284,4.794591324682503e-09,1.406149127100787e-08,0.18010484408719188,366.79975944694195,25999.999999999993,1699.999999999999,800.0000000000002,349.3392328353791,363.4940131847475,6.809066200875714e-09,1.9980771002627637e-08,9.14688826318731,27778.019865689887,28499.999999999993
50.0,0.32515663407462575,8.88013397866098,5.445387638771065e-11,1.6027631122553114e-10,7.2090016121553155,25983.585707774888,118.38625444636538,152.22156527001533,1.0766996009381302e-09,3.168465185615296e-09,0.5087791684558417,1428.8834011109172,230.6278217531097,202.39231393487313,2.6932351809660172e-09,7.913061478262053e-09,0.15501765312885635,366.82484664828235,25999.999999999993,1699.9999999999989,800.0000000000003,349.3392328335497,363.49401318354944,3.824388658291858e-09,1.124180297510288e-08,7.872798433740014,27779.29395553409,28499.999999999993
51.0,0.32515663407327955,8.880133978638186,3.0681448863788085e-11,9.026430882714786e-11,6.204846007762903,25984.5898633794,118.38625444611331,152.22156526979003,6.066654176657851e-10,1.7845180224502134e-09,0.4379103467091848,1428.9542699349954,230.6278217523381,202.3923139344499,1.517936517161943e-09,4.459093887912629e-09,0.13342494923243706,366.84643935800284,25999.999999999993,1699.999999999999,800.0000000000002,349.33923283252466,363.4940131828781,2.155283383691516e-09,6.33387621918999e-09,6.776181303704525,27780.390572672397,28499.999999999993
52.0,0.3251566340725207,8.880133978625338,1.7265380650247117e-11,5.075855316313116e-11,5.3405619554373205,25985.45414743179,118.38625444597122,152.22156526966307,3.413943475942095e-10,1.0035444155041645e-09,0.3769130347710205,1429.0152672482488,230.62782175190307,202.3923139342113,8.544205389400003e-10,2.5087998117721187e-09,0.11483995102536408,366.8650243594974,25999.999999999993,1699.999999999999,800.0000000000003,349.3392328319468,363.4940131824997,1.213080267184457e-09,3.5631027804394143e-09,5.832314941233705,27781.334439039532,28499.999999999993
53.0,0.32515663407209455,8.88013397861812,9.694238942734375e-12,2.857367219177016e-11,4.596663011575794,25986.198046375688,118.38625444589141,152.22156526959174,1.9168998523175266e-10,5.649504721655116e-10,0.32441196651533305,1429.067768317244,230.6278217516587,202.39231393407727,4.798503263408191e-10,1.4128932384032271e-09,0.09884363507241206,366.8810206772992,25999.999999999993,1699.999999999999,800.0000000000003,349.3392328316222,363.4940131822871,6.812345505153062e-10,2.006417382760509e-09,5.019918613163539,27782.14683537023,28499.999999999993
54.0,0.3251566340718551,8.880133978614065,5.4747217841975466e-12,1.605416208397162e-11,3.956387163274715,25986.838322224008,118.38625444584656,152.22156526955166,1.0825608916497774e-10,3.174275812211662e-10,0.2792241539271938,1429.1129561302478,230.62782175152137,202.39231393400195,2.71040574803902e-10,7.941095708171571e-10,0.0850755621838495,366.894788751228,25999.99999999999,1699.9999999999989,800.0000000000003,349.3392328314398,363.4940131821677,3.847713857530773e-10,1.1275913141222948e-09,4.320686879385758,27782.846067105485,28499.99999999999
55.0,0.3251566340717204,8.880133978611784,3.0590823782993606e-12,9.040381016385503e-12,3.4052919993373525,25987.38941738796,118.38625444582135,152.22156526952915,6.049026246778622e-11,1.7875381380516895e-10,0.24033031610044708,1429.1518499683089,230.62782175144412,202.39231393395957,1.5147250328727186e-10,4.4731844473366373e-10,0.07322517229193835,366.9066391417059,25999.999999999993,1699.999999999999,800.0000000000003,349.3392328313372,363.4940131821005,2.1502184813335744e-10,6.351126395552182e-10,3.718847487729738,27783.447906497975,28499.999999999993
56.0,0.32515663407164486,8.880133978610505,1.7354270680582219e-12,5.069249787257997e-12,2.9309646858793785,25987.863744701426,118.38625444580721,152.2215652695165,3.431656300285153e-11,1.0023506948202776e-10,0.20685441062275503,1429.1853258739181,230.6278217514008,202.3923139339358,8.594172682669117e-11,2.508839251780163e-10,0.063025547988088,366.9168387663388,25999.999999999993,1699.999999999999,800.0000000000005,349.3392328312797,363.4940131820628,1.219937168976009e-10,3.5618824444730203e-10,3.2008446444902217,27783.96590934168,28499.999999999993
57.0,0.3251566340716024,8.880133978609788,9.642441365079967e-13,2.8580681093540757e-12,2.5227028043916726,25988.272006582913,118.38625444579925,152.2215652695094,1.906721685588955e-11,5.6514053576784466e-11,0.17804110855855376,1429.2141391760563,230.62782175137647,202.39231393392245,4.775682115325571e-11,1.4148239202415574e-10,0.05424655149450926,366.92561776301767,25999.99999999999,1699.999999999999,800.0000000000002,349.33923283124733,363.4940131820416,6.778828214565325e-11,2.0085451371029428e-10,2.7549904644447354,27784.411763521985,28499.99999999999
58.0,0.3251566340715786,8.880133978609384,5.491010288375382e-13,1.5984317403122282e-12,2.1713125951592795,25988.623396792147,118.38625444579479,152.22156526950542,1.0858122493668918e-11,3.1606950457810236e-11,0.1532415553731289,1429.2389387292833,230.6278217513628,202.39231393391498,2.7198146037677285e-11,7.913907898650743e-11,0.046690486231168296,366.93317382838507,25999.99999999999,1699.999999999999,800.0000000000002,349.3392328312292,363.4940131820298,3.860536956018374e-11,1.123444611846299e-10,2.3712446367635764,27784.795509349813,28499.99999999999
59.0,0.32515663407156525,8.880133978609159,3.037419804470345e-13,9.024654545055171e-13,1.8688646945074048,25988.9258446928,118.38625444579229,152.22156526950315,6.0063318783216554e-12,1.7845320354388862e-11,0.13189613196014488,1429.2602841527196,230.62782175135516,202.39231393391074,1.5046227918074645e-11,4.4688914932336455e-11,0.04018684435649176,366.9396774703182,25999.99999999999,1699.999999999999,800.0000000000003,349.339232831219,363.4940131820231,2.1356301776843336e-11,6.343670074123083e-11,2.0409476708240413,27785.12580631584,28499.99999999999
60.0,0.32515663407155776,8.880133978609033,1.7319882345233143e-13,5.036197573013775e-13,1.6085481422715537,25989.186161245038,118.3862544457909,152.2215652695019,3.4249244471344045e-12,9.958629667971611e-12,0.11352415114131965,1429.2786561335515,230.62782175135084,202.39231393390838,8.580159142215782e-12,2.4941285851455464e-11,0.03458916744215477,366.9452751472654,25999.99999999999,1699.999999999999,800.0000000000003,349.3392328312133,363.49401318201933,1.2178282412802517e-11,3.5403535276728453e-11,1.7566614608550282,27785.410092525854,28499.99999999999
61.0,0.32515663407155354,8.880133978608962,9.57060113478579e-14,2.8439844016773986e-13,1.3844894756628014,25989.410219911646,118.38625444579012,152.2215652695012,1.892547029560165e-12,5.623769048612832e-12,0.09771109011943926,1429.2944691945806,230.62782175134845,202.39231393390708,4.7414865964376545e-12,1.4086201198617039e-11,0.029771156388025945,366.950093158338,25999.99999999999,1699.9999999999989,800.0000000000005,349.3392328312101,363.4940131820173,6.729739637345678e-12,1.999436868739761e-11,1.5119717221702667,27785.654782264566,28499.99999999999
62.0,0.3251566340715512,8.88013397860892,5.4487164793051425e-14,1.5854808787420292e-13,1.191641818063024,25989.603067569245,118.38625444578967,152.22156526950081,1.0774640371789477e-12,3.1351865735194066e-12,0.08410076286075834,1429.3080795218436,230.62782175134708,202.39231393390634,2.6995368787289704e-12,7.853463241368608e-12,0.02562428646112074,366.9542400282753,25999.99999999999,1699.999999999999,800.0000000000003,349.3392328312083,363.49401318201603,3.831488080700969e-12,1.1147197902762217e-11,1.301366867384903,27785.865387119367,28499.99999999999
63.0,0.3251566340715499,8.8801339786089,3.021184550531718e-14,8.933274563578615e-14,1.0256554122253125,25989.769053975084,118.38625444578942,152.2215652695006,5.974297027640247e-13,1.7665067634191403e-12,0.07238618290615839,1429.3197941018004,230.62782175134632,202.3923139339059,1.4968895736138166e-12,4.425329136054858e-12,0.022055023326803133,366.9578092914154,25999.99999999999,1699.999999999999,800.0000000000003,349.33923283120726,363.4940131820154,2.1245311218831583e-12,6.281168645109785e-12,1.1200966184582741,27786.0466573683,28499.99999999999
64.0,0.32515663407154916,8.880133978608887,1.708452583026371e-14,4.98965839011704e-14,0.8827899880529715,25989.911919399256,118.38625444578928,152.22156526950047,3.378417118183332e-13,9.86681437580518e-13,0.06230337868011234,1429.3298769060277,230.6278217513459,202.39231393390565,8.465047350027758e-13,2.471897442389709e-12,0.01898293866316015,366.9608813760823,25999.99999999999,1699.9999999999989,800.0000000000002,349.3392328312067,363.494013182015,1.2014309726513727e-12,3.508475463871398e-12,0.964076305396244,27786.202677681365,28499.99999999999
65.0,0.3251566340715487,8.88013397860888,9.57998983900822e-15,2.791095072584314e-14,0.7598245130436854,25990.034884874265,118.38625444578919,152.2215652695004,1.8944192308149724e-13,5.519277174102093e-13,0.053625024079763536,1429.338555260629,230.62782175134566,202.39231393390554,4.746834379512987e-13,1.3827934097323334e-12,0.01633876949374182,366.96352554525356,25999.99999999999,1699.999999999999,800.0000000000003,349.3392328312064,363.4940131820148,6.737053508718042e-13,1.9626320778683858e-12,0.8297883066171907,27786.336965680148,28499.99999999999
66.0,0.3251566340715485,8.880133978608876,5.3331351168157825e-15,1.5709178344711948e-14,0.6539869358182511,25990.140722451488,118.38625444578916,152.22156526950033,1.0546155348265393e-13,3.1064344323480193e-13,0.04615548008668507,1429.3460248046224,230.62782175134552,202.39231393390546,2.642598002652935e-13,7.7831453067271e-13,0.014062907438451714,366.96580140730987,25999.999999999985,1699.999999999999,800.0000000000005,349.33923283120623,363.49401318201467,3.750544888647632e-13,1.1046671522522237e-12,0.7142053233433878,27786.45254866342,28499.999999999985
67.0,0.3251566340715484,8.880133978608875,3.0647976440626164e-15,8.643181299936743e-15,0.5628920602819836,25990.231817327025,118.38625444578913,152.22156526950033,6.060576252622501e-14,1.7091619391596908e-13,0.039726410202400544,1429.3524538745069,230.62782175134544,202.3923139339054,1.5186576998722286e-13,4.28242433337189e-13,0.01210406280020362,366.9677602519487,25999.99999999999,1699.9999999999989,800.0000000000002,349.3392328312061,363.4940131820146,2.1553633015751048e-13,6.078018085530948e-13,0.6147225332845877,27786.55203145348,28499.99999999999
68.0,0.32515663407154827,8.880133978608875,1.6539471663524075e-15,4.954349453692122e-15,0.48448547933820213,25990.310223907967,118.38625444578913,152.2215652695003,3.270650033402193e-14,9.797090956695323e-14,0.03419282354003657,1429.3579874611692,230.6278217513454,202.3923139339054,8.195691297121537e-14,2.4548112345645924e-13,0.01041805895217702,366.96944625579704,25999.999999999985,1699.9999999999989,800.0000000000002,349.3392328312061,363.49401318201456,1.163173604715897e-13,3.4840638247710457e-13,0.5290963618304158,27786.63765762493,28499.999999999985
69.0,0.32515663407154827,8.880133978608873,9.96513470930827e-16,2.6353976322683733e-15,0.4170008480371441,25990.37770853927,118.38625444578912,152.2215652695003,1.9705890431804367e-14,5.211432492960077e-14,0.02943005935381838,1429.3627502253555,230.62782175134538,202.39231393390537,4.938045554418778e-14,1.3058262802043182e-13,0.00896691356758529,366.97089740118184,25999.999999999985,1699.9999999999989,800.0000000000003,349.33923283120606,363.49401318201456,7.008285944692297e-14,1.8533235058230094e-13,0.45539782095854775,27786.711356165804,28499.999999999985
70.0,0.3251566340715482,8.880133978608873,5.073565642155244e-16,1.569365187217804e-15,0.3589157179138356,25990.435793669392,118.38625444578912,152.22156526950027,1.003289644922668e-14,3.103385775933255e-14,0.025330670023684592,1429.3668496146856,230.62782175134538,202.39231393390537,2.5141314978102055e-14,7.776366093857322e-14,0.007717888910149446,366.97214642583936,25999.999999999985,1699.9999999999986,800.0000000000002,349.33923283120606,363.49401318201456,3.568156799154426e-14,1.1036688388512357e-13,0.39196427684766966,27786.774789709918,28499.999999999985
71.0,0.3251566340715482,8.880133978608873,3.334996643798892e-16,7.8036330322688e-16,0.308921933869574,25990.485787453435,118.38625444578912,152.22156526950027,6.594909779126019e-15,1.543152054948396e-14,0.021802331799269107,1429.37037795291,230.62782175134535,202.39231393390537,1.652636916072765e-14,3.866800404788543e-14,0.0066428552680169155,366.9732214594815,25999.999999999985,1699.9999999999986,800.0000000000002,349.339232831206,363.49401318201456,2.345477860423356e-14,5.487988790059627e-14,0.33736712093686,27786.829386865826,28499.999999999985
72.0,0.32515663407154816,8.880133978608873,1.5237686647043623e-16,5.021531130356588e-16,0.2658913493107963,25990.528818037998,118.38625444578912,152.22156526950027,3.0132314763616102e-15,9.929989606854007e-15,0.018765425127364063,1429.373414859582,230.62782175134535,202.39231393390537,7.550941018404284e-15,2.4883077099020353e-14,0.0057175537145145615,366.9741467610351,25999.99999999999,1699.9999999999986,800.0000000000003,349.339232831206,363.49401318201456,1.071654936123633e-14,3.531521981891002e-14,0.2903743281526749,27786.876379658617,28499.99999999999
73.0,0.32515663407154816,8.880133978608873,1.1738846560485905e-16,2.1684838489413177e-16,0.2288550734607044,25990.56585431385,118.38625444578912,152.22156526950027,2.3213429227020224e-15,4.288136773425571e-15,0.01615157001977077,1429.3760287146895,230.62782175134535,202.39231393390537,5.81721272246012e-15,1.0745351411806221e-14,0.004921149855922139,366.9749431648937,25999.99999999999,1699.9999999999986,800.0000000000003,349.339232831206,363.49401318201456,8.255944110767002e-15,1.5250336570125923e-14,0.24992779333639734,27786.916826193432,28499.99999999999
74.0,0.32515663407154816,8.880133978608873,4.361463875020759e-17,1.6435546579991995e-16,0.19697719644161704,25990.597732190865,118.38625444578912,152.22156526950027,8.624739716834975e-16,3.250105253177774e-15,0.01390177168683713,1429.3782785130227,230.62782175134535,202.39231393390537,2.161319514197048e-15,8.14447728359945e-15,0.004235668832814349,366.9756286459168,25999.999999999985,1699.9999999999989,800.0000000000002,349.339232831206,363.49401318201456,3.067408124630753e-15,1.1558938002577144e-14,0.2151146369612685,27786.951639349805,28499.999999999985
75.0,0.32515663407154816,8.880133978608873,4.4979749383398424e-17,5.058731825369091e-17,0.16954006332108162,25990.625169323986,118.38625444578912,152.22156526950027,8.894698108580328e-16,1.0003551376038165e-15,0.011965381245337539,1429.380214903464,230.62782175134535,202.39231393390537,2.2290099324840113e-15,2.5067321802392994e-15,0.0036456786627866817,366.97621863608686,25999.99999999999,1699.9999999999989,800.0000000000003,349.339232831206,363.49401318201456,3.1634594927254423e-15,3.557674636096807e-15,0.18515112322920582,27786.981602863536,28499.99999999999
76.0,0.32515663407154816,8.880133978608873,1.0901303127916685e-17,5.65444313092929e-17,0.14592432928287086,25990.648785058027,118.38625444578912,152.22156526950027,2.155719417331285e-16,1.1181590708413537e-15,0.010298688101425467,1429.3818815966079,230.62782175134535,202.39231393390537,5.402153127548675e-16,2.802058956751877e-15,0.003137861359887329,366.97672645338974,25999.99999999999,1699.9999999999986,800.0000000000003,349.339232831206,363.49401318201456,7.666885576159128e-16,3.976762458902523e-15,0.15936087874418367,27787.007393108026,28499.99999999999
77.0,0.32515663407154816,8.880133978608873,1.961172117435961e-17,4.345637680836621e-18,0.12559840877655795,25990.66911097853,118.38625444578912,152.22156526950027,3.8781991052474093e-16,8.593356276419982e-17,0.008864175318686739,1429.3833161093908,230.62782175134535,202.39231393390537,9.71884026533695e-16,2.1530903086034326e-16,0.0027007860560345587,366.9771635286936,25999.99999999999,1699.9999999999989,800.0000000000003,349.339232831206,363.49401318201456,1.3793156582327957e-15,3.055882313053797e-16,0.13716337015127925,27787.029590616614,28499.99999999999
78.0,0.32515663407154816,8.880133978608873,1.4245158643360575e-18,2.1544340922369175e-17,0.10810342844340612,25990.686605958865,118.38625444578912,152.22156526950027,2.816959088808072e-17,4.2603700767372207e-16,0.007629457662781383,1429.3845508270465,230.62782175134535,202.39231393390537,7.059039498752777e-17,1.0676453939977275e-15,0.0023245854385694565,366.97753972931105,25999.99999999999,1699.9999999999986,800.0000000000002,349.339232831206,363.49401318201456,1.0018450173994455e-16,1.5152267425938188e-15,0.11805747154475696,27787.048696515223,28499.99999999999
79.0,0.32515663407154816,8.880133978608873,1.0067091436531035e-17,-6.725387243312054e-18,0.09304562023616138,25990.70166376707,118.38625444578912,152.22156526950027,1.990758287136799e-16,-1.3299419066671336e-16,0.0065667447417791765,1429.3856135399676,230.62782175134535,202.39231393390537,4.988902580144217e-16,-3.3329860730480807e-16,0.0020007921768818247,366.97786352257276,25999.99999999999,1699.9999999999989,800.0000000000003,349.339232831206,363.49401318201456,7.080331781646326e-16,-4.730181852148335e-16,0.10161315715482239,27787.065140829614,28499.99999999999
80.0,0.32515663407154816,8.880133978608873,-1.0793216481386883e-18,9.775078998487063e-18,0.08008501064788166,25990.714624376662,118.38625444578912,152.22156526950027,-2.1343513695164874e-17,1.9330124368779026e-16,0.0056520427423935645,1429.386528241967,230.62782175134535,202.39231393390537,-5.348857341390992e-17,4.844162350768494e-16,0.0017220957029796798,366.9781422190467,25999.99999999999,1699.9999999999986,800.0000000000003,349.339232831206,363.49401318201456,-7.591140875721348e-17,6.874925577631267e-16,0.0874591490932549,27787.079294837677,28499.99999999999
81.0,0.32515663407154816,8.880133978608873,6.054513668452894e-18,-8.051740534474833e-18,0.0689299134548739,25990.725779473854,118.38625444578912,152.22156526950027,1.1972748140876934e-16,-1.5922253365189246e-16,0.0048647657523505135,1429.387315518957,230.62782175134535,202.39231393390537,3.000415584718694e-16,-3.990203579637982e-16,0.0014822237870371123,366.9783820909626,25999.99999999999,1699.9999999999986,800.0000000000003,349.339232831206,363.49401318201456,4.2582355354909166e-16,-5.662946321501656e-16,0.07527690299426151,27787.091477083773,28499.99999999999
82.0,0.32515663407154816,8.880133978608873,-1.5536290164283061e-18,5.513542592820828e-18,0.059328452440081496,25990.735380934868,118.38625444578912,152.22156526950027,-3.0722886139846256e-17,1.090298107764418e-16,0.0041871374720267385,1429.3879931472375,230.62782175134535,202.39231393390537,-7.699301832525046e-17,2.7323218062075327e-16,0.001275760247578921,366.9785885545021,25999.99999999999,1699.9999999999989,800.0000000000003,349.339232831206,363.49401318201456,-1.0926953348152503e-16,3.877755339900159e-16,0.06479135015968715,27787.101962636607,28499.99999999999
83.0,0.32515663407154816,8.880133978608873,4.071400332557859e-18,-6.970239885761512e-18,0.051064551925613384,25990.743644835384,118.38625444578912,152.22156526950027,8.051159251983126e-17,-1.3783591123267532e-16,0.003603908244125091,1429.3885763764654,230.62782175134535,202.39231393390537,2.0176527802536764e-16,-3.454229534089247e-16,0.0010980587345157298,366.97876625601515,25999.99999999999,1699.9999999999989,800.0000000000003,349.339232831206,363.49401318201456,2.863482708777568e-16,-4.902291045273615e-16,0.05576651890425421,27787.110987467866,28499.99999999999
84.0,0.32515663407154816,8.880133978608873,-1.4596610714816161e-18,3.707458424158228e-18,0.04395161357172094,25990.750757773738,118.38625444578912,152.22156526950027,-2.8864674584217707e-17,7.331466946463124e-17,0.003101908790357438,1429.389078375919,230.62782175134535,202.39231393390537,-7.233611767212656e-17,1.8372937366852787e-16,0.0009451067591621722,366.97891920799054,25999.99999999999,1699.9999999999989,800.0000000000005,349.339232831206,363.49401318201456,-1.0266045332782588e-16,2.607515015573173e-16,0.04799862912124055,27787.11875535765,28499.99999999999
85.0,0.32515663407154816,8.880133978608873,2.863255244398978e-18,-5.431929294021779e-18,0.037829560992927495,25990.756879826316,118.38625444578912,152.22156526950027,5.662062825893107e-17,-1.0741594188484707e-16,0.0026698416336374594,1429.3895104430758,230.62782175134535,202.39231393390537,1.4189361802274417e-16,-2.6918890054538845e-16,0.0008134621435960244,366.97905085260606,25999.99999999999,1699.9999999999989,800.0000000000003,349.339232831206,363.49401318201456,2.013775015260742e-16,-3.820367717242573e-16,0.04131286477016098,27787.125441122,28499.99999999999
86.0,0.32515663407154816,8.880133978608873,-1.1910916787218034e-18,2.663867404716215e-18,0.0325601700133705,25990.762149217295,118.38625444578912,152.22156526950027,-2.3553736914488516e-17,5.267775019733926e-17,0.0022979515283368486,1429.389882333181,230.62782175134535,202.39231393390537,-5.902665467930944e-17,1.3201258125760657e-16,0.0007001526055213078,366.9791641621442,25999.99999999999,1699.9999999999989,800.0000000000005,349.339232831206,363.49401318201456,-8.377148327251976e-17,1.8735419885966203e-16,0.035558274147228654,27787.13119571262,28499.99999999999
87.0,0.32515663407154816,8.880133978608873,1.935424445996695e-18,-3.829517674886861e-18,0.028024833828194644,25990.76668455348,118.38625444578912,152.22156526950027,3.8272853660118046e-17,-7.572838674866853e-17,0.001977867735347868,1429.390202416974,230.62782175134535,202.39231393390537,9.591335492182477e-17,-1.8977850138607794e-16,0.0006026277017612678,366.97926168704794,25999.99999999999,1699.9999999999986,800.0000000000005,349.339232831206,363.49401318201456,1.3612163302793952e-16,-2.693364058096333e-16,0.03060532926530378,27787.1361486575,28499.99999999999
88.0,0.32515663407154816,8.880133978608873,-7.987541734750745e-19,1.71145087779438e-18,0.024121180820869025,25990.770588206487,118.38625444578912,152.22156526950027,-1.579529593651133e-17,3.3843795355856836e-17,0.0017023653227192616,1429.3904779193865,230.62782175134535,202.39231393390537,-3.958367164835797e-17,8.481394906248829e-17,0.0005186861000125934,366.97934562864964,25999.99999999999,1699.9999999999986,800.0000000000003,349.339232831206,363.49401318201456,-5.617772175834437e-17,1.2036919529613949e-16,0.02634223224360088,27787.140411754524,28499.99999999999
89.0,0.32515663407154816,8.880133978608873,1.0450666992036202e-18,-2.101324801041362e-18,0.020761309521211708,25990.773948077785,118.38625444578912,152.22156526950027,2.0666105069886775e-17,-4.1553519330521236e-17,0.0014652405968688794,1429.3907150441123,230.62782175134535,202.39231393390537,5.1790116874364095e-17,-1.041348503355832e-16,0.0004464376245376647,366.9794178771251,25999.999999999985,1699.9999999999986,800.0000000000003,349.339232831206,363.49401318201456,7.350128864345449e-17,-1.477896944671458e-16,0.022672987742618254,27787.144080999024,28499.999999999985
90.0,0.32515663407154816,8.880133978608873,-1.7921690273233832e-19,3.9641296337875283e-19,0.01786942409356282,25990.776839963215,118.38625444578912,152.22156526950027,-3.543999043552392e-18,7.839032633020336e-18,0.0012611442258882548,1429.3909191404834,230.62782175134535,202.39231393390537,-8.881410295546714e-18,1.964494133982898e-17,0.00038425241124772605,366.9794800623384,25999.99999999999,1699.9999999999986,800.0000000000003,349.339232831206,363.49401318201456,-1.2604626241831445e-17,2.788038693622807e-17,0.0195148207306988,27787.147239166035,28499.99999999999
91.0,0.32515663407154816,8.880133978608873,1.1434588217987914e-20,-9.837981185973704e-21,0.015380355799886435,25990.77932903151,118.38625444578912,152.22156526950027,2.261180001256935e-19,-1.94545259277038e-19,0.0010854768910051856,1429.3910948078183,230.62782175134535,202.39231393390537,5.6666070608875e-19,-4.875392626543578e-19,0.0003307291142126578,366.97953358563547,25999.99999999999,1699.9999999999986,800.0000000000005,349.339232831206,363.49401318201456,8.042132944324314e-19,-6.919225031173695e-19,0.01679656180510428,27787.149957424965,28499.99999999999
92.0,0.32515663407154816,8.880133978608873,9.187636926238927e-19,-1.8760630670105576e-18,0.013238008648872283,25990.781471378657,118.38625444578912,152.22156526950027,1.8168473887631636e-17,-3.709898760901764e-17,0.0009342795874321599,1429.3912460051217,230.62782175134535,202.39231393390537,4.553095066851815e-17,-9.297160500232822e-17,0.0002846614819153642,366.97957965326776,25999.999999999985,1699.9999999999986,800.0000000000005,349.339232831206,363.49401318201456,6.461818824877368e-17,-1.3194665567835642e-16,0.014456949718219807,27787.152297037046,28499.999999999985
93.0,0.32515663407154816,8.880133978608873,-1.359383214288892e-18,2.806268529489033e-18,0.011394046317273903,25990.78331534099,118.38625444578912,152.22156526950027,-2.6881687484216197e-17,5.549372156040884e-17,0.0008041409531328763,1429.3913761437561,230.62782175134535,202.39231393390537,-6.736662721900828e-17,1.3906957440009612e-16,0.0002450101216668544,366.979619304628,25999.999999999985,1699.9999999999986,800.0000000000003,349.339232831206,363.49401318201456,-9.560769791751337e-17,1.97369564489994e-16,0.012443197392073634,27787.154310789374,28499.999999999985
94.0,0.32515663407154816,8.880133978608873,2.851248726496591e-18,-5.870688010832628e-18,0.009806969204601501,25990.784902418105,118.38625444578912,152.22156526950027,5.638320113499232e-17,-1.160923562390725e-16,0.0006921321314603979,1429.3914881525777,230.62782175134535,202.39231393390537,1.4129864735018367e-16,-2.9093227320408445e-16,0.00021088265319409993,366.9796534320965,25999.99999999999,1699.9999999999986,800.0000000000005,349.339232831206,363.49401318201456,2.0053309721167258e-16,-4.128953174539896e-16,0.010709983989256,27787.15604400278,28499.99999999999
95.0,0.32515663407154816,8.880133978608873,-3.2277136241839055e-18,6.672853249302931e-18,0.008440916942174024,25990.786268470365,118.38625444578912,152.22156526950027,-6.382776249192095e-17,1.3195510565802778e-16,0.0005957222575885676,1429.3915845624515,230.62782175134535,202.39231393390537,-1.5995502839187327e-16,3.3068498448703917e-16,0.00018150795857711622,366.9796828067911,25999.99999999999,1699.9999999999984,800.0000000000005,349.339232831206,363.49401318201456,-2.270105045079781e-16,4.693129433943699e-16,0.009218147158339707,27787.157535839608,28499.99999999999
96.0,0.32515663407154816,8.880133978608873,4.8061263803971955e-18,-9.927633191747743e-18,0.007265185676330126,25990.787444201633,118.38625444578912,152.22156526950027,9.504074054173025e-17,-1.9631810227921203e-16,0.0005127443905151335,1429.3916675403186,230.62782175134535,202.39231393390537,2.381760498192354e-16,-4.919813313207772e-16,0.00015622580222376842,366.97970808894746,25999.99999999999,1699.9999999999986,800.0000000000005,349.339232831206,363.49401318201456,3.3802291674136286e-16,-6.98227066791737e-16,0.007934155869069027,27787.1588198309,28499.99999999999
97.0,0.32515663407154816,8.880133978608873,-5.151358003121011e-18,1.0682387464747859e-17,0.0062531888103271645,25990.788456198497,118.38625444578912,152.22156526950027,-1.0186766653931222e-16,2.1124330388582176e-16,0.00044132216686118515,1429.3917389625424,230.62782175134535,202.39231393390537,-2.552846108495255e-16,5.293845087301115e-16,0.00013446448334167267,366.9797298502663,25999.99999999999,1699.9999999999986,800.0000000000003,349.339232831206,363.49401318201456,-3.623036353919587e-16,7.513102000806812e-16,0.006828975460530023,27787.159925011307,28499.99999999999
98.0,0.32515663407154816,8.880133978608873,3.686016810106314e-18,-7.636235521570719e-18,0.0053821799365768265,25990.78932720737,118.38625444578912,152.22156526950027,7.289066902967883e-17,-1.5100590819118965e-16,0.0003798502466652544,1429.3918004344625,230.62782175134535,202.39231393390537,1.8266704932464862e-16,-3.7842708857693846e-16,0.00011573487805601871,366.9797485798716,25999.99999999999,1699.9999999999986,800.0000000000005,349.339232831206,363.49401318201456,2.592437351644338e-16,-5.370692322896989e-16,0.0058777650612980995,27787.160876221704,28499.99999999999
99.0,0.32515663407154816,8.880133978608873,-3.218046531996561e-18,6.713305991427729e-18,0.0046324851976379325,25990.79007690211,118.38625444578912,152.22156526950027,-6.363659657348001e-17,1.3275505521930887e-16,0.00032694013684627515,1429.3918533445724,230.62782175134535,202.39231393390537,-1.5947595897020043e-16,3.326896924327326e-16,9.961393260022065e-05,366.9797647008171,25999.99999999999,1699.9999999999986,800.0000000000005,349.339232831206,363.49401318201456,-2.26330602075677e-16,4.721580536434692e-16,0.005059039267084428,27787.1616949475,28499.99999999999
100.0,0.32515663407154816,8.880133978608873,-6.230076967530654e-18,1.295575527998326e-17,0.003987212159649733,25990.79072217515,118.38625444578912,152.22156526950027,-1.2319924234891341e-16,2.5619895915397773e-16,0.0002813996447901455,1429.3918988850644,230.62782175134535,202.39231393390537,-3.0874242747177344e-16,6.420452515696866e-16,8.573840312245573e-05,366.9797785763466,25999.99999999999,1699.9999999999986,800.0000000000005,349.339232831206,363.49401318201456,-4.381717467882175e-16,9.111999660036475e-16,0.004354350207562334,27787.16239963656,28499.99999999999
101.0,0.32515663407154816,8.880133978608873,1.5340448240432635e-17,-3.189274893779029e-17,0.00343183874166898,25990.791277548567,118.38625444578912,152.22156526950027,3.033560597009128e-16,-6.306763986953967e-16,0.00024220386681606567,1429.3919380808425,230.62782175134535,202.39231393390537,7.602229077539316e-16,-1.5805012961197655e-15,7.379601629012834e-05,366.9797905187334,25999.99999999999,1699.9999999999986,800.0000000000005,349.339232831206,363.49401318201456,1.078919415695277e-15,-2.2430704437529524e-15,0.003747838624775174,27787.163006148145,28499.99999999999
102.0,0.32515663407154816,8.880133978608873,-3.534871622404544e-17,7.375568864749394e-17,0.0029537982195429933,25990.79175558909,118.38625444578912,152.22156526950027,-6.990178579771098e-16,1.4585124722746846e-15,0.00020846589960074984,1429.3919718188097,230.62782175134535,202.39231393390537,-1.7517678376834548e-15,3.655092942703258e-15,6.351654548274042e-05,366.9798007982042,25999.99999999999,1699.9999999999986,800.0000000000005,349.339232831206,363.49401318201456,-2.48613441188461e-15,5.1873611036254364e-15,0.0032257806646264838,27787.1635282061,28499.99999999999
103.0,0.32515663407154816,8.880133978608873,2.784694430909222e-17,-5.809050380384171e-17,0.0025423675160101255,25990.792167019794,118.38625444578912,152.22156526950027,5.506709561598004e-16,-1.1487347738471093e-15,0.00017942895619451035,1429.392000855753,230.62782175134535,202.39231393390537,1.3800043290892218e-15,-2.8787771407982597e-15,5.46694086612549e-05,366.97980964534105,25999.99999999999,1699.9999999999986,800.0000000000005,349.339232831206,363.49401318201456,1.9585222295581145e-15,-4.085602418449211e-15,0.0027764658808658907,27787.16397752089,28499.99999999999
104.0,0.32515663407154816,8.880133978608873,-4.6338903679679575e-17,9.7161981123848e-17,0.00218823523279437,25990.792521152078,118.38625444578912,152.22156526950027,-9.163478805350745e-16,1.921369916015858e-15,0.00015443587964947438,1429.3920258488295,230.62782175134535,202.39231393390537,-2.2964059175816614e-15,4.815032957040112e-15,4.7054379601906136e-05,366.97981726037006,25999.999999999993,1699.9999999999986,800.0000000000003,349.339232831206,363.49401318201456,-3.2590927017964155e-15,6.833564854179818e-15,0.0023897254920457506,27787.164364261276,28499.999999999993
105.0,0.32515663407154816,8.880133978608873,-9.267642446921421e-17,1.9405169312133748e-16,0.0018834261539038004,25990.792825961158,118.38625444578912,152.22156526950027,-1.83266841452718e-15,3.837355733182521e-15,0.0001329238148043294,1429.3920473608944,230.62782175134535,202.39231393390537,-4.592743303253147e-15,9.616573137329259e-15,4.049996447732699e-05,366.9798238147852,25999.999999999993,1699.9999999999986,800.0000000000005,349.339232831206,363.49401318201456,-6.5180881422495415e-15,1.3647980563633117e-14,0.0020568499331854568,27787.16469713684,28499.999999999993
106.0,0.32515663407154816,8.880133978608873,1.7774667708278168e-16,-3.7219257879245784e-16,0.0016210912367263938,25990.793088296075,118.38625444578912,152.22156526950027,3.514925427285289e-15,-7.360076601774046e-15,0.00011440938679109882,1429.3920658753225,230.62782175134535,202.39231393390537,8.80854937510784e-15,-1.8444658212176887e-14,3.485888595799796e-05,366.97982945586375,25999.999999999993,1699.9999999999986,800.0000000000005,349.339232831206,363.49401318201456,1.250122147947591e-14,-2.617692739274339e-14,0.0017703595094754904,27787.164983627263,28499.999999999993
107.0,0.32515663407154816,8.880133978608873,-5.886047423723334e-16,1.2375972815125956e-15,0.0013952783919027902,25990.79331410892,118.38625444578912,152.22156526950027,-1.1639608737275706e-14,2.4473381021434527e-14,9.847252369063425e-05,1429.3920818121856,230.62782175134535,202.39231393390537,-2.91693438162408e-14,6.133131116823174e-14,3.000315418581396e-05,366.9798343115955,25999.999999999993,1699.9999999999986,800.0000000000003,349.339232831206,363.49401318201456,-4.1397557295888836e-14,8.704228947117887e-14,0.0015237540697792384,27787.1652302327,28499.999999999993
108.0,0.32515663407154816,8.880133978608873,-1.6918124321244633e-16,3.5556773780188666e-16,0.0012009278817165252,25990.79350845943,118.38625444578912,152.22156526950027,-3.3455447007453314e-15,7.031321784668465e-15,8.47561318029475e-05,1429.3920955285773,230.62782175134535,202.39231393390537,-8.384074227076914e-15,1.7620784962822862e-14,2.5823967903061512e-05,366.9798384907818,25999.99999999999,1699.9999999999986,800.0000000000005,349.339232831206,363.49401318201456,-1.189880017103469e-14,2.5007674485293214e-14,0.0013115079814225341,27787.165442478785,28499.99999999999
109.0,0.32515663407154816,8.880133978608873,8.94634547936078e-16,-1.8809268644945955e-15,0.0010336571879762397,25990.79367573012,118.38625444578912,152.22156526950027,1.7691322123657308e-14,-3.719516882902397e-14,7.295091254397063e-05,1429.3921073337967,230.62782175134535,202.39231393390537,4.433518937219089e-14,-9.321264076212799e-14,2.222708829598375e-05,366.97984208766144,25999.99999999999,1699.9999999999986,800.0000000000005,349.339232831206,363.49401318201456,6.292114604378427e-14,-1.3228873645564657e-13,0.0011288351888161941,27787.165625151578,28499.99999999999
110.0,0.3251566340715482,8.880133978608875,-5.4544301391103374e-15,1.1516737589418294e-14,0.0008896683329868548,25990.79381971898,118.38625444578913,152.22156526950027,-1.0786089226578806e-13,2.277425066786695e-13,6.278882154429862e-05,1429.3921174958875,230.6278217513454,202.3923139339054,-2.703038840850253e-13,5.707321980429599e-13,1.9130846012889167e-05,366.9798451839033,25999.999999999993,1699.9999999999986,800.0000000000005,349.3392328312061,363.49401318201456,-3.836192064899237e-13,8.099914423110477e-13,0.0009715880005440427,27787.16578239877,28499.999999999993
111.0,0.32515663407154816,8.880133978608873,-7.113225251621808e-16,1.5006883883408455e-15,0.0007657464494444208,25990.793943640863,118.38625444578912,152.22156526950027,-1.4066342458502082e-14,2.967598529101416e-14,5.404296792542411e-05,1429.3921262417412,230.62782175134535,202.39231393390537,-3.525083949794768e-14,7.436925394825614e-14,1.6466110931672717e-05,366.9798478486387,25999.999999999993,1699.9999999999986,800.0000000000003,349.339232831206,363.49401318201456,-5.0028504481611946e-14,1.0554592762761114e-13,0.0008362555283015176,27787.165917731243,28499.999999999993
112.0,0.32515663407154805,8.880133978608871,7.400347607784853e-15,-1.5626888057966743e-14,0.0006590921762389958,25990.794050295135,118.3862544457891,152.22156526950025,1.4634124476710308e-13,-3.0902038274952603e-13,4.6515785223009015e-05,1429.3921337689242,230.6278217513453,202.39231393390534,3.667372486114884e-13,-7.7441793742632e-13,1.4172687303588211e-05,366.9798501420629,25999.999999999993,1699.9999999999986,800.0000000000005,349.33923283120595,363.49401318201444,5.204788409863764e-13,-1.0990652082338127e-12,0.0007197806487655931,27787.166034206122,28499.999999999993
113.0,0.32515663407154904,8.880133978608887,-6.492355548757053e-14,1.3773340244658059e-13,0.000567278425462048,25990.794142108887,118.38625444578928,152.22156526950045,-1.2838577899734882e-12,2.723666323302122e-12,4.003597988970022e-05,1429.3921402487276,230.62782175134583,202.39231393390563,-3.2174010427497246e-12,6.825621137386487e-12,1.2198383331350307e-05,366.979852116362,25999.999999999993,1699.9999999999986,800.0000000000005,349.3392328312067,363.49401318201495,-4.566182388210783e-12,9.68702086313519e-12,0.0006195127886830986,27787.166134473977,28499.999999999993
114.0,0.3251566340715486,8.88013397860888,-3.178632415175531e-14,6.741465727055828e-14,0.0004882606528646607,25990.79422112666,118.3862544457892,152.22156526950036,-6.285718576312823e-13,1.3331191159382287e-12,3.445925824998317e-05,1429.3921458254501,230.62782175134558,202.3923139339055,-1.5752272299759457e-12,3.34085197534424e-12,1.0499237327101873e-05,366.9798538155102,25999.999999999993,1699.9999999999986,800.0000000000003,349.33923283120635,363.4940131820148,-2.2355854117589834e-12,4.741385748553027e-12,0.0005332191484417457,27787.166220767624,28499.999999999993
115.0,0.3251566340715469,8.88013397860885,9.975083346600561e-14,-2.1164138978470568e-13,0.000420258123684086,25990.79428912919,118.38625444578888,152.22156526950008,1.972564250985867e-12,-4.185190489264428e-12,2.9659943946141987e-05,1429.392150624768,230.62782175134458,202.39231393390497,4.943328090989915e-12,-1.04882615110043e-11,9.036957426469912e-06,366.97985527779895,25999.999999999993,1699.9999999999986,800.0000000000003,349.339232831205,363.4940131820139,7.015643175441787e-12,-1.4885093390053435e-11,0.00045895502505669786,27787.166295031755,28499.999999999993
116.0,0.3251566340715594,8.880133978609063,-8.647757037181217e-13,1.8443885326308934e-12,0.0003617159526423614,25990.79434767136,118.38625444579122,152.22156526950218,-1.7100866017901565e-11,3.647262642308425e-11,2.5528292771313554e-05,1429.3921547563932,230.6278217513518,202.3923139339089,-4.285548180493533e-11,9.140191943565494e-11,7.778089937767741e-06,366.97985653660123,25999.999999999993,1699.9999999999989,800.0000000000005,349.3392328312146,363.4940131820201,-6.082112352655501e-11,1.2971893439137007e-10,0.0003950223353514427,27787.16635896435,28499.999999999993
117.0,0.32515663407156703,8.88013397860919,-1.447967686893273e-12,3.087586474879835e-12,0.0003113270160461235,25990.794398060298,118.38625444579264,152.22156526950346,-2.863343790227855e-11,6.105676003451509e-11,2.1972062854360414e-05,1429.3921583126073,230.62782175135615,202.39231393391128,-7.175658681547111e-11,1.5301078120716682e-10,6.69455017246401e-06,366.97985762010154,25999.999999999996,1699.9999999999986,800.0000000000005,349.33923283122033,363.49401318202393,-1.0183799240464294e-10,2.1715512771656174e-10,0.00033999362907294794,27787.166413993007,28499.999999999996
118.0,0.3251566340715339,8.880133978608631,1.0981028723594939e-12,-2.3423660256331954e-12,0.0002679676232650971,25990.794441419694,118.38625444578645,152.22156526949792,2.1714890940337583e-11,-4.6320089009218606e-11,1.891196604469676e-05,1429.3921613727728,230.62782175133717,202.39231393390088,5.441842024934706e-11,-1.1608007042767776e-10,5.762217559182473e-06,366.97985855260646,25999.999999999996,1699.9999999999986,800.0000000000005,349.33923283119515,363.4940131820074,7.723141406204413e-11,-1.6474252546252956e-10,0.0002926418068689763,27787.166461345074,28499.999999999996
119.0,0.325156634071558,8.880133978609038,-7.653389324354908e-13,1.6589193980479624e-12,0.00023064609709084517,25990.794478741216,118.38625444579095,152.22156526950192,-1.5134512319825762e-11,3.280499005524069e-11,1.6277967653649015e-05,1429.3921640067206,230.62782175135095,202.39231393390844,-3.792771761856861e-11,8.22106700895892e-11,4.95965073212105e-06,366.97985935504596,25999.999999999996,1699.9999999999986,800.0000000000003,349.33923283121345,363.4940131820194,-5.382756887082986e-11,1.1667457954287784e-10,0.00025188371547661524,27787.166502102984,28499.999999999996
120.0,0.325156634072244,8.880133978620654,-5.390883647939935e-11,1.1563187198890817e-10,0.0001985120888707494,25990.79451087515,118.38625444591942,152.22156526961675,-1.0660426580558617e-09,2.286610437572089e-09,1.4009762903325566e-05,1429.3921662734792,230.62782175174468,202.3923139341244,-2.671547258953131e-09,5.730340902034805e-09,4.267832888027111e-06,366.9798600432397,25999.999999999993,1699.9999999999989,800.0000000000005,349.33923283173635,363.49401318236175,-3.791498753488393e-09,8.132583211595802e-09,0.0002167896846621021,27787.166537191868,28499.999999999993
121.0,0.32515663407199585,8.88013397861645,-3.469923705158577e-11,7.441424585586113e-11,0.00017085986570681156,25990.7945385274,118.38625444587295,152.2215652695752,-6.861744625692124e-10,1.4715353851092826e-09,1.2058311699847279e-05,1429.3921682254536,230.62782175160226,202.39231393404626,-1.7195817548080976e-09,3.6877289054238085e-09,3.6735175583056646e-06,366.97986063886617,25999.999999999993,1699.9999999999989,800.0000000000003,349.3392328315472,363.4940131822379,-2.4404554544288957e-09,5.233678536388952e-09,0.0001865916949649645,27787.16656739172,28499.999999999993
122.0,0.32515663407072604,8.880133978594952,6.368951013042192e-11,-1.366420886650146e-10,0.00014706708162093705,25990.79456232032,118.38625444563516,152.2215652693627,1.2594546479527314e-09,-2.7020856860553595e-09,1.0379733983317057e-05,1429.3921699067096,230.62782175087352,202.39231393364656,3.156245753477673e-09,-6.771539162592731e-09,3.16342866806615e-06,366.9798611556669,25999.999999999993,1699.9999999999986,800.0000000000005,349.3392328305794,363.49401318160426,4.479389911560826e-09,-9.610266937313105e-09,0.00016061024427232025,27787.166593382695,28499.999999999993
123.0,0.325156634071343,8.880133978605397,1.5885665979486705e-11,-3.387026074874659e-11,0.00012658462207694248,25990.79458280271,118.3862544457507,152.22156526946597,3.141376941503667e-10,-6.697815266658824e-10,8.933875524544512e-06,1429.3921713512623,230.62782175122757,202.39231393384077,7.872421327437581e-10,-1.6785003752954198e-09,2.722238480247733e-06,366.9798615935848,25999.999999999993,1699.9999999999989,800.0000000000005,349.3392328310496,363.4940131819121,1.1172654928736116e-09,-2.3821521627100486e-09,0.00013824073608173474,27787.166615747556,28499.999999999993
124.0,0.32515663407249545,8.880133978624912,-7.368031446732344e-11,1.587258839534712e-10,0.00010895212238479796,25990.79460043509,118.38625444596651,152.22156526965884,-1.4570219542820187e-09,3.1387908603134065e-09,7.688894449032015e-06,1429.392172593797,230.62782175188897,202.39231393420354,-3.6513576439430334e-09,7.8659405005681e-09,2.341678174689137e-06,366.9798619680151,25999.999999999993,1699.9999999999986,800.0000000000005,349.339232831928,363.49401318248727,-5.182059912692376e-09,1.1163457244834977e-08,0.0001189826950085191,27787.166634996902,28499.999999999993
125.0,0.32515663406982803,8.880133978579746,1.339480916332263e-10,-2.8844088619108704e-10,9.377639632071098e-05,25990.794615611103,118.386254445467,152.22156526921245,2.648812123776136e-09,-5.703894001189922e-09,6.619155701895664e-06,1429.3921736692187,230.62782175035815,202.3923139333639,6.63803339890301e-09,-1.429419570519118e-08,2.0186080622312686e-06,366.97986230532644,25999.999999999993,1699.9999999999986,800.0000000000005,349.33923282989497,363.4940131811561,9.420793614312373e-09,-2.028653059257219e-08,0.00010241416008483791,27787.166651585645,28499.999999999993
126.0,0.3251566340736087,8.88013397864376,-1.6100167985172754e-10,3.4820089874475345e-10,8.071376419634078e-05,25990.794628673324,118.38625444617497,152.22156526984512,-3.1837945306611596e-09,6.885643168609088e-09,5.695406123966262e-06,1429.3921745848706,230.62782175252786,202.39231393455395,-7.978721571261513e-09,1.725570829133148e-08,1.7330738288405103e-06,366.9798625705677,25999.999999999993,1699.9999999999986,800.0000000000005,349.3392328327765,363.49401318304285,-1.13235177817744e-08,2.448955235868532e-08,8.814224414914755e-05,27787.16666582876,28499.999999999993
127.0,0.3251566340699131,8.880133978581185,1.27862672236066e-10,-2.763173904978128e-10,6.9471247377743e-05,25990.794639916243,118.38625444548292,152.2215652692267,2.5284734725723394e-09,-5.464152904552359e-09,4.9037727744398355e-06,1429.3921753844522,230.62782175040698,202.39231393339068,6.336459731755507e-09,-1.3693394541605443e-08,1.4958806704531685e-06,366.97986282767897,25999.999999999993,1699.9999999999989,800.0000000000003,349.3392328299598,363.4940131811985,8.992795876563913e-09,-1.9433864836655616e-08,7.587090082263601e-05,27787.166678128375,28499.999999999993
128.0,0.32515663407159373,8.880133978609644,-3.623492290960686e-12,8.571182341527443e-12,5.979445131202114e-05,25990.794649592855,118.38625444579766,152.22156526950795,-7.16542519805884e-11,1.6949440206284634e-10,4.2199995329442146e-06,1429.392176064596,230.6278217513715,202.3923139339197,-1.7956853702432832e-10,4.2476002431440014e-10,1.285715268808628e-06,366.9798630287487,25999.999999999993,1699.999999999999,800.0000000000002,349.33923283124074,363.4940131820373,-2.548462812958774e-10,6.028256087187739e-10,6.530016611377398e-05,27787.1666886862,28499.999999999993
129.0,0.3251566340712912,8.88013397860452,2.0302248827388315e-11,-4.383518242992216e-11,5.14655778126174e-05,25990.794657921764,118.38625444574099,152.2215652694573,4.014752444815157e-10,-8.668370056715702e-10,3.632337908113194e-06,1429.3921766529281,230.62782175119784,202.39231393382445,1.0061136679463467e-09,-2.1723296052290987e-09,1.1070015175188984e-06,366.97986320914276,25999.999999999993,1699.9999999999989,800.0000000000005,349.3392328310101,363.4940131818863,1.4278911612552506e-09,-3.083001793330591e-09,5.620491723824949e-05,27787.166697783836,28499.999999999993
130.0,0.3251566340707963,8.88013397859614,5.914206262151973e-11,-1.278251919465505e-10,4.429688080899952e-05,25990.794665090514,118.38625444564832,152.22156526937448,1.1695292600715476e-09,-2.5277323030145003e-09,3.1266469900294605e-06,1429.3921771596872,230.62782175091382,202.39231393366867,2.9308889897341477e-09,-6.334602330063142e-09,9.534632699214637e-07,366.9798633653583,25999.999999999993,1699.9999999999989,800.0000000000003,349.3392328306329,363.4940131816393,4.159560312427215e-09,-8.990159825024193e-09,4.8376991068950443e-05,27787.16670561556,28499.999999999993
131.0,0.32515663407200024,8.880133978616525,-3.546703242965015e-11,7.740426161785393e-11,3.812662647854983e-05,25990.79467126064,118.38625444587377,152.22156526957596,-7.013575508684774e-10,1.530662692585544e-09,2.6905814764892673e-06,1429.3921775931383,230.62782175160476,202.39231393404762,-1.7576312059559699e-09,3.835904398311544e-09,8.192826178817972e-07,366.9798634929871,25999.999999999996,1699.9999999999989,800.0000000000002,349.33923283155053,363.4940131822401,-2.4944557892540975e-09,5.4439713525149415e-09,4.1636490572920895e-05,27787.166712346763,28499.999999999996
132.0,0.32515663407023726,8.880133978586674,1.0350389021742492e-10,-2.2498828427859808e-10,3.281598414954935e-05,25990.794676571473,118.38625444554363,152.22156526928092,2.0467806291358415e-09,-4.449124193065006e-09,2.3166601675834967e-06,1429.3921779709165,230.62782175059297,202.3923139334927,5.129317422955671e-09,-1.1149690355485913e-08,7.072986261968566e-07,366.9798636146365,25999.999999999993,1699.9999999999989,800.0000000000005,349.3392328302068,363.4940131813603,7.279601942308937e-09,-1.5823802832829518e-08,3.58399429433297e-05,27787.166718157026,28499.999999999993
133.0,0.3251566340729414,8.880133978632461,-1.1010263629858424e-10,2.4064730362162963e-10,2.8244863065340176e-05,25990.794681142295,118.38625444605003,152.22156526973345,-2.1772702718427186e-09,4.758779969270169e-09,1.9926946268369988e-06,1429.3921782889392,230.62782175214488,202.3923139343439,-5.456329897323745e-09,1.1925700615326781e-08,6.055948173336638e-07,366.9798637014474,25999.999999999993,1699.9999999999989,800.0000000000003,349.33923283226784,363.4940131827098,-7.743702805465048e-09,1.692512788821858e-08,3.0843152509510835e-05,27787.16672313268,28499.999999999993
134.0,0.32515663406897743,8.880133978565343,2.036308322278326e-10,-4.44558698626731e-10,2.431074323069591e-05,25990.794685076857,118.38625444530771,152.2215652690701,4.026782394581606e-09,-8.791110468895515e-09,1.7170394035582762e-06,1429.392178573346,230.62782174987,202.39231393309615,1.0091284234870276e-08,-2.2030888632372757e-08,5.260193984259997e-07,366.97986380295447,25999.999999999993,1699.9999999999989,800.0000000000005,349.3392328292467,363.4940131807316,1.4321697461679715e-08,-3.1266557799895e-08,2.6553802032680186e-05,27787.166727453157,28499.999999999993
135.0,0.3251566340737591,8.880133978646308,-1.755643360181203e-10,3.8506198325137065e-10,2.0924285289898623e-05,25990.794688462778,118.38625444620315,152.2215652698703,-3.4717698182133928e-09,7.614567980773699e-09,1.4756182383636338e-06,1429.3921788041644,230.62782175261415,202.39231393460128,-8.70039962460821e-09,1.90824242013021e-08,4.4711533655224607e-07,366.9798638552876,25999.999999999993,1699.9999999999989,800.0000000000005,349.33923283289107,363.4940131831179,-1.2347733778839723e-08,2.7082054165327168e-08,2.2847018864814502e-05,27787.166731122234,28499.999999999993
136.0,0.3251566340689232,8.880133978564425,2.0875026314422174e-10,-4.5732317084107883e-10,1.8009863146825112e-05,25990.794691377745,118.38625444529757,152.22156526906105,4.128018705694976e-09,-9.043526821668138e-09,1.2723905168652456e-06,1429.3921790181653,230.62782174983886,202.39231393307907,1.0344986642973333e-08,-2.266345451555098e-08,3.9062773156861896e-07,366.97986393877324,25999.999999999993,1699.9999999999989,800.0000000000005,349.33923282920534,363.49401318070454,1.4681755611812531e-08,-3.2164304508060196e-08,1.9672881395258974e-05,27787.166734334685,28499.999999999993
137.0,0.3251566340728141,8.880133978630306,-1.009497775731179e-10,2.2266416135533487e-10,1.550112657245412e-05,25990.794693886044,118.38625444602619,152.22156526971216,-1.9962732687135506e-09,4.403164859844968e-09,1.093348507487027e-06,1429.392179188505,230.6278217520718,202.39231393430381,-5.002743876265104e-09,1.1034514354146331e-08,3.3168739762897867e-07,366.97986397590563,25999.999999999996,1699.9999999999986,800.0000000000005,349.3392328321708,363.4940131826463,-7.0999669225517725e-09,1.5660343375346632e-08,1.6926162477570125e-05,27787.166737050455,28499.999999999996
138.0,0.3251566340704928,8.880133978591001,8.438437207556974e-11,-1.853490580738242e-10,1.3342011946149923e-05,25990.79469604542,118.38625444559149,152.2215652693237,1.6686937834422214e-09,-3.6652618649682658e-09,9.421611561490876e-07,1429.392179344919,230.62782175073963,202.39231393357312,4.181816055445101e-09,-9.185298744965148e-09,2.882591416541334e-07,366.979864032432,25999.999999999993,1699.9999999999986,800.0000000000005,349.3392328304016,363.49401318148784,5.934894210962892e-09,-1.3035909668007237e-08,1.4572432243953145e-05,27787.166739422773,28499.999999999993
139.0,0.32515663407097867,8.880133978599229,4.5559271856035976e-11,-9.946484826713094e-11,1.1483573773873921e-05,25990.794697903802,118.38625444568248,152.221565269405,9.00930727488031e-10,-1.966908917945615e-09,8.107489986096853e-07,1429.3921794752284,230.6278217510185,202.3923139337261,2.257769890751984e-09,-4.9291555913401045e-09,2.4766328712714954e-07,366.97986407026394,25999.999999999993,1699.9999999999989,800.0000000000005,349.33923283077195,363.49401318173034,3.204259890096051e-09,-6.9955293575528504e-09,1.2541986059610756e-05,27787.166741449295,28499.999999999993
140.0,0.3251566340716149,8.88013397861,-5.141405468181123e-12,1.1636147304956215e-11,9.883987249699731e-06,25990.79469950332,118.38625444580161,152.22156526951147,-1.016708559851778e-10,2.301038236650577e-10,6.975332364219405e-07,1429.392179587024,230.6278217513836,202.39231393392635,-2.547913957022253e-10,5.766497566516993e-10,2.1245210603754928e-07,366.9798641019165,25999.999999999996,1699.9999999999986,800.0000000000005,349.3392328312568,363.4940131820478,-3.616036571555842e-10,8.183897276217132e-10,1.0793972592159221e-05,27787.166743192258,28499.999999999996
141.0,0.3251566340703342,8.880133978588315,9.752485000360059e-11,-2.147736218592496e-10,8.507268984635613e-06,25990.794700880182,118.38625444556179,152.22156526929714,1.9285456172363266e-09,-4.247130112147688e-09,6.010329899978124e-07,1429.3921796864254,230.62782175064862,202.3923139335232,4.833015563438398e-09,-1.0643484783889791e-08,1.845132470559106e-07,366.97986413712584,25999.999999999993,1699.9999999999986,800.0000000000005,349.33923283028076,363.49401318140866,6.859086030678325e-09,-1.510538851789673e-08,9.292815221689335e-06,27787.166744703736,28499.999999999993
142.0,0.3251566340720978,8.880133978618177,-4.402158205174595e-11,9.772783299612974e-11,7.322226235772873e-06,25990.794702065024,118.38625444589206,152.2215652695923,-8.705230423377649e-10,1.9325595886823693e-09,5.164832898295104e-07,1429.392179766969,230.6278217516608,202.39231393407837,-2.1815669665401408e-09,4.843074742821722e-09,1.5673144930327955e-07,366.9798641548683,25999.999999999996,1699.9999999999989,800.0000000000005,349.33923283162494,363.4940131822889,-3.0961115909296516e-09,6.8733621645002216e-09,7.995440974905663e-06,27787.166745986862,28499.999999999996
143.0,0.325156634070103,8.8801339785844,1.1651718765421987e-10,-2.57684877418152e-10,6.302359186548059e-06,25990.79470308512,118.38625444551849,152.22156526925846,2.3041174795561903e-09,-5.095696542524087e-09,4.455471551487266e-07,1429.3921798424662,230.62782175051595,202.39231393345042,5.774214277894494e-09,-1.2770027567134341e-08,1.3741922826580513e-07,366.97986418561067,25999.999999999993,1699.9999999999986,800.0000000000005,349.33923283010455,363.4940131812933,8.194848945104905e-09,-1.812340898707658e-08,6.885325569962591e-06,27787.1667471132,28499.999999999993
144.0,0.3251566340727268,8.880133978628828,-9.503950564084252e-11,2.113227117633149e-10,5.424416670144645e-06,25990.794703962758,118.38625444600984,152.22156526969755,-1.8793981437635046e-09,4.178888658456858e-09,3.822107816448063e-07,1429.392179899781,230.62782175202176,202.39231393427633,-4.709849949905513e-09,1.0472468861211752e-08,1.1508360698750909e-07,366.9798641928561,25999.999999999993,1699.9999999999986,800.0000000000005,349.33923283210436,363.4940131826027,-6.6842875993098596e-09,1.4862680231431925e-08,5.92171105877696e-06,27787.166748055395,28499.999999999993
145.0,0.32515663406934164,8.880133978571509,1.7844910383386622e-10,-3.9619951920720396e-10,4.668936899416704e-06,25990.79470471863,118.38625444537591,152.22156526913105,3.5288158565521606e-09,-7.834811807386056e-09,3.3067515097172597e-07,1429.3921799591226,230.62782175007902,202.3923139332108,8.843359370221257e-09,-1.9634364395161866e-08,1.0331999338583043e-07,366.97986422418165,25999.999999999993,1699.9999999999986,800.0000000000005,349.3392328295243,363.4940131809134,1.2550624330607284e-08,-2.786537572175513e-08,5.102932043774261e-06,27787.166748901935,28499.999999999993
146.0,0.3251566340734788,8.88013397864156,-1.5647025754709159e-10,3.4901055451062166e-10,4.018478033498203e-06,25990.794705368608,118.38625444615066,152.2215652698234,-3.094186039845892e-09,6.901654042538941e-09,2.8258045008853794e-07,1429.3921799976367,230.62782175245331,202.39231393451306,-7.75415896474077e-09,1.729583220775926e-08,8.383193700713569e-08,366.9798642196605,25999.999999999993,1699.9999999999986,800.0000000000005,349.33923283267745,363.49401318297805,-1.1004815262133753e-08,2.4546496804808824e-08,4.3848904205938765e-06,27787.166749585907,28499.999999999993
147.0,0.32515663406933243,8.880133978571353,1.7988353207949128e-10,-4.0076312820371547e-10,3.458849913973555e-06,25990.79470592872,118.38625444537419,152.2215652691295,3.5571815531519746e-09,-7.925056787279247e-09,2.4528765894717937e-07,1429.392180044575,230.6278217500737,202.39231393320787,8.914444986195829e-09,-1.9860522069885477e-08,7.733690481133426e-08,366.97986425032803,25999.999999999993,1699.9999999999986,800.0000000000005,349.33923282951724,363.4940131809087,1.2651510071427295e-08,-2.818634198536844e-08,3.7814744777320687e-06,27787.166750223623,28499.999999999993
148.0,0.3251566340728117,8.880133978630264,-1.0286571035185365e-10,2.306541876817284e-10,2.9769707084846173e-06,25990.79470641019,118.38625444602573,152.22156526971176,-2.034160676520433e-09,4.561166951141797e-09,2.094218667354942e-07,1429.3921800723124,230.62782175207047,202.39231393430305,-5.097691296711166e-09,1.14304741693563e-08,6.230676005059278e-08,366.97986424498737,25999.999999999993,1699.9999999999986,800.0000000000005,349.33923283216905,363.49401318264506,-7.234717683583452e-09,1.6222295308179825e-08,3.2486993352707043e-06,27787.166750727487,28499.999999999993
149.0,0.3251566340710091,8.88013397859974,4.4058182401781655e-11,-9.834458870431129e-11,2.562348675038921e-06,25990.79470682503,118.38625444568818,152.2215652694101,8.712468111857699e-10,-1.9447558803288048e-09,1.8112834003172715e-07,1429.3921801048457,230.62782175103598,202.39231393373564,2.183380761257328e-09,-4.873639157322316e-09,5.58261049071922e-08,366.979864262093,25999.999999999993,1699.9999999999986,800.0000000000005,349.33923283079514,363.49401318174546,3.0986857548448796e-09,-6.916739626355432e-09,2.7993031199778403e-06,27787.166751191966,28499.999999999993
150.0,0.3251566340704492,8.88013397859026,8.970431266838413e-11,-2.0003887601686524e-10,2.205453946471124e-06,25990.794707181987,118.38625444558332,152.2215652693164,1.7738951563319033e-09,-3.955751765886727e-09,1.5623876335294213e-07,1429.392180131042,230.62782175071465,202.3923139335594,4.445455073418869e-09,-9.913278523837954e-09,4.8901982810396096e-08,366.9798642722922,25999.999999999993,1699.9999999999986,800.0000000000005,349.3392328303684,363.494013181466,6.3090545424191565e-09,-1.4069069165741546e-08,2.410594692634462e-06,27787.166751585322,28499.999999999993
151.0,0.3251566340723378,8.88013397862224,-6.437399242389624e-11,1.447164928564489e-10,1.8982029404219621e-06,25990.794707489014,118.386254445937,152.22156526963246,-1.2729902270601949e-09,2.861756342423375e-09,1.335399953956981e-07,1429.3921801493004,230.62782175179854,202.3923139341539,-3.190166478152682e-09,7.1716804715395e-09,3.974502482700642e-08,366.9798642703215,25999.999999999993,1699.9999999999986,800.0000000000005,349.33923283180786,363.4940131824086,-4.527530697636773e-09,1.0178153306819324e-08,2.071487960644667e-06,27787.166751908637,28499.999999999993
152.0,0.32515663406937945,8.880133978572148,1.77716016796374e-10,-3.9848293244677484e-10,1.633879642726505e-06,25990.794707753692,118.386254445383,152.2215652691374,3.51431912268993e-09,-7.879966110013252e-09,1.1648535153049381e-07,1429.3921801733586,230.62782175010076,202.3923139332227,8.807029952034535e-09,-1.9747522956571422e-08,3.8083761032594204e-08,366.97986428953374,25999.999999999993,1699.9999999999986,800.0000000000005,349.3392328295531,363.49401318093226,1.2499065091520839e-08,-2.802597199903145e-08,1.788448755289593e-06,27787.166752216584,28499.999999999993
153.0,0.3251566340724747,8.880133978624558,-7.584565358441287e-11,1.7102542105856676e-10,1.406214521210109e-06,25990.794707980986,118.38625444596263,152.22156526965537,-1.4998413512086094e-09,3.3820131608408407e-09,9.873945818996972e-08,1429.392180183759,230.62782175187712,202.392313934197,-3.75866483445665e-09,8.475465706312466e-09,2.896906456046067e-08,366.97986428024046,25999.999999999993,1699.9999999999986,800.0000000000005,349.3392328319122,363.4940131824769,-5.334351839249672e-09,1.2028504288211873e-08,1.5339230439605395e-06,27787.166752444988,28499.999999999993
154.0,0.32515663406952156,8.880133978574554,1.6667288468139346e-10,-3.749095350844834e-10,1.2104205209314665e-06,25990.794708177138,118.38625444540963,152.22156526916115,3.2959421240237573e-09,-7.413804181410942e-09,8.653153545957708e-08,1429.3921802030143,230.62782175018233,202.39231393326742,8.259768106672234e-09,-1.8579301766475218e-08,2.880712510813174e-08,366.9798642980631,25999.999999999993,1699.9999999999986,800.0000000000005,349.33923282966146,363.4940131810031,1.1722383115377384e-08,-2.6368015482970642e-08,1.3257591814991753e-06,27787.166752678215,28499.999999999993
155.0,0.32515663407265205,8.880133978627562,-9.078737104779911e-11,2.0523763373236269e-10,1.0417376103811402e-06,25990.794708345442,118.38625444599586,152.22156526968504,-1.7953125437088117e-09,4.0585567577504394e-09,7.291479752432846e-08,1429.3921802091397,230.6278217519789,202.39231393425283,-4.4991279373572835e-09,1.0170912111040064e-08,2.0876411643667632e-08,366.9798642872205,25999.999999999993,1699.9999999999986,800.0000000000005,349.3392328320474,363.4940131825654,-6.385227852113894e-09,1.4434706502522867e-08,1.1355288195491363e-06,27787.1667528418,28499.999999999993
156.0,0.3251566340695605,8.880133978575213,1.6400741255137814e-10,-3.700670909850915e-10,8.96715895858677e-07,25990.794708490837,118.38625444541692,152.22156526916768,3.243232639280372e-09,-7.318045261075893e-09,6.437881720060838e-08,1429.39218022511,230.62782175020467,202.39231393327967,8.127675944632733e-09,-1.833932592750312e-08,2.2029133453763273e-08,366.9798643046986,25999.999999999993,1699.9999999999986,800.0000000000005,349.3392328296911,363.4940131810225,1.1534915996464483e-08,-2.6027438279564104e-08,9.831238465130486e-07,27787.166753020647,28499.999999999993
157.0,0.32515663407304357,8.88013397863419,-1.2358280239683065e-10,2.801647143710593e-10,7.717189362685314e-07,25990.79470861541,118.38625444606916,152.22156526975056,-2.4438394103593187e-09,5.5402334070701834e-09,5.3635846187879665e-08,1429.3921802274467,230.62782175220357,202.39231393437606,-6.124363250335744e-09,1.3884055446654867e-08,1.4511416592071876e-08,366.9798642911497,25999.999999999993,1699.9999999999986,800.0000000000005,349.3392328323458,363.4940131827608,-8.691785463091895e-09,1.9704453568096108e-08,8.398661990484829e-07,27787.166753134003,28499.999999999993
158.0,0.3251566340700005,8.880133978582663,1.281904523146163e-10,-2.901611144077344e-10,6.643058746700366e-07,25990.794708723195,118.3862544454993,152.2215652692413,2.534955295761572e-09,-5.737911367873203e-09,4.7741560298290246e-08,1429.3921802407194,230.62782175045717,202.3923139334182,6.352703450408346e-09,-1.4379444641889457e-08,1.6441284184030242e-08,366.97986430771056,25999.999999999993,1699.9999999999986,800.0000000000005,349.3392328300265,363.49401318124217,9.015849198484533e-09,-2.0407517124170393e-08,7.28488719152357e-07,27787.166753271627,28499.999999999993
159.0,0.3251566340724284,8.880133978623773,-7.307761213914167e-11,1.6658947048192696e-10,5.717104056916279e-07,25990.794708815494,118.38625444595397,152.2215652696476,-1.445103566962381e-09,3.2942926153184637e-09,3.9854934701234967e-08,1429.3921802426928,230.62782175185055,202.39231393418243,-3.6214896695050193e-09,8.255634369205979e-09,1.1052222017589066e-08,366.97986429828114,25999.999999999993,1699.9999999999984,800.0000000000005,349.3392328318769,363.49401318245384,-5.139670848606542e-09,1.1716516455006369e-08,6.22617562410452e-07,27787.16675335647,28499.999999999993
160.0,0.3251566340717695,8.880133978612616,-1.824927277806522e-11,4.160289413698945e-11,4.920910638103967e-07,25990.794708895195,118.38625444583057,152.22156526953734,-3.608778176046602e-10,8.226936944957104e-10,3.4606386520936456e-08,1429.3921802495624,230.6278217514724,202.392313933975,-9.043748270957549e-10,2.061704630546917e-09,1.0271875584117716e-08,366.97986430312386,25999.999999999993,1699.9999999999986,800.0000000000005,349.3392328313747,363.49401318212495,-1.2835019174784804e-09,2.926001219179617e-09,5.369693259154508e-07,27787.166753447884,28499.999999999993
161.0,0.32515663406973155,8.880133978578108,1.5116583784895273e-10,-3.4312596138384776e-10,4.2360457991276836e-07,25990.79470896393,118.38625444544893,152.2215652691963,2.9892915913090824e-09,-6.7852867137440315e-09,3.0911335209435695e-08,1429.3921802582379,230.6278217503028,202.39231393333353,7.491289112013399e-09,-1.7004210839837593e-08,1.1661088844241149e-08,366.97986431421594,25999.999999999993,1699.9999999999984,800.0000000000005,349.3392328298214,363.4940131811079,1.0631746541171435e-08,-2.4132623514965473e-08,4.661770039664452e-07,27787.166753536385,28499.999999999993
162.0,0.3251566340732673,8.880133978637977,-1.4314038446358433e-10,3.2643535636129005e-10,3.645057425224543e-07,25990.79470902259,118.38625444611105,152.221565269788,-2.830588932901469e-09,6.455231418455003e-09,2.4757438262722e-08,1429.3921802557174,230.62782175233195,202.39231393444646,-7.09357364657903e-09,1.617707853629559e-08,5.405239098915437e-09,366.9798642987333,25999.99999999999,1699.9999999999986,800.0000000000005,349.33923283251625,363.49401318287244,-1.0067302963944085e-08,2.295874531111188e-08,3.9466841988409176e-07,27787.16675357704,28499.99999999999
163.0,0.325156634068194,8.880133978552074,2.7997544713960763e-10,-6.37815074647512e-10,3.138720547227396e-07,25990.794709073856,118.38625444516101,152.221565268939,5.5364906636057405e-09,-1.2612738873967876e-08,2.4041626071776498e-08,1429.392180268933,230.62782174942043,202.39231393284953,1.3874675975980048e-08,-3.160804843332962e-08,1.1500461258805655e-08,366.97986432396334,25999.99999999999,1699.9999999999984,800.0000000000003,349.33923282864964,363.49401318034063,1.9691142086725394e-08,-4.485860238194501e-08,3.494141420533217e-07,27787.166753666752,28499.99999999999
164.0,0.32515663407285816,8.880133978631049,-1.093818533493453e-10,2.5035224259401154e-10,2.700314528297496e-07,25990.794709117115,118.38625444603443,152.22156526971955,-2.1630168503052326e-09,4.95069431231366e-09,1.8314271213197562e-08,1429.3921802631426,230.62782175209713,202.39231393431768,-5.4206102298799334e-09,1.2406645944637158e-08,3.937867917314457e-09,366.9798643026617,25999.999999999993,1699.9999999999986,800.0000000000005,349.3392328322044,363.49401318266825,-7.693008933534512e-09,1.760769249954483e-08,2.922835919602616e-07,27787.16675368292,28499.999999999993
165.0,0.3251566340690382,8.880133978566368,2.1025886774388627e-10,-4.802292709806178e-10,2.3252345949132963e-07,25990.794709155103,118.3862544453191,152.2215652690803,4.1578512333979645e-09,-9.496493004443093e-09,1.783489565019532e-08,1429.392180273103,230.62782174990488,202.39231393311528,1.0419748198728308e-08,-2.379860661753986e-08,8.580937658704225e-09,366.9798643217782,25999.999999999993,1699.9999999999986,800.0000000000005,349.339232829293,363.49401318076195,1.4787858299870158e-08,-3.377532889296357e-08,2.589392928002292e-07,27787.16675374998,28499.999999999993
166.0,0.32515663407243134,8.880133978623821,-7.395233790407381e-11,1.698338834607646e-10,2.000466498269019e-07,25990.794709187154,118.3862544459545,152.22156526964812,-1.462401194613704e-09,3.35845060616134e-09,1.361348235400347e-08,1429.3921802688862,230.62782175185222,202.39231393418336,-3.6648382440979842e-09,8.41641696380397e-09,3.032346589887907e-09,366.9798643061809,25999.999999999993,1699.9999999999984,800.0000000000005,349.33923283187914,363.4940131824553,-5.2011917766157626e-09,1.1944701453426075e-08,2.166924787707933e-07,27787.16675376222,28499.999999999993
167.0,0.3251566340699582,8.880133978581945,1.336779353292244e-10,-3.0608692886491453e-10,1.7225022893851667e-07,25990.794709215264,118.38625444549137,152.22156526923425,2.6434698058310365e-09,-6.052842994744247e-09,1.3065485381889186e-08,1429.3921802756167,230.6278217504329,202.39231393340486,6.624645327923089e-09,-1.516867640314126e-08,5.988694783689656e-09,366.979864318718,25999.999999999993,1699.9999999999984,800.0000000000005,349.3392328299942,363.494013181221,9.40179306908335e-09,-2.152760632675042e-08,1.913044091040955e-07,27787.166753809597,28499.999999999993
168.0,0.32515663407239764,8.88013397862325,-7.14186289144398e-11,1.6444033772502172e-10,1.4819238860201656e-07,25990.79470923901,118.3862544459482,152.2215652696425,-1.412297314758777e-09,3.251793697797612e-09,9.96946078720206e-09,1429.3921802725988,230.62782175183287,202.39231393417273,-3.539275836358591e-09,8.149130313441363e-09,1.95657609357058e-09,366.9798643074284,25999.99999999999,1699.9999999999986,800.0000000000003,349.33923283185345,363.4940131824385,-5.022991780031808e-09,1.1565364348963997e-08,1.601184254827892e-07,27787.166753819038,28499.99999999999
169.0,0.3251566340708128,8.880133978596415,6.210248235188413e-11,-1.4253573990211706e-10,1.2759340700808524e-07,25990.79470925981,118.3862544456514,152.22156526937727,1.2280713085586398e-09,-2.8186321381519766e-09,9.428660817087024e-09,1429.3921802771317,230.62782175092332,202.39231393367388,3.077597799146674e-09,-7.063609421264128e-09,3.808804136493e-09,366.9798643155804,25999.999999999993,1699.9999999999984,800.0000000000005,349.3392328306455,363.4940131816476,4.367771590057198e-09,-1.0024777299318222e-08,1.4083087196166526e-07,27787.166753852525,28499.999999999993
170.0,0.32515663407169326,8.880133978611324,-1.2244477783394887e-11,2.875763743061168e-11,1.0979778911864313e-07,25990.794709277492,118.38625444581629,152.22156526952463,-2.4213350713004847e-10,5.6867983521566e-10,7.662808172448605e-09,1429.3921802766681,230.62782175142866,202.39231393395102,-6.067966440498406e-10,1.4251353297409742e-09,2.1442442341599054e-09,366.9798643116581,25999.99999999999,1699.9999999999984,800.0000000000003,349.3392328313166,363.494013182087,-8.61174628963284e-10,2.0225728023872458e-09,1.1960484152525164e-07,27787.16675386582,28499.99999999999
171.0,0.3251566340724754,8.880133978624569,-7.82389799308076e-11,1.8035968918045525e-10,9.448026005214737e-08,25990.79470929271,118.38625444596276,152.2215652696555,-1.547169176221789e-09,3.5665975193603828e-09,6.131211980258905e-09,1429.3921802762295,230.62782175187752,202.3923139341972,-3.8772703332494684e-09,8.938041789243738e-09,6.822082512671399e-10,366.97986430818264,25999.99999999999,1699.9999999999984,800.0000000000003,349.33923283191274,363.49401318247726,-5.502678489402065e-09,1.2684998997784576e-08,1.0129368028367342e-07,27787.16675387712,28499.99999999999
172.0,0.32515663406914835,8.880133978568233,2.0313591810964818e-10,-4.67886072413641e-10,8.141428938067042e-08,25990.794709306207,118.38625444533972,152.22156526909876,4.01699550996663e-09,-9.252407302249898e-09,7.138170273892701e-09,1429.3921802836571,230.62782174996815,202.39231393314995,1.0066757894817875e-08,-2.3186917691254815e-08,5.250851783976095e-09,366.97986432475165,25999.999999999993,1699.9999999999984,800.0000000000005,349.339232829377,363.494013180817,1.4286889322894153e-08,-3.2907211065918356e-08,9.380331143853921e-08,27787.166753914615,28499.999999999993
173.0,0.32515663407389206,8.880133978648555,-1.9860685218968675e-10,4.589712783133859e-10,6.994351787077319e-08,25990.794709317066,118.38625444622804,152.2215652698926,-3.927433616415513e-09,9.076118006836753e-09,3.5687354941612998e-09,1429.3921802751604,230.62782175269052,202.39231393464314,-9.842312063075336e-09,2.2745129381617014e-08,-1.9339402487944795e-09,366.9798643016979,25999.999999999993,1699.9999999999984,800.0000000000005,349.3392328329925,363.4940131831843,-1.3968352531680536e-08,3.228021866676715e-08,7.157831311614001e-08,27787.166753893925,28499.999999999993
174.0,0.3251566340682684,8.880133978553333,2.7836450285316467e-10,-6.428239229986593e-10,6.035805092736163e-08,25990.794709327376,118.38625444517493,152.2215652689515,5.504634377312942e-09,-1.2711788424272772e-08,6.174658163917718e-09,1429.3921802869045,230.62782174946312,202.39231393287295,1.379484279695372e-08,-3.1856270727765306e-08,6.1117074132261355e-09,366.97986432961403,25999.999999999993,1699.9999999999984,800.0000000000005,349.3392328287063,363.4940131803778,1.9577841677119826e-08,-4.5210883075036736e-08,7.264441650450549e-08,27787.166753943893,28499.999999999993
175.0,0.32515663407273016,8.880133978628884,-1.0037744892986841e-10,2.329017190301658e-10,5.183166728471791e-08,25990.79470933533,118.38625444601045,152.22156526969817,-1.9849555184645117e-09,4.605611692469351e-09,2.962863247322555e-09,1429.3921802787063,230.62782175202375,202.3923139342774,-4.974381123174617e-09,1.1541854540493442e-08,-6.330884827181463e-10,366.9798643077649,25999.999999999993,1699.9999999999984,800.0000000000005,349.3392328321069,363.4940131826045,-7.059714090568998e-09,1.638036795199296e-08,5.416144204932232e-08,27787.166753921803,28499.999999999993
176.0,0.3251566340698249,8.88013397857969,1.467978019474697e-10,-3.39668712899118e-10,4.469374808865947e-08,25990.79470934284,118.38625444546639,152.22156526921196,2.902914052750933e-09,-6.716919918860056e-09,4.166838641581282e-09,1429.3921802849673,230.62782175035642,202.3923139333629,7.274823406165154e-09,-1.6832880807250732e-08,3.506549488954368e-09,366.9798643223326,25999.999999999993,1699.9999999999986,800.0000000000005,349.33923282989264,363.49401318115457,1.0324535260863556e-08,-2.3889469439009908e-08,5.236713621919512e-08,27787.166753950143,28499.999999999993
177.0,0.3251566340715665,8.880133978609178,-1.4315422206851055e-12,3.894471571392251e-12,3.842339421325069e-08,25990.794709348884,118.38625444579253,152.2215652695034,-2.8308625710619133e-11,7.701284424136338e-11,2.6993301211369587e-09,1429.3921802819543,230.62782175135587,202.3923139339111,-7.094259393638495e-11,1.9299739209050855e-10,7.950045288183328e-10,366.97986431381634,25999.99999999999,1699.9999999999982,800.0000000000003,349.33923283122,363.49401318202365,-1.0068276186768919e-10,2.739047079032642e-10,4.191772886320598e-08,27787.166753944653,28499.999999999985
178.0,0.325156634070888,8.88013397859769,5.652138144606515e-11,-1.3094348135070592e-10,3.30917030017287e-08,25990.794709354308,118.38625444566549,152.22156526938988,1.1177055126528736e-09,-2.58939621086262e-09,2.725991175305496e-09,1429.3921802836887,230.62782175096652,202.39231393369755,2.801016522294607e-09,-6.4891346490289e-09,1.6933369674452463e-09,366.97986431733113,25999.999999999993,1699.9999999999984,800.0000000000005,349.3392328307029,363.4940131816851,3.975243416393546e-09,-9.209474341242227e-09,3.751103114447944e-08,27787.166753955327,28499.999999999993
179.0,0.3251566340713577,8.880133978605643,1.639134194565141e-11,-3.763148178346399e-11,2.8470907238255867e-08,25990.794709358866,118.38625444575344,152.22156526946847,3.2413739338061255e-10,-7.441593528127411e-10,2.1211349974962223e-09,1429.3921802830755,230.62782175123607,202.3923139338454,8.123017951435154e-10,-1.864894302635015e-09,8.932400031108581e-10,366.9798643150783,25999.999999999993,1699.9999999999986,800.0000000000005,349.3392328310609,363.4940131819195,1.1528305304697794e-09,-2.64668513723122e-09,3.1485282238862945e-08,27787.16675395702,28499.999999999993
180.0,0.32515663407166057,8.880133978610772,-9.428916106273924e-12,2.2069312575335056e-11,2.449689772330681e-08,25990.7947093628,118.38625444581015,152.22156526951917,-1.8645601434552015e-10,4.3641877985608833e-10,1.6628561648945423e-09,1429.3921802827563,230.6278217514099,202.39231393394073,-4.672665303966201e-10,1.0936836216157396e-09,3.6078182967310376e-10,366.9798643136626,25999.999999999993,1699.9999999999984,800.0000000000005,349.3392328312917,363.49401318207066,-6.631514608484142e-10,1.5521717140471631e-09,2.6520535717874455e-08,27787.16675395922,28499.999999999993
181.0,0.32515663407076656,8.880133978595635,6.702708938572129e-11,-1.5563481131601957e-10,2.1111164871112783e-08,25990.794709366302,118.38625444564273,152.22156526936956,1.3254549939562538e-09,-3.0776651616823838e-09,1.9545077590102375e-09,1429.392180284784,230.62782175089683,202.39231393365932,3.3216453669012063e-09,-7.71275695656413e-09,1.6218703231329402e-09,366.9798643182135,25999.999999999993,1699.9999999999986,800.0000000000005,349.33923283061034,363.4940131816245,4.714127450243181e-09,-1.0946056929562533e-08,2.468754295325596e-08,27787.1667539693,28499.999999999993
182.0,0.32515663407285744,8.880133978631038,-1.121115114820285e-10,2.613499417240576e-10,1.8110565885998193e-08,25990.79470936903,118.38625444603429,152.22156526971946,-2.2169956078103017e-09,5.168172877615259e-09,4.969215020726049e-10,1429.3921802807968,230.6278217520968,202.39231393431749,-5.5558832421927785e-09,1.2951656278414233e-08,-1.5745455965354727e-09,366.97986430776496,25999.999999999996,1699.9999999999986,800.0000000000005,349.33923283220395,363.494013182668,-7.884990361485109e-09,1.838117909775355e-08,1.7032941791535324e-08,27787.166753957594,28499.999999999996
183.0,0.3251566340691936,8.880133978569,2.0211752439562029e-10,-4.708932372243208e-10,1.5693520791949912e-08,25990.79470937193,118.38625444534817,152.22156526910632,3.9968568608694535e-09,-9.311873730724848e-09,2.515070629984693e-09,1429.392180288344,230.62782174999413,202.39231393316422,1.0016289602168975e-08,-2.3335943035365117e-08,3.875794190706146e-09,366.97986432628596,25999.999999999993,1699.9999999999986,800.0000000000005,349.33923282941146,363.49401318083954,1.4215263987434048e-08,-3.311871000331429e-08,2.2084385612640754e-08,27787.166753986563,28499.999999999993
184.0,0.3251566340737642,8.880133978646391,-1.9036446987432243e-10,4.4468827816475193e-10,1.3378497491014771e-08,25990.79470937364,118.38625444620409,152.2215652698712,-3.764441206913595e-09,8.793672893256184e-09,-3.8626384234573575e-10,1429.3921802792804,230.6278217526172,202.39231393460292,-9.433846302703419e-09,2.2037310174402307e-08,-3.0569921172066774e-09,366.9798643032339,25999.999999999993,1699.9999999999986,800.0000000000005,349.33923283289505,363.4940131831205,-1.3388651979491337e-08,3.127567134582324e-08,9.935241531462359e-09,27787.166753956153,28499.999999999993
185.0,0.32515663406970347,8.880133978577634,1.5875921264501108e-10,-3.706016826259379e-10,1.1629386306965754e-08,25990.79470937593,118.38625444544367,152.22156526919164,3.139449932328484e-09,-7.328616765300559e-09,1.929341424713881e-09,1429.3921802876232,230.62782175028676,202.39231393332471,7.867592162628214e-09,-1.8365818556994187e-08,3.0369873150703745e-09,366.9798643238502,25999.999999999993,1699.9999999999986,800.0000000000005,349.33923282980015,363.49401318109403,1.1165801307601709e-08,-2.6065037004920683e-08,1.659571504675001e-08,27787.166753987403,28499.999999999993
186.0,0.32515663407171436,8.880133978611683,-1.4243205943164262e-11,3.386613346687787e-11,9.955901066751232e-09,25990.794709377333,118.38625444582023,152.22156526952816,-2.816581865549872e-10,6.696999099843966e-10,6.005253799084786e-10,1429.3921802836614,230.6278217514408,202.39231393395767,-7.058471353298773e-10,1.6782958406468961e-09,-4.2631176235446615e-11,366.97986431367224,25999.999999999993,1699.9999999999984,800.0000000000006,349.33923283133277,363.49401318209755,-1.0017485278280287e-09,2.3818618840981708e-09,1.0513795270424263e-08,27787.166753974667,28499.999999999993
187.0,0.32515663407176976,8.880133978612621,-1.8896306027759077e-11,4.434822429826744e-11,8.566837425160388e-09,25990.794709378715,118.3862544458306,152.22156526953742,-3.736728450969867e-10,8.769823650192395e-10,4.716908052460662e-10,1429.3921802836555,230.6278217514726,202.39231393397512,-9.364396984250783e-10,2.1977542978522854e-09,-1.499312813868589e-10,366.9798643134414,25999.999999999993,1699.9999999999986,800.0000000000005,349.33923283137494,363.4940131821252,-1.3290088495498241e-09,3.1190848871697925e-09,8.888596949019597e-09,27787.166753975813,28499.999999999993
188.0,0.3251566340696607,8.880133978576911,1.62928912165763e-10,-3.8092545074337697e-10,7.437217486299431e-09,25990.794709380127,118.38625444543565,152.22156526918448,3.2219053858158905e-09,-7.532768402077415e-09,1.6648379928380595e-09,1429.3921802880243,230.6278217502622,202.39231393331124,8.07422896012325e-09,-1.887743105355461e-08,3.0256812504317414e-09,366.9798643242046,25999.999999999993,1699.9999999999984,800.0000000000005,349.3392328297675,363.49401318107266,1.1459063258104904e-08,-2.6791124906375405e-08,1.2127736729569234e-08,27787.166753992355,28499.999999999993
189.0,0.3251566340722133,8.880133978620131,-5.71980193887723e-11,1.3419956851391467e-10,6.331057823096468e-09,25990.79470938089,118.38625444591366,152.22156526961166,-1.131085970413147e-09,2.653785057703065e-09,4.4579941874891306e-11,1429.3921802829059,230.6278217517271,202.39231393411472,-2.8345485063063558e-09,6.650495778357288e-09,-8.750574242023821e-10,366.97986431121774,25999.999999999993,1699.9999999999986,800.0000000000005,349.339232831713,363.4940131823465,-4.022832496108275e-09,9.438480404574268e-09,5.500580340768978e-09,27787.166753975016,28499.999999999993
190.0,0.3251566340697815,8.880133978578957,1.5280490874573036e-10,-3.578654995478826e-10,5.521160534424378e-09,25990.794709382026,118.38625444545829,152.2215652692047,3.0217040789507698e-09,-7.076759827757602e-09,1.4613577463714921e-09,1429.3921802879292,230.6278217503315,202.39231393334927,7.572516154702217e-09,-1.773465459182677e-08,2.8128953596356924e-09,366.97986432366895,25999.99999999999,1699.9999999999984,800.0000000000005,349.33923282985955,363.4940131811329,1.0747025142398717e-08,-2.5169279919132254e-08,9.795413640431561e-09,27787.166753993624,28499.99999999999
191.0,0.3251566340722814,8.880133978621286,-6.320823405848142e-11,1.484521842815907e-10,4.682698676185086e-09,25990.794709382528,118.38625444592643,152.22156526962303,-1.2499374545312023e-09,2.935629322767008e-09,-1.1459978075618148e-10,1429.392180282878,230.6278217517662,202.39231393413615,-3.1323952708548997e-09,7.356809234061646e-09,-1.018214065590254e-09,366.9798643108919,25999.99999999999,1699.9999999999984,800.0000000000005,349.3392328317649,363.49401318238046,-4.4455409594445834e-09,1.0440890741110245e-08,3.54988482983865e-09,27787.166753976297,28499.99999999999
192.0,0.32515663406994405,8.880133978581709,1.3896998395530498e-10,-3.2595331687641763e-10,4.099457071830168e-09,25990.794709383426,118.38625444548872,152.2215652692319,2.748119617479658e-09,-6.4456991286396335e-09,1.2660796510408386e-09,1429.3921802877094,230.6278217504248,202.39231393340043,6.886902110386776e-09,-1.6153190221352728e-08,2.543650289960431e-09,366.97986432289787,25999.99999999999,1699.9999999999984,800.0000000000005,349.3392328299835,363.49401318121403,9.773991711821739e-09,-2.292484266686878e-08,7.909187012831439e-09,27787.16675399403,28499.99999999999
193.0,0.32515663407275025,8.880133978629223,-1.0396492106021044e-10,2.4436521932672147e-10,3.448569873783302e-09,25990.7947093837,118.38625444601422,152.2215652697015,-2.055897474852356e-09,4.832301436254259e-09,-4.894345810864184e-10,1429.392180281996,230.62782175203526,202.39231393428375,-5.1521646176925164e-09,1.2109948470776787e-08,-1.7680977838696317e-09,366.9798643084918,25999.99999999999,1699.9999999999986,800.0000000000005,349.3392328321222,363.4940131826145,-7.312027013605083e-09,1.7186615126357768e-08,1.1910375088272518e-09,27787.166753974187,28499.99999999999
194.0,0.3251566340699636,8.880133978582037,1.3747796783264483e-10,-3.2291859109017884e-10,3.049369032143495e-09,25990.794709384474,118.38625444549238,152.22156526923516,2.7186151255075836e-09,-6.3856876842421165e-09,1.1834564015229823e-09,1429.3921802877546,230.62782175043597,202.39231393340657,6.812962625809332e-09,-1.600279904456052e-08,2.4996695310603302e-09,366.9798643228481,25999.99999999999,1699.9999999999986,800.0000000000005,349.3392328299983,363.49401318122375,9.66905571914956e-09,-2.2711405319892816e-08,6.732494964726808e-09,27787.16675399508,28499.99999999999
195.0,0.3251566340728893,8.880133978631576,-1.162240820925573e-10,2.7356392331967243e-10,2.5406591369624895e-09,25990.794709384587,118.38625444604025,152.22156526972478,-2.2983213419768865e-09,5.409703325220715e-09,-6.415344172819827e-10,1429.3921802817636,230.62782175211504,202.3923139343275,-5.759688915983641e-09,1.3556941630201815e-08,-2.008905609652975e-09,366.9798643077696,25999.99999999999,1699.9999999999984,800.0000000000005,349.33923283222816,363.49401318268383,-8.174234340053086e-09,1.9240208878742204e-08,-1.0978088997246816e-10,27787.16675397412,28499.99999999999
196.0,0.3251566340713647,8.88013397860576,1.6092846910262628e-11,-3.780831556953421e-11,2.228380011254975e-09,25990.794709385107,118.38625444575476,152.22156526946964,3.1823467944965297e-10,-7.476562259035074e-10,2.707105368741274e-10,1429.392180284933,230.62782175124008,202.3923139338476,7.975093483667375e-10,-1.8736576120758087e-09,3.331009863582171e-10,366.97986431565585,25999.999999999993,1699.9999999999986,800.0000000000005,349.33923283106617,363.494013181923,1.1318368747266531e-09,-2.6591221535488506e-09,2.8321915344873195e-09,27787.166753985697,28499.999999999993
197.0,0.3251566340702556,8.880133978586981,1.1237550705557062e-10,-2.6419613548894783e-10,1.953246549391257e-09,25990.794709385533,118.38625444554707,152.22156526928404,2.2222160978432434e-09,-5.224456117321325e-09,9.302189459234463e-10,1429.3921802872394,230.62782175060354,202.39231393349846,5.568966007396336e-09,-1.3092704419092576e-08,2.0339548531354334e-09,366.9798643213882,25999.999999999993,1699.9999999999986,800.0000000000005,349.33923283022085,363.4940131813695,7.90355761229515e-09,-1.858135667190285e-08,4.917420348450136e-09,27787.16675399416,28499.999999999993
198.0,0.32515663407359163,8.88013397864347,-1.7737883051606823e-10,4.177935958689044e-10,1.582921205882911e-09,25990.79470938545,118.38625444617179,152.22156526984233,-3.507651292624087e-09,8.261832837434002e-09,-1.1422410175625839e-09,1429.3921802803725,230.62782175251812,202.39231393454855,-8.79032009256176e-09,2.0704496864737035e-08,-3.118316161209658e-09,366.97986430413795,25999.99999999999,1699.9999999999986,800.0000000000005,349.3392328327635,363.4940131830343,-1.2475350215701915e-08,2.938412329803994e-08,-2.677635972889331e-09,27787.16675396996,28499.99999999999
199.0,0.3251566340677796,8.880133978545057,3.2771444643390503e-10,-7.716789698386821e-10,1.5347435861068547e-09,25990.794709386286,118.38625444508341,152.2215652688697,6.480525315865039e-09,-1.5259886020254658e-08,2.4241943316456975e-09,1429.3921802924006,230.62782174918263,202.3923139327191,1.6240466095751756e-08,-3.82419093294092e-08,5.8549511051608074e-09,366.97986433424524,25999.99999999999,1699.9999999999986,800.0000000000005,349.3392328283338,363.49401318013383,2.30487058580507e-08,-5.427347431950254e-08,9.81388902291336e-09,27787.16675401293,28499.99999999999
200.0,0.3251566340729941,8.880133978633351,-1.255650490017216e-10,2.9611043079706584e-10,1.174675518075748e-09,25990.79470938594,118.3862544460599,152.2215652697423,-2.483038168426682e-09,5.8555585936407094e-09,-8.06317869769363e-10,1429.39218028163,230.62782175217518,202.39231393436046,-6.222596969173903e-09,1.4674273485028834e-08,-2.210177142099716e-09,366.97986430722335,25999.999999999993,1699.9999999999984,800.0000000000005,349.3392328323081,363.4940131827361,-8.831200186602307e-09,2.082594250946661e-08,-1.8418194937933311e-09,27787.166753974794,28499.999999999993
201.0,0.32515663406899115,8.88013397856557,2.2265975552169232e-10,-5.24706945938624e-10,1.1298367777536188e-09,25990.79470938653,118.38625444531027,152.2215652690724,4.4030777348761884e-09,-1.0376035245227697e-08,1.6549008672042864e-09,1429.3921802899338,230.62782174987788,202.39231393310044,1.1034296015289739e-08,-2.6002776070637452e-08,3.984136463441379e-09,366.9798643280065,25999.999999999993,1699.9999999999984,800.0000000000005,349.3392328292571,363.4940131807384,1.566003350568762e-08,-3.690351826180377e-08,6.768874108399284e-09,27787.166754004473,28499.999999999993
202.0,0.3251566340720513,8.880133978617387,-4.3592452198987804e-11,1.0296340150820965e-10,8.879511580002351e-10,25990.794709386355,118.38625444588334,152.22156526958454,-8.620370360034927e-10,2.036092510887522e-09,-2.46740290914158e-10,1429.3921802836032,230.6278217516341,202.3923139340637,-2.1603006815028807e-09,5.102532553845654e-09,-7.587347800836889e-10,366.97986431211916,25999.999999999993,1699.9999999999984,800.0000000000005,349.33923283158947,363.49401318226563,-3.0659301697053613e-09,7.241588466241385e-09,-1.1752391299761183e-10,27787.166753982077,28499.999999999993
203.0,0.325156634070221,8.880133978586397,1.1575650689696735e-10,-2.729449209394959e-10,8.193767275794623e-10,25990.79470938667,118.3862544455406,152.22156526927824,2.2890750822653777e-09,-5.397462605753579e-09,8.774048623903325e-10,1429.3921802874106,230.6278217505837,202.39231393348757,5.736517404333778e-09,-1.3526265878015417e-08,2.077975257009541e-09,366.97986432164095,25999.99999999999,1699.9999999999984,800.0000000000005,349.33923283019453,363.4940131813522,8.141348993496122e-09,-1.9196673404708492e-08,3.774756846979336e-09,27787.166753995723,28499.99999999999
204.0,0.32515663407200507,8.880133978616605,-3.960608115728029e-11,9.35597848057475e-11,6.551758742932775e-10,25990.79470938659,118.3862544458747,152.22156526957681,-7.83206887572776e-10,1.8501367900949777e-09,-2.3488985840317084e-10,1429.3921802837149,230.62782175160757,202.39231393404916,-1.962749049418632e-09,4.636519779913758e-09,-6.9264972761203e-10,366.97986431236257,25999.99999999999,1699.9999999999984,800.0000000000005,349.3392328315543,363.4940131822426,-2.7855620181486883e-09,6.580216354814483e-09,-2.7236371172192333e-10,27787.166753982667,28499.99999999999
205.0,0.3251566340710165,8.880133978599867,4.651607774545434e-11,-1.0973008239144226e-10,5.929217516340039e-10,25990.794709386788,118.38625444568957,152.22156526941137,9.19851482623083e-10,-2.169903050021709e-09,3.7142132196364657e-10,1429.392180285776,230.62782175104024,202.39231393373797,2.3051860903582326e-09,-5.437867332842643e-09,8.412784328225736e-10,366.9798643175136,25999.99999999999,1699.9999999999984,800.0000000000005,349.3392328308008,363.4940131817492,3.2715536507267703e-09,-7.717500465255795e-09,1.805621506420224e-09,27787.166753990077,28499.99999999999
206.0,0.32515663407165235,8.880133978610633,-8.89961878840191e-12,2.109376146917371e-11,4.92716176835545e-10,25990.794709386802,118.38625444580865,152.22156526951778,-1.7598920488829133e-10,4.17127339667116e-10,-2.8675018246653683e-11,1429.3921802844595,230.62782175140518,202.3923139339381,-4.410362703590544e-10,1.0453384697932343e-09,-1.4891037650989555e-10,366.9798643142018,25999.99999999999,1699.9999999999984,800.0000000000005,349.33923283128547,363.4940131820665,-6.259250940357476e-10,1.4835595709295239e-09,3.151307820789957e-10,27787.166753985464,28499.99999999999
207.0,0.32515663407242085,8.880133978623647,-7.587365526503432e-11,1.791447053331751e-10,3.995438136462009e-10,25990.79470938679,118.38625444595256,152.2215652696464,-1.5003950820674498e-09,3.542571317082922e-09,-5.099648025018914e-10,1429.3921802828672,230.62782175184623,202.39231393418,-3.760052506994852e-09,8.87783112659241e-09,-1.344310124015263e-09,366.97986431020075,25999.99999999999,1699.9999999999984,800.0000000000005,349.3392328318712,363.4940131824501,-5.336321244327336e-09,1.2599547149008507e-08,-1.4547311128709534e-09,27787.16675397986,28499.99999999999
208.0,0.3251566340694153,8.880133978572756,1.8610766436203e-10,-4.3934918319953606e-10,4.3438325196348126e-10,25990.794709387166,118.38625444538972,152.22156526914344,3.6802632398636565e-09,-8.688092744271409e-09,1.3505277220198934e-09,1429.3921802891225,230.62782175012134,202.39231393323394,9.22289281449953e-09,-2.1772721927810687e-08,3.3273987884341315e-09,366.9798643258676,25999.99999999999,1699.9999999999984,800.0000000000005,349.3392328295805,363.4940131809501,1.3089263718725217e-08,-3.090016385528163e-08,5.112309762417506e-09,27787.16675400216,28499.99999999999
209.0,0.32515663407414763,8.880133978652886,-2.264346741739671e-10,5.347230808727008e-10,2.3468938584077253e-10,25990.79470938672,118.38625444627593,152.22156526993538,-4.47772643023255e-09,1.0574103462035357e-08,-1.5899943690232858e-09,1429.3921802792806,230.62782175283724,202.39231393472357,-1.122136875211151e-08,2.6499143263305526e-08,-4.033720985647284e-09,366.97986430119556,25999.99999999999,1699.9999999999984,800.0000000000005,349.33923283318734,363.49401318331184,-1.5925529856518027e-08,3.7607969806213584e-08,-5.3890259688297975e-09,27787.166753967194,28499.99999999999
210.0,0.325156634068834,8.880133978562913,2.3682824640768603e-10,-5.592265919066196e-10,3.5744547556091587e-10,25990.794709387323,118.38625444528087,152.22156526904615,4.683258437531204e-09,-1.1058658309406303e-08,1.7054008202014403e-09,1429.3921802903412,230.62782174978773,202.39231393305096,1.1736440514439562e-08,-2.7713457873216305e-08,4.23151960156415e-09,366.97986432890724,25999.99999999999,1699.9999999999982,800.0000000000005,349.3392328291374,363.49401318066003,1.665652719837845e-08,-3.933134277452923e-08,6.294365897326506e-09,27787.166754006572,28499.999999999985
211.0,0.3251566340722953,8.88013397862152,-6.492595881128149e-11,1.5334695723327637e-10,2.1088009054334588e-10,25990.794709386995,118.38625444592905,152.22156526962536,-1.2839053154563285e-09,3.032423041673003e-09,-4.458848500201493e-10,1429.3921802831414,230.62782175177415,202.39231393414047,-3.217520143810225e-09,7.599378321413675e-09,-1.1538017114976637e-09,366.97986431085775,25999.99999999999,1699.9999999999984,800.0000000000005,349.3392328317755,363.49401318238733,-4.566351418077835e-09,1.0785148320319954e-08,-1.3888064709744672e-09,27787.166753980997,28499.99999999999
212.0,0.32515663407100903,8.880133978599742,4.72076828530472e-11,-1.1146943382380603e-10,2.1862992974208467e-10,25990.794709387163,118.38625444568818,152.22156526941012,9.335279148433147e-10,-2.2042985766930235e-09,3.5034020204647577e-10,1429.3921802858206,230.627821751036,202.3923139337356,2.339459798517985e-09,-5.524063953946833e-09,8.466410163626911e-10,366.9798643175668,25999.99999999999,1699.9999999999984,800.0000000000005,349.3392328307952,363.49401318174546,3.3201953962143467e-09,-7.839831964463663e-09,1.4156111481512515e-09,27787.16675399055,28499.99999999999
213.0,0.32515663407021717,8.880133978586334,1.1625004066840884e-10,-2.745296949463236e-10,2.1540887032228246e-10,25990.794709387275,118.38625444553989,152.22156526927762,2.2988346705994933e-09,-5.42880137697215e-09,8.400539740128568e-10,1429.3921802874709,230.62782175058155,202.39231393348635,5.760975338898229e-09,-1.3604802142752244e-08,2.078247551539127e-09,366.97986432169813,25999.99999999999,1699.9999999999986,800.0000000000005,349.33923283019163,363.4940131813503,8.176060050166131e-09,-1.9308133214670716e-08,3.1337103958742663e-09,27787.166753996444,28499.99999999999
214.0,0.32515663407166095,8.88013397861078,-9.623665649150928e-12,2.272053435041083e-11,1.4590994041849692e-10,25990.794709387148,118.38625444581027,152.2215652695192,-1.9030716999361949e-10,4.492966350870741e-10,-5.795188097107808e-11,1429.392180284468,230.62782175141012,202.39231393394078,-4.76917686718411e-10,1.1259560626928645e-09,-1.68436793322073e-10,366.97986431416894,25999.99999999999,1699.9999999999984,800.0000000000005,349.33923283129207,363.4940131820708,-6.768485223611815e-10,1.5979732321303494e-09,-8.047873387465416e-11,27787.166753985784,28499.99999999999
215.0,0.3251566340704461,8.88013397859021,9.62655512636795e-11,-2.2732232906373276e-10,1.632303045502442e-10,25990.794709387297,118.38625444558278,152.22156526931593,1.9036430917270056e-09,-4.495279730232657e-09,6.945336508416769e-10,1429.3921802869968,230.62782175071294,202.3923139335584,4.770608798299502e-09,-1.1265358052261816e-08,1.7205557853142276e-09,366.9798643205033,25999.99999999999,1699.9999999999984,800.0000000000005,349.3392328303662,363.49401318146454,6.770517441290188e-09,-1.5987960111558207e-08,2.5783197407061487e-09,27787.166753994796,28499.99999999999
216.0,0.3251566340719404,8.880133978615513,-3.3972426262298615e-11,8.018404758341218e-11,9.843483828632706e-11,25990.79470938716,118.3862544458626,152.22156526956599,-6.71801840993666e-10,1.585632723723835e-09,-2.339161927252201e-10,1429.3921802838897,230.6278217515705,202.39231393402875,-1.6835633671579686e-09,3.973661583626368e-09,-6.033958583144669e-10,366.9798643127144,25999.999999999993,1699.9999999999982,800.0000000000003,349.33923283150506,363.4940131822102,-2.3893376344139333e-09,5.639478354933615e-09,-7.388772127533598e-10,27787.16675398376,28499.999999999993
217.0,0.3251566340704805,8.880133978590793,9.322972983818234e-11,-2.2009929225858555e-10,1.2880393546065537e-10,25990.794709387326,118.3862544455892,152.22156526932167,1.8436099811538327e-09,-4.35244479154449e-09,6.703472308930475e-10,1429.392180286926,230.62782175073266,202.39231393356923,4.620163325195499e-09,-1.0907407752463693e-08,1.6651206117643454e-09,366.97986432032064,25999.99999999999,1699.9999999999984,800.0000000000005,349.33923283039235,363.4940131814817,6.557003036187514e-09,-1.5479951836266766e-08,2.464271778118048e-09,27787.166753994574,28499.99999999999
218.0,0.3251566340726958,8.880133978628303,-9.972595036756352e-11,2.3530066913976555e-10,4.6109679567937386e-11,25990.794709387108,118.38625444600405,152.2215652696924,-1.9720721898037123e-09,4.653050726977799e-09,-7.03505610733001e-10,1429.3921802823245,230.627821752004,202.39231393426653,-4.942094965395142e-09,1.1660738734719184e-08,-1.7757505766736254e-09,366.979864308787,25999.99999999999,1699.9999999999984,800.0000000000005,349.3392328320807,363.4940131825872,-7.0138931055664174e-09,1.654909013083675e-08,-2.433146507838689e-09,27787.16675397822,28499.99999999999
219.0,0.3251566340697605,8.880133978578602,1.5587449340723922e-10,-3.678205788515108e-10,1.266313213032657e-10,25990.794709387428,118.38625444545437,152.2215652692012,3.082404854670429e-09,-7.273620674659509e-09,1.1137996105422423e-09,1429.3921802884201,230.62782175031944,202.3923139333426,7.724634824346628e-09,-1.8227996065323632e-08,2.7802659459694064e-09,366.97986432406145,25999.999999999993,1699.9999999999982,800.0000000000005,349.3392328298436,363.4940131811224,1.0962914172424296e-08,-2.586943731883465e-08,4.0206968778149145e-09,27787.16675399991,28499.999999999993
220.0,0.3251566340710122,8.880133978599794,4.685649288797376e-11,-1.1057161114540578e-10,7.758840324853484e-11,25990.794709387308,118.38625444568876,152.22156526941063,9.265831631147336e-10,-2.186544209597332e-09,3.3764078914493605e-10,1429.3921802858213,230.62782175103777,202.39231393373657,2.32205596180468e-09,-5.479570771132185e-09,8.367065912962311e-10,366.9798643175469,25999.999999999993,1699.9999999999984,800.0000000000005,349.3392328307975,363.494013181747,3.2954956178073878e-09,-7.776686591874923e-09,1.251935783689702e-09,27787.166753990674,28499.999999999993
